{
  "type": "FeatureCollection",
  "metadata": {
    "host_taxon": {
      "canonical_name": "Passiflora organensis",
      "rank": "species",
      "family": "Passifloraceae",
      "genus": "Passiflora",
      "species": "Passiflora organensis",
      "slug": "species_passiflora_organensis",
      "resolvable_to_gbif": true,
      "use_for_default_download": true,
      "association_count": 2,
      "butterfly_taxa": [
        "Dryas iulia",
        "Heliconius erato"
      ],
      "confidence_counts": {
        "medium": 2
      },
      "occurrence_file": "occurrences/species_passiflora_organensis.geojson",
      "gbif_resolution": {
        "query": "Passiflora organensis",
        "rank": "species",
        "status": "resolved",
        "gbif_taxon_key": 7313499,
        "accepted_usage_key": 3588367,
        "scientific_name": "Passiflora organensis Gardner",
        "canonical_name": "Passiflora organensis",
        "gbif_rank": "SPECIES",
        "taxonomic_status": "SYNONYM",
        "match_type": "EXACT",
        "confidence": 100,
        "kingdom": "Plantae",
        "family": "Passifloraceae",
        "genus": "Passiflora",
        "resolved_at": "2026-05-21T03:58:42+00:00"
      },
      "gbif_taxon_key": 7313499,
      "gbif_status": "resolved",
      "occurrence_count": 0,
      "occurrence_mode": "not_generated",
      "occurrence_cap": null
    },
    "gbif_resolution": {
      "query": "Passiflora organensis",
      "rank": "species",
      "status": "resolved",
      "gbif_taxon_key": 7313499,
      "accepted_usage_key": 3588367,
      "scientific_name": "Passiflora organensis Gardner",
      "canonical_name": "Passiflora organensis",
      "gbif_rank": "SPECIES",
      "taxonomic_status": "SYNONYM",
      "match_type": "EXACT",
      "confidence": 100,
      "kingdom": "Plantae",
      "family": "Passifloraceae",
      "genus": "Passiflora",
      "resolved_at": "2026-05-21T03:58:42+00:00"
    },
    "occurrence_query": {
      "method": "gbif_download_api",
      "download_key": "0004690-260519110011954",
      "download_doi": "10.15468/dl.s2gcc3",
      "download_doi_url": "https://doi.org/10.15468/dl.s2gcc3",
      "limit": null,
      "dedupe": "Exact duplicate coordinates removed per taxon after DWCA download.",
      "filters": "GBIF Download API DWCA with TAXON_KEY, HAS_COORDINATE=true, HAS_GEOSPATIAL_ISSUE=false, OCCURRENCE_STATUS=PRESENT; app study extent and coordinate uncertainty <=100km applied locally.",
      "returned_unique_coordinate_records": 79
    },
    "scientific_caveat": "GBIF plant occurrences are sampling-biased context records and do not prove local host use or ecological availability for the butterfly.",
    "generated_at": "2026-05-21T15:57:21+00:00"
  },
  "features": [
    {
      "type": "Feature",
      "geometry": {
        "type": "Point",
        "coordinates": [
          -50.0,
          -25.233333
        ]
      },
      "properties": {
        "gbifID": "4999823498",
        "species": "Passiflora porophylla",
        "genus": "Passiflora",
        "family": "Passifloraceae",
        "scientificName": "Passiflora organensis Gardner",
        "coordinateUncertaintyInMeters": "",
        "basisOfRecord": "PRESERVED_SPECIMEN",
        "eventDate": "2005-01-14",
        "country": null,
        "datasetName": "",
        "publisher": "Instituto de Pesquisas Jardim Botanico do Rio de Janeiro",
        "license": "CC_BY_4_0",
        "issues": [
          "COORDINATE_ROUNDED",
          "GEODETIC_DATUM_ASSUMED_WGS84",
          "CONTINENT_DERIVED_FROM_COORDINATES",
          "INSTITUTION_MATCH_FUZZY",
          "COLLECTION_MATCH_FUZZY"
        ],
        "fallback_media": {
          "url": "https://d2jcv3kl45hlgi.cloudfront.net/cb390ecbd256d6f35394bcae927dff21.jpg",
          "references": "http://specimens.kew.org/Herbarium/K001390261",
          "title": null,
          "creator": null,
          "publisher": null,
          "license": "http://creativecommons.org/licenses/by/4.0/",
          "rightsHolder": "Royal Botanic Gardens, Kew"
        }
      }
    },
    {
      "type": "Feature",
      "geometry": {
        "type": "Point",
        "coordinates": [
          -42.868056,
          -20.761389
        ]
      },
      "properties": {
        "gbifID": "2997373909",
        "species": "Passiflora porophylla",
        "genus": "Passiflora",
        "family": "Passifloraceae",
        "scientificName": "Passiflora organensis Gardner",
        "coordinateUncertaintyInMeters": "",
        "basisOfRecord": "PRESERVED_SPECIMEN",
        "eventDate": "1959-02-24",
        "country": null,
        "datasetName": "",
        "publisher": "Instituto de Pesquisas Jardim Botanico do Rio de Janeiro",
        "license": "CC_BY_4_0",
        "issues": [
          "IDENTIFIED_DATE_INVALID",
          "COORDINATE_ROUNDED",
          "GEODETIC_DATUM_ASSUMED_WGS84",
          "CONTINENT_DERIVED_FROM_COORDINATES",
          "INSTITUTION_MATCH_FUZZY",
          "COLLECTION_MATCH_FUZZY"
        ],
        "fallback_media": {
          "url": "https://d2jcv3kl45hlgi.cloudfront.net/cb390ecbd256d6f35394bcae927dff21.jpg",
          "references": "http://specimens.kew.org/Herbarium/K001390261",
          "title": null,
          "creator": null,
          "publisher": null,
          "license": "http://creativecommons.org/licenses/by/4.0/",
          "rightsHolder": "Royal Botanic Gardens, Kew"
        }
      }
    },
    {
      "type": "Feature",
      "geometry": {
        "type": "Point",
        "coordinates": [
          -43.783333,
          -18.083333
        ]
      },
      "properties": {
        "gbifID": "2997377002",
        "species": "Passiflora porophylla",
        "genus": "Passiflora",
        "family": "Passifloraceae",
        "scientificName": "Passiflora organensis Gardner",
        "coordinateUncertaintyInMeters": "",
        "basisOfRecord": "PRESERVED_SPECIMEN",
        "eventDate": "",
        "country": null,
        "datasetName": "",
        "publisher": "Instituto de Pesquisas Jardim Botanico do Rio de Janeiro",
        "license": "CC_BY_4_0",
        "issues": [
          "IDENTIFIED_DATE_INVALID",
          "COORDINATE_ROUNDED",
          "GEODETIC_DATUM_ASSUMED_WGS84",
          "CONTINENT_DERIVED_FROM_COORDINATES",
          "INSTITUTION_MATCH_FUZZY",
          "COLLECTION_MATCH_FUZZY"
        ],
        "fallback_media": {
          "url": "https://d2jcv3kl45hlgi.cloudfront.net/cb390ecbd256d6f35394bcae927dff21.jpg",
          "references": "http://specimens.kew.org/Herbarium/K001390261",
          "title": null,
          "creator": null,
          "publisher": null,
          "license": "http://creativecommons.org/licenses/by/4.0/",
          "rightsHolder": "Royal Botanic Gardens, Kew"
        }
      }
    },
    {
      "type": "Feature",
      "geometry": {
        "type": "Point",
        "coordinates": [
          -41.528889,
          -20.344167
        ]
      },
      "properties": {
        "gbifID": "2997689410",
        "species": "Passiflora porophylla",
        "genus": "Passiflora",
        "family": "Passifloraceae",
        "scientificName": "Passiflora organensis Gardner",
        "coordinateUncertaintyInMeters": "",
        "basisOfRecord": "PRESERVED_SPECIMEN",
        "eventDate": "1973-02-07",
        "country": null,
        "datasetName": "",
        "publisher": "Instituto de Pesquisas Jardim Botanico do Rio de Janeiro",
        "license": "CC_BY_4_0",
        "issues": [
          "RECORDED_DATE_INVALID",
          "IDENTIFIED_DATE_INVALID",
          "COORDINATE_ROUNDED",
          "GEODETIC_DATUM_ASSUMED_WGS84",
          "CONTINENT_DERIVED_FROM_COORDINATES",
          "INSTITUTION_MATCH_FUZZY",
          "COLLECTION_MATCH_FUZZY"
        ],
        "fallback_media": {
          "url": "https://d2jcv3kl45hlgi.cloudfront.net/cb390ecbd256d6f35394bcae927dff21.jpg",
          "references": "http://specimens.kew.org/Herbarium/K001390261",
          "title": null,
          "creator": null,
          "publisher": null,
          "license": "http://creativecommons.org/licenses/by/4.0/",
          "rightsHolder": "Royal Botanic Gardens, Kew"
        }
      }
    },
    {
      "type": "Feature",
      "geometry": {
        "type": "Point",
        "coordinates": [
          -49.013889,
          -26.015278
        ]
      },
      "properties": {
        "gbifID": "3069579560",
        "species": "Passiflora porophylla",
        "genus": "Passiflora",
        "family": "Passifloraceae",
        "scientificName": "Passiflora organensis Gardner",
        "coordinateUncertaintyInMeters": "",
        "basisOfRecord": "PRESERVED_SPECIMEN",
        "eventDate": "2019-03-04",
        "country": null,
        "datasetName": "",
        "publisher": "Instituto de Pesquisas Jardim Botanico do Rio de Janeiro",
        "license": "CC_BY_4_0",
        "issues": [
          "RECORDED_DATE_INVALID",
          "COORDINATE_ROUNDED",
          "GEODETIC_DATUM_ASSUMED_WGS84",
          "CONTINENT_DERIVED_FROM_COORDINATES",
          "INSTITUTION_MATCH_FUZZY",
          "COLLECTION_MATCH_FUZZY"
        ],
        "media": [
          {
            "url": "http://imagens4.jbrj.gov.br/fsi/server?type=image&source=j/joi/PASSIFLORACEAE/JOI018134.JPG",
            "references": "http://www.herbariovirtualreflora.jbrj.gov.br/reflora/geral/ExibeFiguraFSIUC/ExibeFiguraFSIUC.do?idFigura=294536880",
            "title": null,
            "creator": null,
            "publisher": null,
            "license": "http://creativecommons.org/licenses/by/4.0/",
            "rightsHolder": "JOI"
          }
        ]
      }
    },
    {
      "type": "Feature",
      "geometry": {
        "type": "Point",
        "coordinates": [
          -48.69,
          -26.19
        ]
      },
      "properties": {
        "gbifID": "2996106465",
        "species": "Passiflora porophylla",
        "genus": "Passiflora",
        "family": "Passifloraceae",
        "scientificName": "Passiflora organensis Gardner",
        "coordinateUncertaintyInMeters": "",
        "basisOfRecord": "PRESERVED_SPECIMEN",
        "eventDate": "2010-03-15",
        "country": null,
        "datasetName": "",
        "publisher": "Instituto de Pesquisas Jardim Botanico do Rio de Janeiro",
        "license": "CC_BY_4_0",
        "issues": [
          "GEODETIC_DATUM_ASSUMED_WGS84",
          "CONTINENT_DERIVED_FROM_COORDINATES",
          "INSTITUTION_MATCH_FUZZY",
          "COLLECTION_MATCH_FUZZY"
        ],
        "fallback_media": {
          "url": "https://d2jcv3kl45hlgi.cloudfront.net/cb390ecbd256d6f35394bcae927dff21.jpg",
          "references": "http://specimens.kew.org/Herbarium/K001390261",
          "title": null,
          "creator": null,
          "publisher": null,
          "license": "http://creativecommons.org/licenses/by/4.0/",
          "rightsHolder": "Royal Botanic Gardens, Kew"
        }
      }
    },
    {
      "type": "Feature",
      "geometry": {
        "type": "Point",
        "coordinates": [
          -49.588056,
          -26.911667
        ]
      },
      "properties": {
        "gbifID": "2996165120",
        "species": "Passiflora porophylla",
        "genus": "Passiflora",
        "family": "Passifloraceae",
        "scientificName": "Passiflora organensis Gardner",
        "coordinateUncertaintyInMeters": "",
        "basisOfRecord": "PRESERVED_SPECIMEN",
        "eventDate": "2018-02-14",
        "country": null,
        "datasetName": "",
        "publisher": "Instituto de Pesquisas Jardim Botanico do Rio de Janeiro",
        "license": "CC_BY_4_0",
        "issues": [
          "COORDINATE_ROUNDED",
          "GEODETIC_DATUM_ASSUMED_WGS84",
          "CONTINENT_DERIVED_FROM_COORDINATES",
          "INSTITUTION_MATCH_FUZZY",
          "COLLECTION_MATCH_FUZZY"
        ],
        "fallback_media": {
          "url": "https://d2jcv3kl45hlgi.cloudfront.net/cb390ecbd256d6f35394bcae927dff21.jpg",
          "references": "http://specimens.kew.org/Herbarium/K001390261",
          "title": null,
          "creator": null,
          "publisher": null,
          "license": "http://creativecommons.org/licenses/by/4.0/",
          "rightsHolder": "Royal Botanic Gardens, Kew"
        }
      }
    },
    {
      "type": "Feature",
      "geometry": {
        "type": "Point",
        "coordinates": [
          -42.5,
          -22.55
        ]
      },
      "properties": {
        "gbifID": "1424275117",
        "species": "Passiflora porophylla",
        "genus": "Passiflora",
        "family": "Passifloraceae",
        "scientificName": "Passiflora organensis Gardner",
        "coordinateUncertaintyInMeters": "",
        "basisOfRecord": "PRESERVED_SPECIMEN",
        "eventDate": "1990-08-31",
        "country": null,
        "datasetName": "RB - Rio de Janeiro Botanical Garden Herbarium Collection",
        "publisher": "Instituto de Pesquisas Jardim Botanico do Rio de Janeiro",
        "license": "CC_BY_4_0",
        "issues": [
          "GEODETIC_DATUM_ASSUMED_WGS84",
          "CONTINENT_DERIVED_FROM_COORDINATES",
          "INSTITUTION_MATCH_FUZZY",
          "COLLECTION_MATCH_FUZZY"
        ],
        "media": [
          {
            "url": "http://jbrj-public-img.s3-sa-east-1.amazonaws.com/JPG/rb/0/56/11/41/00561141.jpg",
            "references": null,
            "title": null,
            "creator": null,
            "publisher": null,
            "license": null,
            "rightsHolder": null
          }
        ]
      }
    },
    {
      "type": "Feature",
      "geometry": {
        "type": "Point",
        "coordinates": [
          -44.649722,
          -23.331667
        ]
      },
      "properties": {
        "gbifID": "1424263406",
        "species": "Passiflora porophylla",
        "genus": "Passiflora",
        "family": "Passifloraceae",
        "scientificName": "Passiflora organensis Gardner",
        "coordinateUncertaintyInMeters": "",
        "basisOfRecord": "PRESERVED_SPECIMEN",
        "eventDate": "2004-10-13",
        "country": null,
        "datasetName": "RB - Rio de Janeiro Botanical Garden Herbarium Collection",
        "publisher": "Instituto de Pesquisas Jardim Botanico do Rio de Janeiro",
        "license": "CC_BY_4_0",
        "issues": [
          "COORDINATE_ROUNDED",
          "GEODETIC_DATUM_ASSUMED_WGS84",
          "CONTINENT_DERIVED_FROM_COORDINATES",
          "INSTITUTION_MATCH_FUZZY",
          "COLLECTION_MATCH_FUZZY"
        ],
        "media": [
          {
            "url": "http://jbrj-public-img.s3-sa-east-1.amazonaws.com/JPG/rb/0/54/83/99/00548399.jpg",
            "references": null,
            "title": null,
            "creator": null,
            "publisher": null,
            "license": null,
            "rightsHolder": null
          }
        ]
      }
    },
    {
      "type": "Feature",
      "geometry": {
        "type": "Point",
        "coordinates": [
          -42.5,
          -22.466667
        ]
      },
      "properties": {
        "gbifID": "1424256948",
        "species": "Passiflora porophylla",
        "genus": "Passiflora",
        "family": "Passifloraceae",
        "scientificName": "Passiflora organensis Gardner",
        "coordinateUncertaintyInMeters": "",
        "basisOfRecord": "PRESERVED_SPECIMEN",
        "eventDate": "1990-12-12",
        "country": null,
        "datasetName": "RB - Rio de Janeiro Botanical Garden Herbarium Collection",
        "publisher": "Instituto de Pesquisas Jardim Botanico do Rio de Janeiro",
        "license": "CC_BY_4_0",
        "issues": [
          "COORDINATE_ROUNDED",
          "GEODETIC_DATUM_ASSUMED_WGS84",
          "CONTINENT_DERIVED_FROM_COORDINATES",
          "INSTITUTION_MATCH_FUZZY",
          "COLLECTION_MATCH_FUZZY"
        ],
        "media": [
          {
            "url": "http://jbrj-public-img.s3-sa-east-1.amazonaws.com/JPG/rb/0/54/10/60/00541060.jpg",
            "references": null,
            "title": null,
            "creator": null,
            "publisher": null,
            "license": null,
            "rightsHolder": null
          }
        ]
      }
    },
    {
      "type": "Feature",
      "geometry": {
        "type": "Point",
        "coordinates": [
          -44.283333,
          -23.166667
        ]
      },
      "properties": {
        "gbifID": "1449777512",
        "species": "Passiflora porophylla",
        "genus": "Passiflora",
        "family": "Passifloraceae",
        "scientificName": "Passiflora organensis Gardner",
        "coordinateUncertaintyInMeters": "",
        "basisOfRecord": "PRESERVED_SPECIMEN",
        "eventDate": "1986-03-02",
        "country": null,
        "datasetName": "RB - Rio de Janeiro Botanical Garden Herbarium Collection",
        "publisher": "Instituto de Pesquisas Jardim Botanico do Rio de Janeiro",
        "license": "CC_BY_4_0",
        "issues": [
          "COORDINATE_ROUNDED",
          "GEODETIC_DATUM_ASSUMED_WGS84",
          "CONTINENT_DERIVED_FROM_COORDINATES",
          "INSTITUTION_MATCH_FUZZY",
          "COLLECTION_MATCH_FUZZY"
        ],
        "media": [
          {
            "url": "http://jbrj-public-img.s3-sa-east-1.amazonaws.com/JPG/rb/1/29/11/71/01291171.jpg",
            "references": null,
            "title": null,
            "creator": null,
            "publisher": null,
            "license": null,
            "rightsHolder": null
          }
        ]
      }
    },
    {
      "type": "Feature",
      "geometry": {
        "type": "Point",
        "coordinates": [
          -41.098056,
          -20.086667
        ]
      },
      "properties": {
        "gbifID": "2998298256",
        "species": "Passiflora porophylla",
        "genus": "Passiflora",
        "family": "Passifloraceae",
        "scientificName": "Passiflora organensis Gardner",
        "coordinateUncertaintyInMeters": "",
        "basisOfRecord": "PRESERVED_SPECIMEN",
        "eventDate": "2006-08-15",
        "country": null,
        "datasetName": "",
        "publisher": "Instituto de Pesquisas Jardim Botanico do Rio de Janeiro",
        "license": "CC_BY_4_0",
        "issues": [
          "IDENTIFIED_DATE_INVALID",
          "COORDINATE_ROUNDED",
          "GEODETIC_DATUM_ASSUMED_WGS84",
          "CONTINENT_DERIVED_FROM_COORDINATES",
          "INSTITUTION_MATCH_FUZZY",
          "COLLECTION_MATCH_FUZZY"
        ],
        "fallback_media": {
          "url": "https://d2jcv3kl45hlgi.cloudfront.net/cb390ecbd256d6f35394bcae927dff21.jpg",
          "references": "http://specimens.kew.org/Herbarium/K001390261",
          "title": null,
          "creator": null,
          "publisher": null,
          "license": "http://creativecommons.org/licenses/by/4.0/",
          "rightsHolder": "Royal Botanic Gardens, Kew"
        }
      }
    },
    {
      "type": "Feature",
      "geometry": {
        "type": "Point",
        "coordinates": [
          -39.466667,
          -12.466667
        ]
      },
      "properties": {
        "gbifID": "4900568779",
        "species": "Passiflora porophylla",
        "genus": "Passiflora",
        "family": "Passifloraceae",
        "scientificName": "Passiflora organensis Gardner",
        "coordinateUncertaintyInMeters": "",
        "basisOfRecord": "PRESERVED_SPECIMEN",
        "eventDate": "2001-11-23",
        "country": null,
        "datasetName": "",
        "publisher": "Instituto de Pesquisas Jardim Botanico do Rio de Janeiro",
        "license": "CC_BY_4_0",
        "issues": [
          "IDENTIFIED_DATE_INVALID",
          "COORDINATE_ROUNDED",
          "GEODETIC_DATUM_ASSUMED_WGS84",
          "CONTINENT_DERIVED_FROM_COORDINATES",
          "INSTITUTION_MATCH_FUZZY",
          "COLLECTION_MATCH_FUZZY"
        ],
        "fallback_media": {
          "url": "https://d2jcv3kl45hlgi.cloudfront.net/cb390ecbd256d6f35394bcae927dff21.jpg",
          "references": "http://specimens.kew.org/Herbarium/K001390261",
          "title": null,
          "creator": null,
          "publisher": null,
          "license": "http://creativecommons.org/licenses/by/4.0/",
          "rightsHolder": "Royal Botanic Gardens, Kew"
        }
      }
    },
    {
      "type": "Feature",
      "geometry": {
        "type": "Point",
        "coordinates": [
          -39.483889,
          -12.4975
        ]
      },
      "properties": {
        "gbifID": "4900549731",
        "species": "Passiflora porophylla",
        "genus": "Passiflora",
        "family": "Passifloraceae",
        "scientificName": "Passiflora organensis Gardner",
        "coordinateUncertaintyInMeters": "",
        "basisOfRecord": "PRESERVED_SPECIMEN",
        "eventDate": "2000-10-19",
        "country": null,
        "datasetName": "",
        "publisher": "Instituto de Pesquisas Jardim Botanico do Rio de Janeiro",
        "license": "CC_BY_4_0",
        "issues": [
          "IDENTIFIED_DATE_INVALID",
          "COORDINATE_ROUNDED",
          "GEODETIC_DATUM_ASSUMED_WGS84",
          "CONTINENT_DERIVED_FROM_COORDINATES",
          "INSTITUTION_MATCH_FUZZY",
          "COLLECTION_MATCH_FUZZY"
        ],
        "fallback_media": {
          "url": "https://d2jcv3kl45hlgi.cloudfront.net/cb390ecbd256d6f35394bcae927dff21.jpg",
          "references": "http://specimens.kew.org/Herbarium/K001390261",
          "title": null,
          "creator": null,
          "publisher": null,
          "license": "http://creativecommons.org/licenses/by/4.0/",
          "rightsHolder": "Royal Botanic Gardens, Kew"
        }
      }
    },
    {
      "type": "Feature",
      "geometry": {
        "type": "Point",
        "coordinates": [
          -43.450833,
          -22.566667
        ]
      },
      "properties": {
        "gbifID": "2996683119",
        "species": "Passiflora porophylla",
        "genus": "Passiflora",
        "family": "Passifloraceae",
        "scientificName": "Passiflora organensis Gardner",
        "coordinateUncertaintyInMeters": "",
        "basisOfRecord": "PRESERVED_SPECIMEN",
        "eventDate": "2002-01-14",
        "country": null,
        "datasetName": "",
        "publisher": "Instituto de Pesquisas Jardim Botanico do Rio de Janeiro",
        "license": "CC_BY_4_0",
        "issues": [
          "IDENTIFIED_DATE_INVALID",
          "COORDINATE_ROUNDED",
          "GEODETIC_DATUM_ASSUMED_WGS84",
          "CONTINENT_DERIVED_FROM_COORDINATES",
          "INSTITUTION_MATCH_FUZZY",
          "COLLECTION_MATCH_FUZZY"
        ],
        "fallback_media": {
          "url": "https://d2jcv3kl45hlgi.cloudfront.net/cb390ecbd256d6f35394bcae927dff21.jpg",
          "references": "http://specimens.kew.org/Herbarium/K001390261",
          "title": null,
          "creator": null,
          "publisher": null,
          "license": "http://creativecommons.org/licenses/by/4.0/",
          "rightsHolder": "Royal Botanic Gardens, Kew"
        }
      }
    },
    {
      "type": "Feature",
      "geometry": {
        "type": "Point",
        "coordinates": [
          -44.525,
          -22.3425
        ]
      },
      "properties": {
        "gbifID": "1424060032",
        "species": "Passiflora porophylla",
        "genus": "Passiflora",
        "family": "Passifloraceae",
        "scientificName": "Passiflora organensis Gardner",
        "coordinateUncertaintyInMeters": "",
        "basisOfRecord": "PRESERVED_SPECIMEN",
        "eventDate": "2002-12-12",
        "country": null,
        "datasetName": "RB - Rio de Janeiro Botanical Garden Herbarium Collection",
        "publisher": "Instituto de Pesquisas Jardim Botanico do Rio de Janeiro",
        "license": "CC_BY_4_0",
        "issues": [
          "GEODETIC_DATUM_ASSUMED_WGS84",
          "CONTINENT_DERIVED_FROM_COORDINATES",
          "INSTITUTION_MATCH_FUZZY",
          "COLLECTION_MATCH_FUZZY",
          "MULTIMEDIA_URI_INVALID"
        ],
        "media": [
          {
            "url": "http://jbrj-public-img.s3-sa-east-1.amazonaws.com/JPG/rb/0/29/73/62/00297362-1.jpg",
            "references": null,
            "title": null,
            "creator": null,
            "publisher": null,
            "license": null,
            "rightsHolder": null
          },
          {
            "url": "http://jbrj-public-img.s3-sa-east-1.amazonaws.com/JPG/rb/0/29/73/62/00297362.jpg",
            "references": null,
            "title": null,
            "creator": null,
            "publisher": null,
            "license": null,
            "rightsHolder": null
          }
        ]
      }
    },
    {
      "type": "Feature",
      "geometry": {
        "type": "Point",
        "coordinates": [
          -44.647778,
          -23.330556
        ]
      },
      "properties": {
        "gbifID": "1424263434",
        "species": "Passiflora porophylla",
        "genus": "Passiflora",
        "family": "Passifloraceae",
        "scientificName": "Passiflora organensis Gardner",
        "coordinateUncertaintyInMeters": "",
        "basisOfRecord": "PRESERVED_SPECIMEN",
        "eventDate": "2004-10-13",
        "country": null,
        "datasetName": "RB - Rio de Janeiro Botanical Garden Herbarium Collection",
        "publisher": "Instituto de Pesquisas Jardim Botanico do Rio de Janeiro",
        "license": "CC_BY_4_0",
        "issues": [
          "COORDINATE_ROUNDED",
          "GEODETIC_DATUM_ASSUMED_WGS84",
          "CONTINENT_DERIVED_FROM_COORDINATES",
          "INSTITUTION_MATCH_FUZZY",
          "COLLECTION_MATCH_FUZZY"
        ],
        "media": [
          {
            "url": "http://jbrj-public-img.s3-sa-east-1.amazonaws.com/JPG/rb/0/54/83/97/00548397.jpg",
            "references": null,
            "title": null,
            "creator": null,
            "publisher": null,
            "license": null,
            "rightsHolder": null
          }
        ]
      }
    },
    {
      "type": "Feature",
      "geometry": {
        "type": "Point",
        "coordinates": [
          -43.726389,
          -19.833056
        ]
      },
      "properties": {
        "gbifID": "2997379998",
        "species": "Passiflora porophylla",
        "genus": "Passiflora",
        "family": "Passifloraceae",
        "scientificName": "Passiflora organensis Gardner",
        "coordinateUncertaintyInMeters": "",
        "basisOfRecord": "PRESERVED_SPECIMEN",
        "eventDate": "",
        "country": null,
        "datasetName": "",
        "publisher": "Instituto de Pesquisas Jardim Botanico do Rio de Janeiro",
        "license": "CC_BY_4_0",
        "issues": [
          "IDENTIFIED_DATE_INVALID",
          "COORDINATE_ROUNDED",
          "GEODETIC_DATUM_ASSUMED_WGS84",
          "CONTINENT_DERIVED_FROM_COORDINATES",
          "INSTITUTION_MATCH_FUZZY",
          "COLLECTION_MATCH_FUZZY"
        ],
        "fallback_media": {
          "url": "https://d2jcv3kl45hlgi.cloudfront.net/cb390ecbd256d6f35394bcae927dff21.jpg",
          "references": "http://specimens.kew.org/Herbarium/K001390261",
          "title": null,
          "creator": null,
          "publisher": null,
          "license": "http://creativecommons.org/licenses/by/4.0/",
          "rightsHolder": "Royal Botanic Gardens, Kew"
        }
      }
    },
    {
      "type": "Feature",
      "geometry": {
        "type": "Point",
        "coordinates": [
          -43.676389,
          -19.820278
        ]
      },
      "properties": {
        "gbifID": "2997722403",
        "species": "Passiflora porophylla",
        "genus": "Passiflora",
        "family": "Passifloraceae",
        "scientificName": "Passiflora organensis Gardner",
        "coordinateUncertaintyInMeters": "",
        "basisOfRecord": "PRESERVED_SPECIMEN",
        "eventDate": "1971-01-19",
        "country": null,
        "datasetName": "",
        "publisher": "Instituto de Pesquisas Jardim Botanico do Rio de Janeiro",
        "license": "CC_BY_4_0",
        "issues": [
          "COORDINATE_ROUNDED",
          "GEODETIC_DATUM_ASSUMED_WGS84",
          "CONTINENT_DERIVED_FROM_COORDINATES",
          "INSTITUTION_MATCH_FUZZY",
          "COLLECTION_MATCH_FUZZY"
        ],
        "fallback_media": {
          "url": "https://d2jcv3kl45hlgi.cloudfront.net/cb390ecbd256d6f35394bcae927dff21.jpg",
          "references": "http://specimens.kew.org/Herbarium/K001390261",
          "title": null,
          "creator": null,
          "publisher": null,
          "license": "http://creativecommons.org/licenses/by/4.0/",
          "rightsHolder": "Royal Botanic Gardens, Kew"
        }
      }
    },
    {
      "type": "Feature",
      "geometry": {
        "type": "Point",
        "coordinates": [
          -48.92651,
          -24.54522
        ]
      },
      "properties": {
        "gbifID": "1424489117",
        "species": "Passiflora porophylla",
        "genus": "Passiflora",
        "family": "Passifloraceae",
        "scientificName": "Passiflora organensis Gardner",
        "coordinateUncertaintyInMeters": "",
        "basisOfRecord": "PRESERVED_SPECIMEN",
        "eventDate": "2012-12-17",
        "country": null,
        "datasetName": "RB - Rio de Janeiro Botanical Garden Herbarium Collection",
        "publisher": "Instituto de Pesquisas Jardim Botanico do Rio de Janeiro",
        "license": "CC_BY_4_0",
        "issues": [
          "GEODETIC_DATUM_ASSUMED_WGS84",
          "CONTINENT_DERIVED_FROM_COORDINATES",
          "INSTITUTION_MATCH_FUZZY",
          "COLLECTION_MATCH_FUZZY"
        ],
        "media": [
          {
            "url": "http://jbrj-public-img.s3-sa-east-1.amazonaws.com/JPG/rb/0/87/23/21/00872321.jpg",
            "references": null,
            "title": null,
            "creator": null,
            "publisher": null,
            "license": null,
            "rightsHolder": null
          }
        ]
      }
    },
    {
      "type": "Feature",
      "geometry": {
        "type": "Point",
        "coordinates": [
          -47.531944,
          -6.679444
        ]
      },
      "properties": {
        "gbifID": "2998748444",
        "species": "Passiflora porophylla",
        "genus": "Passiflora",
        "family": "Passifloraceae",
        "scientificName": "Passiflora organensis Gardner",
        "coordinateUncertaintyInMeters": "",
        "basisOfRecord": "PRESERVED_SPECIMEN",
        "eventDate": "2005-02-23",
        "country": null,
        "datasetName": "",
        "publisher": "Instituto de Pesquisas Jardim Botanico do Rio de Janeiro",
        "license": "CC_BY_4_0",
        "issues": [
          "IDENTIFIED_DATE_INVALID",
          "COORDINATE_ROUNDED",
          "GEODETIC_DATUM_ASSUMED_WGS84",
          "CONTINENT_DERIVED_FROM_COORDINATES",
          "INSTITUTION_MATCH_FUZZY",
          "INSTITUTION_COLLECTION_MISMATCH"
        ],
        "fallback_media": {
          "url": "https://d2jcv3kl45hlgi.cloudfront.net/cb390ecbd256d6f35394bcae927dff21.jpg",
          "references": "http://specimens.kew.org/Herbarium/K001390261",
          "title": null,
          "creator": null,
          "publisher": null,
          "license": "http://creativecommons.org/licenses/by/4.0/",
          "rightsHolder": "Royal Botanic Gardens, Kew"
        }
      }
    },
    {
      "type": "Feature",
      "geometry": {
        "type": "Point",
        "coordinates": [
          -41.0,
          -20.0
        ]
      },
      "properties": {
        "gbifID": "2997012440",
        "species": "Passiflora porophylla",
        "genus": "Passiflora",
        "family": "Passifloraceae",
        "scientificName": "Passiflora organensis Gardner",
        "coordinateUncertaintyInMeters": "",
        "basisOfRecord": "PRESERVED_SPECIMEN",
        "eventDate": "1993-07-30",
        "country": null,
        "datasetName": "",
        "publisher": "Instituto de Pesquisas Jardim Botanico do Rio de Janeiro",
        "license": "CC_BY_4_0",
        "issues": [
          "IDENTIFIED_DATE_INVALID",
          "GEODETIC_DATUM_ASSUMED_WGS84",
          "CONTINENT_DERIVED_FROM_COORDINATES",
          "INSTITUTION_MATCH_FUZZY",
          "COLLECTION_MATCH_FUZZY"
        ],
        "fallback_media": {
          "url": "https://d2jcv3kl45hlgi.cloudfront.net/cb390ecbd256d6f35394bcae927dff21.jpg",
          "references": "http://specimens.kew.org/Herbarium/K001390261",
          "title": null,
          "creator": null,
          "publisher": null,
          "license": "http://creativecommons.org/licenses/by/4.0/",
          "rightsHolder": "Royal Botanic Gardens, Kew"
        }
      }
    },
    {
      "type": "Feature",
      "geometry": {
        "type": "Point",
        "coordinates": [
          -50.205,
          -29.563056
        ]
      },
      "properties": {
        "gbifID": "2997679264",
        "species": "Passiflora porophylla",
        "genus": "Passiflora",
        "family": "Passifloraceae",
        "scientificName": "Passiflora organensis Gardner",
        "coordinateUncertaintyInMeters": "",
        "basisOfRecord": "PRESERVED_SPECIMEN",
        "eventDate": "2002-03-23",
        "country": null,
        "datasetName": "",
        "publisher": "Instituto de Pesquisas Jardim Botanico do Rio de Janeiro",
        "license": "CC_BY_4_0",
        "issues": [
          "IDENTIFIED_DATE_INVALID",
          "COORDINATE_ROUNDED",
          "GEODETIC_DATUM_ASSUMED_WGS84",
          "CONTINENT_DERIVED_FROM_COORDINATES",
          "ELEVATION_MIN_MAX_SWAPPED",
          "INSTITUTION_MATCH_FUZZY",
          "COLLECTION_MATCH_FUZZY"
        ],
        "fallback_media": {
          "url": "https://d2jcv3kl45hlgi.cloudfront.net/cb390ecbd256d6f35394bcae927dff21.jpg",
          "references": "http://specimens.kew.org/Herbarium/K001390261",
          "title": null,
          "creator": null,
          "publisher": null,
          "license": "http://creativecommons.org/licenses/by/4.0/",
          "rightsHolder": "Royal Botanic Gardens, Kew"
        }
      }
    },
    {
      "type": "Feature",
      "geometry": {
        "type": "Point",
        "coordinates": [
          -49.231389,
          -25.558056
        ]
      },
      "properties": {
        "gbifID": "2997676981",
        "species": "Passiflora porophylla",
        "genus": "Passiflora",
        "family": "Passifloraceae",
        "scientificName": "Passiflora organensis Gardner",
        "coordinateUncertaintyInMeters": "",
        "basisOfRecord": "PRESERVED_SPECIMEN",
        "eventDate": "2002-06-05",
        "country": null,
        "datasetName": "",
        "publisher": "Instituto de Pesquisas Jardim Botanico do Rio de Janeiro",
        "license": "CC_BY_4_0",
        "issues": [
          "RECORDED_DATE_INVALID",
          "IDENTIFIED_DATE_INVALID",
          "COORDINATE_ROUNDED",
          "GEODETIC_DATUM_ASSUMED_WGS84",
          "CONTINENT_DERIVED_FROM_COORDINATES",
          "ELEVATION_MIN_MAX_SWAPPED",
          "INSTITUTION_MATCH_FUZZY",
          "COLLECTION_MATCH_FUZZY"
        ],
        "fallback_media": {
          "url": "https://d2jcv3kl45hlgi.cloudfront.net/cb390ecbd256d6f35394bcae927dff21.jpg",
          "references": "http://specimens.kew.org/Herbarium/K001390261",
          "title": null,
          "creator": null,
          "publisher": null,
          "license": "http://creativecommons.org/licenses/by/4.0/",
          "rightsHolder": "Royal Botanic Gardens, Kew"
        }
      }
    },
    {
      "type": "Feature",
      "geometry": {
        "type": "Point",
        "coordinates": [
          -50.203611,
          -29.57
        ]
      },
      "properties": {
        "gbifID": "2997679213",
        "species": "Passiflora porophylla",
        "genus": "Passiflora",
        "family": "Passifloraceae",
        "scientificName": "Passiflora organensis Gardner",
        "coordinateUncertaintyInMeters": "",
        "basisOfRecord": "PRESERVED_SPECIMEN",
        "eventDate": "2002-03-23",
        "country": null,
        "datasetName": "",
        "publisher": "Instituto de Pesquisas Jardim Botanico do Rio de Janeiro",
        "license": "CC_BY_4_0",
        "issues": [
          "IDENTIFIED_DATE_INVALID",
          "COORDINATE_ROUNDED",
          "GEODETIC_DATUM_ASSUMED_WGS84",
          "CONTINENT_DERIVED_FROM_COORDINATES",
          "ELEVATION_MIN_MAX_SWAPPED",
          "INSTITUTION_MATCH_FUZZY",
          "COLLECTION_MATCH_FUZZY"
        ],
        "fallback_media": {
          "url": "https://d2jcv3kl45hlgi.cloudfront.net/cb390ecbd256d6f35394bcae927dff21.jpg",
          "references": "http://specimens.kew.org/Herbarium/K001390261",
          "title": null,
          "creator": null,
          "publisher": null,
          "license": "http://creativecommons.org/licenses/by/4.0/",
          "rightsHolder": "Royal Botanic Gardens, Kew"
        }
      }
    },
    {
      "type": "Feature",
      "geometry": {
        "type": "Point",
        "coordinates": [
          -43.632778,
          -19.942222
        ]
      },
      "properties": {
        "gbifID": "2997567920",
        "species": "Passiflora porophylla",
        "genus": "Passiflora",
        "family": "Passifloraceae",
        "scientificName": "Passiflora organensis Gardner",
        "coordinateUncertaintyInMeters": "",
        "basisOfRecord": "PRESERVED_SPECIMEN",
        "eventDate": "2008-06-07",
        "country": null,
        "datasetName": "",
        "publisher": "Instituto de Pesquisas Jardim Botanico do Rio de Janeiro",
        "license": "CC_BY_4_0",
        "issues": [
          "RECORDED_DATE_INVALID",
          "IDENTIFIED_DATE_INVALID",
          "COORDINATE_ROUNDED",
          "GEODETIC_DATUM_ASSUMED_WGS84",
          "CONTINENT_DERIVED_FROM_COORDINATES",
          "ELEVATION_MIN_MAX_SWAPPED",
          "INSTITUTION_MATCH_FUZZY",
          "COLLECTION_MATCH_FUZZY"
        ],
        "fallback_media": {
          "url": "https://d2jcv3kl45hlgi.cloudfront.net/cb390ecbd256d6f35394bcae927dff21.jpg",
          "references": "http://specimens.kew.org/Herbarium/K001390261",
          "title": null,
          "creator": null,
          "publisher": null,
          "license": "http://creativecommons.org/licenses/by/4.0/",
          "rightsHolder": "Royal Botanic Gardens, Kew"
        }
      }
    },
    {
      "type": "Feature",
      "geometry": {
        "type": "Point",
        "coordinates": [
          -49.019722,
          -25.385
        ]
      },
      "properties": {
        "gbifID": "2997678502",
        "species": "Passiflora porophylla",
        "genus": "Passiflora",
        "family": "Passifloraceae",
        "scientificName": "Passiflora organensis Gardner",
        "coordinateUncertaintyInMeters": "",
        "basisOfRecord": "PRESERVED_SPECIMEN",
        "eventDate": "2002-06-08",
        "country": null,
        "datasetName": "",
        "publisher": "Instituto de Pesquisas Jardim Botanico do Rio de Janeiro",
        "license": "CC_BY_4_0",
        "issues": [
          "RECORDED_DATE_INVALID",
          "IDENTIFIED_DATE_INVALID",
          "COORDINATE_ROUNDED",
          "GEODETIC_DATUM_ASSUMED_WGS84",
          "CONTINENT_DERIVED_FROM_COORDINATES",
          "ELEVATION_MIN_MAX_SWAPPED",
          "INSTITUTION_MATCH_FUZZY",
          "COLLECTION_MATCH_FUZZY"
        ],
        "fallback_media": {
          "url": "https://d2jcv3kl45hlgi.cloudfront.net/cb390ecbd256d6f35394bcae927dff21.jpg",
          "references": "http://specimens.kew.org/Herbarium/K001390261",
          "title": null,
          "creator": null,
          "publisher": null,
          "license": "http://creativecommons.org/licenses/by/4.0/",
          "rightsHolder": "Royal Botanic Gardens, Kew"
        }
      }
    },
    {
      "type": "Feature",
      "geometry": {
        "type": "Point",
        "coordinates": [
          -49.7375,
          -27.591667
        ]
      },
      "properties": {
        "gbifID": "2997676914",
        "species": "Passiflora porophylla",
        "genus": "Passiflora",
        "family": "Passifloraceae",
        "scientificName": "Passiflora organensis Gardner",
        "coordinateUncertaintyInMeters": "",
        "basisOfRecord": "PRESERVED_SPECIMEN",
        "eventDate": "2002-12-03",
        "country": null,
        "datasetName": "",
        "publisher": "Instituto de Pesquisas Jardim Botanico do Rio de Janeiro",
        "license": "CC_BY_4_0",
        "issues": [
          "RECORDED_DATE_INVALID",
          "IDENTIFIED_DATE_INVALID",
          "COORDINATE_ROUNDED",
          "GEODETIC_DATUM_ASSUMED_WGS84",
          "CONTINENT_DERIVED_FROM_COORDINATES",
          "ELEVATION_MIN_MAX_SWAPPED",
          "INSTITUTION_MATCH_FUZZY",
          "COLLECTION_MATCH_FUZZY"
        ],
        "fallback_media": {
          "url": "https://d2jcv3kl45hlgi.cloudfront.net/cb390ecbd256d6f35394bcae927dff21.jpg",
          "references": "http://specimens.kew.org/Herbarium/K001390261",
          "title": null,
          "creator": null,
          "publisher": null,
          "license": "http://creativecommons.org/licenses/by/4.0/",
          "rightsHolder": "Royal Botanic Gardens, Kew"
        }
      }
    },
    {
      "type": "Feature",
      "geometry": {
        "type": "Point",
        "coordinates": [
          -50.2025,
          -29.567778
        ]
      },
      "properties": {
        "gbifID": "2997679216",
        "species": "Passiflora porophylla",
        "genus": "Passiflora",
        "family": "Passifloraceae",
        "scientificName": "Passiflora organensis Gardner",
        "coordinateUncertaintyInMeters": "",
        "basisOfRecord": "PRESERVED_SPECIMEN",
        "eventDate": "2002-03-23",
        "country": null,
        "datasetName": "",
        "publisher": "Instituto de Pesquisas Jardim Botanico do Rio de Janeiro",
        "license": "CC_BY_4_0",
        "issues": [
          "IDENTIFIED_DATE_INVALID",
          "COORDINATE_ROUNDED",
          "GEODETIC_DATUM_ASSUMED_WGS84",
          "CONTINENT_DERIVED_FROM_COORDINATES",
          "ELEVATION_MIN_MAX_SWAPPED",
          "INSTITUTION_MATCH_FUZZY",
          "COLLECTION_MATCH_FUZZY"
        ],
        "fallback_media": {
          "url": "https://d2jcv3kl45hlgi.cloudfront.net/cb390ecbd256d6f35394bcae927dff21.jpg",
          "references": "http://specimens.kew.org/Herbarium/K001390261",
          "title": null,
          "creator": null,
          "publisher": null,
          "license": "http://creativecommons.org/licenses/by/4.0/",
          "rightsHolder": "Royal Botanic Gardens, Kew"
        }
      }
    },
    {
      "type": "Feature",
      "geometry": {
        "type": "Point",
        "coordinates": [
          -41.529023,
          -20.344181
        ]
      },
      "properties": {
        "gbifID": "1929110755",
        "species": "Passiflora porophylla",
        "genus": "Passiflora",
        "family": "Passifloraceae",
        "scientificName": "Passiflora organensis Gardner",
        "coordinateUncertaintyInMeters": "2766.57",
        "basisOfRecord": "PRESERVED_SPECIMEN",
        "eventDate": "1973-02-07",
        "country": null,
        "datasetName": "Vascular plants",
        "publisher": "The New York Botanical Garden",
        "license": "CC0_1_0",
        "issues": [
          "MODIFIED_DATE_INVALID"
        ],
        "media": [
          {
            "url": "http://sweetgum.nybg.org/images3/2157/418/1579577.jpg",
            "references": null,
            "title": null,
            "creator": "The New York Botanical Garden",
            "publisher": null,
            "license": "http://creativecommons.org/licenses/by/4.0/",
            "rightsHolder": "The New York Botanical Garden"
          }
        ]
      }
    },
    {
      "type": "Feature",
      "geometry": {
        "type": "Point",
        "coordinates": [
          -43.676328,
          -19.820266
        ]
      },
      "properties": {
        "gbifID": "1930019567",
        "species": "Passiflora porophylla",
        "genus": "Passiflora",
        "family": "Passifloraceae",
        "scientificName": "Passiflora organensis Gardner",
        "coordinateUncertaintyInMeters": "823.0",
        "basisOfRecord": "PRESERVED_SPECIMEN",
        "eventDate": "1971-01-19",
        "country": null,
        "datasetName": "Vascular plants",
        "publisher": "The New York Botanical Garden",
        "license": "CC0_1_0",
        "issues": [
          "MODIFIED_DATE_INVALID"
        ],
        "media": [
          {
            "url": "http://sweetgum.nybg.org/images3/2157/428/1581820.jpg",
            "references": null,
            "title": null,
            "creator": "The New York Botanical Garden",
            "publisher": null,
            "license": "http://creativecommons.org/licenses/by/4.0/",
            "rightsHolder": "The New York Botanical Garden"
          }
        ]
      }
    },
    {
      "type": "Feature",
      "geometry": {
        "type": "Point",
        "coordinates": [
          -44.816667,
          -23.333333
        ]
      },
      "properties": {
        "gbifID": "1094841772",
        "species": "Passiflora porophylla",
        "genus": "Passiflora",
        "family": "Passifloraceae",
        "scientificName": "Passiflora organensis Gardner",
        "coordinateUncertaintyInMeters": "",
        "basisOfRecord": "PRESERVED_SPECIMEN",
        "eventDate": "2007-08-26",
        "country": null,
        "datasetName": "",
        "publisher": "Universidade Estadual de Feira de Santana",
        "license": "CC_BY_4_0",
        "issues": [
          "CONTINENT_DERIVED_FROM_COORDINATES",
          "INSTITUTION_MATCH_FUZZY",
          "INSTITUTION_COLLECTION_MISMATCH"
        ],
        "fallback_media": {
          "url": "https://d2jcv3kl45hlgi.cloudfront.net/cb390ecbd256d6f35394bcae927dff21.jpg",
          "references": "http://specimens.kew.org/Herbarium/K001390261",
          "title": null,
          "creator": null,
          "publisher": null,
          "license": "http://creativecommons.org/licenses/by/4.0/",
          "rightsHolder": "Royal Botanic Gardens, Kew"
        }
      }
    },
    {
      "type": "Feature",
      "geometry": {
        "type": "Point",
        "coordinates": [
          -39.475556,
          -12.853056
        ]
      },
      "properties": {
        "gbifID": "1094767225",
        "species": "Passiflora porophylla",
        "genus": "Passiflora",
        "family": "Passifloraceae",
        "scientificName": "Passiflora organensis Gardner",
        "coordinateUncertaintyInMeters": "",
        "basisOfRecord": "PRESERVED_SPECIMEN",
        "eventDate": "2000-10-19",
        "country": null,
        "datasetName": "",
        "publisher": "Universidade Estadual de Feira de Santana",
        "license": "CC_BY_4_0",
        "issues": [
          "CONTINENT_DERIVED_FROM_COORDINATES",
          "INSTITUTION_MATCH_FUZZY",
          "INSTITUTION_COLLECTION_MISMATCH"
        ],
        "fallback_media": {
          "url": "https://d2jcv3kl45hlgi.cloudfront.net/cb390ecbd256d6f35394bcae927dff21.jpg",
          "references": "http://specimens.kew.org/Herbarium/K001390261",
          "title": null,
          "creator": null,
          "publisher": null,
          "license": "http://creativecommons.org/licenses/by/4.0/",
          "rightsHolder": "Royal Botanic Gardens, Kew"
        }
      }
    },
    {
      "type": "Feature",
      "geometry": {
        "type": "Point",
        "coordinates": [
          -42.871389,
          -16.216944
        ]
      },
      "properties": {
        "gbifID": "1094822165",
        "species": "Passiflora porophylla",
        "genus": "Passiflora",
        "family": "Passifloraceae",
        "scientificName": "Passiflora organensis Gardner",
        "coordinateUncertaintyInMeters": "",
        "basisOfRecord": "PRESERVED_SPECIMEN",
        "eventDate": "2006-01-10",
        "country": null,
        "datasetName": "",
        "publisher": "Universidade Estadual de Feira de Santana",
        "license": "CC_BY_4_0",
        "issues": [
          "CONTINENT_DERIVED_FROM_COORDINATES",
          "INSTITUTION_MATCH_FUZZY",
          "INSTITUTION_COLLECTION_MISMATCH"
        ],
        "fallback_media": {
          "url": "https://d2jcv3kl45hlgi.cloudfront.net/cb390ecbd256d6f35394bcae927dff21.jpg",
          "references": "http://specimens.kew.org/Herbarium/K001390261",
          "title": null,
          "creator": null,
          "publisher": null,
          "license": "http://creativecommons.org/licenses/by/4.0/",
          "rightsHolder": "Royal Botanic Gardens, Kew"
        }
      }
    },
    {
      "type": "Feature",
      "geometry": {
        "type": "Point",
        "coordinates": [
          -41.098056,
          -20.52
        ]
      },
      "properties": {
        "gbifID": "1094833144",
        "species": "Passiflora porophylla",
        "genus": "Passiflora",
        "family": "Passifloraceae",
        "scientificName": "Passiflora organensis Gardner",
        "coordinateUncertaintyInMeters": "",
        "basisOfRecord": "PRESERVED_SPECIMEN",
        "eventDate": "2006-08-15",
        "country": null,
        "datasetName": "",
        "publisher": "Universidade Estadual de Feira de Santana",
        "license": "CC_BY_4_0",
        "issues": [
          "CONTINENT_DERIVED_FROM_COORDINATES",
          "INSTITUTION_MATCH_FUZZY",
          "INSTITUTION_COLLECTION_MISMATCH"
        ],
        "fallback_media": {
          "url": "https://d2jcv3kl45hlgi.cloudfront.net/cb390ecbd256d6f35394bcae927dff21.jpg",
          "references": "http://specimens.kew.org/Herbarium/K001390261",
          "title": null,
          "creator": null,
          "publisher": null,
          "license": "http://creativecommons.org/licenses/by/4.0/",
          "rightsHolder": "Royal Botanic Gardens, Kew"
        }
      }
    },
    {
      "type": "Feature",
      "geometry": {
        "type": "Point",
        "coordinates": [
          -40.549444,
          -19.9025
        ]
      },
      "properties": {
        "gbifID": "1094827984",
        "species": "Passiflora porophylla",
        "genus": "Passiflora",
        "family": "Passifloraceae",
        "scientificName": "Passiflora organensis Gardner",
        "coordinateUncertaintyInMeters": "",
        "basisOfRecord": "PRESERVED_SPECIMEN",
        "eventDate": "2006-06-04",
        "country": null,
        "datasetName": "",
        "publisher": "Universidade Estadual de Feira de Santana",
        "license": "CC_BY_4_0",
        "issues": [
          "CONTINENT_DERIVED_FROM_COORDINATES",
          "INSTITUTION_MATCH_FUZZY",
          "INSTITUTION_COLLECTION_MISMATCH"
        ],
        "fallback_media": {
          "url": "https://d2jcv3kl45hlgi.cloudfront.net/cb390ecbd256d6f35394bcae927dff21.jpg",
          "references": "http://specimens.kew.org/Herbarium/K001390261",
          "title": null,
          "creator": null,
          "publisher": null,
          "license": "http://creativecommons.org/licenses/by/4.0/",
          "rightsHolder": "Royal Botanic Gardens, Kew"
        }
      }
    },
    {
      "type": "Feature",
      "geometry": {
        "type": "Point",
        "coordinates": [
          -39.466667,
          -12.85
        ]
      },
      "properties": {
        "gbifID": "1094774929",
        "species": "Passiflora porophylla",
        "genus": "Passiflora",
        "family": "Passifloraceae",
        "scientificName": "Passiflora organensis Gardner",
        "coordinateUncertaintyInMeters": "",
        "basisOfRecord": "PRESERVED_SPECIMEN",
        "eventDate": "2001-11-23",
        "country": null,
        "datasetName": "",
        "publisher": "Universidade Estadual de Feira de Santana",
        "license": "CC_BY_4_0",
        "issues": [
          "CONTINENT_DERIVED_FROM_COORDINATES",
          "INSTITUTION_MATCH_FUZZY",
          "INSTITUTION_COLLECTION_MISMATCH"
        ],
        "fallback_media": {
          "url": "https://d2jcv3kl45hlgi.cloudfront.net/cb390ecbd256d6f35394bcae927dff21.jpg",
          "references": "http://specimens.kew.org/Herbarium/K001390261",
          "title": null,
          "creator": null,
          "publisher": null,
          "license": "http://creativecommons.org/licenses/by/4.0/",
          "rightsHolder": "Royal Botanic Gardens, Kew"
        }
      }
    },
    {
      "type": "Feature",
      "geometry": {
        "type": "Point",
        "coordinates": [
          -40.474167,
          -12.325278
        ]
      },
      "properties": {
        "gbifID": "1094802300",
        "species": "Passiflora porophylla",
        "genus": "Passiflora",
        "family": "Passifloraceae",
        "scientificName": "Passiflora organensis Gardner",
        "coordinateUncertaintyInMeters": "",
        "basisOfRecord": "PRESERVED_SPECIMEN",
        "eventDate": "2004-07-27",
        "country": null,
        "datasetName": "",
        "publisher": "Universidade Estadual de Feira de Santana",
        "license": "CC_BY_4_0",
        "issues": [
          "CONTINENT_DERIVED_FROM_COORDINATES",
          "INSTITUTION_MATCH_FUZZY",
          "INSTITUTION_COLLECTION_MISMATCH"
        ],
        "fallback_media": {
          "url": "https://d2jcv3kl45hlgi.cloudfront.net/cb390ecbd256d6f35394bcae927dff21.jpg",
          "references": "http://specimens.kew.org/Herbarium/K001390261",
          "title": null,
          "creator": null,
          "publisher": null,
          "license": "http://creativecommons.org/licenses/by/4.0/",
          "rightsHolder": "Royal Botanic Gardens, Kew"
        }
      }
    },
    {
      "type": "Feature",
      "geometry": {
        "type": "Point",
        "coordinates": [
          -40.529444,
          -20.048056
        ]
      },
      "properties": {
        "gbifID": "1094827980",
        "species": "Passiflora porophylla",
        "genus": "Passiflora",
        "family": "Passifloraceae",
        "scientificName": "Passiflora organensis Gardner",
        "coordinateUncertaintyInMeters": "",
        "basisOfRecord": "PRESERVED_SPECIMEN",
        "eventDate": "2006-06-04",
        "country": null,
        "datasetName": "",
        "publisher": "Universidade Estadual de Feira de Santana",
        "license": "CC_BY_4_0",
        "issues": [
          "CONTINENT_DERIVED_FROM_COORDINATES",
          "INSTITUTION_MATCH_FUZZY",
          "INSTITUTION_COLLECTION_MISMATCH"
        ],
        "fallback_media": {
          "url": "https://d2jcv3kl45hlgi.cloudfront.net/cb390ecbd256d6f35394bcae927dff21.jpg",
          "references": "http://specimens.kew.org/Herbarium/K001390261",
          "title": null,
          "creator": null,
          "publisher": null,
          "license": "http://creativecommons.org/licenses/by/4.0/",
          "rightsHolder": "Royal Botanic Gardens, Kew"
        }
      }
    },
    {
      "type": "Feature",
      "geometry": {
        "type": "Point",
        "coordinates": [
          -39.483889,
          -12.8475
        ]
      },
      "properties": {
        "gbifID": "1094767277",
        "species": "Passiflora porophylla",
        "genus": "Passiflora",
        "family": "Passifloraceae",
        "scientificName": "Passiflora organensis Gardner",
        "coordinateUncertaintyInMeters": "",
        "basisOfRecord": "PRESERVED_SPECIMEN",
        "eventDate": "2000-10-19",
        "country": null,
        "datasetName": "",
        "publisher": "Universidade Estadual de Feira de Santana",
        "license": "CC_BY_4_0",
        "issues": [
          "CONTINENT_DERIVED_FROM_COORDINATES",
          "INSTITUTION_MATCH_FUZZY",
          "INSTITUTION_COLLECTION_MISMATCH"
        ],
        "fallback_media": {
          "url": "https://d2jcv3kl45hlgi.cloudfront.net/cb390ecbd256d6f35394bcae927dff21.jpg",
          "references": "http://specimens.kew.org/Herbarium/K001390261",
          "title": null,
          "creator": null,
          "publisher": null,
          "license": "http://creativecommons.org/licenses/by/4.0/",
          "rightsHolder": "Royal Botanic Gardens, Kew"
        }
      }
    },
    {
      "type": "Feature",
      "geometry": {
        "type": "Point",
        "coordinates": [
          -39.699167,
          -14.736389
        ]
      },
      "properties": {
        "gbifID": "1090471437",
        "species": "Passiflora porophylla",
        "genus": "Passiflora",
        "family": "Passifloraceae",
        "scientificName": "Passiflora organensis Gardner",
        "coordinateUncertaintyInMeters": "",
        "basisOfRecord": "PRESERVED_SPECIMEN",
        "eventDate": "1973-04-05",
        "country": null,
        "datasetName": "",
        "publisher": "Comissão Executiva do Plano da Lavoura Cacaueira – Centro de Pesquisas do Cacau",
        "license": "CC_BY_4_0",
        "issues": [
          "CONTINENT_DERIVED_FROM_COORDINATES",
          "INSTITUTION_MATCH_NONE"
        ],
        "fallback_media": {
          "url": "https://d2jcv3kl45hlgi.cloudfront.net/cb390ecbd256d6f35394bcae927dff21.jpg",
          "references": "http://specimens.kew.org/Herbarium/K001390261",
          "title": null,
          "creator": null,
          "publisher": null,
          "license": "http://creativecommons.org/licenses/by/4.0/",
          "rightsHolder": "Royal Botanic Gardens, Kew"
        }
      }
    },
    {
      "type": "Feature",
      "geometry": {
        "type": "Point",
        "coordinates": [
          -41.133333,
          -20.3
        ]
      },
      "properties": {
        "gbifID": "1090468533",
        "species": "Passiflora porophylla",
        "genus": "Passiflora",
        "family": "Passifloraceae",
        "scientificName": "Passiflora organensis Gardner",
        "coordinateUncertaintyInMeters": "",
        "basisOfRecord": "PRESERVED_SPECIMEN",
        "eventDate": "1997-01-27",
        "country": null,
        "datasetName": "",
        "publisher": "Comissão Executiva do Plano da Lavoura Cacaueira – Centro de Pesquisas do Cacau",
        "license": "CC_BY_4_0",
        "issues": [
          "CONTINENT_DERIVED_FROM_COORDINATES",
          "INSTITUTION_MATCH_NONE"
        ],
        "fallback_media": {
          "url": "https://d2jcv3kl45hlgi.cloudfront.net/cb390ecbd256d6f35394bcae927dff21.jpg",
          "references": "http://specimens.kew.org/Herbarium/K001390261",
          "title": null,
          "creator": null,
          "publisher": null,
          "license": "http://creativecommons.org/licenses/by/4.0/",
          "rightsHolder": "Royal Botanic Gardens, Kew"
        }
      }
    },
    {
      "type": "Feature",
      "geometry": {
        "type": "Point",
        "coordinates": [
          -37.317747,
          -9.903858
        ]
      },
      "properties": {
        "gbifID": "1213519245",
        "species": "Passiflora porophylla",
        "genus": "Passiflora",
        "family": "Passifloraceae",
        "scientificName": "Passiflora organensis Gardner",
        "coordinateUncertaintyInMeters": "",
        "basisOfRecord": "PRESERVED_SPECIMEN",
        "eventDate": "2012-03-24",
        "country": null,
        "datasetName": "",
        "publisher": "Instituto do Meio Ambiente do Estado de Alagoas",
        "license": "CC_BY_4_0",
        "issues": [
          "CONTINENT_DERIVED_FROM_COORDINATES",
          "INSTITUTION_MATCH_FUZZY",
          "INSTITUTION_COLLECTION_MISMATCH"
        ],
        "fallback_media": {
          "url": "https://d2jcv3kl45hlgi.cloudfront.net/cb390ecbd256d6f35394bcae927dff21.jpg",
          "references": "http://specimens.kew.org/Herbarium/K001390261",
          "title": null,
          "creator": null,
          "publisher": null,
          "license": "http://creativecommons.org/licenses/by/4.0/",
          "rightsHolder": "Royal Botanic Gardens, Kew"
        }
      }
    },
    {
      "type": "Feature",
      "geometry": {
        "type": "Point",
        "coordinates": [
          -49.215,
          -24.299167
        ]
      },
      "properties": {
        "gbifID": "1086891368",
        "species": "Passiflora porophylla",
        "genus": "Passiflora",
        "family": "Passifloraceae",
        "scientificName": "Passiflora organensis Gardner",
        "coordinateUncertaintyInMeters": "",
        "basisOfRecord": "PRESERVED_SPECIMEN",
        "eventDate": "1997-12-19",
        "country": null,
        "datasetName": "",
        "publisher": "Instituto Florestal",
        "license": "CC_BY_4_0",
        "issues": [
          "COORDINATE_ROUNDED",
          "CONTINENT_DERIVED_FROM_COORDINATES",
          "INSTITUTION_MATCH_FUZZY",
          "INSTITUTION_COLLECTION_MISMATCH"
        ],
        "fallback_media": {
          "url": "https://d2jcv3kl45hlgi.cloudfront.net/cb390ecbd256d6f35394bcae927dff21.jpg",
          "references": "http://specimens.kew.org/Herbarium/K001390261",
          "title": null,
          "creator": null,
          "publisher": null,
          "license": "http://creativecommons.org/licenses/by/4.0/",
          "rightsHolder": "Royal Botanic Gardens, Kew"
        }
      }
    },
    {
      "type": "Feature",
      "geometry": {
        "type": "Point",
        "coordinates": [
          -48.84,
          -24.5
        ]
      },
      "properties": {
        "gbifID": "1086891929",
        "species": "Passiflora porophylla",
        "genus": "Passiflora",
        "family": "Passifloraceae",
        "scientificName": "Passiflora organensis Gardner",
        "coordinateUncertaintyInMeters": "",
        "basisOfRecord": "PRESERVED_SPECIMEN",
        "eventDate": "1997-12-13",
        "country": null,
        "datasetName": "",
        "publisher": "Instituto Florestal",
        "license": "CC_BY_4_0",
        "issues": [
          "CONTINENT_DERIVED_FROM_COORDINATES",
          "INSTITUTION_MATCH_FUZZY",
          "INSTITUTION_COLLECTION_MISMATCH"
        ],
        "fallback_media": {
          "url": "https://d2jcv3kl45hlgi.cloudfront.net/cb390ecbd256d6f35394bcae927dff21.jpg",
          "references": "http://specimens.kew.org/Herbarium/K001390261",
          "title": null,
          "creator": null,
          "publisher": null,
          "license": "http://creativecommons.org/licenses/by/4.0/",
          "rightsHolder": "Royal Botanic Gardens, Kew"
        }
      }
    },
    {
      "type": "Feature",
      "geometry": {
        "type": "Point",
        "coordinates": [
          -46.63,
          -23.54
        ]
      },
      "properties": {
        "gbifID": "1086912802",
        "species": "Passiflora porophylla",
        "genus": "Passiflora",
        "family": "Passifloraceae",
        "scientificName": "Passiflora organensis Gardner",
        "coordinateUncertaintyInMeters": "",
        "basisOfRecord": "PRESERVED_SPECIMEN",
        "eventDate": "2008-02-26",
        "country": null,
        "datasetName": "",
        "publisher": "Instituto Florestal",
        "license": "CC_BY_4_0",
        "issues": [
          "CONTINENT_DERIVED_FROM_COORDINATES",
          "INSTITUTION_MATCH_FUZZY",
          "INSTITUTION_COLLECTION_MISMATCH"
        ],
        "fallback_media": {
          "url": "https://d2jcv3kl45hlgi.cloudfront.net/cb390ecbd256d6f35394bcae927dff21.jpg",
          "references": "http://specimens.kew.org/Herbarium/K001390261",
          "title": null,
          "creator": null,
          "publisher": null,
          "license": "http://creativecommons.org/licenses/by/4.0/",
          "rightsHolder": "Royal Botanic Gardens, Kew"
        }
      }
    },
    {
      "type": "Feature",
      "geometry": {
        "type": "Point",
        "coordinates": [
          -47.55,
          -24.7
        ]
      },
      "properties": {
        "gbifID": "1086894366",
        "species": "Passiflora porophylla",
        "genus": "Passiflora",
        "family": "Passifloraceae",
        "scientificName": "Passiflora organensis Gardner",
        "coordinateUncertaintyInMeters": "",
        "basisOfRecord": "PRESERVED_SPECIMEN",
        "eventDate": "1990-04-26",
        "country": null,
        "datasetName": "",
        "publisher": "Instituto Florestal",
        "license": "CC_BY_4_0",
        "issues": [
          "CONTINENT_DERIVED_FROM_COORDINATES",
          "INSTITUTION_MATCH_FUZZY",
          "INSTITUTION_COLLECTION_MISMATCH"
        ],
        "fallback_media": {
          "url": "https://d2jcv3kl45hlgi.cloudfront.net/cb390ecbd256d6f35394bcae927dff21.jpg",
          "references": "http://specimens.kew.org/Herbarium/K001390261",
          "title": null,
          "creator": null,
          "publisher": null,
          "license": "http://creativecommons.org/licenses/by/4.0/",
          "rightsHolder": "Royal Botanic Gardens, Kew"
        }
      }
    },
    {
      "type": "Feature",
      "geometry": {
        "type": "Point",
        "coordinates": [
          -50.174444,
          -29.480833
        ]
      },
      "properties": {
        "gbifID": "1090612389",
        "species": "Passiflora porophylla",
        "genus": "Passiflora",
        "family": "Passifloraceae",
        "scientificName": "Passiflora organensis Gardner",
        "coordinateUncertaintyInMeters": "",
        "basisOfRecord": "PRESERVED_SPECIMEN",
        "eventDate": "2008-05-10",
        "country": null,
        "datasetName": "",
        "publisher": "Museu de Ciências e Tecnologia - PUCRS",
        "license": "CC_BY_4_0",
        "issues": [
          "COORDINATE_ROUNDED",
          "INSTITUTION_MATCH_NONE"
        ],
        "fallback_media": {
          "url": "https://d2jcv3kl45hlgi.cloudfront.net/cb390ecbd256d6f35394bcae927dff21.jpg",
          "references": "http://specimens.kew.org/Herbarium/K001390261",
          "title": null,
          "creator": null,
          "publisher": null,
          "license": "http://creativecommons.org/licenses/by/4.0/",
          "rightsHolder": "Royal Botanic Gardens, Kew"
        }
      }
    },
    {
      "type": "Feature",
      "geometry": {
        "type": "Point",
        "coordinates": [
          -49.588055,
          -26.911667
        ]
      },
      "properties": {
        "gbifID": "1853940406",
        "species": "Passiflora porophylla",
        "genus": "Passiflora",
        "family": "Passifloraceae",
        "scientificName": "Passiflora organensis Gardner",
        "coordinateUncertaintyInMeters": "",
        "basisOfRecord": "PRESERVED_SPECIMEN",
        "eventDate": "2018-02-14",
        "country": null,
        "datasetName": "",
        "publisher": "Universidade Regional de Blumenau",
        "license": "CC_BY_4_0",
        "issues": [
          "COORDINATE_ROUNDED",
          "CONTINENT_DERIVED_FROM_COORDINATES",
          "INSTITUTION_MATCH_FUZZY",
          "COLLECTION_MATCH_FUZZY"
        ],
        "fallback_media": {
          "url": "https://d2jcv3kl45hlgi.cloudfront.net/cb390ecbd256d6f35394bcae927dff21.jpg",
          "references": "http://specimens.kew.org/Herbarium/K001390261",
          "title": null,
          "creator": null,
          "publisher": null,
          "license": "http://creativecommons.org/licenses/by/4.0/",
          "rightsHolder": "Royal Botanic Gardens, Kew"
        }
      }
    },
    {
      "type": "Feature",
      "geometry": {
        "type": "Point",
        "coordinates": [
          -46.935778,
          -23.230278
        ]
      },
      "properties": {
        "gbifID": "1265932525",
        "species": "Passiflora porophylla",
        "genus": "Passiflora",
        "family": "Passifloraceae",
        "scientificName": "Passiflora organensis Gardner",
        "coordinateUncertaintyInMeters": "",
        "basisOfRecord": "PRESERVED_SPECIMEN",
        "eventDate": "2008-02-20",
        "country": null,
        "datasetName": "",
        "publisher": "Universidade Estadual Paulista",
        "license": "CC_BY_4_0",
        "issues": [
          "CONTINENT_DERIVED_FROM_COORDINATES",
          "INSTITUTION_MATCH_NONE"
        ],
        "fallback_media": {
          "url": "https://d2jcv3kl45hlgi.cloudfront.net/cb390ecbd256d6f35394bcae927dff21.jpg",
          "references": "http://specimens.kew.org/Herbarium/K001390261",
          "title": null,
          "creator": null,
          "publisher": null,
          "license": "http://creativecommons.org/licenses/by/4.0/",
          "rightsHolder": "Royal Botanic Gardens, Kew"
        }
      }
    },
    {
      "type": "Feature",
      "geometry": {
        "type": "Point",
        "coordinates": [
          -50.032764,
          -29.350542
        ]
      },
      "properties": {
        "gbifID": "4949722729",
        "species": "Passiflora porophylla",
        "genus": "Passiflora",
        "family": "Passifloraceae",
        "scientificName": "Passiflora organensis Gardner",
        "coordinateUncertaintyInMeters": "",
        "basisOfRecord": "PRESERVED_SPECIMEN",
        "eventDate": "2018-02-24",
        "country": null,
        "datasetName": "",
        "publisher": "Universidade de Caxias do Sul",
        "license": "CC_BY_4_0",
        "issues": [
          "CONTINENT_DERIVED_FROM_COORDINATES",
          "INSTITUTION_MATCH_FUZZY",
          "INSTITUTION_COLLECTION_MISMATCH"
        ],
        "fallback_media": {
          "url": "https://d2jcv3kl45hlgi.cloudfront.net/cb390ecbd256d6f35394bcae927dff21.jpg",
          "references": "http://specimens.kew.org/Herbarium/K001390261",
          "title": null,
          "creator": null,
          "publisher": null,
          "license": "http://creativecommons.org/licenses/by/4.0/",
          "rightsHolder": "Royal Botanic Gardens, Kew"
        }
      }
    },
    {
      "type": "Feature",
      "geometry": {
        "type": "Point",
        "coordinates": [
          -49.509564,
          -27.282206
        ]
      },
      "properties": {
        "gbifID": "4949722727",
        "species": "Passiflora porophylla",
        "genus": "Passiflora",
        "family": "Passifloraceae",
        "scientificName": "Passiflora organensis Gardner",
        "coordinateUncertaintyInMeters": "",
        "basisOfRecord": "PRESERVED_SPECIMEN",
        "eventDate": "2023-02-19",
        "country": null,
        "datasetName": "",
        "publisher": "Universidade de Caxias do Sul",
        "license": "CC_BY_4_0",
        "issues": [
          "CONTINENT_DERIVED_FROM_COORDINATES",
          "INSTITUTION_MATCH_FUZZY",
          "INSTITUTION_COLLECTION_MISMATCH"
        ],
        "fallback_media": {
          "url": "https://d2jcv3kl45hlgi.cloudfront.net/cb390ecbd256d6f35394bcae927dff21.jpg",
          "references": "http://specimens.kew.org/Herbarium/K001390261",
          "title": null,
          "creator": null,
          "publisher": null,
          "license": "http://creativecommons.org/licenses/by/4.0/",
          "rightsHolder": "Royal Botanic Gardens, Kew"
        }
      }
    },
    {
      "type": "Feature",
      "geometry": {
        "type": "Point",
        "coordinates": [
          -39.47556,
          -12.85306
        ]
      },
      "properties": {
        "gbifID": "1095223407",
        "species": "Passiflora porophylla",
        "genus": "Passiflora",
        "family": "Passifloraceae",
        "scientificName": "Passiflora organensis Gardner",
        "coordinateUncertaintyInMeters": "",
        "basisOfRecord": "PRESERVED_SPECIMEN",
        "eventDate": "2000-10-19",
        "country": null,
        "datasetName": "",
        "publisher": "Embrapa Cenargen",
        "license": "CC_BY_4_0",
        "issues": [
          "CONTINENT_DERIVED_FROM_COORDINATES",
          "INSTITUTION_MATCH_NONE"
        ],
        "fallback_media": {
          "url": "https://d2jcv3kl45hlgi.cloudfront.net/cb390ecbd256d6f35394bcae927dff21.jpg",
          "references": "http://specimens.kew.org/Herbarium/K001390261",
          "title": null,
          "creator": null,
          "publisher": null,
          "license": "http://creativecommons.org/licenses/by/4.0/",
          "rightsHolder": "Royal Botanic Gardens, Kew"
        }
      }
    },
    {
      "type": "Feature",
      "geometry": {
        "type": "Point",
        "coordinates": [
          -47.33139,
          -16.18694
        ]
      },
      "properties": {
        "gbifID": "1095223212",
        "species": "Passiflora porophylla",
        "genus": "Passiflora",
        "family": "Passifloraceae",
        "scientificName": "Passiflora organensis Gardner",
        "coordinateUncertaintyInMeters": "",
        "basisOfRecord": "PRESERVED_SPECIMEN",
        "eventDate": "2002-03-27",
        "country": null,
        "datasetName": "",
        "publisher": "Embrapa Cenargen",
        "license": "CC_BY_4_0",
        "issues": [
          "CONTINENT_DERIVED_FROM_COORDINATES",
          "INSTITUTION_MATCH_NONE"
        ],
        "fallback_media": {
          "url": "https://d2jcv3kl45hlgi.cloudfront.net/cb390ecbd256d6f35394bcae927dff21.jpg",
          "references": "http://specimens.kew.org/Herbarium/K001390261",
          "title": null,
          "creator": null,
          "publisher": null,
          "license": "http://creativecommons.org/licenses/by/4.0/",
          "rightsHolder": "Royal Botanic Gardens, Kew"
        }
      }
    },
    {
      "type": "Feature",
      "geometry": {
        "type": "Point",
        "coordinates": [
          -48.60333,
          -16.1425
        ]
      },
      "properties": {
        "gbifID": "1095226265",
        "species": "Passiflora porophylla",
        "genus": "Passiflora",
        "family": "Passifloraceae",
        "scientificName": "Passiflora organensis Gardner",
        "coordinateUncertaintyInMeters": "",
        "basisOfRecord": "PRESERVED_SPECIMEN",
        "eventDate": "2003-02-18",
        "country": null,
        "datasetName": "",
        "publisher": "Embrapa Cenargen",
        "license": "CC_BY_4_0",
        "issues": [
          "CONTINENT_DERIVED_FROM_COORDINATES",
          "INSTITUTION_MATCH_NONE"
        ],
        "fallback_media": {
          "url": "https://d2jcv3kl45hlgi.cloudfront.net/cb390ecbd256d6f35394bcae927dff21.jpg",
          "references": "http://specimens.kew.org/Herbarium/K001390261",
          "title": null,
          "creator": null,
          "publisher": null,
          "license": "http://creativecommons.org/licenses/by/4.0/",
          "rightsHolder": "Royal Botanic Gardens, Kew"
        }
      }
    },
    {
      "type": "Feature",
      "geometry": {
        "type": "Point",
        "coordinates": [
          -43.5081,
          -20.2875
        ]
      },
      "properties": {
        "gbifID": "1090571844",
        "species": "Passiflora porophylla",
        "genus": "Passiflora",
        "family": "Passifloraceae",
        "scientificName": "Passiflora organensis Gardner",
        "coordinateUncertaintyInMeters": "",
        "basisOfRecord": "PRESERVED_SPECIMEN",
        "eventDate": "1985-02-09",
        "country": null,
        "datasetName": "",
        "publisher": "Instituto Agronômico (IAC)",
        "license": "CC_BY_4_0",
        "issues": [
          "CONTINENT_DERIVED_FROM_COORDINATES",
          "INSTITUTION_MATCH_FUZZY",
          "COLLECTION_MATCH_FUZZY"
        ],
        "fallback_media": {
          "url": "https://d2jcv3kl45hlgi.cloudfront.net/cb390ecbd256d6f35394bcae927dff21.jpg",
          "references": "http://specimens.kew.org/Herbarium/K001390261",
          "title": null,
          "creator": null,
          "publisher": null,
          "license": "http://creativecommons.org/licenses/by/4.0/",
          "rightsHolder": "Royal Botanic Gardens, Kew"
        }
      }
    },
    {
      "type": "Feature",
      "geometry": {
        "type": "Point",
        "coordinates": [
          -42.471111,
          -19.826944
        ]
      },
      "properties": {
        "gbifID": "1090571240",
        "species": "Passiflora porophylla",
        "genus": "Passiflora",
        "family": "Passifloraceae",
        "scientificName": "Passiflora organensis Gardner",
        "coordinateUncertaintyInMeters": "",
        "basisOfRecord": "PRESERVED_SPECIMEN",
        "eventDate": "2004-05-04",
        "country": null,
        "datasetName": "",
        "publisher": "Instituto Agronômico (IAC)",
        "license": "CC_BY_4_0",
        "issues": [
          "COORDINATE_ROUNDED",
          "CONTINENT_DERIVED_FROM_COORDINATES",
          "INSTITUTION_MATCH_FUZZY",
          "COLLECTION_MATCH_FUZZY"
        ],
        "fallback_media": {
          "url": "https://d2jcv3kl45hlgi.cloudfront.net/cb390ecbd256d6f35394bcae927dff21.jpg",
          "references": "http://specimens.kew.org/Herbarium/K001390261",
          "title": null,
          "creator": null,
          "publisher": null,
          "license": "http://creativecommons.org/licenses/by/4.0/",
          "rightsHolder": "Royal Botanic Gardens, Kew"
        }
      }
    },
    {
      "type": "Feature",
      "geometry": {
        "type": "Point",
        "coordinates": [
          -42.506389,
          -21.418611
        ]
      },
      "properties": {
        "gbifID": "1090571249",
        "species": "Passiflora porophylla",
        "genus": "Passiflora",
        "family": "Passifloraceae",
        "scientificName": "Passiflora organensis Gardner",
        "coordinateUncertaintyInMeters": "",
        "basisOfRecord": "PRESERVED_SPECIMEN",
        "eventDate": "2004-05-04",
        "country": null,
        "datasetName": "",
        "publisher": "Instituto Agronômico (IAC)",
        "license": "CC_BY_4_0",
        "issues": [
          "COORDINATE_ROUNDED",
          "CONTINENT_DERIVED_FROM_COORDINATES",
          "INSTITUTION_MATCH_FUZZY",
          "COLLECTION_MATCH_FUZZY"
        ],
        "fallback_media": {
          "url": "https://d2jcv3kl45hlgi.cloudfront.net/cb390ecbd256d6f35394bcae927dff21.jpg",
          "references": "http://specimens.kew.org/Herbarium/K001390261",
          "title": null,
          "creator": null,
          "publisher": null,
          "license": "http://creativecommons.org/licenses/by/4.0/",
          "rightsHolder": "Royal Botanic Gardens, Kew"
        }
      }
    },
    {
      "type": "Feature",
      "geometry": {
        "type": "Point",
        "coordinates": [
          -43.6697,
          -19.88
        ]
      },
      "properties": {
        "gbifID": "1090571215",
        "species": "Passiflora porophylla",
        "genus": "Passiflora",
        "family": "Passifloraceae",
        "scientificName": "Passiflora organensis Gardner",
        "coordinateUncertaintyInMeters": "",
        "basisOfRecord": "PRESERVED_SPECIMEN",
        "eventDate": "2004-05-05",
        "country": null,
        "datasetName": "",
        "publisher": "Instituto Agronômico (IAC)",
        "license": "CC_BY_4_0",
        "issues": [
          "CONTINENT_DERIVED_FROM_COORDINATES",
          "INSTITUTION_MATCH_FUZZY",
          "COLLECTION_MATCH_FUZZY"
        ],
        "fallback_media": {
          "url": "https://d2jcv3kl45hlgi.cloudfront.net/cb390ecbd256d6f35394bcae927dff21.jpg",
          "references": "http://specimens.kew.org/Herbarium/K001390261",
          "title": null,
          "creator": null,
          "publisher": null,
          "license": "http://creativecommons.org/licenses/by/4.0/",
          "rightsHolder": "Royal Botanic Gardens, Kew"
        }
      }
    },
    {
      "type": "Feature",
      "geometry": {
        "type": "Point",
        "coordinates": [
          -42.8819,
          -20.7539
        ]
      },
      "properties": {
        "gbifID": "1090571801",
        "species": "Passiflora porophylla",
        "genus": "Passiflora",
        "family": "Passifloraceae",
        "scientificName": "Passiflora organensis Gardner",
        "coordinateUncertaintyInMeters": "",
        "basisOfRecord": "PRESERVED_SPECIMEN",
        "eventDate": "1992-12-09",
        "country": null,
        "datasetName": "",
        "publisher": "Instituto Agronômico (IAC)",
        "license": "CC_BY_4_0",
        "issues": [
          "CONTINENT_DERIVED_FROM_COORDINATES",
          "INSTITUTION_MATCH_FUZZY",
          "COLLECTION_MATCH_FUZZY"
        ],
        "fallback_media": {
          "url": "https://d2jcv3kl45hlgi.cloudfront.net/cb390ecbd256d6f35394bcae927dff21.jpg",
          "references": "http://specimens.kew.org/Herbarium/K001390261",
          "title": null,
          "creator": null,
          "publisher": null,
          "license": "http://creativecommons.org/licenses/by/4.0/",
          "rightsHolder": "Royal Botanic Gardens, Kew"
        }
      }
    },
    {
      "type": "Feature",
      "geometry": {
        "type": "Point",
        "coordinates": [
          -43.690944,
          -19.788
        ]
      },
      "properties": {
        "gbifID": "1099304229",
        "species": "Passiflora porophylla",
        "genus": "Passiflora",
        "family": "Passifloraceae",
        "scientificName": "Passiflora organensis Gardner",
        "coordinateUncertaintyInMeters": "",
        "basisOfRecord": "PRESERVED_SPECIMEN",
        "eventDate": "2005-03-03",
        "country": null,
        "datasetName": "",
        "publisher": "Jardim Botânico Plantarum",
        "license": "CC_BY_4_0",
        "issues": [
          "CONTINENT_DERIVED_FROM_COORDINATES",
          "INSTITUTION_MATCH_NONE"
        ],
        "fallback_media": {
          "url": "https://d2jcv3kl45hlgi.cloudfront.net/cb390ecbd256d6f35394bcae927dff21.jpg",
          "references": "http://specimens.kew.org/Herbarium/K001390261",
          "title": null,
          "creator": null,
          "publisher": null,
          "license": "http://creativecommons.org/licenses/by/4.0/",
          "rightsHolder": "Royal Botanic Gardens, Kew"
        }
      }
    },
    {
      "type": "Feature",
      "geometry": {
        "type": "Point",
        "coordinates": [
          -46.313213,
          -23.775151
        ]
      },
      "properties": {
        "gbifID": "3967845150",
        "species": "Passiflora porophylla",
        "genus": "Passiflora",
        "family": "Passifloraceae",
        "scientificName": "Passiflora organensis Gardner",
        "coordinateUncertaintyInMeters": "",
        "basisOfRecord": "OCCURRENCE",
        "eventDate": "2018",
        "country": null,
        "datasetName": "SinBIOTA",
        "publisher": "Programa BIOTA/FAPESP - The Virtual Institute of Biodiversity",
        "license": "CC_BY_NC_4_0",
        "issues": [
          "RECORDED_DATE_MISMATCH",
          "COORDINATE_REPROJECTED",
          "TAXON_ID_NOT_FOUND"
        ],
        "fallback_media": {
          "url": "https://d2jcv3kl45hlgi.cloudfront.net/cb390ecbd256d6f35394bcae927dff21.jpg",
          "references": "http://specimens.kew.org/Herbarium/K001390261",
          "title": null,
          "creator": null,
          "publisher": null,
          "license": "http://creativecommons.org/licenses/by/4.0/",
          "rightsHolder": "Royal Botanic Gardens, Kew"
        }
      }
    },
    {
      "type": "Feature",
      "geometry": {
        "type": "Point",
        "coordinates": [
          -46.321772,
          -23.774579
        ]
      },
      "properties": {
        "gbifID": "3967841987",
        "species": "Passiflora porophylla",
        "genus": "Passiflora",
        "family": "Passifloraceae",
        "scientificName": "Passiflora organensis Gardner",
        "coordinateUncertaintyInMeters": "",
        "basisOfRecord": "OCCURRENCE",
        "eventDate": "2019",
        "country": null,
        "datasetName": "SinBIOTA",
        "publisher": "Programa BIOTA/FAPESP - The Virtual Institute of Biodiversity",
        "license": "CC_BY_NC_4_0",
        "issues": [
          "RECORDED_DATE_MISMATCH",
          "COORDINATE_REPROJECTED",
          "TAXON_ID_NOT_FOUND"
        ],
        "fallback_media": {
          "url": "https://d2jcv3kl45hlgi.cloudfront.net/cb390ecbd256d6f35394bcae927dff21.jpg",
          "references": "http://specimens.kew.org/Herbarium/K001390261",
          "title": null,
          "creator": null,
          "publisher": null,
          "license": "http://creativecommons.org/licenses/by/4.0/",
          "rightsHolder": "Royal Botanic Gardens, Kew"
        }
      }
    },
    {
      "type": "Feature",
      "geometry": {
        "type": "Point",
        "coordinates": [
          -46.30935,
          -23.783244
        ]
      },
      "properties": {
        "gbifID": "3967838992",
        "species": "Passiflora porophylla",
        "genus": "Passiflora",
        "family": "Passifloraceae",
        "scientificName": "Passiflora organensis Gardner",
        "coordinateUncertaintyInMeters": "",
        "basisOfRecord": "OCCURRENCE",
        "eventDate": "",
        "country": null,
        "datasetName": "SinBIOTA",
        "publisher": "Programa BIOTA/FAPESP - The Virtual Institute of Biodiversity",
        "license": "CC_BY_NC_4_0",
        "issues": [
          "RECORDED_DATE_MISMATCH",
          "COORDINATE_REPROJECTED",
          "TAXON_ID_NOT_FOUND"
        ],
        "fallback_media": {
          "url": "https://d2jcv3kl45hlgi.cloudfront.net/cb390ecbd256d6f35394bcae927dff21.jpg",
          "references": "http://specimens.kew.org/Herbarium/K001390261",
          "title": null,
          "creator": null,
          "publisher": null,
          "license": "http://creativecommons.org/licenses/by/4.0/",
          "rightsHolder": "Royal Botanic Gardens, Kew"
        }
      }
    },
    {
      "type": "Feature",
      "geometry": {
        "type": "Point",
        "coordinates": [
          -48.447636,
          -24.274642
        ]
      },
      "properties": {
        "gbifID": "3967845844",
        "species": "Passiflora porophylla",
        "genus": "Passiflora",
        "family": "Passifloraceae",
        "scientificName": "Passiflora organensis Gardner",
        "coordinateUncertaintyInMeters": "",
        "basisOfRecord": "OCCURRENCE",
        "eventDate": "2018",
        "country": null,
        "datasetName": "SinBIOTA",
        "publisher": "Programa BIOTA/FAPESP - The Virtual Institute of Biodiversity",
        "license": "CC_BY_NC_4_0",
        "issues": [
          "RECORDED_DATE_MISMATCH",
          "COORDINATE_REPROJECTED",
          "TAXON_ID_NOT_FOUND"
        ],
        "fallback_media": {
          "url": "https://d2jcv3kl45hlgi.cloudfront.net/cb390ecbd256d6f35394bcae927dff21.jpg",
          "references": "http://specimens.kew.org/Herbarium/K001390261",
          "title": null,
          "creator": null,
          "publisher": null,
          "license": "http://creativecommons.org/licenses/by/4.0/",
          "rightsHolder": "Royal Botanic Gardens, Kew"
        }
      }
    },
    {
      "type": "Feature",
      "geometry": {
        "type": "Point",
        "coordinates": [
          -46.7742,
          -23.662978
        ]
      },
      "properties": {
        "gbifID": "3967752423",
        "species": "Passiflora porophylla",
        "genus": "Passiflora",
        "family": "Passifloraceae",
        "scientificName": "Passiflora organensis Gardner",
        "coordinateUncertaintyInMeters": "",
        "basisOfRecord": "OCCURRENCE",
        "eventDate": "1993",
        "country": null,
        "datasetName": "SinBIOTA",
        "publisher": "Programa BIOTA/FAPESP - The Virtual Institute of Biodiversity",
        "license": "CC_BY_NC_4_0",
        "issues": [
          "RECORDED_DATE_MISMATCH",
          "COORDINATE_REPROJECTED",
          "TAXON_ID_NOT_FOUND"
        ],
        "fallback_media": {
          "url": "https://d2jcv3kl45hlgi.cloudfront.net/cb390ecbd256d6f35394bcae927dff21.jpg",
          "references": "http://specimens.kew.org/Herbarium/K001390261",
          "title": null,
          "creator": null,
          "publisher": null,
          "license": "http://creativecommons.org/licenses/by/4.0/",
          "rightsHolder": "Royal Botanic Gardens, Kew"
        }
      }
    },
    {
      "type": "Feature",
      "geometry": {
        "type": "Point",
        "coordinates": [
          -46.735402,
          -23.836078
        ]
      },
      "properties": {
        "gbifID": "3967740560",
        "species": "Passiflora porophylla",
        "genus": "Passiflora",
        "family": "Passifloraceae",
        "scientificName": "Passiflora organensis Gardner",
        "coordinateUncertaintyInMeters": "",
        "basisOfRecord": "OCCURRENCE",
        "eventDate": "1995",
        "country": null,
        "datasetName": "SinBIOTA",
        "publisher": "Programa BIOTA/FAPESP - The Virtual Institute of Biodiversity",
        "license": "CC_BY_NC_4_0",
        "issues": [
          "RECORDED_DATE_MISMATCH",
          "COORDINATE_REPROJECTED",
          "TAXON_ID_NOT_FOUND"
        ],
        "fallback_media": {
          "url": "https://d2jcv3kl45hlgi.cloudfront.net/cb390ecbd256d6f35394bcae927dff21.jpg",
          "references": "http://specimens.kew.org/Herbarium/K001390261",
          "title": null,
          "creator": null,
          "publisher": null,
          "license": "http://creativecommons.org/licenses/by/4.0/",
          "rightsHolder": "Royal Botanic Gardens, Kew"
        }
      }
    },
    {
      "type": "Feature",
      "geometry": {
        "type": "Point",
        "coordinates": [
          -57.55861,
          -25.52389
        ]
      },
      "properties": {
        "gbifID": "2270520816",
        "species": "Passiflora porophylla",
        "genus": "Passiflora",
        "family": "Passifloraceae",
        "scientificName": "Passiflora organensis Gardner",
        "coordinateUncertaintyInMeters": "",
        "basisOfRecord": "PRESERVED_SPECIMEN",
        "eventDate": "1995-11-02",
        "country": null,
        "datasetName": "",
        "publisher": "Arizona State University Biocollections",
        "license": "CC_BY_4_0",
        "issues": [
          "GEODETIC_DATUM_ASSUMED_WGS84",
          "CONTINENT_DERIVED_FROM_COORDINATES",
          "INSTITUTION_MATCH_FUZZY",
          "COLLECTION_MATCH_FUZZY",
          "TAXON_ID_NOT_FOUND"
        ],
        "media": [
          {
            "url": "https://media01.symbiota.org/media/h_seinet/seinet/ASU/ASU0044/ASU0044196.jpg",
            "references": null,
            "title": null,
            "creator": null,
            "publisher": null,
            "license": null,
            "rightsHolder": "Arizona State University Vascular Plant Herbarium"
          },
          {
            "url": "https://media01.symbiota.org/media/h_seinet/seinet/ASU/ASU0044/ASU0044196a_lg.jpg",
            "references": null,
            "title": null,
            "creator": null,
            "publisher": null,
            "license": null,
            "rightsHolder": "Arizona State University Vascular Plant Herbarium"
          },
          {
            "url": "https://media01.symbiota.org/media/h_seinet/seinet/ASU/ASU0044/ASU0044196b_lg.jpg",
            "references": null,
            "title": null,
            "creator": null,
            "publisher": null,
            "license": null,
            "rightsHolder": "Arizona State University Vascular Plant Herbarium"
          }
        ]
      }
    },
    {
      "type": "Feature",
      "geometry": {
        "type": "Point",
        "coordinates": [
          -49.0833,
          -25.3667
        ]
      },
      "properties": {
        "gbifID": "2270520074",
        "species": "Passiflora porophylla",
        "genus": "Passiflora",
        "family": "Passifloraceae",
        "scientificName": "Passiflora organensis Gardner",
        "coordinateUncertaintyInMeters": "10000.0",
        "basisOfRecord": "PRESERVED_SPECIMEN",
        "eventDate": "1990-01-30",
        "country": null,
        "datasetName": "",
        "publisher": "Arizona State University Biocollections",
        "license": "CC_BY_4_0",
        "issues": [
          "GEODETIC_DATUM_ASSUMED_WGS84",
          "CONTINENT_DERIVED_FROM_COORDINATES",
          "INSTITUTION_MATCH_FUZZY",
          "COLLECTION_MATCH_FUZZY",
          "TAXON_ID_NOT_FOUND"
        ],
        "media": [
          {
            "url": "https://media01.symbiota.org/media/h_seinet/seinet/ASU/ASU0044/ASU0044197.jpg",
            "references": null,
            "title": null,
            "creator": null,
            "publisher": null,
            "license": null,
            "rightsHolder": "Arizona State University Vascular Plant Herbarium"
          },
          {
            "url": "https://media01.symbiota.org/media/h_seinet/seinet/ASU/ASU0044/ASU0044197a_lg.jpg",
            "references": null,
            "title": null,
            "creator": null,
            "publisher": null,
            "license": null,
            "rightsHolder": "Arizona State University Vascular Plant Herbarium"
          }
        ]
      }
    },
    {
      "type": "Feature",
      "geometry": {
        "type": "Point",
        "coordinates": [
          -42.75,
          -22.366667
        ]
      },
      "properties": {
        "gbifID": "1257542959",
        "species": "Passiflora porophylla",
        "genus": "Passiflora",
        "family": "Passifloraceae",
        "scientificName": "Passiflora organensis Gardner",
        "coordinateUncertaintyInMeters": "",
        "basisOfRecord": "PRESERVED_SPECIMEN",
        "eventDate": "1878",
        "country": null,
        "datasetName": "Tropicos",
        "publisher": "Missouri Botanical Garden",
        "license": "CC_BY_4_0",
        "issues": [
          "OCCURRENCE_STATUS_INFERRED_FROM_INDIVIDUAL_COUNT",
          "COORDINATE_ROUNDED",
          "GEODETIC_DATUM_ASSUMED_WGS84",
          "AMBIGUOUS_INSTITUTION",
          "TAXON_ID_NOT_FOUND"
        ],
        "fallback_media": {
          "url": "https://d2jcv3kl45hlgi.cloudfront.net/cb390ecbd256d6f35394bcae927dff21.jpg",
          "references": "http://specimens.kew.org/Herbarium/K001390261",
          "title": null,
          "creator": null,
          "publisher": null,
          "license": "http://creativecommons.org/licenses/by/4.0/",
          "rightsHolder": "Royal Botanic Gardens, Kew"
        }
      }
    },
    {
      "type": "Feature",
      "geometry": {
        "type": "Point",
        "coordinates": [
          -43.2075,
          -22.902778
        ]
      },
      "properties": {
        "gbifID": "1257542939",
        "species": "Passiflora porophylla",
        "genus": "Passiflora",
        "family": "Passifloraceae",
        "scientificName": "Passiflora organensis Gardner",
        "coordinateUncertaintyInMeters": "",
        "basisOfRecord": "PRESERVED_SPECIMEN",
        "eventDate": "",
        "country": null,
        "datasetName": "Tropicos",
        "publisher": "Missouri Botanical Garden",
        "license": "CC_BY_4_0",
        "issues": [
          "OCCURRENCE_STATUS_INFERRED_FROM_INDIVIDUAL_COUNT",
          "COORDINATE_ROUNDED",
          "GEODETIC_DATUM_ASSUMED_WGS84",
          "INSTITUTION_MATCH_FUZZY",
          "COLLECTION_MATCH_NONE",
          "TAXON_ID_NOT_FOUND"
        ],
        "fallback_media": {
          "url": "https://d2jcv3kl45hlgi.cloudfront.net/cb390ecbd256d6f35394bcae927dff21.jpg",
          "references": "http://specimens.kew.org/Herbarium/K001390261",
          "title": null,
          "creator": null,
          "publisher": null,
          "license": "http://creativecommons.org/licenses/by/4.0/",
          "rightsHolder": "Royal Botanic Gardens, Kew"
        }
      }
    },
    {
      "type": "Feature",
      "geometry": {
        "type": "Point",
        "coordinates": [
          -42.368056,
          -21.981111
        ]
      },
      "properties": {
        "gbifID": "1257542982",
        "species": "Passiflora porophylla",
        "genus": "Passiflora",
        "family": "Passifloraceae",
        "scientificName": "Passiflora organensis Gardner",
        "coordinateUncertaintyInMeters": "",
        "basisOfRecord": "PRESERVED_SPECIMEN",
        "eventDate": "",
        "country": null,
        "datasetName": "Tropicos",
        "publisher": "Missouri Botanical Garden",
        "license": "CC_BY_4_0",
        "issues": [
          "OCCURRENCE_STATUS_INFERRED_FROM_INDIVIDUAL_COUNT",
          "COORDINATE_ROUNDED",
          "GEODETIC_DATUM_ASSUMED_WGS84",
          "INSTITUTION_MATCH_FUZZY",
          "COLLECTION_MATCH_NONE",
          "TAXON_ID_NOT_FOUND"
        ],
        "fallback_media": {
          "url": "https://d2jcv3kl45hlgi.cloudfront.net/cb390ecbd256d6f35394bcae927dff21.jpg",
          "references": "http://specimens.kew.org/Herbarium/K001390261",
          "title": null,
          "creator": null,
          "publisher": null,
          "license": "http://creativecommons.org/licenses/by/4.0/",
          "rightsHolder": "Royal Botanic Gardens, Kew"
        }
      }
    },
    {
      "type": "Feature",
      "geometry": {
        "type": "Point",
        "coordinates": [
          -48.7,
          -17.75
        ]
      },
      "properties": {
        "gbifID": "1257542906",
        "species": "Passiflora porophylla",
        "genus": "Passiflora",
        "family": "Passifloraceae",
        "scientificName": "Passiflora organensis Gardner",
        "coordinateUncertaintyInMeters": "",
        "basisOfRecord": "PRESERVED_SPECIMEN",
        "eventDate": "",
        "country": null,
        "datasetName": "Tropicos",
        "publisher": "Missouri Botanical Garden",
        "license": "CC_BY_4_0",
        "issues": [
          "OCCURRENCE_STATUS_INFERRED_FROM_INDIVIDUAL_COUNT",
          "GEODETIC_DATUM_ASSUMED_WGS84",
          "INSTITUTION_MATCH_FUZZY",
          "COLLECTION_MATCH_NONE",
          "TAXON_ID_NOT_FOUND"
        ],
        "fallback_media": {
          "url": "https://d2jcv3kl45hlgi.cloudfront.net/cb390ecbd256d6f35394bcae927dff21.jpg",
          "references": "http://specimens.kew.org/Herbarium/K001390261",
          "title": null,
          "creator": null,
          "publisher": null,
          "license": "http://creativecommons.org/licenses/by/4.0/",
          "rightsHolder": "Royal Botanic Gardens, Kew"
        }
      }
    },
    {
      "type": "Feature",
      "geometry": {
        "type": "Point",
        "coordinates": [
          -46.333611,
          -23.960833
        ]
      },
      "properties": {
        "gbifID": "1257543739",
        "species": "Passiflora porophylla",
        "genus": "Passiflora",
        "family": "Passifloraceae",
        "scientificName": "Passiflora organensis Gardner",
        "coordinateUncertaintyInMeters": "",
        "basisOfRecord": "PRESERVED_SPECIMEN",
        "eventDate": "1854-09",
        "country": null,
        "datasetName": "Tropicos",
        "publisher": "Missouri Botanical Garden",
        "license": "CC_BY_4_0",
        "issues": [
          "OCCURRENCE_STATUS_INFERRED_FROM_INDIVIDUAL_COUNT",
          "COORDINATE_ROUNDED",
          "GEODETIC_DATUM_ASSUMED_WGS84",
          "AMBIGUOUS_INSTITUTION",
          "TAXON_ID_NOT_FOUND"
        ],
        "fallback_media": {
          "url": "https://d2jcv3kl45hlgi.cloudfront.net/cb390ecbd256d6f35394bcae927dff21.jpg",
          "references": "http://specimens.kew.org/Herbarium/K001390261",
          "title": null,
          "creator": null,
          "publisher": null,
          "license": "http://creativecommons.org/licenses/by/4.0/",
          "rightsHolder": "Royal Botanic Gardens, Kew"
        }
      }
    },
    {
      "type": "Feature",
      "geometry": {
        "type": "Point",
        "coordinates": [
          -46.716667,
          -23.583333
        ]
      },
      "properties": {
        "gbifID": "1257516587",
        "species": "Passiflora porophylla",
        "genus": "Passiflora",
        "family": "Passifloraceae",
        "scientificName": "Passiflora organensis Gardner",
        "coordinateUncertaintyInMeters": "",
        "basisOfRecord": "PRESERVED_SPECIMEN",
        "eventDate": "1929-02-03",
        "country": null,
        "datasetName": "Tropicos",
        "publisher": "Missouri Botanical Garden",
        "license": "CC_BY_4_0",
        "issues": [
          "OCCURRENCE_STATUS_INFERRED_FROM_INDIVIDUAL_COUNT",
          "COORDINATE_ROUNDED",
          "GEODETIC_DATUM_ASSUMED_WGS84",
          "INSTITUTION_MATCH_FUZZY",
          "COLLECTION_MATCH_NONE",
          "TAXON_ID_NOT_FOUND"
        ],
        "fallback_media": {
          "url": "https://d2jcv3kl45hlgi.cloudfront.net/cb390ecbd256d6f35394bcae927dff21.jpg",
          "references": "http://specimens.kew.org/Herbarium/K001390261",
          "title": null,
          "creator": null,
          "publisher": null,
          "license": "http://creativecommons.org/licenses/by/4.0/",
          "rightsHolder": "Royal Botanic Gardens, Kew"
        }
      }
    },
    {
      "type": "Feature",
      "geometry": {
        "type": "Point",
        "coordinates": [
          -46.636111,
          -23.5475
        ]
      },
      "properties": {
        "gbifID": "1257542984",
        "species": "Passiflora porophylla",
        "genus": "Passiflora",
        "family": "Passifloraceae",
        "scientificName": "Passiflora organensis Gardner",
        "coordinateUncertaintyInMeters": "",
        "basisOfRecord": "PRESERVED_SPECIMEN",
        "eventDate": "",
        "country": null,
        "datasetName": "Tropicos",
        "publisher": "Missouri Botanical Garden",
        "license": "CC_BY_4_0",
        "issues": [
          "OCCURRENCE_STATUS_INFERRED_FROM_INDIVIDUAL_COUNT",
          "COORDINATE_ROUNDED",
          "GEODETIC_DATUM_ASSUMED_WGS84",
          "INSTITUTION_MATCH_FUZZY",
          "COLLECTION_MATCH_NONE",
          "TAXON_ID_NOT_FOUND"
        ],
        "fallback_media": {
          "url": "https://d2jcv3kl45hlgi.cloudfront.net/cb390ecbd256d6f35394bcae927dff21.jpg",
          "references": "http://specimens.kew.org/Herbarium/K001390261",
          "title": null,
          "creator": null,
          "publisher": null,
          "license": "http://creativecommons.org/licenses/by/4.0/",
          "rightsHolder": "Royal Botanic Gardens, Kew"
        }
      }
    },
    {
      "type": "Feature",
      "geometry": {
        "type": "Point",
        "coordinates": [
          -41.483333,
          -22.05
        ]
      },
      "properties": {
        "gbifID": "1257542950",
        "species": "Passiflora porophylla",
        "genus": "Passiflora",
        "family": "Passifloraceae",
        "scientificName": "Passiflora organensis Gardner",
        "coordinateUncertaintyInMeters": "",
        "basisOfRecord": "PRESERVED_SPECIMEN",
        "eventDate": "",
        "country": null,
        "datasetName": "Tropicos",
        "publisher": "Missouri Botanical Garden",
        "license": "CC_BY_4_0",
        "issues": [
          "OCCURRENCE_STATUS_INFERRED_FROM_INDIVIDUAL_COUNT",
          "COORDINATE_ROUNDED",
          "GEODETIC_DATUM_ASSUMED_WGS84",
          "INSTITUTION_MATCH_FUZZY",
          "COLLECTION_MATCH_NONE",
          "TAXON_ID_NOT_FOUND"
        ],
        "fallback_media": {
          "url": "https://d2jcv3kl45hlgi.cloudfront.net/cb390ecbd256d6f35394bcae927dff21.jpg",
          "references": "http://specimens.kew.org/Herbarium/K001390261",
          "title": null,
          "creator": null,
          "publisher": null,
          "license": "http://creativecommons.org/licenses/by/4.0/",
          "rightsHolder": "Royal Botanic Gardens, Kew"
        }
      }
    },
    {
      "type": "Feature",
      "geometry": {
        "type": "Point",
        "coordinates": [
          -44.7759,
          -22.3372
        ]
      },
      "properties": {
        "gbifID": "3476792997",
        "species": "Passiflora porophylla",
        "genus": "Passiflora",
        "family": "Passifloraceae",
        "scientificName": "Passiflora organensis Gardner",
        "coordinateUncertaintyInMeters": "",
        "basisOfRecord": "PRESERVED_SPECIMEN",
        "eventDate": "1886-12-11",
        "country": null,
        "datasetName": "",
        "publisher": "Adam Mickiewicz University in Poznań",
        "license": "CC_BY_4_0",
        "issues": [
          "GEODETIC_DATUM_ASSUMED_WGS84",
          "CONTINENT_DERIVED_FROM_COORDINATES",
          "COLLECTION_MATCH_NONE"
        ],
        "fallback_media": {
          "url": "https://d2jcv3kl45hlgi.cloudfront.net/cb390ecbd256d6f35394bcae927dff21.jpg",
          "references": "http://specimens.kew.org/Herbarium/K001390261",
          "title": null,
          "creator": null,
          "publisher": null,
          "license": "http://creativecommons.org/licenses/by/4.0/",
          "rightsHolder": "Royal Botanic Gardens, Kew"
        }
      }
    },
    {
      "type": "Feature",
      "geometry": {
        "type": "Point",
        "coordinates": [
          -42.72,
          -22.323055
        ]
      },
      "properties": {
        "gbifID": "4958514598",
        "species": "Passiflora porophylla",
        "genus": "Passiflora",
        "family": "Passifloraceae",
        "scientificName": "Passiflora organensis Gardner",
        "coordinateUncertaintyInMeters": "",
        "basisOfRecord": "PRESERVED_SPECIMEN",
        "eventDate": "2015-01-28T00:00",
        "country": null,
        "datasetName": "",
        "publisher": "Royal Botanic Gardens, Kew",
        "license": "CC_BY_4_0",
        "issues": [
          "COORDINATE_ROUNDED",
          "GEODETIC_DATUM_ASSUMED_WGS84",
          "CONTINENT_DERIVED_FROM_COORDINATES",
          "INSTITUTION_MATCH_FUZZY",
          "INSTITUTION_COLLECTION_MISMATCH"
        ],
        "media": [
          {
            "url": "https://d2jcv3kl45hlgi.cloudfront.net/cb390ecbd256d6f35394bcae927dff21.jpg",
            "references": "http://specimens.kew.org/Herbarium/K001390261",
            "title": null,
            "creator": null,
            "publisher": null,
            "license": "http://creativecommons.org/licenses/by/4.0/",
            "rightsHolder": "Royal Botanic Gardens, Kew"
          }
        ]
      }
    }
  ]
}
