{
  "type": "FeatureCollection",
  "metadata": {
    "host_taxon": {
      "canonical_name": "Witheringia meiantha",
      "rank": "species",
      "family": "Solanaceae",
      "genus": "Witheringia",
      "species": "Witheringia meiantha",
      "slug": "species_witheringia_meiantha",
      "resolvable_to_gbif": true,
      "use_for_default_download": true,
      "association_count": 2,
      "butterfly_taxa": [
        "Ithomia diasia",
        "Ithomia patilla"
      ],
      "confidence_counts": {
        "medium": 2
      },
      "occurrence_file": "occurrences/species_witheringia_meiantha.geojson",
      "gbif_resolution": {
        "query": "Witheringia meiantha",
        "rank": "species",
        "status": "resolved",
        "gbif_taxon_key": 8515625,
        "accepted_usage_key": null,
        "scientific_name": "Witheringia meiantha (Donn.Sm.) Hunz.",
        "canonical_name": "Witheringia meiantha",
        "gbif_rank": "SPECIES",
        "taxonomic_status": "ACCEPTED",
        "match_type": "EXACT",
        "confidence": 100,
        "kingdom": "Plantae",
        "family": "Solanaceae",
        "genus": "Witheringia",
        "resolved_at": "2026-05-21T04:01:06+00:00"
      },
      "gbif_taxon_key": 8515625,
      "gbif_status": "resolved",
      "occurrence_count": 0,
      "occurrence_mode": "not_generated",
      "occurrence_cap": null
    },
    "gbif_resolution": {
      "query": "Witheringia meiantha",
      "rank": "species",
      "status": "resolved",
      "gbif_taxon_key": 8515625,
      "accepted_usage_key": null,
      "scientific_name": "Witheringia meiantha (Donn.Sm.) Hunz.",
      "canonical_name": "Witheringia meiantha",
      "gbif_rank": "SPECIES",
      "taxonomic_status": "ACCEPTED",
      "match_type": "EXACT",
      "confidence": 100,
      "kingdom": "Plantae",
      "family": "Solanaceae",
      "genus": "Witheringia",
      "resolved_at": "2026-05-21T04:01:06+00:00"
    },
    "occurrence_query": {
      "method": "gbif_download_api",
      "download_key": "0004690-260519110011954",
      "download_doi": "10.15468/dl.s2gcc3",
      "download_doi_url": "https://doi.org/10.15468/dl.s2gcc3",
      "limit": null,
      "dedupe": "Exact duplicate coordinates removed per taxon after DWCA download.",
      "filters": "GBIF Download API DWCA with TAXON_KEY, HAS_COORDINATE=true, HAS_GEOSPATIAL_ISSUE=false, OCCURRENCE_STATUS=PRESENT; app study extent and coordinate uncertainty <=100km applied locally.",
      "returned_unique_coordinate_records": 325
    },
    "scientific_caveat": "GBIF plant occurrences are sampling-biased context records and do not prove local host use or ecological availability for the butterfly.",
    "generated_at": "2026-05-21T15:57:25+00:00"
  },
  "features": [
    {
      "type": "Feature",
      "geometry": {
        "type": "Point",
        "coordinates": [
          -84.8,
          10.3
        ]
      },
      "properties": {
        "gbifID": "2573033954",
        "species": "Witheringia meiantha",
        "genus": "Witheringia",
        "family": "Solanaceae",
        "scientificName": "Witheringia meiantha (Donn.Sm.) Hunz.",
        "coordinateUncertaintyInMeters": "",
        "basisOfRecord": "PRESERVED_SPECIMEN",
        "eventDate": "1987-01-08",
        "country": null,
        "datasetName": "",
        "publisher": "The University of Vermont Pringle Herbarium",
        "license": "CC_BY_4_0",
        "issues": [
          "GEODETIC_DATUM_ASSUMED_WGS84",
          "CONTINENT_DERIVED_FROM_COORDINATES",
          "INSTITUTION_MATCH_FUZZY",
          "TAXON_ID_NOT_FOUND"
        ],
        "media": [
          {
            "url": "https://media01.symbiota.org/media/seinet/nansh/VT/UVMVT275/UVMVT275194_lg.jpg",
            "references": null,
            "title": null,
            "creator": null,
            "publisher": null,
            "license": "http://creativecommons.org/licenses/by-nc/3.0/",
            "rightsHolder": "University of Vermont"
          }
        ]
      }
    },
    {
      "type": "Feature",
      "geometry": {
        "type": "Point",
        "coordinates": [
          -83.963889,
          9.588889
        ]
      },
      "properties": {
        "gbifID": "1089171757",
        "species": "Witheringia meiantha",
        "genus": "Witheringia",
        "family": "Solanaceae",
        "scientificName": "Witheringia meiantha (Donn.Sm.) Hunz.",
        "coordinateUncertaintyInMeters": "",
        "basisOfRecord": "PRESERVED_SPECIMEN",
        "eventDate": "2001-06-03",
        "country": null,
        "datasetName": "",
        "publisher": "Universidade Federal da Paraíba",
        "license": "CC_BY_4_0",
        "issues": [
          "CONTINENT_COORDINATE_MISMATCH",
          "CONTINENT_COUNTRY_MISMATCH",
          "INSTITUTION_MATCH_FUZZY",
          "INSTITUTION_COLLECTION_MISMATCH"
        ],
        "fallback_media": {
          "url": "http://www.boldsystems.org/pics/MHPAC/BioBot11319-BB048377+1281634066.JPG",
          "references": "http://bins.boldsystems.org/index.php/Public_RecordView?processid=MHPAF813-11",
          "title": "MHPAF813-11 Fruit",
          "creator": null,
          "publisher": null,
          "license": "http://creativecommons.org/licenses/by-nc-sa/4.0/",
          "rightsHolder": null
        }
      }
    },
    {
      "type": "Feature",
      "geometry": {
        "type": "Point",
        "coordinates": [
          -95.0,
          18.45
        ]
      },
      "properties": {
        "gbifID": "2629687397",
        "species": "Witheringia meiantha",
        "genus": "Witheringia",
        "family": "Solanaceae",
        "scientificName": "Witheringia meiantha (Donn.Sm.) Hunz.",
        "coordinateUncertaintyInMeters": "90.0",
        "basisOfRecord": "PRESERVED_SPECIMEN",
        "eventDate": "1980-08-18",
        "country": null,
        "datasetName": "Digitalización y sistematización de las colecciones biológicas del INECOL",
        "publisher": "Comisión nacional para el conocimiento y uso de la biodiversidad",
        "license": "CC_BY_4_0",
        "issues": [
          "OCCURRENCE_STATUS_INFERRED_FROM_INDIVIDUAL_COUNT",
          "GEODETIC_DATUM_ASSUMED_WGS84",
          "GEODETIC_DATUM_INVALID",
          "CONTINENT_DERIVED_FROM_COORDINATES",
          "AMBIGUOUS_INSTITUTION",
          "SCIENTIFIC_NAME_ID_NOT_FOUND",
          "TAXON_ID_NOT_FOUND"
        ],
        "fallback_media": {
          "url": "http://www.boldsystems.org/pics/MHPAC/BioBot11319-BB048377+1281634066.JPG",
          "references": "http://bins.boldsystems.org/index.php/Public_RecordView?processid=MHPAF813-11",
          "title": "MHPAF813-11 Fruit",
          "creator": null,
          "publisher": null,
          "license": "http://creativecommons.org/licenses/by-nc-sa/4.0/",
          "rightsHolder": null
        }
      }
    },
    {
      "type": "Feature",
      "geometry": {
        "type": "Point",
        "coordinates": [
          -95.15,
          18.583333
        ]
      },
      "properties": {
        "gbifID": "2629535286",
        "species": "Witheringia meiantha",
        "genus": "Witheringia",
        "family": "Solanaceae",
        "scientificName": "Witheringia meiantha (Donn.Sm.) Hunz.",
        "coordinateUncertaintyInMeters": "90.0",
        "basisOfRecord": "PRESERVED_SPECIMEN",
        "eventDate": "1972-05-24",
        "country": null,
        "datasetName": "Digitalización y sistematización de las colecciones biológicas del INECOL",
        "publisher": "Comisión nacional para el conocimiento y uso de la biodiversidad",
        "license": "CC_BY_4_0",
        "issues": [
          "OCCURRENCE_STATUS_INFERRED_FROM_INDIVIDUAL_COUNT",
          "COORDINATE_ROUNDED",
          "GEODETIC_DATUM_ASSUMED_WGS84",
          "GEODETIC_DATUM_INVALID",
          "CONTINENT_DERIVED_FROM_COORDINATES",
          "AMBIGUOUS_INSTITUTION",
          "TAXON_ID_NOT_FOUND",
          "SCIENTIFIC_NAME_ID_NOT_FOUND"
        ],
        "fallback_media": {
          "url": "http://www.boldsystems.org/pics/MHPAC/BioBot11319-BB048377+1281634066.JPG",
          "references": "http://bins.boldsystems.org/index.php/Public_RecordView?processid=MHPAF813-11",
          "title": "MHPAF813-11 Fruit",
          "creator": null,
          "publisher": null,
          "license": "http://creativecommons.org/licenses/by-nc-sa/4.0/",
          "rightsHolder": null
        }
      }
    },
    {
      "type": "Feature",
      "geometry": {
        "type": "Point",
        "coordinates": [
          -92.826667,
          17.591667
        ]
      },
      "properties": {
        "gbifID": "2629674866",
        "species": "Witheringia meiantha",
        "genus": "Witheringia",
        "family": "Solanaceae",
        "scientificName": "Witheringia meiantha (Donn.Sm.) Hunz.",
        "coordinateUncertaintyInMeters": "90.0",
        "basisOfRecord": "PRESERVED_SPECIMEN",
        "eventDate": "1986-11-08",
        "country": null,
        "datasetName": "Digitalización y sistematización de las colecciones biológicas del INECOL",
        "publisher": "Comisión nacional para el conocimiento y uso de la biodiversidad",
        "license": "CC_BY_4_0",
        "issues": [
          "OCCURRENCE_STATUS_INFERRED_FROM_INDIVIDUAL_COUNT",
          "COORDINATE_ROUNDED",
          "GEODETIC_DATUM_ASSUMED_WGS84",
          "GEODETIC_DATUM_INVALID",
          "CONTINENT_DERIVED_FROM_COORDINATES",
          "AMBIGUOUS_INSTITUTION",
          "TAXON_ID_NOT_FOUND",
          "SCIENTIFIC_NAME_ID_NOT_FOUND"
        ],
        "fallback_media": {
          "url": "http://www.boldsystems.org/pics/MHPAC/BioBot11319-BB048377+1281634066.JPG",
          "references": "http://bins.boldsystems.org/index.php/Public_RecordView?processid=MHPAF813-11",
          "title": "MHPAF813-11 Fruit",
          "creator": null,
          "publisher": null,
          "license": "http://creativecommons.org/licenses/by-nc-sa/4.0/",
          "rightsHolder": null
        }
      }
    },
    {
      "type": "Feature",
      "geometry": {
        "type": "Point",
        "coordinates": [
          -92.483333,
          17.28
        ]
      },
      "properties": {
        "gbifID": "2629650292",
        "species": "Witheringia meiantha",
        "genus": "Witheringia",
        "family": "Solanaceae",
        "scientificName": "Witheringia meiantha (Donn.Sm.) Hunz.",
        "coordinateUncertaintyInMeters": "90.0",
        "basisOfRecord": "PRESERVED_SPECIMEN",
        "eventDate": "1982-12-05",
        "country": null,
        "datasetName": "Digitalización y sistematización de las colecciones biológicas del INECOL",
        "publisher": "Comisión nacional para el conocimiento y uso de la biodiversidad",
        "license": "CC_BY_4_0",
        "issues": [
          "OCCURRENCE_STATUS_INFERRED_FROM_INDIVIDUAL_COUNT",
          "COORDINATE_ROUNDED",
          "GEODETIC_DATUM_ASSUMED_WGS84",
          "GEODETIC_DATUM_INVALID",
          "CONTINENT_DERIVED_FROM_COORDINATES",
          "AMBIGUOUS_INSTITUTION",
          "TAXON_ID_NOT_FOUND",
          "SCIENTIFIC_NAME_ID_NOT_FOUND"
        ],
        "fallback_media": {
          "url": "http://www.boldsystems.org/pics/MHPAC/BioBot11319-BB048377+1281634066.JPG",
          "references": "http://bins.boldsystems.org/index.php/Public_RecordView?processid=MHPAF813-11",
          "title": "MHPAF813-11 Fruit",
          "creator": null,
          "publisher": null,
          "license": "http://creativecommons.org/licenses/by-nc-sa/4.0/",
          "rightsHolder": null
        }
      }
    },
    {
      "type": "Feature",
      "geometry": {
        "type": "Point",
        "coordinates": [
          -93.083333,
          17.416667
        ]
      },
      "properties": {
        "gbifID": "2629690585",
        "species": "Witheringia meiantha",
        "genus": "Witheringia",
        "family": "Solanaceae",
        "scientificName": "Witheringia meiantha (Donn.Sm.) Hunz.",
        "coordinateUncertaintyInMeters": "90.0",
        "basisOfRecord": "PRESERVED_SPECIMEN",
        "eventDate": "1983-10-12",
        "country": null,
        "datasetName": "Digitalización y sistematización de las colecciones biológicas del INECOL",
        "publisher": "Comisión nacional para el conocimiento y uso de la biodiversidad",
        "license": "CC_BY_4_0",
        "issues": [
          "OCCURRENCE_STATUS_INFERRED_FROM_INDIVIDUAL_COUNT",
          "COORDINATE_ROUNDED",
          "GEODETIC_DATUM_ASSUMED_WGS84",
          "GEODETIC_DATUM_INVALID",
          "CONTINENT_DERIVED_FROM_COORDINATES",
          "AMBIGUOUS_INSTITUTION",
          "TAXON_ID_NOT_FOUND",
          "SCIENTIFIC_NAME_ID_NOT_FOUND"
        ],
        "fallback_media": {
          "url": "http://www.boldsystems.org/pics/MHPAC/BioBot11319-BB048377+1281634066.JPG",
          "references": "http://bins.boldsystems.org/index.php/Public_RecordView?processid=MHPAF813-11",
          "title": "MHPAF813-11 Fruit",
          "creator": null,
          "publisher": null,
          "license": "http://creativecommons.org/licenses/by-nc-sa/4.0/",
          "rightsHolder": null
        }
      }
    },
    {
      "type": "Feature",
      "geometry": {
        "type": "Point",
        "coordinates": [
          -93.608333,
          17.360556
        ]
      },
      "properties": {
        "gbifID": "2629765458",
        "species": "Witheringia meiantha",
        "genus": "Witheringia",
        "family": "Solanaceae",
        "scientificName": "Witheringia meiantha (Donn.Sm.) Hunz.",
        "coordinateUncertaintyInMeters": "",
        "basisOfRecord": "PRESERVED_SPECIMEN",
        "eventDate": "1998-05-13",
        "country": null,
        "datasetName": "Digitalización y sistematización de las colecciones biológicas del INECOL",
        "publisher": "Comisión nacional para el conocimiento y uso de la biodiversidad",
        "license": "CC_BY_4_0",
        "issues": [
          "OCCURRENCE_STATUS_INFERRED_FROM_INDIVIDUAL_COUNT",
          "COORDINATE_ROUNDED",
          "CONTINENT_DERIVED_FROM_COORDINATES",
          "AMBIGUOUS_INSTITUTION",
          "TAXON_ID_NOT_FOUND",
          "SCIENTIFIC_NAME_ID_NOT_FOUND"
        ],
        "fallback_media": {
          "url": "http://www.boldsystems.org/pics/MHPAC/BioBot11319-BB048377+1281634066.JPG",
          "references": "http://bins.boldsystems.org/index.php/Public_RecordView?processid=MHPAF813-11",
          "title": "MHPAF813-11 Fruit",
          "creator": null,
          "publisher": null,
          "license": "http://creativecommons.org/licenses/by-nc-sa/4.0/",
          "rightsHolder": null
        }
      }
    },
    {
      "type": "Feature",
      "geometry": {
        "type": "Point",
        "coordinates": [
          -94.938889,
          18.394444
        ]
      },
      "properties": {
        "gbifID": "2629474641",
        "species": "Witheringia meiantha",
        "genus": "Witheringia",
        "family": "Solanaceae",
        "scientificName": "Witheringia meiantha (Donn.Sm.) Hunz.",
        "coordinateUncertaintyInMeters": "90.0",
        "basisOfRecord": "PRESERVED_SPECIMEN",
        "eventDate": "1981-01-15",
        "country": null,
        "datasetName": "Digitalización y sistematización de las colecciones biológicas del INECOL",
        "publisher": "Comisión nacional para el conocimiento y uso de la biodiversidad",
        "license": "CC_BY_4_0",
        "issues": [
          "OCCURRENCE_STATUS_INFERRED_FROM_INDIVIDUAL_COUNT",
          "COORDINATE_ROUNDED",
          "GEODETIC_DATUM_ASSUMED_WGS84",
          "GEODETIC_DATUM_INVALID",
          "CONTINENT_DERIVED_FROM_COORDINATES",
          "AMBIGUOUS_INSTITUTION",
          "TAXON_ID_NOT_FOUND",
          "SCIENTIFIC_NAME_ID_NOT_FOUND"
        ],
        "fallback_media": {
          "url": "http://www.boldsystems.org/pics/MHPAC/BioBot11319-BB048377+1281634066.JPG",
          "references": "http://bins.boldsystems.org/index.php/Public_RecordView?processid=MHPAF813-11",
          "title": "MHPAF813-11 Fruit",
          "creator": null,
          "publisher": null,
          "license": "http://creativecommons.org/licenses/by-nc-sa/4.0/",
          "rightsHolder": null
        }
      }
    },
    {
      "type": "Feature",
      "geometry": {
        "type": "Point",
        "coordinates": [
          -94.939444,
          18.3875
        ]
      },
      "properties": {
        "gbifID": "2629577371",
        "species": "Witheringia meiantha",
        "genus": "Witheringia",
        "family": "Solanaceae",
        "scientificName": "Witheringia meiantha (Donn.Sm.) Hunz.",
        "coordinateUncertaintyInMeters": "90.0",
        "basisOfRecord": "PRESERVED_SPECIMEN",
        "eventDate": "1981-03-19",
        "country": null,
        "datasetName": "Digitalización y sistematización de las colecciones biológicas del INECOL",
        "publisher": "Comisión nacional para el conocimiento y uso de la biodiversidad",
        "license": "CC_BY_4_0",
        "issues": [
          "OCCURRENCE_STATUS_INFERRED_FROM_INDIVIDUAL_COUNT",
          "COORDINATE_ROUNDED",
          "GEODETIC_DATUM_ASSUMED_WGS84",
          "GEODETIC_DATUM_INVALID",
          "CONTINENT_DERIVED_FROM_COORDINATES",
          "AMBIGUOUS_INSTITUTION",
          "TAXON_ID_NOT_FOUND",
          "SCIENTIFIC_NAME_ID_NOT_FOUND"
        ],
        "fallback_media": {
          "url": "http://www.boldsystems.org/pics/MHPAC/BioBot11319-BB048377+1281634066.JPG",
          "references": "http://bins.boldsystems.org/index.php/Public_RecordView?processid=MHPAF813-11",
          "title": "MHPAF813-11 Fruit",
          "creator": null,
          "publisher": null,
          "license": "http://creativecommons.org/licenses/by-nc-sa/4.0/",
          "rightsHolder": null
        }
      }
    },
    {
      "type": "Feature",
      "geometry": {
        "type": "Point",
        "coordinates": [
          -92.928611,
          17.540833
        ]
      },
      "properties": {
        "gbifID": "2629527603",
        "species": "Witheringia meiantha",
        "genus": "Witheringia",
        "family": "Solanaceae",
        "scientificName": "Witheringia meiantha (Donn.Sm.) Hunz.",
        "coordinateUncertaintyInMeters": "90.0",
        "basisOfRecord": "PRESERVED_SPECIMEN",
        "eventDate": "1985-06-22",
        "country": null,
        "datasetName": "Digitalización y sistematización de las colecciones biológicas del INECOL",
        "publisher": "Comisión nacional para el conocimiento y uso de la biodiversidad",
        "license": "CC_BY_4_0",
        "issues": [
          "OCCURRENCE_STATUS_INFERRED_FROM_INDIVIDUAL_COUNT",
          "COORDINATE_ROUNDED",
          "GEODETIC_DATUM_ASSUMED_WGS84",
          "GEODETIC_DATUM_INVALID",
          "CONTINENT_DERIVED_FROM_COORDINATES",
          "AMBIGUOUS_INSTITUTION",
          "TAXON_ID_NOT_FOUND",
          "SCIENTIFIC_NAME_ID_NOT_FOUND"
        ],
        "fallback_media": {
          "url": "http://www.boldsystems.org/pics/MHPAC/BioBot11319-BB048377+1281634066.JPG",
          "references": "http://bins.boldsystems.org/index.php/Public_RecordView?processid=MHPAF813-11",
          "title": "MHPAF813-11 Fruit",
          "creator": null,
          "publisher": null,
          "license": "http://creativecommons.org/licenses/by-nc-sa/4.0/",
          "rightsHolder": null
        }
      }
    },
    {
      "type": "Feature",
      "geometry": {
        "type": "Point",
        "coordinates": [
          -95.073889,
          18.584722
        ]
      },
      "properties": {
        "gbifID": "2629551481",
        "species": "Witheringia meiantha",
        "genus": "Witheringia",
        "family": "Solanaceae",
        "scientificName": "Witheringia meiantha (Donn.Sm.) Hunz.",
        "coordinateUncertaintyInMeters": "90.0",
        "basisOfRecord": "PRESERVED_SPECIMEN",
        "eventDate": "1975-09-09",
        "country": null,
        "datasetName": "Digitalización y sistematización de las colecciones biológicas del INECOL",
        "publisher": "Comisión nacional para el conocimiento y uso de la biodiversidad",
        "license": "CC_BY_4_0",
        "issues": [
          "OCCURRENCE_STATUS_INFERRED_FROM_INDIVIDUAL_COUNT",
          "COORDINATE_ROUNDED",
          "GEODETIC_DATUM_ASSUMED_WGS84",
          "GEODETIC_DATUM_INVALID",
          "CONTINENT_DERIVED_FROM_COORDINATES",
          "AMBIGUOUS_INSTITUTION",
          "TAXON_ID_NOT_FOUND",
          "SCIENTIFIC_NAME_ID_NOT_FOUND"
        ],
        "fallback_media": {
          "url": "http://www.boldsystems.org/pics/MHPAC/BioBot11319-BB048377+1281634066.JPG",
          "references": "http://bins.boldsystems.org/index.php/Public_RecordView?processid=MHPAF813-11",
          "title": "MHPAF813-11 Fruit",
          "creator": null,
          "publisher": null,
          "license": "http://creativecommons.org/licenses/by-nc-sa/4.0/",
          "rightsHolder": null
        }
      }
    },
    {
      "type": "Feature",
      "geometry": {
        "type": "Point",
        "coordinates": [
          -95.064722,
          18.613611
        ]
      },
      "properties": {
        "gbifID": "2629589481",
        "species": "Witheringia meiantha",
        "genus": "Witheringia",
        "family": "Solanaceae",
        "scientificName": "Witheringia meiantha (Donn.Sm.) Hunz.",
        "coordinateUncertaintyInMeters": "",
        "basisOfRecord": "PRESERVED_SPECIMEN",
        "eventDate": "2002-04-28",
        "country": null,
        "datasetName": "Digitalización y sistematización de las colecciones biológicas del INECOL",
        "publisher": "Comisión nacional para el conocimiento y uso de la biodiversidad",
        "license": "CC_BY_4_0",
        "issues": [
          "OCCURRENCE_STATUS_INFERRED_FROM_INDIVIDUAL_COUNT",
          "COORDINATE_ROUNDED",
          "CONTINENT_DERIVED_FROM_COORDINATES",
          "AMBIGUOUS_INSTITUTION",
          "TAXON_ID_NOT_FOUND",
          "SCIENTIFIC_NAME_ID_NOT_FOUND"
        ],
        "fallback_media": {
          "url": "http://www.boldsystems.org/pics/MHPAC/BioBot11319-BB048377+1281634066.JPG",
          "references": "http://bins.boldsystems.org/index.php/Public_RecordView?processid=MHPAF813-11",
          "title": "MHPAF813-11 Fruit",
          "creator": null,
          "publisher": null,
          "license": "http://creativecommons.org/licenses/by-nc-sa/4.0/",
          "rightsHolder": null
        }
      }
    },
    {
      "type": "Feature",
      "geometry": {
        "type": "Point",
        "coordinates": [
          -92.5,
          17.633333
        ]
      },
      "properties": {
        "gbifID": "2629734189",
        "species": "Witheringia meiantha",
        "genus": "Witheringia",
        "family": "Solanaceae",
        "scientificName": "Witheringia meiantha (Donn.Sm.) Hunz.",
        "coordinateUncertaintyInMeters": "90.0",
        "basisOfRecord": "PRESERVED_SPECIMEN",
        "eventDate": "1987-12-04",
        "country": null,
        "datasetName": "Digitalización y sistematización de las colecciones biológicas del INECOL",
        "publisher": "Comisión nacional para el conocimiento y uso de la biodiversidad",
        "license": "CC_BY_4_0",
        "issues": [
          "OCCURRENCE_STATUS_INFERRED_FROM_INDIVIDUAL_COUNT",
          "COORDINATE_ROUNDED",
          "GEODETIC_DATUM_ASSUMED_WGS84",
          "GEODETIC_DATUM_INVALID",
          "CONTINENT_DERIVED_FROM_COORDINATES",
          "AMBIGUOUS_INSTITUTION",
          "TAXON_ID_NOT_FOUND",
          "SCIENTIFIC_NAME_ID_NOT_FOUND"
        ],
        "fallback_media": {
          "url": "http://www.boldsystems.org/pics/MHPAC/BioBot11319-BB048377+1281634066.JPG",
          "references": "http://bins.boldsystems.org/index.php/Public_RecordView?processid=MHPAF813-11",
          "title": "MHPAF813-11 Fruit",
          "creator": null,
          "publisher": null,
          "license": "http://creativecommons.org/licenses/by-nc-sa/4.0/",
          "rightsHolder": null
        }
      }
    },
    {
      "type": "Feature",
      "geometry": {
        "type": "Point",
        "coordinates": [
          -96.991667,
          19.521944
        ]
      },
      "properties": {
        "gbifID": "2629484844",
        "species": "Witheringia meiantha",
        "genus": "Witheringia",
        "family": "Solanaceae",
        "scientificName": "Witheringia meiantha (Donn.Sm.) Hunz.",
        "coordinateUncertaintyInMeters": "80.0",
        "basisOfRecord": "PRESERVED_SPECIMEN",
        "eventDate": "2008-02-09",
        "country": null,
        "datasetName": "Digitalización y sistematización de las colecciones biológicas del INECOL",
        "publisher": "Comisión nacional para el conocimiento y uso de la biodiversidad",
        "license": "CC_BY_4_0",
        "issues": [
          "OCCURRENCE_STATUS_INFERRED_FROM_INDIVIDUAL_COUNT",
          "COORDINATE_ROUNDED",
          "GEODETIC_DATUM_ASSUMED_WGS84",
          "GEODETIC_DATUM_INVALID",
          "CONTINENT_DERIVED_FROM_COORDINATES",
          "AMBIGUOUS_INSTITUTION",
          "TAXON_ID_NOT_FOUND",
          "SCIENTIFIC_NAME_ID_NOT_FOUND"
        ],
        "fallback_media": {
          "url": "http://www.boldsystems.org/pics/MHPAC/BioBot11319-BB048377+1281634066.JPG",
          "references": "http://bins.boldsystems.org/index.php/Public_RecordView?processid=MHPAF813-11",
          "title": "MHPAF813-11 Fruit",
          "creator": null,
          "publisher": null,
          "license": "http://creativecommons.org/licenses/by-nc-sa/4.0/",
          "rightsHolder": null
        }
      }
    },
    {
      "type": "Feature",
      "geometry": {
        "type": "Point",
        "coordinates": [
          -95.159722,
          18.521389
        ]
      },
      "properties": {
        "gbifID": "2629769422",
        "species": "Witheringia meiantha",
        "genus": "Witheringia",
        "family": "Solanaceae",
        "scientificName": "Witheringia meiantha (Donn.Sm.) Hunz.",
        "coordinateUncertaintyInMeters": "",
        "basisOfRecord": "PRESERVED_SPECIMEN",
        "eventDate": "2010-05-25",
        "country": null,
        "datasetName": "Digitalización y sistematización de las colecciones biológicas del INECOL",
        "publisher": "Comisión nacional para el conocimiento y uso de la biodiversidad",
        "license": "CC_BY_4_0",
        "issues": [
          "OCCURRENCE_STATUS_INFERRED_FROM_INDIVIDUAL_COUNT",
          "COORDINATE_ROUNDED",
          "CONTINENT_DERIVED_FROM_COORDINATES",
          "AMBIGUOUS_INSTITUTION",
          "TAXON_ID_NOT_FOUND",
          "SCIENTIFIC_NAME_ID_NOT_FOUND"
        ],
        "fallback_media": {
          "url": "http://www.boldsystems.org/pics/MHPAC/BioBot11319-BB048377+1281634066.JPG",
          "references": "http://bins.boldsystems.org/index.php/Public_RecordView?processid=MHPAF813-11",
          "title": "MHPAF813-11 Fruit",
          "creator": null,
          "publisher": null,
          "license": "http://creativecommons.org/licenses/by-nc-sa/4.0/",
          "rightsHolder": null
        }
      }
    },
    {
      "type": "Feature",
      "geometry": {
        "type": "Point",
        "coordinates": [
          -94.862222,
          18.339722
        ]
      },
      "properties": {
        "gbifID": "2629652580",
        "species": "Witheringia meiantha",
        "genus": "Witheringia",
        "family": "Solanaceae",
        "scientificName": "Witheringia meiantha (Donn.Sm.) Hunz.",
        "coordinateUncertaintyInMeters": "90.0",
        "basisOfRecord": "PRESERVED_SPECIMEN",
        "eventDate": "1982-01-29",
        "country": null,
        "datasetName": "Digitalización y sistematización de las colecciones biológicas del INECOL",
        "publisher": "Comisión nacional para el conocimiento y uso de la biodiversidad",
        "license": "CC_BY_4_0",
        "issues": [
          "OCCURRENCE_STATUS_INFERRED_FROM_INDIVIDUAL_COUNT",
          "COORDINATE_ROUNDED",
          "GEODETIC_DATUM_ASSUMED_WGS84",
          "GEODETIC_DATUM_INVALID",
          "CONTINENT_DERIVED_FROM_COORDINATES",
          "AMBIGUOUS_INSTITUTION",
          "TAXON_ID_NOT_FOUND",
          "SCIENTIFIC_NAME_ID_NOT_FOUND"
        ],
        "fallback_media": {
          "url": "http://www.boldsystems.org/pics/MHPAC/BioBot11319-BB048377+1281634066.JPG",
          "references": "http://bins.boldsystems.org/index.php/Public_RecordView?processid=MHPAF813-11",
          "title": "MHPAF813-11 Fruit",
          "creator": null,
          "publisher": null,
          "license": "http://creativecommons.org/licenses/by-nc-sa/4.0/",
          "rightsHolder": null
        }
      }
    },
    {
      "type": "Feature",
      "geometry": {
        "type": "Point",
        "coordinates": [
          -95.071572,
          18.476411
        ]
      },
      "properties": {
        "gbifID": "2629765565",
        "species": "Witheringia meiantha",
        "genus": "Witheringia",
        "family": "Solanaceae",
        "scientificName": "Witheringia meiantha (Donn.Sm.) Hunz.",
        "coordinateUncertaintyInMeters": "",
        "basisOfRecord": "PRESERVED_SPECIMEN",
        "eventDate": "1999-08-27",
        "country": null,
        "datasetName": "Digitalización y sistematización de las colecciones biológicas del INECOL",
        "publisher": "Comisión nacional para el conocimiento y uso de la biodiversidad",
        "license": "CC_BY_4_0",
        "issues": [
          "OCCURRENCE_STATUS_INFERRED_FROM_INDIVIDUAL_COUNT",
          "COORDINATE_ROUNDED",
          "CONTINENT_DERIVED_FROM_COORDINATES",
          "AMBIGUOUS_INSTITUTION",
          "TAXON_ID_NOT_FOUND",
          "SCIENTIFIC_NAME_ID_NOT_FOUND"
        ],
        "fallback_media": {
          "url": "http://www.boldsystems.org/pics/MHPAC/BioBot11319-BB048377+1281634066.JPG",
          "references": "http://bins.boldsystems.org/index.php/Public_RecordView?processid=MHPAF813-11",
          "title": "MHPAF813-11 Fruit",
          "creator": null,
          "publisher": null,
          "license": "http://creativecommons.org/licenses/by-nc-sa/4.0/",
          "rightsHolder": null
        }
      }
    },
    {
      "type": "Feature",
      "geometry": {
        "type": "Point",
        "coordinates": [
          -94.939447,
          18.387503
        ]
      },
      "properties": {
        "gbifID": "2629565598",
        "species": "Witheringia meiantha",
        "genus": "Witheringia",
        "family": "Solanaceae",
        "scientificName": "Witheringia meiantha (Donn.Sm.) Hunz.",
        "coordinateUncertaintyInMeters": "164.0",
        "basisOfRecord": "PRESERVED_SPECIMEN",
        "eventDate": "1985-07-30",
        "country": null,
        "datasetName": "Digitalización y sistematización de las colecciones biológicas del INECOL",
        "publisher": "Comisión nacional para el conocimiento y uso de la biodiversidad",
        "license": "CC_BY_4_0",
        "issues": [
          "OCCURRENCE_STATUS_INFERRED_FROM_INDIVIDUAL_COUNT",
          "COORDINATE_ROUNDED",
          "GEODETIC_DATUM_ASSUMED_WGS84",
          "GEODETIC_DATUM_INVALID",
          "CONTINENT_DERIVED_FROM_COORDINATES",
          "AMBIGUOUS_INSTITUTION",
          "TAXON_ID_NOT_FOUND",
          "SCIENTIFIC_NAME_ID_NOT_FOUND"
        ],
        "fallback_media": {
          "url": "http://www.boldsystems.org/pics/MHPAC/BioBot11319-BB048377+1281634066.JPG",
          "references": "http://bins.boldsystems.org/index.php/Public_RecordView?processid=MHPAF813-11",
          "title": "MHPAF813-11 Fruit",
          "creator": null,
          "publisher": null,
          "license": "http://creativecommons.org/licenses/by-nc-sa/4.0/",
          "rightsHolder": null
        }
      }
    },
    {
      "type": "Feature",
      "geometry": {
        "type": "Point",
        "coordinates": [
          -94.94,
          18.388333
        ]
      },
      "properties": {
        "gbifID": "2629719250",
        "species": "Witheringia meiantha",
        "genus": "Witheringia",
        "family": "Solanaceae",
        "scientificName": "Witheringia meiantha (Donn.Sm.) Hunz.",
        "coordinateUncertaintyInMeters": "90.0",
        "basisOfRecord": "PRESERVED_SPECIMEN",
        "eventDate": "1975-11-03",
        "country": null,
        "datasetName": "Digitalización y sistematización de las colecciones biológicas del INECOL",
        "publisher": "Comisión nacional para el conocimiento y uso de la biodiversidad",
        "license": "CC_BY_4_0",
        "issues": [
          "OCCURRENCE_STATUS_INFERRED_FROM_INDIVIDUAL_COUNT",
          "COORDINATE_ROUNDED",
          "GEODETIC_DATUM_ASSUMED_WGS84",
          "GEODETIC_DATUM_INVALID",
          "CONTINENT_DERIVED_FROM_COORDINATES",
          "AMBIGUOUS_INSTITUTION",
          "TAXON_ID_NOT_FOUND",
          "SCIENTIFIC_NAME_ID_NOT_FOUND"
        ],
        "fallback_media": {
          "url": "http://www.boldsystems.org/pics/MHPAC/BioBot11319-BB048377+1281634066.JPG",
          "references": "http://bins.boldsystems.org/index.php/Public_RecordView?processid=MHPAF813-11",
          "title": "MHPAF813-11 Fruit",
          "creator": null,
          "publisher": null,
          "license": "http://creativecommons.org/licenses/by-nc-sa/4.0/",
          "rightsHolder": null
        }
      }
    },
    {
      "type": "Feature",
      "geometry": {
        "type": "Point",
        "coordinates": [
          -96.545555,
          17.677222
        ]
      },
      "properties": {
        "gbifID": "2629746955",
        "species": "Witheringia meiantha",
        "genus": "Witheringia",
        "family": "Solanaceae",
        "scientificName": "Witheringia meiantha (Donn.Sm.) Hunz.",
        "coordinateUncertaintyInMeters": "90.0",
        "basisOfRecord": "PRESERVED_SPECIMEN",
        "eventDate": "1994-04-04",
        "country": null,
        "datasetName": "Digitalización y sistematización de las colecciones biológicas del INECOL",
        "publisher": "Comisión nacional para el conocimiento y uso de la biodiversidad",
        "license": "CC_BY_4_0",
        "issues": [
          "OCCURRENCE_STATUS_INFERRED_FROM_INDIVIDUAL_COUNT",
          "COORDINATE_ROUNDED",
          "GEODETIC_DATUM_ASSUMED_WGS84",
          "GEODETIC_DATUM_INVALID",
          "CONTINENT_DERIVED_FROM_COORDINATES",
          "AMBIGUOUS_INSTITUTION",
          "TAXON_ID_NOT_FOUND",
          "SCIENTIFIC_NAME_ID_NOT_FOUND"
        ],
        "fallback_media": {
          "url": "http://www.boldsystems.org/pics/MHPAC/BioBot11319-BB048377+1281634066.JPG",
          "references": "http://bins.boldsystems.org/index.php/Public_RecordView?processid=MHPAF813-11",
          "title": "MHPAF813-11 Fruit",
          "creator": null,
          "publisher": null,
          "license": "http://creativecommons.org/licenses/by-nc-sa/4.0/",
          "rightsHolder": null
        }
      }
    },
    {
      "type": "Feature",
      "geometry": {
        "type": "Point",
        "coordinates": [
          -95.189444,
          18.534167
        ]
      },
      "properties": {
        "gbifID": "2629554788",
        "species": "Witheringia meiantha",
        "genus": "Witheringia",
        "family": "Solanaceae",
        "scientificName": "Witheringia meiantha (Donn.Sm.) Hunz.",
        "coordinateUncertaintyInMeters": "90.0",
        "basisOfRecord": "PRESERVED_SPECIMEN",
        "eventDate": "1984-05-31",
        "country": null,
        "datasetName": "Digitalización y sistematización de las colecciones biológicas del INECOL",
        "publisher": "Comisión nacional para el conocimiento y uso de la biodiversidad",
        "license": "CC_BY_4_0",
        "issues": [
          "OCCURRENCE_STATUS_INFERRED_FROM_INDIVIDUAL_COUNT",
          "COORDINATE_ROUNDED",
          "GEODETIC_DATUM_ASSUMED_WGS84",
          "GEODETIC_DATUM_INVALID",
          "CONTINENT_DERIVED_FROM_COORDINATES",
          "AMBIGUOUS_INSTITUTION",
          "TAXON_ID_NOT_FOUND",
          "SCIENTIFIC_NAME_ID_NOT_FOUND"
        ],
        "fallback_media": {
          "url": "http://www.boldsystems.org/pics/MHPAC/BioBot11319-BB048377+1281634066.JPG",
          "references": "http://bins.boldsystems.org/index.php/Public_RecordView?processid=MHPAF813-11",
          "title": "MHPAF813-11 Fruit",
          "creator": null,
          "publisher": null,
          "license": "http://creativecommons.org/licenses/by-nc-sa/4.0/",
          "rightsHolder": null
        }
      }
    },
    {
      "type": "Feature",
      "geometry": {
        "type": "Point",
        "coordinates": [
          -94.869444,
          18.247222
        ]
      },
      "properties": {
        "gbifID": "2629646767",
        "species": "Witheringia meiantha",
        "genus": "Witheringia",
        "family": "Solanaceae",
        "scientificName": "Witheringia meiantha (Donn.Sm.) Hunz.",
        "coordinateUncertaintyInMeters": "90.0",
        "basisOfRecord": "PRESERVED_SPECIMEN",
        "eventDate": "1980-07-05",
        "country": null,
        "datasetName": "Digitalización y sistematización de las colecciones biológicas del INECOL",
        "publisher": "Comisión nacional para el conocimiento y uso de la biodiversidad",
        "license": "CC_BY_4_0",
        "issues": [
          "OCCURRENCE_STATUS_INFERRED_FROM_INDIVIDUAL_COUNT",
          "COORDINATE_ROUNDED",
          "GEODETIC_DATUM_ASSUMED_WGS84",
          "GEODETIC_DATUM_INVALID",
          "CONTINENT_DERIVED_FROM_COORDINATES",
          "AMBIGUOUS_INSTITUTION",
          "TAXON_ID_NOT_FOUND",
          "SCIENTIFIC_NAME_ID_NOT_FOUND"
        ],
        "fallback_media": {
          "url": "http://www.boldsystems.org/pics/MHPAC/BioBot11319-BB048377+1281634066.JPG",
          "references": "http://bins.boldsystems.org/index.php/Public_RecordView?processid=MHPAF813-11",
          "title": "MHPAF813-11 Fruit",
          "creator": null,
          "publisher": null,
          "license": "http://creativecommons.org/licenses/by-nc-sa/4.0/",
          "rightsHolder": null
        }
      }
    },
    {
      "type": "Feature",
      "geometry": {
        "type": "Point",
        "coordinates": [
          -97.241111,
          19.933056
        ]
      },
      "properties": {
        "gbifID": "1895514309",
        "species": "Witheringia meiantha",
        "genus": "Witheringia",
        "family": "Solanaceae",
        "scientificName": "Witheringia meiantha (Donn.Sm.) Hunz.",
        "coordinateUncertaintyInMeters": "80.0",
        "basisOfRecord": "PRESERVED_SPECIMEN",
        "eventDate": "1970-03-18",
        "country": null,
        "datasetName": "Catálogo electrónico de especímenes depositados en el Herbario de la Universidad de Texas en Austin, Fase IV",
        "publisher": "Comisión nacional para el conocimiento y uso de la biodiversidad",
        "license": "CC_BY_4_0",
        "issues": [
          "OCCURRENCE_STATUS_INFERRED_FROM_INDIVIDUAL_COUNT",
          "COORDINATE_ROUNDED",
          "TAXON_ID_NOT_FOUND",
          "SCIENTIFIC_NAME_ID_NOT_FOUND"
        ],
        "fallback_media": {
          "url": "http://www.boldsystems.org/pics/MHPAC/BioBot11319-BB048377+1281634066.JPG",
          "references": "http://bins.boldsystems.org/index.php/Public_RecordView?processid=MHPAF813-11",
          "title": "MHPAF813-11 Fruit",
          "creator": null,
          "publisher": null,
          "license": "http://creativecommons.org/licenses/by-nc-sa/4.0/",
          "rightsHolder": null
        }
      }
    },
    {
      "type": "Feature",
      "geometry": {
        "type": "Point",
        "coordinates": [
          -92.01,
          15.95
        ]
      },
      "properties": {
        "gbifID": "1895514478",
        "species": "Witheringia meiantha",
        "genus": "Witheringia",
        "family": "Solanaceae",
        "scientificName": "Witheringia meiantha (Donn.Sm.) Hunz.",
        "coordinateUncertaintyInMeters": "100.0",
        "basisOfRecord": "PRESERVED_SPECIMEN",
        "eventDate": "1981-10-14",
        "country": null,
        "datasetName": "Catálogo electrónico de especímenes depositados en el Herbario de la Universidad de Texas en Austin, Fase IV",
        "publisher": "Comisión nacional para el conocimiento y uso de la biodiversidad",
        "license": "CC_BY_4_0",
        "issues": [
          "OCCURRENCE_STATUS_INFERRED_FROM_INDIVIDUAL_COUNT",
          "SCIENTIFIC_NAME_ID_NOT_FOUND",
          "TAXON_ID_NOT_FOUND"
        ],
        "fallback_media": {
          "url": "http://www.boldsystems.org/pics/MHPAC/BioBot11319-BB048377+1281634066.JPG",
          "references": "http://bins.boldsystems.org/index.php/Public_RecordView?processid=MHPAF813-11",
          "title": "MHPAF813-11 Fruit",
          "creator": null,
          "publisher": null,
          "license": "http://creativecommons.org/licenses/by-nc-sa/4.0/",
          "rightsHolder": null
        }
      }
    },
    {
      "type": "Feature",
      "geometry": {
        "type": "Point",
        "coordinates": [
          -92.758331,
          16.960281
        ]
      },
      "properties": {
        "gbifID": "1895514303",
        "species": "Witheringia meiantha",
        "genus": "Witheringia",
        "family": "Solanaceae",
        "scientificName": "Witheringia meiantha (Donn.Sm.) Hunz.",
        "coordinateUncertaintyInMeters": "90.0",
        "basisOfRecord": "PRESERVED_SPECIMEN",
        "eventDate": "1987-11-19",
        "country": null,
        "datasetName": "Catálogo electrónico de especímenes depositados en el Herbario de la Universidad de Texas en Austin, Fase IV",
        "publisher": "Comisión nacional para el conocimiento y uso de la biodiversidad",
        "license": "CC_BY_4_0",
        "issues": [
          "OCCURRENCE_STATUS_INFERRED_FROM_INDIVIDUAL_COUNT",
          "COORDINATE_ROUNDED",
          "SCIENTIFIC_NAME_ID_NOT_FOUND",
          "TAXON_ID_NOT_FOUND"
        ],
        "fallback_media": {
          "url": "http://www.boldsystems.org/pics/MHPAC/BioBot11319-BB048377+1281634066.JPG",
          "references": "http://bins.boldsystems.org/index.php/Public_RecordView?processid=MHPAF813-11",
          "title": "MHPAF813-11 Fruit",
          "creator": null,
          "publisher": null,
          "license": "http://creativecommons.org/licenses/by-nc-sa/4.0/",
          "rightsHolder": null
        }
      }
    },
    {
      "type": "Feature",
      "geometry": {
        "type": "Point",
        "coordinates": [
          -90.45,
          15.5
        ]
      },
      "properties": {
        "gbifID": "4073085802",
        "species": "Witheringia meiantha",
        "genus": "Witheringia",
        "family": "Solanaceae",
        "scientificName": "Witheringia meiantha (Donn.Sm.) Hunz.",
        "coordinateUncertaintyInMeters": "",
        "basisOfRecord": "PRESERVED_SPECIMEN",
        "eventDate": "1975-07-12",
        "country": null,
        "datasetName": "Meise Botanic Garden Herbarium (BR)",
        "publisher": "Meise Botanic Garden",
        "license": "CC_BY_4_0",
        "issues": [
          "GEODETIC_DATUM_ASSUMED_WGS84",
          "CONTINENT_DERIVED_FROM_COORDINATES"
        ],
        "media": [
          {
            "url": "https://oxalis.br.fgov.be/images/BR0/000/036/160/488/BR0000036160488.jpg",
            "references": null,
            "title": "Witheringia meiantha (Donn.Sm.) Hunz.",
            "creator": "Meise Botanic Garden",
            "publisher": null,
            "license": "http://creativecommons.org/licenses/by/4.0/",
            "rightsHolder": "Meise Botanic Garden"
          }
        ]
      }
    },
    {
      "type": "Feature",
      "geometry": {
        "type": "Point",
        "coordinates": [
          -84.003611,
          10.431389
        ]
      },
      "properties": {
        "gbifID": "4032050428",
        "species": "Witheringia meiantha",
        "genus": "Witheringia",
        "family": "Solanaceae",
        "scientificName": "Witheringia meiantha (Donn.Sm.) Hunz.",
        "coordinateUncertaintyInMeters": "",
        "basisOfRecord": "PRESERVED_SPECIMEN",
        "eventDate": "1980-02-27",
        "country": null,
        "datasetName": "Tropicos",
        "publisher": "Missouri Botanical Garden",
        "license": "CC_BY_4_0",
        "issues": [
          "OCCURRENCE_STATUS_INFERRED_FROM_INDIVIDUAL_COUNT",
          "COORDINATE_ROUNDED",
          "GEODETIC_DATUM_ASSUMED_WGS84",
          "INSTITUTION_MATCH_FUZZY",
          "COLLECTION_MATCH_NONE",
          "TAXON_ID_NOT_FOUND"
        ],
        "fallback_media": {
          "url": "http://www.boldsystems.org/pics/MHPAC/BioBot11319-BB048377+1281634066.JPG",
          "references": "http://bins.boldsystems.org/index.php/Public_RecordView?processid=MHPAF813-11",
          "title": "MHPAF813-11 Fruit",
          "creator": null,
          "publisher": null,
          "license": "http://creativecommons.org/licenses/by-nc-sa/4.0/",
          "rightsHolder": null
        }
      }
    },
    {
      "type": "Feature",
      "geometry": {
        "type": "Point",
        "coordinates": [
          -85.066667,
          14.333333
        ]
      },
      "properties": {
        "gbifID": "4031650745",
        "species": "Witheringia meiantha",
        "genus": "Witheringia",
        "family": "Solanaceae",
        "scientificName": "Witheringia meiantha (Donn.Sm.) Hunz.",
        "coordinateUncertaintyInMeters": "",
        "basisOfRecord": "PRESERVED_SPECIMEN",
        "eventDate": "2008-03-07",
        "country": null,
        "datasetName": "Tropicos",
        "publisher": "Missouri Botanical Garden",
        "license": "CC_BY_4_0",
        "issues": [
          "OCCURRENCE_STATUS_INFERRED_FROM_INDIVIDUAL_COUNT",
          "COORDINATE_ROUNDED",
          "GEODETIC_DATUM_ASSUMED_WGS84",
          "INSTITUTION_MATCH_FUZZY",
          "COLLECTION_MATCH_NONE",
          "TAXON_ID_NOT_FOUND"
        ],
        "fallback_media": {
          "url": "http://www.boldsystems.org/pics/MHPAC/BioBot11319-BB048377+1281634066.JPG",
          "references": "http://bins.boldsystems.org/index.php/Public_RecordView?processid=MHPAF813-11",
          "title": "MHPAF813-11 Fruit",
          "creator": null,
          "publisher": null,
          "license": "http://creativecommons.org/licenses/by-nc-sa/4.0/",
          "rightsHolder": null
        }
      }
    },
    {
      "type": "Feature",
      "geometry": {
        "type": "Point",
        "coordinates": [
          -79.554722,
          9.096111
        ]
      },
      "properties": {
        "gbifID": "1259430256",
        "species": "Witheringia meiantha",
        "genus": "Witheringia",
        "family": "Solanaceae",
        "scientificName": "Witheringia meiantha (Donn.Sm.) Hunz.",
        "coordinateUncertaintyInMeters": "",
        "basisOfRecord": "PRESERVED_SPECIMEN",
        "eventDate": "1973-12-01",
        "country": null,
        "datasetName": "Tropicos",
        "publisher": "Missouri Botanical Garden",
        "license": "CC_BY_4_0",
        "issues": [
          "OCCURRENCE_STATUS_INFERRED_FROM_INDIVIDUAL_COUNT",
          "COORDINATE_ROUNDED",
          "GEODETIC_DATUM_ASSUMED_WGS84",
          "INSTITUTION_MATCH_FUZZY",
          "COLLECTION_MATCH_NONE",
          "TAXON_ID_NOT_FOUND"
        ],
        "fallback_media": {
          "url": "http://www.boldsystems.org/pics/MHPAC/BioBot11319-BB048377+1281634066.JPG",
          "references": "http://bins.boldsystems.org/index.php/Public_RecordView?processid=MHPAF813-11",
          "title": "MHPAF813-11 Fruit",
          "creator": null,
          "publisher": null,
          "license": "http://creativecommons.org/licenses/by-nc-sa/4.0/",
          "rightsHolder": null
        }
      }
    },
    {
      "type": "Feature",
      "geometry": {
        "type": "Point",
        "coordinates": [
          -84.393055,
          10.185833
        ]
      },
      "properties": {
        "gbifID": "1259895714",
        "species": "Witheringia meiantha",
        "genus": "Witheringia",
        "family": "Solanaceae",
        "scientificName": "Witheringia meiantha (Donn.Sm.) Hunz.",
        "coordinateUncertaintyInMeters": "",
        "basisOfRecord": "PRESERVED_SPECIMEN",
        "eventDate": "1938-01-09",
        "country": null,
        "datasetName": "Tropicos",
        "publisher": "Missouri Botanical Garden",
        "license": "CC_BY_4_0",
        "issues": [
          "OCCURRENCE_STATUS_INFERRED_FROM_INDIVIDUAL_COUNT",
          "COORDINATE_ROUNDED",
          "GEODETIC_DATUM_ASSUMED_WGS84",
          "INSTITUTION_MATCH_FUZZY",
          "COLLECTION_MATCH_NONE",
          "TAXON_ID_NOT_FOUND"
        ],
        "fallback_media": {
          "url": "http://www.boldsystems.org/pics/MHPAC/BioBot11319-BB048377+1281634066.JPG",
          "references": "http://bins.boldsystems.org/index.php/Public_RecordView?processid=MHPAF813-11",
          "title": "MHPAF813-11 Fruit",
          "creator": null,
          "publisher": null,
          "license": "http://creativecommons.org/licenses/by-nc-sa/4.0/",
          "rightsHolder": null
        }
      }
    },
    {
      "type": "Feature",
      "geometry": {
        "type": "Point",
        "coordinates": [
          -85.666667,
          13.583333
        ]
      },
      "properties": {
        "gbifID": "1262246737",
        "species": "Witheringia meiantha",
        "genus": "Witheringia",
        "family": "Solanaceae",
        "scientificName": "Witheringia meiantha (Donn.Sm.) Hunz.",
        "coordinateUncertaintyInMeters": "",
        "basisOfRecord": "PRESERVED_SPECIMEN",
        "eventDate": "1981-03-25",
        "country": null,
        "datasetName": "Tropicos",
        "publisher": "Missouri Botanical Garden",
        "license": "CC_BY_4_0",
        "issues": [
          "OCCURRENCE_STATUS_INFERRED_FROM_INDIVIDUAL_COUNT",
          "COORDINATE_ROUNDED",
          "GEODETIC_DATUM_ASSUMED_WGS84",
          "INSTITUTION_MATCH_FUZZY",
          "COLLECTION_MATCH_NONE",
          "TAXON_ID_NOT_FOUND"
        ],
        "fallback_media": {
          "url": "http://www.boldsystems.org/pics/MHPAC/BioBot11319-BB048377+1281634066.JPG",
          "references": "http://bins.boldsystems.org/index.php/Public_RecordView?processid=MHPAF813-11",
          "title": "MHPAF813-11 Fruit",
          "creator": null,
          "publisher": null,
          "license": "http://creativecommons.org/licenses/by-nc-sa/4.0/",
          "rightsHolder": null
        }
      }
    },
    {
      "type": "Feature",
      "geometry": {
        "type": "Point",
        "coordinates": [
          -85.4,
          13.266667
        ]
      },
      "properties": {
        "gbifID": "1262243319",
        "species": "Witheringia meiantha",
        "genus": "Witheringia",
        "family": "Solanaceae",
        "scientificName": "Witheringia meiantha (Donn.Sm.) Hunz.",
        "coordinateUncertaintyInMeters": "",
        "basisOfRecord": "PRESERVED_SPECIMEN",
        "eventDate": "1982-09-14",
        "country": null,
        "datasetName": "Tropicos",
        "publisher": "Missouri Botanical Garden",
        "license": "CC_BY_4_0",
        "issues": [
          "OCCURRENCE_STATUS_INFERRED_FROM_INDIVIDUAL_COUNT",
          "COORDINATE_ROUNDED",
          "GEODETIC_DATUM_ASSUMED_WGS84",
          "INSTITUTION_MATCH_FUZZY",
          "COLLECTION_MATCH_NONE",
          "TAXON_ID_NOT_FOUND"
        ],
        "fallback_media": {
          "url": "http://www.boldsystems.org/pics/MHPAC/BioBot11319-BB048377+1281634066.JPG",
          "references": "http://bins.boldsystems.org/index.php/Public_RecordView?processid=MHPAF813-11",
          "title": "MHPAF813-11 Fruit",
          "creator": null,
          "publisher": null,
          "license": "http://creativecommons.org/licenses/by-nc-sa/4.0/",
          "rightsHolder": null
        }
      }
    },
    {
      "type": "Feature",
      "geometry": {
        "type": "Point",
        "coordinates": [
          -86.456333,
          13.751639
        ]
      },
      "properties": {
        "gbifID": "4031910913",
        "species": "Witheringia meiantha",
        "genus": "Witheringia",
        "family": "Solanaceae",
        "scientificName": "Witheringia meiantha (Donn.Sm.) Hunz.",
        "coordinateUncertaintyInMeters": "",
        "basisOfRecord": "PRESERVED_SPECIMEN",
        "eventDate": "2017-03-24",
        "country": null,
        "datasetName": "Tropicos",
        "publisher": "Missouri Botanical Garden",
        "license": "CC_BY_4_0",
        "issues": [
          "OCCURRENCE_STATUS_INFERRED_FROM_INDIVIDUAL_COUNT",
          "COORDINATE_ROUNDED",
          "GEODETIC_DATUM_ASSUMED_WGS84",
          "INSTITUTION_MATCH_FUZZY",
          "COLLECTION_MATCH_NONE",
          "TAXON_ID_NOT_FOUND"
        ],
        "fallback_media": {
          "url": "http://www.boldsystems.org/pics/MHPAC/BioBot11319-BB048377+1281634066.JPG",
          "references": "http://bins.boldsystems.org/index.php/Public_RecordView?processid=MHPAF813-11",
          "title": "MHPAF813-11 Fruit",
          "creator": null,
          "publisher": null,
          "license": "http://creativecommons.org/licenses/by-nc-sa/4.0/",
          "rightsHolder": null
        }
      }
    },
    {
      "type": "Feature",
      "geometry": {
        "type": "Point",
        "coordinates": [
          -85.3,
          10.766667
        ]
      },
      "properties": {
        "gbifID": "1262251714",
        "species": "Witheringia meiantha",
        "genus": "Witheringia",
        "family": "Solanaceae",
        "scientificName": "Witheringia meiantha (Donn.Sm.) Hunz.",
        "coordinateUncertaintyInMeters": "",
        "basisOfRecord": "PRESERVED_SPECIMEN",
        "eventDate": "1987-11-27",
        "country": null,
        "datasetName": "Tropicos",
        "publisher": "Missouri Botanical Garden",
        "license": "CC_BY_4_0",
        "issues": [
          "OCCURRENCE_STATUS_INFERRED_FROM_INDIVIDUAL_COUNT",
          "COORDINATE_ROUNDED",
          "GEODETIC_DATUM_ASSUMED_WGS84",
          "INSTITUTION_MATCH_FUZZY",
          "COLLECTION_MATCH_NONE",
          "TAXON_ID_NOT_FOUND"
        ],
        "fallback_media": {
          "url": "http://www.boldsystems.org/pics/MHPAC/BioBot11319-BB048377+1281634066.JPG",
          "references": "http://bins.boldsystems.org/index.php/Public_RecordView?processid=MHPAF813-11",
          "title": "MHPAF813-11 Fruit",
          "creator": null,
          "publisher": null,
          "license": "http://creativecommons.org/licenses/by-nc-sa/4.0/",
          "rightsHolder": null
        }
      }
    },
    {
      "type": "Feature",
      "geometry": {
        "type": "Point",
        "coordinates": [
          -85.666667,
          13.266667
        ]
      },
      "properties": {
        "gbifID": "1258327539",
        "species": "Witheringia meiantha",
        "genus": "Witheringia",
        "family": "Solanaceae",
        "scientificName": "Witheringia meiantha (Donn.Sm.) Hunz.",
        "coordinateUncertaintyInMeters": "",
        "basisOfRecord": "PRESERVED_SPECIMEN",
        "eventDate": "1979-01-14",
        "country": null,
        "datasetName": "Tropicos",
        "publisher": "Missouri Botanical Garden",
        "license": "CC_BY_4_0",
        "issues": [
          "OCCURRENCE_STATUS_INFERRED_FROM_INDIVIDUAL_COUNT",
          "COORDINATE_ROUNDED",
          "GEODETIC_DATUM_ASSUMED_WGS84",
          "INSTITUTION_MATCH_FUZZY",
          "COLLECTION_MATCH_NONE",
          "TAXON_ID_NOT_FOUND"
        ],
        "fallback_media": {
          "url": "http://www.boldsystems.org/pics/MHPAC/BioBot11319-BB048377+1281634066.JPG",
          "references": "http://bins.boldsystems.org/index.php/Public_RecordView?processid=MHPAF813-11",
          "title": "MHPAF813-11 Fruit",
          "creator": null,
          "publisher": null,
          "license": "http://creativecommons.org/licenses/by-nc-sa/4.0/",
          "rightsHolder": null
        }
      }
    },
    {
      "type": "Feature",
      "geometry": {
        "type": "Point",
        "coordinates": [
          -81.129444,
          8.523889
        ]
      },
      "properties": {
        "gbifID": "1259429248",
        "species": "Witheringia meiantha",
        "genus": "Witheringia",
        "family": "Solanaceae",
        "scientificName": "Witheringia meiantha (Donn.Sm.) Hunz.",
        "coordinateUncertaintyInMeters": "",
        "basisOfRecord": "PRESERVED_SPECIMEN",
        "eventDate": "1974-07-24",
        "country": null,
        "datasetName": "Tropicos",
        "publisher": "Missouri Botanical Garden",
        "license": "CC_BY_4_0",
        "issues": [
          "OCCURRENCE_STATUS_INFERRED_FROM_INDIVIDUAL_COUNT",
          "COORDINATE_ROUNDED",
          "GEODETIC_DATUM_ASSUMED_WGS84",
          "INSTITUTION_MATCH_FUZZY",
          "COLLECTION_MATCH_NONE",
          "TAXON_ID_NOT_FOUND"
        ],
        "fallback_media": {
          "url": "http://www.boldsystems.org/pics/MHPAC/BioBot11319-BB048377+1281634066.JPG",
          "references": "http://bins.boldsystems.org/index.php/Public_RecordView?processid=MHPAF813-11",
          "title": "MHPAF813-11 Fruit",
          "creator": null,
          "publisher": null,
          "license": "http://creativecommons.org/licenses/by-nc-sa/4.0/",
          "rightsHolder": null
        }
      }
    },
    {
      "type": "Feature",
      "geometry": {
        "type": "Point",
        "coordinates": [
          -85.683333,
          13.283333
        ]
      },
      "properties": {
        "gbifID": "4031578508",
        "species": "Witheringia meiantha",
        "genus": "Witheringia",
        "family": "Solanaceae",
        "scientificName": "Witheringia meiantha (Donn.Sm.) Hunz.",
        "coordinateUncertaintyInMeters": "",
        "basisOfRecord": "PRESERVED_SPECIMEN",
        "eventDate": "1997-07-25",
        "country": null,
        "datasetName": "Tropicos",
        "publisher": "Missouri Botanical Garden",
        "license": "CC_BY_4_0",
        "issues": [
          "OCCURRENCE_STATUS_INFERRED_FROM_INDIVIDUAL_COUNT",
          "COORDINATE_ROUNDED",
          "GEODETIC_DATUM_ASSUMED_WGS84",
          "INSTITUTION_MATCH_FUZZY",
          "COLLECTION_MATCH_NONE",
          "TAXON_ID_NOT_FOUND"
        ],
        "fallback_media": {
          "url": "http://www.boldsystems.org/pics/MHPAC/BioBot11319-BB048377+1281634066.JPG",
          "references": "http://bins.boldsystems.org/index.php/Public_RecordView?processid=MHPAF813-11",
          "title": "MHPAF813-11 Fruit",
          "creator": null,
          "publisher": null,
          "license": "http://creativecommons.org/licenses/by-nc-sa/4.0/",
          "rightsHolder": null
        }
      }
    },
    {
      "type": "Feature",
      "geometry": {
        "type": "Point",
        "coordinates": [
          -84.066667,
          10.966667
        ]
      },
      "properties": {
        "gbifID": "4031519077",
        "species": "Witheringia meiantha",
        "genus": "Witheringia",
        "family": "Solanaceae",
        "scientificName": "Witheringia meiantha (Donn.Sm.) Hunz.",
        "coordinateUncertaintyInMeters": "",
        "basisOfRecord": "PRESERVED_SPECIMEN",
        "eventDate": "2002-05-16",
        "country": null,
        "datasetName": "Tropicos",
        "publisher": "Missouri Botanical Garden",
        "license": "CC_BY_4_0",
        "issues": [
          "OCCURRENCE_STATUS_INFERRED_FROM_INDIVIDUAL_COUNT",
          "COORDINATE_ROUNDED",
          "GEODETIC_DATUM_ASSUMED_WGS84",
          "INSTITUTION_MATCH_FUZZY",
          "COLLECTION_MATCH_NONE",
          "TAXON_ID_NOT_FOUND"
        ],
        "fallback_media": {
          "url": "http://www.boldsystems.org/pics/MHPAC/BioBot11319-BB048377+1281634066.JPG",
          "references": "http://bins.boldsystems.org/index.php/Public_RecordView?processid=MHPAF813-11",
          "title": "MHPAF813-11 Fruit",
          "creator": null,
          "publisher": null,
          "license": "http://creativecommons.org/licenses/by-nc-sa/4.0/",
          "rightsHolder": null
        }
      }
    },
    {
      "type": "Feature",
      "geometry": {
        "type": "Point",
        "coordinates": [
          -85.68333,
          13.55
        ]
      },
      "properties": {
        "gbifID": "4031494428",
        "species": "Witheringia meiantha",
        "genus": "Witheringia",
        "family": "Solanaceae",
        "scientificName": "Witheringia meiantha (Donn.Sm.) Hunz.",
        "coordinateUncertaintyInMeters": "",
        "basisOfRecord": "PRESERVED_SPECIMEN",
        "eventDate": "2000-08-29",
        "country": null,
        "datasetName": "Tropicos",
        "publisher": "Missouri Botanical Garden",
        "license": "CC_BY_4_0",
        "issues": [
          "OCCURRENCE_STATUS_INFERRED_FROM_INDIVIDUAL_COUNT",
          "GEODETIC_DATUM_ASSUMED_WGS84",
          "INSTITUTION_MATCH_FUZZY",
          "COLLECTION_MATCH_NONE",
          "TAXON_ID_NOT_FOUND"
        ],
        "fallback_media": {
          "url": "http://www.boldsystems.org/pics/MHPAC/BioBot11319-BB048377+1281634066.JPG",
          "references": "http://bins.boldsystems.org/index.php/Public_RecordView?processid=MHPAF813-11",
          "title": "MHPAF813-11 Fruit",
          "creator": null,
          "publisher": null,
          "license": "http://creativecommons.org/licenses/by-nc-sa/4.0/",
          "rightsHolder": null
        }
      }
    },
    {
      "type": "Feature",
      "geometry": {
        "type": "Point",
        "coordinates": [
          -84.8,
          10.33333
        ]
      },
      "properties": {
        "gbifID": "1259426890",
        "species": "Witheringia meiantha",
        "genus": "Witheringia",
        "family": "Solanaceae",
        "scientificName": "Witheringia meiantha (Donn.Sm.) Hunz.",
        "coordinateUncertaintyInMeters": "",
        "basisOfRecord": "PRESERVED_SPECIMEN",
        "eventDate": "1974-08-31",
        "country": null,
        "datasetName": "Tropicos",
        "publisher": "Missouri Botanical Garden",
        "license": "CC_BY_4_0",
        "issues": [
          "GEODETIC_DATUM_ASSUMED_WGS84",
          "INSTITUTION_MATCH_FUZZY",
          "COLLECTION_MATCH_NONE",
          "TAXON_ID_NOT_FOUND"
        ],
        "fallback_media": {
          "url": "http://www.boldsystems.org/pics/MHPAC/BioBot11319-BB048377+1281634066.JPG",
          "references": "http://bins.boldsystems.org/index.php/Public_RecordView?processid=MHPAF813-11",
          "title": "MHPAF813-11 Fruit",
          "creator": null,
          "publisher": null,
          "license": "http://creativecommons.org/licenses/by-nc-sa/4.0/",
          "rightsHolder": null
        }
      }
    },
    {
      "type": "Feature",
      "geometry": {
        "type": "Point",
        "coordinates": [
          -90.204444,
          15.183611
        ]
      },
      "properties": {
        "gbifID": "1258697144",
        "species": "Witheringia meiantha",
        "genus": "Witheringia",
        "family": "Solanaceae",
        "scientificName": "Witheringia meiantha (Donn.Sm.) Hunz.",
        "coordinateUncertaintyInMeters": "",
        "basisOfRecord": "PRESERVED_SPECIMEN",
        "eventDate": "1975-08-11",
        "country": null,
        "datasetName": "Tropicos",
        "publisher": "Missouri Botanical Garden",
        "license": "CC_BY_4_0",
        "issues": [
          "OCCURRENCE_STATUS_INFERRED_FROM_INDIVIDUAL_COUNT",
          "COORDINATE_ROUNDED",
          "GEODETIC_DATUM_ASSUMED_WGS84",
          "INSTITUTION_MATCH_FUZZY",
          "COLLECTION_MATCH_NONE",
          "TAXON_ID_NOT_FOUND"
        ],
        "fallback_media": {
          "url": "http://www.boldsystems.org/pics/MHPAC/BioBot11319-BB048377+1281634066.JPG",
          "references": "http://bins.boldsystems.org/index.php/Public_RecordView?processid=MHPAF813-11",
          "title": "MHPAF813-11 Fruit",
          "creator": null,
          "publisher": null,
          "license": "http://creativecommons.org/licenses/by-nc-sa/4.0/",
          "rightsHolder": null
        }
      }
    },
    {
      "type": "Feature",
      "geometry": {
        "type": "Point",
        "coordinates": [
          -85.65,
          13.6
        ]
      },
      "properties": {
        "gbifID": "1262247529",
        "species": "Witheringia meiantha",
        "genus": "Witheringia",
        "family": "Solanaceae",
        "scientificName": "Witheringia meiantha (Donn.Sm.) Hunz.",
        "coordinateUncertaintyInMeters": "",
        "basisOfRecord": "PRESERVED_SPECIMEN",
        "eventDate": "1981-03-27",
        "country": null,
        "datasetName": "Tropicos",
        "publisher": "Missouri Botanical Garden",
        "license": "CC_BY_4_0",
        "issues": [
          "OCCURRENCE_STATUS_INFERRED_FROM_INDIVIDUAL_COUNT",
          "GEODETIC_DATUM_ASSUMED_WGS84",
          "INSTITUTION_MATCH_FUZZY",
          "COLLECTION_MATCH_NONE",
          "TAXON_ID_NOT_FOUND"
        ],
        "fallback_media": {
          "url": "http://www.boldsystems.org/pics/MHPAC/BioBot11319-BB048377+1281634066.JPG",
          "references": "http://bins.boldsystems.org/index.php/Public_RecordView?processid=MHPAF813-11",
          "title": "MHPAF813-11 Fruit",
          "creator": null,
          "publisher": null,
          "license": "http://creativecommons.org/licenses/by-nc-sa/4.0/",
          "rightsHolder": null
        }
      }
    },
    {
      "type": "Feature",
      "geometry": {
        "type": "Point",
        "coordinates": [
          -85.7,
          13.566667
        ]
      },
      "properties": {
        "gbifID": "4031467578",
        "species": "Witheringia meiantha",
        "genus": "Witheringia",
        "family": "Solanaceae",
        "scientificName": "Witheringia meiantha (Donn.Sm.) Hunz.",
        "coordinateUncertaintyInMeters": "",
        "basisOfRecord": "PRESERVED_SPECIMEN",
        "eventDate": "1998-04-08",
        "country": null,
        "datasetName": "Tropicos",
        "publisher": "Missouri Botanical Garden",
        "license": "CC_BY_4_0",
        "issues": [
          "OCCURRENCE_STATUS_INFERRED_FROM_INDIVIDUAL_COUNT",
          "COORDINATE_ROUNDED",
          "GEODETIC_DATUM_ASSUMED_WGS84",
          "INSTITUTION_MATCH_FUZZY",
          "COLLECTION_MATCH_NONE",
          "TAXON_ID_NOT_FOUND"
        ],
        "fallback_media": {
          "url": "http://www.boldsystems.org/pics/MHPAC/BioBot11319-BB048377+1281634066.JPG",
          "references": "http://bins.boldsystems.org/index.php/Public_RecordView?processid=MHPAF813-11",
          "title": "MHPAF813-11 Fruit",
          "creator": null,
          "publisher": null,
          "license": "http://creativecommons.org/licenses/by-nc-sa/4.0/",
          "rightsHolder": null
        }
      }
    },
    {
      "type": "Feature",
      "geometry": {
        "type": "Point",
        "coordinates": [
          -84.9875,
          13.733333
        ]
      },
      "properties": {
        "gbifID": "1262245992",
        "species": "Witheringia meiantha",
        "genus": "Witheringia",
        "family": "Solanaceae",
        "scientificName": "Witheringia meiantha (Donn.Sm.) Hunz.",
        "coordinateUncertaintyInMeters": "",
        "basisOfRecord": "PRESERVED_SPECIMEN",
        "eventDate": "1980-03-17",
        "country": null,
        "datasetName": "Tropicos",
        "publisher": "Missouri Botanical Garden",
        "license": "CC_BY_4_0",
        "issues": [
          "OCCURRENCE_STATUS_INFERRED_FROM_INDIVIDUAL_COUNT",
          "COORDINATE_ROUNDED",
          "GEODETIC_DATUM_ASSUMED_WGS84",
          "INSTITUTION_MATCH_FUZZY",
          "COLLECTION_MATCH_NONE",
          "TAXON_ID_NOT_FOUND"
        ],
        "fallback_media": {
          "url": "http://www.boldsystems.org/pics/MHPAC/BioBot11319-BB048377+1281634066.JPG",
          "references": "http://bins.boldsystems.org/index.php/Public_RecordView?processid=MHPAF813-11",
          "title": "MHPAF813-11 Fruit",
          "creator": null,
          "publisher": null,
          "license": "http://creativecommons.org/licenses/by-nc-sa/4.0/",
          "rightsHolder": null
        }
      }
    },
    {
      "type": "Feature",
      "geometry": {
        "type": "Point",
        "coordinates": [
          -81.147222,
          8.515
        ]
      },
      "properties": {
        "gbifID": "2268973856",
        "species": "Witheringia meiantha",
        "genus": "Witheringia",
        "family": "Solanaceae",
        "scientificName": "Witheringia meiantha (Donn.Sm.) Hunz.",
        "coordinateUncertaintyInMeters": "",
        "basisOfRecord": "PRESERVED_SPECIMEN",
        "eventDate": "1982-09-10",
        "country": null,
        "datasetName": "Tropicos",
        "publisher": "Missouri Botanical Garden",
        "license": "CC_BY_4_0",
        "issues": [
          "OCCURRENCE_STATUS_INFERRED_FROM_INDIVIDUAL_COUNT",
          "COORDINATE_ROUNDED",
          "GEODETIC_DATUM_ASSUMED_WGS84",
          "INSTITUTION_MATCH_FUZZY",
          "COLLECTION_MATCH_NONE",
          "TAXON_ID_NOT_FOUND"
        ],
        "fallback_media": {
          "url": "http://www.boldsystems.org/pics/MHPAC/BioBot11319-BB048377+1281634066.JPG",
          "references": "http://bins.boldsystems.org/index.php/Public_RecordView?processid=MHPAF813-11",
          "title": "MHPAF813-11 Fruit",
          "creator": null,
          "publisher": null,
          "license": "http://creativecommons.org/licenses/by-nc-sa/4.0/",
          "rightsHolder": null
        }
      }
    },
    {
      "type": "Feature",
      "geometry": {
        "type": "Point",
        "coordinates": [
          -77.733333,
          7.733333
        ]
      },
      "properties": {
        "gbifID": "1259428961",
        "species": "Witheringia meiantha",
        "genus": "Witheringia",
        "family": "Solanaceae",
        "scientificName": "Witheringia meiantha (Donn.Sm.) Hunz.",
        "coordinateUncertaintyInMeters": "",
        "basisOfRecord": "PRESERVED_SPECIMEN",
        "eventDate": "1968-04-28",
        "country": null,
        "datasetName": "Tropicos",
        "publisher": "Missouri Botanical Garden",
        "license": "CC_BY_4_0",
        "issues": [
          "OCCURRENCE_STATUS_INFERRED_FROM_INDIVIDUAL_COUNT",
          "COORDINATE_ROUNDED",
          "GEODETIC_DATUM_ASSUMED_WGS84",
          "INSTITUTION_MATCH_FUZZY",
          "COLLECTION_MATCH_NONE",
          "TAXON_ID_NOT_FOUND"
        ],
        "fallback_media": {
          "url": "http://www.boldsystems.org/pics/MHPAC/BioBot11319-BB048377+1281634066.JPG",
          "references": "http://bins.boldsystems.org/index.php/Public_RecordView?processid=MHPAF813-11",
          "title": "MHPAF813-11 Fruit",
          "creator": null,
          "publisher": null,
          "license": "http://creativecommons.org/licenses/by-nc-sa/4.0/",
          "rightsHolder": null
        }
      }
    },
    {
      "type": "Feature",
      "geometry": {
        "type": "Point",
        "coordinates": [
          -85.983056,
          11.840833
        ]
      },
      "properties": {
        "gbifID": "1259352246",
        "species": "Witheringia meiantha",
        "genus": "Witheringia",
        "family": "Solanaceae",
        "scientificName": "Witheringia meiantha (Donn.Sm.) Hunz.",
        "coordinateUncertaintyInMeters": "",
        "basisOfRecord": "PRESERVED_SPECIMEN",
        "eventDate": "2003-12-02",
        "country": null,
        "datasetName": "Tropicos",
        "publisher": "Missouri Botanical Garden",
        "license": "CC_BY_4_0",
        "issues": [
          "OCCURRENCE_STATUS_INFERRED_FROM_INDIVIDUAL_COUNT",
          "COORDINATE_ROUNDED",
          "GEODETIC_DATUM_ASSUMED_WGS84",
          "INSTITUTION_MATCH_FUZZY",
          "COLLECTION_MATCH_NONE",
          "TAXON_ID_NOT_FOUND"
        ],
        "fallback_media": {
          "url": "http://www.boldsystems.org/pics/MHPAC/BioBot11319-BB048377+1281634066.JPG",
          "references": "http://bins.boldsystems.org/index.php/Public_RecordView?processid=MHPAF813-11",
          "title": "MHPAF813-11 Fruit",
          "creator": null,
          "publisher": null,
          "license": "http://creativecommons.org/licenses/by-nc-sa/4.0/",
          "rightsHolder": null
        }
      }
    },
    {
      "type": "Feature",
      "geometry": {
        "type": "Point",
        "coordinates": [
          -89.15,
          14.783333
        ]
      },
      "properties": {
        "gbifID": "1258697148",
        "species": "Witheringia meiantha",
        "genus": "Witheringia",
        "family": "Solanaceae",
        "scientificName": "Witheringia meiantha (Donn.Sm.) Hunz.",
        "coordinateUncertaintyInMeters": "",
        "basisOfRecord": "PRESERVED_SPECIMEN",
        "eventDate": "1975-08-26",
        "country": null,
        "datasetName": "Tropicos",
        "publisher": "Missouri Botanical Garden",
        "license": "CC_BY_4_0",
        "issues": [
          "OCCURRENCE_STATUS_INFERRED_FROM_INDIVIDUAL_COUNT",
          "COORDINATE_ROUNDED",
          "GEODETIC_DATUM_ASSUMED_WGS84",
          "INSTITUTION_MATCH_FUZZY",
          "COLLECTION_MATCH_NONE",
          "TAXON_ID_NOT_FOUND"
        ],
        "fallback_media": {
          "url": "http://www.boldsystems.org/pics/MHPAC/BioBot11319-BB048377+1281634066.JPG",
          "references": "http://bins.boldsystems.org/index.php/Public_RecordView?processid=MHPAF813-11",
          "title": "MHPAF813-11 Fruit",
          "creator": null,
          "publisher": null,
          "license": "http://creativecommons.org/licenses/by-nc-sa/4.0/",
          "rightsHolder": null
        }
      }
    },
    {
      "type": "Feature",
      "geometry": {
        "type": "Point",
        "coordinates": [
          -85.73333,
          12.6
        ]
      },
      "properties": {
        "gbifID": "1262250055",
        "species": "Witheringia meiantha",
        "genus": "Witheringia",
        "family": "Solanaceae",
        "scientificName": "Witheringia meiantha (Donn.Sm.) Hunz.",
        "coordinateUncertaintyInMeters": "",
        "basisOfRecord": "PRESERVED_SPECIMEN",
        "eventDate": "1984-10-04",
        "country": null,
        "datasetName": "Tropicos",
        "publisher": "Missouri Botanical Garden",
        "license": "CC_BY_4_0",
        "issues": [
          "OCCURRENCE_STATUS_INFERRED_FROM_INDIVIDUAL_COUNT",
          "GEODETIC_DATUM_ASSUMED_WGS84",
          "INSTITUTION_MATCH_FUZZY",
          "COLLECTION_MATCH_NONE",
          "TAXON_ID_NOT_FOUND"
        ],
        "fallback_media": {
          "url": "http://www.boldsystems.org/pics/MHPAC/BioBot11319-BB048377+1281634066.JPG",
          "references": "http://bins.boldsystems.org/index.php/Public_RecordView?processid=MHPAF813-11",
          "title": "MHPAF813-11 Fruit",
          "creator": null,
          "publisher": null,
          "license": "http://creativecommons.org/licenses/by-nc-sa/4.0/",
          "rightsHolder": null
        }
      }
    },
    {
      "type": "Feature",
      "geometry": {
        "type": "Point",
        "coordinates": [
          -85.55,
          12.4
        ]
      },
      "properties": {
        "gbifID": "1262245758",
        "species": "Witheringia meiantha",
        "genus": "Witheringia",
        "family": "Solanaceae",
        "scientificName": "Witheringia meiantha (Donn.Sm.) Hunz.",
        "coordinateUncertaintyInMeters": "",
        "basisOfRecord": "PRESERVED_SPECIMEN",
        "eventDate": "1980-01-24",
        "country": null,
        "datasetName": "Tropicos",
        "publisher": "Missouri Botanical Garden",
        "license": "CC_BY_4_0",
        "issues": [
          "OCCURRENCE_STATUS_INFERRED_FROM_INDIVIDUAL_COUNT",
          "GEODETIC_DATUM_ASSUMED_WGS84",
          "INSTITUTION_MATCH_FUZZY",
          "COLLECTION_MATCH_NONE",
          "TAXON_ID_NOT_FOUND"
        ],
        "fallback_media": {
          "url": "http://www.boldsystems.org/pics/MHPAC/BioBot11319-BB048377+1281634066.JPG",
          "references": "http://bins.boldsystems.org/index.php/Public_RecordView?processid=MHPAF813-11",
          "title": "MHPAF813-11 Fruit",
          "creator": null,
          "publisher": null,
          "license": "http://creativecommons.org/licenses/by-nc-sa/4.0/",
          "rightsHolder": null
        }
      }
    },
    {
      "type": "Feature",
      "geometry": {
        "type": "Point",
        "coordinates": [
          -91.56,
          16.101111
        ]
      },
      "properties": {
        "gbifID": "1259429999",
        "species": "Witheringia meiantha",
        "genus": "Witheringia",
        "family": "Solanaceae",
        "scientificName": "Witheringia meiantha (Donn.Sm.) Hunz.",
        "coordinateUncertaintyInMeters": "",
        "basisOfRecord": "PRESERVED_SPECIMEN",
        "eventDate": "1981-08-15",
        "country": null,
        "datasetName": "Tropicos",
        "publisher": "Missouri Botanical Garden",
        "license": "CC_BY_4_0",
        "issues": [
          "OCCURRENCE_STATUS_INFERRED_FROM_INDIVIDUAL_COUNT",
          "COORDINATE_ROUNDED",
          "GEODETIC_DATUM_ASSUMED_WGS84",
          "INSTITUTION_MATCH_FUZZY",
          "COLLECTION_MATCH_NONE",
          "TAXON_ID_NOT_FOUND"
        ],
        "fallback_media": {
          "url": "http://www.boldsystems.org/pics/MHPAC/BioBot11319-BB048377+1281634066.JPG",
          "references": "http://bins.boldsystems.org/index.php/Public_RecordView?processid=MHPAF813-11",
          "title": "MHPAF813-11 Fruit",
          "creator": null,
          "publisher": null,
          "license": "http://creativecommons.org/licenses/by-nc-sa/4.0/",
          "rightsHolder": null
        }
      }
    },
    {
      "type": "Feature",
      "geometry": {
        "type": "Point",
        "coordinates": [
          -96.88333,
          19.25
        ]
      },
      "properties": {
        "gbifID": "1258558524",
        "species": "Witheringia meiantha",
        "genus": "Witheringia",
        "family": "Solanaceae",
        "scientificName": "Witheringia meiantha (Donn.Sm.) Hunz.",
        "coordinateUncertaintyInMeters": "",
        "basisOfRecord": "PRESERVED_SPECIMEN",
        "eventDate": "1914-03",
        "country": null,
        "datasetName": "Tropicos",
        "publisher": "Missouri Botanical Garden",
        "license": "CC_BY_4_0",
        "issues": [
          "GEODETIC_DATUM_ASSUMED_WGS84",
          "INSTITUTION_MATCH_FUZZY",
          "COLLECTION_MATCH_NONE",
          "TAXON_ID_NOT_FOUND"
        ],
        "fallback_media": {
          "url": "http://www.boldsystems.org/pics/MHPAC/BioBot11319-BB048377+1281634066.JPG",
          "references": "http://bins.boldsystems.org/index.php/Public_RecordView?processid=MHPAF813-11",
          "title": "MHPAF813-11 Fruit",
          "creator": null,
          "publisher": null,
          "license": "http://creativecommons.org/licenses/by-nc-sa/4.0/",
          "rightsHolder": null
        }
      }
    },
    {
      "type": "Feature",
      "geometry": {
        "type": "Point",
        "coordinates": [
          -84.13,
          10.17
        ]
      },
      "properties": {
        "gbifID": "1259429400",
        "species": "Witheringia meiantha",
        "genus": "Witheringia",
        "family": "Solanaceae",
        "scientificName": "Witheringia meiantha (Donn.Sm.) Hunz.",
        "coordinateUncertaintyInMeters": "",
        "basisOfRecord": "PRESERVED_SPECIMEN",
        "eventDate": "1982-06-10",
        "country": null,
        "datasetName": "Tropicos",
        "publisher": "Missouri Botanical Garden",
        "license": "CC_BY_4_0",
        "issues": [
          "GEODETIC_DATUM_ASSUMED_WGS84",
          "INSTITUTION_MATCH_FUZZY",
          "COLLECTION_MATCH_NONE",
          "TAXON_ID_NOT_FOUND"
        ],
        "fallback_media": {
          "url": "http://www.boldsystems.org/pics/MHPAC/BioBot11319-BB048377+1281634066.JPG",
          "references": "http://bins.boldsystems.org/index.php/Public_RecordView?processid=MHPAF813-11",
          "title": "MHPAF813-11 Fruit",
          "creator": null,
          "publisher": null,
          "license": "http://creativecommons.org/licenses/by-nc-sa/4.0/",
          "rightsHolder": null
        }
      }
    },
    {
      "type": "Feature",
      "geometry": {
        "type": "Point",
        "coordinates": [
          -93.04555,
          15.82194
        ]
      },
      "properties": {
        "gbifID": "1260601828",
        "species": "Witheringia meiantha",
        "genus": "Witheringia",
        "family": "Solanaceae",
        "scientificName": "Witheringia meiantha (Donn.Sm.) Hunz.",
        "coordinateUncertaintyInMeters": "",
        "basisOfRecord": "PRESERVED_SPECIMEN",
        "eventDate": "2005-07-17",
        "country": null,
        "datasetName": "Tropicos",
        "publisher": "Missouri Botanical Garden",
        "license": "CC_BY_4_0",
        "issues": [
          "GEODETIC_DATUM_ASSUMED_WGS84",
          "INSTITUTION_MATCH_FUZZY",
          "COLLECTION_MATCH_NONE",
          "TAXON_ID_NOT_FOUND"
        ],
        "fallback_media": {
          "url": "http://www.boldsystems.org/pics/MHPAC/BioBot11319-BB048377+1281634066.JPG",
          "references": "http://bins.boldsystems.org/index.php/Public_RecordView?processid=MHPAF813-11",
          "title": "MHPAF813-11 Fruit",
          "creator": null,
          "publisher": null,
          "license": "http://creativecommons.org/licenses/by-nc-sa/4.0/",
          "rightsHolder": null
        }
      }
    },
    {
      "type": "Feature",
      "geometry": {
        "type": "Point",
        "coordinates": [
          -86.266667,
          13.266667
        ]
      },
      "properties": {
        "gbifID": "4031580748",
        "species": "Witheringia meiantha",
        "genus": "Witheringia",
        "family": "Solanaceae",
        "scientificName": "Witheringia meiantha (Donn.Sm.) Hunz.",
        "coordinateUncertaintyInMeters": "",
        "basisOfRecord": "PRESERVED_SPECIMEN",
        "eventDate": "1999-05-12",
        "country": null,
        "datasetName": "Tropicos",
        "publisher": "Missouri Botanical Garden",
        "license": "CC_BY_4_0",
        "issues": [
          "OCCURRENCE_STATUS_INFERRED_FROM_INDIVIDUAL_COUNT",
          "COORDINATE_ROUNDED",
          "GEODETIC_DATUM_ASSUMED_WGS84",
          "INSTITUTION_MATCH_FUZZY",
          "COLLECTION_MATCH_NONE",
          "TAXON_ID_NOT_FOUND"
        ],
        "fallback_media": {
          "url": "http://www.boldsystems.org/pics/MHPAC/BioBot11319-BB048377+1281634066.JPG",
          "references": "http://bins.boldsystems.org/index.php/Public_RecordView?processid=MHPAF813-11",
          "title": "MHPAF813-11 Fruit",
          "creator": null,
          "publisher": null,
          "license": "http://creativecommons.org/licenses/by-nc-sa/4.0/",
          "rightsHolder": null
        }
      }
    },
    {
      "type": "Feature",
      "geometry": {
        "type": "Point",
        "coordinates": [
          -86.05,
          13.233333
        ]
      },
      "properties": {
        "gbifID": "4031712337",
        "species": "Witheringia meiantha",
        "genus": "Witheringia",
        "family": "Solanaceae",
        "scientificName": "Witheringia meiantha (Donn.Sm.) Hunz.",
        "coordinateUncertaintyInMeters": "",
        "basisOfRecord": "PRESERVED_SPECIMEN",
        "eventDate": "2010-11-21",
        "country": null,
        "datasetName": "Tropicos",
        "publisher": "Missouri Botanical Garden",
        "license": "CC_BY_4_0",
        "issues": [
          "OCCURRENCE_STATUS_INFERRED_FROM_INDIVIDUAL_COUNT",
          "COORDINATE_ROUNDED",
          "GEODETIC_DATUM_ASSUMED_WGS84",
          "INSTITUTION_MATCH_FUZZY",
          "COLLECTION_MATCH_NONE",
          "TAXON_ID_NOT_FOUND"
        ],
        "fallback_media": {
          "url": "http://www.boldsystems.org/pics/MHPAC/BioBot11319-BB048377+1281634066.JPG",
          "references": "http://bins.boldsystems.org/index.php/Public_RecordView?processid=MHPAF813-11",
          "title": "MHPAF813-11 Fruit",
          "creator": null,
          "publisher": null,
          "license": "http://creativecommons.org/licenses/by-nc-sa/4.0/",
          "rightsHolder": null
        }
      }
    },
    {
      "type": "Feature",
      "geometry": {
        "type": "Point",
        "coordinates": [
          -84.991667,
          13.7375
        ]
      },
      "properties": {
        "gbifID": "1262244782",
        "species": "Witheringia meiantha",
        "genus": "Witheringia",
        "family": "Solanaceae",
        "scientificName": "Witheringia meiantha (Donn.Sm.) Hunz.",
        "coordinateUncertaintyInMeters": "",
        "basisOfRecord": "PRESERVED_SPECIMEN",
        "eventDate": "1979-04-13",
        "country": null,
        "datasetName": "Tropicos",
        "publisher": "Missouri Botanical Garden",
        "license": "CC_BY_4_0",
        "issues": [
          "OCCURRENCE_STATUS_INFERRED_FROM_INDIVIDUAL_COUNT",
          "COORDINATE_ROUNDED",
          "GEODETIC_DATUM_ASSUMED_WGS84",
          "INSTITUTION_MATCH_FUZZY",
          "COLLECTION_MATCH_NONE",
          "TAXON_ID_NOT_FOUND"
        ],
        "fallback_media": {
          "url": "http://www.boldsystems.org/pics/MHPAC/BioBot11319-BB048377+1281634066.JPG",
          "references": "http://bins.boldsystems.org/index.php/Public_RecordView?processid=MHPAF813-11",
          "title": "MHPAF813-11 Fruit",
          "creator": null,
          "publisher": null,
          "license": "http://creativecommons.org/licenses/by-nc-sa/4.0/",
          "rightsHolder": null
        }
      }
    },
    {
      "type": "Feature",
      "geometry": {
        "type": "Point",
        "coordinates": [
          -85.991667,
          11.8375
        ]
      },
      "properties": {
        "gbifID": "1258327540",
        "species": "Witheringia meiantha",
        "genus": "Witheringia",
        "family": "Solanaceae",
        "scientificName": "Witheringia meiantha (Donn.Sm.) Hunz.",
        "coordinateUncertaintyInMeters": "",
        "basisOfRecord": "PRESERVED_SPECIMEN",
        "eventDate": "1975-04-30",
        "country": null,
        "datasetName": "Tropicos",
        "publisher": "Missouri Botanical Garden",
        "license": "CC_BY_4_0",
        "issues": [
          "OCCURRENCE_STATUS_INFERRED_FROM_INDIVIDUAL_COUNT",
          "COORDINATE_ROUNDED",
          "GEODETIC_DATUM_ASSUMED_WGS84",
          "INSTITUTION_MATCH_FUZZY",
          "COLLECTION_MATCH_NONE",
          "TAXON_ID_NOT_FOUND"
        ],
        "fallback_media": {
          "url": "http://www.boldsystems.org/pics/MHPAC/BioBot11319-BB048377+1281634066.JPG",
          "references": "http://bins.boldsystems.org/index.php/Public_RecordView?processid=MHPAF813-11",
          "title": "MHPAF813-11 Fruit",
          "creator": null,
          "publisher": null,
          "license": "http://creativecommons.org/licenses/by-nc-sa/4.0/",
          "rightsHolder": null
        }
      }
    },
    {
      "type": "Feature",
      "geometry": {
        "type": "Point",
        "coordinates": [
          -86.71972,
          14.57527
        ]
      },
      "properties": {
        "gbifID": "1259428499",
        "species": "Witheringia meiantha",
        "genus": "Witheringia",
        "family": "Solanaceae",
        "scientificName": "Witheringia meiantha (Donn.Sm.) Hunz.",
        "coordinateUncertaintyInMeters": "",
        "basisOfRecord": "PRESERVED_SPECIMEN",
        "eventDate": "1982-04-25",
        "country": null,
        "datasetName": "Tropicos",
        "publisher": "Missouri Botanical Garden",
        "license": "CC_BY_4_0",
        "issues": [
          "GEODETIC_DATUM_ASSUMED_WGS84",
          "INSTITUTION_MATCH_FUZZY",
          "COLLECTION_MATCH_NONE",
          "TAXON_ID_NOT_FOUND"
        ],
        "fallback_media": {
          "url": "http://www.boldsystems.org/pics/MHPAC/BioBot11319-BB048377+1281634066.JPG",
          "references": "http://bins.boldsystems.org/index.php/Public_RecordView?processid=MHPAF813-11",
          "title": "MHPAF813-11 Fruit",
          "creator": null,
          "publisher": null,
          "license": "http://creativecommons.org/licenses/by-nc-sa/4.0/",
          "rightsHolder": null
        }
      }
    },
    {
      "type": "Feature",
      "geometry": {
        "type": "Point",
        "coordinates": [
          -85.395555,
          12.300556
        ]
      },
      "properties": {
        "gbifID": "4031728442",
        "species": "Witheringia meiantha",
        "genus": "Witheringia",
        "family": "Solanaceae",
        "scientificName": "Witheringia meiantha (Donn.Sm.) Hunz.",
        "coordinateUncertaintyInMeters": "",
        "basisOfRecord": "PRESERVED_SPECIMEN",
        "eventDate": "2008-01-30",
        "country": null,
        "datasetName": "Tropicos",
        "publisher": "Missouri Botanical Garden",
        "license": "CC_BY_4_0",
        "issues": [
          "OCCURRENCE_STATUS_INFERRED_FROM_INDIVIDUAL_COUNT",
          "COORDINATE_ROUNDED",
          "GEODETIC_DATUM_ASSUMED_WGS84",
          "INSTITUTION_MATCH_FUZZY",
          "COLLECTION_MATCH_NONE",
          "TAXON_ID_NOT_FOUND"
        ],
        "fallback_media": {
          "url": "http://www.boldsystems.org/pics/MHPAC/BioBot11319-BB048377+1281634066.JPG",
          "references": "http://bins.boldsystems.org/index.php/Public_RecordView?processid=MHPAF813-11",
          "title": "MHPAF813-11 Fruit",
          "creator": null,
          "publisher": null,
          "license": "http://creativecommons.org/licenses/by-nc-sa/4.0/",
          "rightsHolder": null
        }
      }
    },
    {
      "type": "Feature",
      "geometry": {
        "type": "Point",
        "coordinates": [
          -85.966667,
          11.833333
        ]
      },
      "properties": {
        "gbifID": "1259045358",
        "species": "Witheringia meiantha",
        "genus": "Witheringia",
        "family": "Solanaceae",
        "scientificName": "Witheringia meiantha (Donn.Sm.) Hunz.",
        "coordinateUncertaintyInMeters": "",
        "basisOfRecord": "PRESERVED_SPECIMEN",
        "eventDate": "1976-08-07",
        "country": null,
        "datasetName": "Tropicos",
        "publisher": "Missouri Botanical Garden",
        "license": "CC_BY_4_0",
        "issues": [
          "OCCURRENCE_STATUS_INFERRED_FROM_INDIVIDUAL_COUNT",
          "COORDINATE_ROUNDED",
          "GEODETIC_DATUM_ASSUMED_WGS84",
          "INSTITUTION_MATCH_FUZZY",
          "COLLECTION_MATCH_NONE",
          "TAXON_ID_NOT_FOUND"
        ],
        "fallback_media": {
          "url": "http://www.boldsystems.org/pics/MHPAC/BioBot11319-BB048377+1281634066.JPG",
          "references": "http://bins.boldsystems.org/index.php/Public_RecordView?processid=MHPAF813-11",
          "title": "MHPAF813-11 Fruit",
          "creator": null,
          "publisher": null,
          "license": "http://creativecommons.org/licenses/by-nc-sa/4.0/",
          "rightsHolder": null
        }
      }
    },
    {
      "type": "Feature",
      "geometry": {
        "type": "Point",
        "coordinates": [
          -85.666667,
          13.566667
        ]
      },
      "properties": {
        "gbifID": "1262246485",
        "species": "Witheringia meiantha",
        "genus": "Witheringia",
        "family": "Solanaceae",
        "scientificName": "Witheringia meiantha (Donn.Sm.) Hunz.",
        "coordinateUncertaintyInMeters": "",
        "basisOfRecord": "PRESERVED_SPECIMEN",
        "eventDate": "1981-03-24",
        "country": null,
        "datasetName": "Tropicos",
        "publisher": "Missouri Botanical Garden",
        "license": "CC_BY_4_0",
        "issues": [
          "OCCURRENCE_STATUS_INFERRED_FROM_INDIVIDUAL_COUNT",
          "COORDINATE_ROUNDED",
          "GEODETIC_DATUM_ASSUMED_WGS84",
          "INSTITUTION_MATCH_FUZZY",
          "COLLECTION_MATCH_NONE",
          "TAXON_ID_NOT_FOUND"
        ],
        "fallback_media": {
          "url": "http://www.boldsystems.org/pics/MHPAC/BioBot11319-BB048377+1281634066.JPG",
          "references": "http://bins.boldsystems.org/index.php/Public_RecordView?processid=MHPAF813-11",
          "title": "MHPAF813-11 Fruit",
          "creator": null,
          "publisher": null,
          "license": "http://creativecommons.org/licenses/by-nc-sa/4.0/",
          "rightsHolder": null
        }
      }
    },
    {
      "type": "Feature",
      "geometry": {
        "type": "Point",
        "coordinates": [
          -88.693167,
          15.668833
        ]
      },
      "properties": {
        "gbifID": "1259429072",
        "species": "Witheringia meiantha",
        "genus": "Witheringia",
        "family": "Solanaceae",
        "scientificName": "Witheringia meiantha (Donn.Sm.) Hunz.",
        "coordinateUncertaintyInMeters": "",
        "basisOfRecord": "PRESERVED_SPECIMEN",
        "eventDate": "1997-09-21",
        "country": null,
        "datasetName": "Tropicos",
        "publisher": "Missouri Botanical Garden",
        "license": "CC_BY_4_0",
        "issues": [
          "OCCURRENCE_STATUS_INFERRED_FROM_INDIVIDUAL_COUNT",
          "COORDINATE_ROUNDED",
          "GEODETIC_DATUM_ASSUMED_WGS84",
          "INSTITUTION_MATCH_FUZZY",
          "COLLECTION_MATCH_NONE",
          "TAXON_ID_NOT_FOUND"
        ],
        "fallback_media": {
          "url": "http://www.boldsystems.org/pics/MHPAC/BioBot11319-BB048377+1281634066.JPG",
          "references": "http://bins.boldsystems.org/index.php/Public_RecordView?processid=MHPAF813-11",
          "title": "MHPAF813-11 Fruit",
          "creator": null,
          "publisher": null,
          "license": "http://creativecommons.org/licenses/by-nc-sa/4.0/",
          "rightsHolder": null
        }
      }
    },
    {
      "type": "Feature",
      "geometry": {
        "type": "Point",
        "coordinates": [
          -80.592778,
          8.665556
        ]
      },
      "properties": {
        "gbifID": "2268973290",
        "species": "Witheringia meiantha",
        "genus": "Witheringia",
        "family": "Solanaceae",
        "scientificName": "Witheringia meiantha (Donn.Sm.) Hunz.",
        "coordinateUncertaintyInMeters": "",
        "basisOfRecord": "PRESERVED_SPECIMEN",
        "eventDate": "2018-01-06",
        "country": null,
        "datasetName": "Tropicos",
        "publisher": "Missouri Botanical Garden",
        "license": "CC_BY_4_0",
        "issues": [
          "OCCURRENCE_STATUS_INFERRED_FROM_INDIVIDUAL_COUNT",
          "COORDINATE_ROUNDED",
          "GEODETIC_DATUM_ASSUMED_WGS84",
          "INSTITUTION_MATCH_FUZZY",
          "COLLECTION_MATCH_NONE",
          "TAXON_ID_NOT_FOUND"
        ],
        "fallback_media": {
          "url": "http://www.boldsystems.org/pics/MHPAC/BioBot11319-BB048377+1281634066.JPG",
          "references": "http://bins.boldsystems.org/index.php/Public_RecordView?processid=MHPAF813-11",
          "title": "MHPAF813-11 Fruit",
          "creator": null,
          "publisher": null,
          "license": "http://creativecommons.org/licenses/by-nc-sa/4.0/",
          "rightsHolder": null
        }
      }
    },
    {
      "type": "Feature",
      "geometry": {
        "type": "Point",
        "coordinates": [
          -82.26666,
          8.73333
        ]
      },
      "properties": {
        "gbifID": "1259428503",
        "species": "Witheringia meiantha",
        "genus": "Witheringia",
        "family": "Solanaceae",
        "scientificName": "Witheringia meiantha (Donn.Sm.) Hunz.",
        "coordinateUncertaintyInMeters": "",
        "basisOfRecord": "PRESERVED_SPECIMEN",
        "eventDate": "1981-03-23",
        "country": null,
        "datasetName": "Tropicos",
        "publisher": "Missouri Botanical Garden",
        "license": "CC_BY_4_0",
        "issues": [
          "GEODETIC_DATUM_ASSUMED_WGS84",
          "INSTITUTION_MATCH_FUZZY",
          "COLLECTION_MATCH_NONE",
          "TAXON_ID_NOT_FOUND"
        ],
        "fallback_media": {
          "url": "http://www.boldsystems.org/pics/MHPAC/BioBot11319-BB048377+1281634066.JPG",
          "references": "http://bins.boldsystems.org/index.php/Public_RecordView?processid=MHPAF813-11",
          "title": "MHPAF813-11 Fruit",
          "creator": null,
          "publisher": null,
          "license": "http://creativecommons.org/licenses/by-nc-sa/4.0/",
          "rightsHolder": null
        }
      }
    },
    {
      "type": "Feature",
      "geometry": {
        "type": "Point",
        "coordinates": [
          -85.616667,
          13.216667
        ]
      },
      "properties": {
        "gbifID": "1262244987",
        "species": "Witheringia meiantha",
        "genus": "Witheringia",
        "family": "Solanaceae",
        "scientificName": "Witheringia meiantha (Donn.Sm.) Hunz.",
        "coordinateUncertaintyInMeters": "",
        "basisOfRecord": "PRESERVED_SPECIMEN",
        "eventDate": "1982-12-21",
        "country": null,
        "datasetName": "Tropicos",
        "publisher": "Missouri Botanical Garden",
        "license": "CC_BY_4_0",
        "issues": [
          "OCCURRENCE_STATUS_INFERRED_FROM_INDIVIDUAL_COUNT",
          "COORDINATE_ROUNDED",
          "GEODETIC_DATUM_ASSUMED_WGS84",
          "INSTITUTION_MATCH_FUZZY",
          "COLLECTION_MATCH_NONE",
          "TAXON_ID_NOT_FOUND"
        ],
        "fallback_media": {
          "url": "http://www.boldsystems.org/pics/MHPAC/BioBot11319-BB048377+1281634066.JPG",
          "references": "http://bins.boldsystems.org/index.php/Public_RecordView?processid=MHPAF813-11",
          "title": "MHPAF813-11 Fruit",
          "creator": null,
          "publisher": null,
          "license": "http://creativecommons.org/licenses/by-nc-sa/4.0/",
          "rightsHolder": null
        }
      }
    },
    {
      "type": "Feature",
      "geometry": {
        "type": "Point",
        "coordinates": [
          -82.38333,
          9.245
        ]
      },
      "properties": {
        "gbifID": "1259428812",
        "species": "Witheringia meiantha",
        "genus": "Witheringia",
        "family": "Solanaceae",
        "scientificName": "Witheringia meiantha (Donn.Sm.) Hunz.",
        "coordinateUncertaintyInMeters": "",
        "basisOfRecord": "PRESERVED_SPECIMEN",
        "eventDate": "1940-12-04",
        "country": null,
        "datasetName": "Tropicos",
        "publisher": "Missouri Botanical Garden",
        "license": "CC_BY_4_0",
        "issues": [
          "GEODETIC_DATUM_ASSUMED_WGS84",
          "INSTITUTION_MATCH_FUZZY",
          "COLLECTION_MATCH_NONE",
          "TAXON_ID_NOT_FOUND"
        ],
        "fallback_media": {
          "url": "http://www.boldsystems.org/pics/MHPAC/BioBot11319-BB048377+1281634066.JPG",
          "references": "http://bins.boldsystems.org/index.php/Public_RecordView?processid=MHPAF813-11",
          "title": "MHPAF813-11 Fruit",
          "creator": null,
          "publisher": null,
          "license": "http://creativecommons.org/licenses/by-nc-sa/4.0/",
          "rightsHolder": null
        }
      }
    },
    {
      "type": "Feature",
      "geometry": {
        "type": "Point",
        "coordinates": [
          -85.395833,
          12.300833
        ]
      },
      "properties": {
        "gbifID": "4031681750",
        "species": "Witheringia meiantha",
        "genus": "Witheringia",
        "family": "Solanaceae",
        "scientificName": "Witheringia meiantha (Donn.Sm.) Hunz.",
        "coordinateUncertaintyInMeters": "",
        "basisOfRecord": "PRESERVED_SPECIMEN",
        "eventDate": "2010-01-20",
        "country": null,
        "datasetName": "Tropicos",
        "publisher": "Missouri Botanical Garden",
        "license": "CC_BY_4_0",
        "issues": [
          "OCCURRENCE_STATUS_INFERRED_FROM_INDIVIDUAL_COUNT",
          "COORDINATE_ROUNDED",
          "GEODETIC_DATUM_ASSUMED_WGS84",
          "INSTITUTION_MATCH_FUZZY",
          "COLLECTION_MATCH_NONE",
          "TAXON_ID_NOT_FOUND"
        ],
        "fallback_media": {
          "url": "http://www.boldsystems.org/pics/MHPAC/BioBot11319-BB048377+1281634066.JPG",
          "references": "http://bins.boldsystems.org/index.php/Public_RecordView?processid=MHPAF813-11",
          "title": "MHPAF813-11 Fruit",
          "creator": null,
          "publisher": null,
          "license": "http://creativecommons.org/licenses/by-nc-sa/4.0/",
          "rightsHolder": null
        }
      }
    },
    {
      "type": "Feature",
      "geometry": {
        "type": "Point",
        "coordinates": [
          -84.983333,
          13.783333
        ]
      },
      "properties": {
        "gbifID": "4031478987",
        "species": "Witheringia meiantha",
        "genus": "Witheringia",
        "family": "Solanaceae",
        "scientificName": "Witheringia meiantha (Donn.Sm.) Hunz.",
        "coordinateUncertaintyInMeters": "",
        "basisOfRecord": "PRESERVED_SPECIMEN",
        "eventDate": "1999-04-13",
        "country": null,
        "datasetName": "Tropicos",
        "publisher": "Missouri Botanical Garden",
        "license": "CC_BY_4_0",
        "issues": [
          "OCCURRENCE_STATUS_INFERRED_FROM_INDIVIDUAL_COUNT",
          "COORDINATE_ROUNDED",
          "GEODETIC_DATUM_ASSUMED_WGS84",
          "INSTITUTION_MATCH_FUZZY",
          "COLLECTION_MATCH_NONE",
          "TAXON_ID_NOT_FOUND"
        ],
        "fallback_media": {
          "url": "http://www.boldsystems.org/pics/MHPAC/BioBot11319-BB048377+1281634066.JPG",
          "references": "http://bins.boldsystems.org/index.php/Public_RecordView?processid=MHPAF813-11",
          "title": "MHPAF813-11 Fruit",
          "creator": null,
          "publisher": null,
          "license": "http://creativecommons.org/licenses/by-nc-sa/4.0/",
          "rightsHolder": null
        }
      }
    },
    {
      "type": "Feature",
      "geometry": {
        "type": "Point",
        "coordinates": [
          -83.78,
          9.69
        ]
      },
      "properties": {
        "gbifID": "1259429755",
        "species": "Witheringia meiantha",
        "genus": "Witheringia",
        "family": "Solanaceae",
        "scientificName": "Witheringia meiantha (Donn.Sm.) Hunz.",
        "coordinateUncertaintyInMeters": "",
        "basisOfRecord": "PRESERVED_SPECIMEN",
        "eventDate": "1973-03-13",
        "country": null,
        "datasetName": "Tropicos",
        "publisher": "Missouri Botanical Garden",
        "license": "CC_BY_4_0",
        "issues": [
          "OCCURRENCE_STATUS_INFERRED_FROM_INDIVIDUAL_COUNT",
          "GEODETIC_DATUM_ASSUMED_WGS84",
          "INSTITUTION_MATCH_FUZZY",
          "COLLECTION_MATCH_NONE",
          "TAXON_ID_NOT_FOUND"
        ],
        "fallback_media": {
          "url": "http://www.boldsystems.org/pics/MHPAC/BioBot11319-BB048377+1281634066.JPG",
          "references": "http://bins.boldsystems.org/index.php/Public_RecordView?processid=MHPAF813-11",
          "title": "MHPAF813-11 Fruit",
          "creator": null,
          "publisher": null,
          "license": "http://creativecommons.org/licenses/by-nc-sa/4.0/",
          "rightsHolder": null
        }
      }
    },
    {
      "type": "Feature",
      "geometry": {
        "type": "Point",
        "coordinates": [
          -84.806667,
          10.3175
        ]
      },
      "properties": {
        "gbifID": "1259427789",
        "species": "Witheringia meiantha",
        "genus": "Witheringia",
        "family": "Solanaceae",
        "scientificName": "Witheringia meiantha (Donn.Sm.) Hunz.",
        "coordinateUncertaintyInMeters": "",
        "basisOfRecord": "PRESERVED_SPECIMEN",
        "eventDate": "1981-11-28",
        "country": null,
        "datasetName": "Tropicos",
        "publisher": "Missouri Botanical Garden",
        "license": "CC_BY_4_0",
        "issues": [
          "OCCURRENCE_STATUS_INFERRED_FROM_INDIVIDUAL_COUNT",
          "COORDINATE_ROUNDED",
          "GEODETIC_DATUM_ASSUMED_WGS84",
          "INSTITUTION_MATCH_FUZZY",
          "COLLECTION_MATCH_NONE",
          "TAXON_ID_NOT_FOUND"
        ],
        "fallback_media": {
          "url": "http://www.boldsystems.org/pics/MHPAC/BioBot11319-BB048377+1281634066.JPG",
          "references": "http://bins.boldsystems.org/index.php/Public_RecordView?processid=MHPAF813-11",
          "title": "MHPAF813-11 Fruit",
          "creator": null,
          "publisher": null,
          "license": "http://creativecommons.org/licenses/by-nc-sa/4.0/",
          "rightsHolder": null
        }
      }
    },
    {
      "type": "Feature",
      "geometry": {
        "type": "Point",
        "coordinates": [
          -85.65,
          13.616667
        ]
      },
      "properties": {
        "gbifID": "1262247041",
        "species": "Witheringia meiantha",
        "genus": "Witheringia",
        "family": "Solanaceae",
        "scientificName": "Witheringia meiantha (Donn.Sm.) Hunz.",
        "coordinateUncertaintyInMeters": "",
        "basisOfRecord": "PRESERVED_SPECIMEN",
        "eventDate": "1981-03-25",
        "country": null,
        "datasetName": "Tropicos",
        "publisher": "Missouri Botanical Garden",
        "license": "CC_BY_4_0",
        "issues": [
          "OCCURRENCE_STATUS_INFERRED_FROM_INDIVIDUAL_COUNT",
          "COORDINATE_ROUNDED",
          "GEODETIC_DATUM_ASSUMED_WGS84",
          "INSTITUTION_MATCH_FUZZY",
          "COLLECTION_MATCH_NONE",
          "TAXON_ID_NOT_FOUND"
        ],
        "fallback_media": {
          "url": "http://www.boldsystems.org/pics/MHPAC/BioBot11319-BB048377+1281634066.JPG",
          "references": "http://bins.boldsystems.org/index.php/Public_RecordView?processid=MHPAF813-11",
          "title": "MHPAF813-11 Fruit",
          "creator": null,
          "publisher": null,
          "license": "http://creativecommons.org/licenses/by-nc-sa/4.0/",
          "rightsHolder": null
        }
      }
    },
    {
      "type": "Feature",
      "geometry": {
        "type": "Point",
        "coordinates": [
          -85.916667,
          13.0
        ]
      },
      "properties": {
        "gbifID": "1262252322",
        "species": "Witheringia meiantha",
        "genus": "Witheringia",
        "family": "Solanaceae",
        "scientificName": "Witheringia meiantha (Donn.Sm.) Hunz.",
        "coordinateUncertaintyInMeters": "",
        "basisOfRecord": "PRESERVED_SPECIMEN",
        "eventDate": "1985-05-23",
        "country": null,
        "datasetName": "Tropicos",
        "publisher": "Missouri Botanical Garden",
        "license": "CC_BY_4_0",
        "issues": [
          "OCCURRENCE_STATUS_INFERRED_FROM_INDIVIDUAL_COUNT",
          "COORDINATE_ROUNDED",
          "GEODETIC_DATUM_ASSUMED_WGS84",
          "INSTITUTION_MATCH_FUZZY",
          "COLLECTION_MATCH_NONE",
          "TAXON_ID_NOT_FOUND"
        ],
        "fallback_media": {
          "url": "http://www.boldsystems.org/pics/MHPAC/BioBot11319-BB048377+1281634066.JPG",
          "references": "http://bins.boldsystems.org/index.php/Public_RecordView?processid=MHPAF813-11",
          "title": "MHPAF813-11 Fruit",
          "creator": null,
          "publisher": null,
          "license": "http://creativecommons.org/licenses/by-nc-sa/4.0/",
          "rightsHolder": null
        }
      }
    },
    {
      "type": "Feature",
      "geometry": {
        "type": "Point",
        "coordinates": [
          -83.08539,
          9.118778
        ]
      },
      "properties": {
        "gbifID": "4032137153",
        "species": "Witheringia meiantha",
        "genus": "Witheringia",
        "family": "Solanaceae",
        "scientificName": "Witheringia meiantha (Donn.Sm.) Hunz.",
        "coordinateUncertaintyInMeters": "",
        "basisOfRecord": "PRESERVED_SPECIMEN",
        "eventDate": "2008-02-24",
        "country": null,
        "datasetName": "Tropicos",
        "publisher": "Missouri Botanical Garden",
        "license": "CC_BY_4_0",
        "issues": [
          "OCCURRENCE_STATUS_INFERRED_FROM_INDIVIDUAL_COUNT",
          "COORDINATE_ROUNDED",
          "GEODETIC_DATUM_ASSUMED_WGS84",
          "INSTITUTION_MATCH_FUZZY",
          "COLLECTION_MATCH_NONE",
          "TAXON_ID_NOT_FOUND"
        ],
        "fallback_media": {
          "url": "http://www.boldsystems.org/pics/MHPAC/BioBot11319-BB048377+1281634066.JPG",
          "references": "http://bins.boldsystems.org/index.php/Public_RecordView?processid=MHPAF813-11",
          "title": "MHPAF813-11 Fruit",
          "creator": null,
          "publisher": null,
          "license": "http://creativecommons.org/licenses/by-nc-sa/4.0/",
          "rightsHolder": null
        }
      }
    },
    {
      "type": "Feature",
      "geometry": {
        "type": "Point",
        "coordinates": [
          -81.14083,
          8.50888
        ]
      },
      "properties": {
        "gbifID": "1259426469",
        "species": "Witheringia meiantha",
        "genus": "Witheringia",
        "family": "Solanaceae",
        "scientificName": "Witheringia meiantha (Donn.Sm.) Hunz.",
        "coordinateUncertaintyInMeters": "",
        "basisOfRecord": "PRESERVED_SPECIMEN",
        "eventDate": "1981-01-04",
        "country": null,
        "datasetName": "Tropicos",
        "publisher": "Missouri Botanical Garden",
        "license": "CC_BY_4_0",
        "issues": [
          "GEODETIC_DATUM_ASSUMED_WGS84",
          "INSTITUTION_MATCH_FUZZY",
          "COLLECTION_MATCH_NONE",
          "TAXON_ID_NOT_FOUND"
        ],
        "fallback_media": {
          "url": "http://www.boldsystems.org/pics/MHPAC/BioBot11319-BB048377+1281634066.JPG",
          "references": "http://bins.boldsystems.org/index.php/Public_RecordView?processid=MHPAF813-11",
          "title": "MHPAF813-11 Fruit",
          "creator": null,
          "publisher": null,
          "license": "http://creativecommons.org/licenses/by-nc-sa/4.0/",
          "rightsHolder": null
        }
      }
    },
    {
      "type": "Feature",
      "geometry": {
        "type": "Point",
        "coordinates": [
          -85.5,
          11.433333
        ]
      },
      "properties": {
        "gbifID": "1262244296",
        "species": "Witheringia meiantha",
        "genus": "Witheringia",
        "family": "Solanaceae",
        "scientificName": "Witheringia meiantha (Donn.Sm.) Hunz.",
        "coordinateUncertaintyInMeters": "",
        "basisOfRecord": "PRESERVED_SPECIMEN",
        "eventDate": "1982-11-28",
        "country": null,
        "datasetName": "Tropicos",
        "publisher": "Missouri Botanical Garden",
        "license": "CC_BY_4_0",
        "issues": [
          "OCCURRENCE_STATUS_INFERRED_FROM_INDIVIDUAL_COUNT",
          "COORDINATE_ROUNDED",
          "GEODETIC_DATUM_ASSUMED_WGS84",
          "INSTITUTION_MATCH_FUZZY",
          "COLLECTION_MATCH_NONE",
          "TAXON_ID_NOT_FOUND"
        ],
        "fallback_media": {
          "url": "http://www.boldsystems.org/pics/MHPAC/BioBot11319-BB048377+1281634066.JPG",
          "references": "http://bins.boldsystems.org/index.php/Public_RecordView?processid=MHPAF813-11",
          "title": "MHPAF813-11 Fruit",
          "creator": null,
          "publisher": null,
          "license": "http://creativecommons.org/licenses/by-nc-sa/4.0/",
          "rightsHolder": null
        }
      }
    },
    {
      "type": "Feature",
      "geometry": {
        "type": "Point",
        "coordinates": [
          -85.95,
          11.833333
        ]
      },
      "properties": {
        "gbifID": "1262243921",
        "species": "Witheringia meiantha",
        "genus": "Witheringia",
        "family": "Solanaceae",
        "scientificName": "Witheringia meiantha (Donn.Sm.) Hunz.",
        "coordinateUncertaintyInMeters": "",
        "basisOfRecord": "PRESERVED_SPECIMEN",
        "eventDate": "1984-03-21",
        "country": null,
        "datasetName": "Tropicos",
        "publisher": "Missouri Botanical Garden",
        "license": "CC_BY_4_0",
        "issues": [
          "OCCURRENCE_STATUS_INFERRED_FROM_INDIVIDUAL_COUNT",
          "COORDINATE_ROUNDED",
          "GEODETIC_DATUM_ASSUMED_WGS84",
          "INSTITUTION_MATCH_FUZZY",
          "COLLECTION_MATCH_NONE",
          "TAXON_ID_NOT_FOUND"
        ],
        "fallback_media": {
          "url": "http://www.boldsystems.org/pics/MHPAC/BioBot11319-BB048377+1281634066.JPG",
          "references": "http://bins.boldsystems.org/index.php/Public_RecordView?processid=MHPAF813-11",
          "title": "MHPAF813-11 Fruit",
          "creator": null,
          "publisher": null,
          "license": "http://creativecommons.org/licenses/by-nc-sa/4.0/",
          "rightsHolder": null
        }
      }
    },
    {
      "type": "Feature",
      "geometry": {
        "type": "Point",
        "coordinates": [
          -83.98,
          10.06
        ]
      },
      "properties": {
        "gbifID": "1259428952",
        "species": "Witheringia meiantha",
        "genus": "Witheringia",
        "family": "Solanaceae",
        "scientificName": "Witheringia meiantha (Donn.Sm.) Hunz.",
        "coordinateUncertaintyInMeters": "",
        "basisOfRecord": "PRESERVED_SPECIMEN",
        "eventDate": "1976-05-24",
        "country": null,
        "datasetName": "Tropicos",
        "publisher": "Missouri Botanical Garden",
        "license": "CC_BY_4_0",
        "issues": [
          "GEODETIC_DATUM_ASSUMED_WGS84",
          "INSTITUTION_MATCH_FUZZY",
          "COLLECTION_MATCH_NONE",
          "TAXON_ID_NOT_FOUND"
        ],
        "fallback_media": {
          "url": "http://www.boldsystems.org/pics/MHPAC/BioBot11319-BB048377+1281634066.JPG",
          "references": "http://bins.boldsystems.org/index.php/Public_RecordView?processid=MHPAF813-11",
          "title": "MHPAF813-11 Fruit",
          "creator": null,
          "publisher": null,
          "license": "http://creativecommons.org/licenses/by-nc-sa/4.0/",
          "rightsHolder": null
        }
      }
    },
    {
      "type": "Feature",
      "geometry": {
        "type": "Point",
        "coordinates": [
          -91.004167,
          15.714167
        ]
      },
      "properties": {
        "gbifID": "1257746042",
        "species": "Witheringia meiantha",
        "genus": "Witheringia",
        "family": "Solanaceae",
        "scientificName": "Witheringia meiantha (Donn.Sm.) Hunz.",
        "coordinateUncertaintyInMeters": "",
        "basisOfRecord": "PRESERVED_SPECIMEN",
        "eventDate": "2007-04-22",
        "country": null,
        "datasetName": "Tropicos",
        "publisher": "Missouri Botanical Garden",
        "license": "CC_BY_4_0",
        "issues": [
          "OCCURRENCE_STATUS_INFERRED_FROM_INDIVIDUAL_COUNT",
          "COORDINATE_ROUNDED",
          "GEODETIC_DATUM_ASSUMED_WGS84",
          "INSTITUTION_MATCH_FUZZY",
          "COLLECTION_MATCH_NONE",
          "TAXON_ID_NOT_FOUND"
        ],
        "fallback_media": {
          "url": "http://www.boldsystems.org/pics/MHPAC/BioBot11319-BB048377+1281634066.JPG",
          "references": "http://bins.boldsystems.org/index.php/Public_RecordView?processid=MHPAF813-11",
          "title": "MHPAF813-11 Fruit",
          "creator": null,
          "publisher": null,
          "license": "http://creativecommons.org/licenses/by-nc-sa/4.0/",
          "rightsHolder": null
        }
      }
    },
    {
      "type": "Feature",
      "geometry": {
        "type": "Point",
        "coordinates": [
          -92.5,
          17.63333
        ]
      },
      "properties": {
        "gbifID": "1259427634",
        "species": "Witheringia meiantha",
        "genus": "Witheringia",
        "family": "Solanaceae",
        "scientificName": "Witheringia meiantha (Donn.Sm.) Hunz.",
        "coordinateUncertaintyInMeters": "",
        "basisOfRecord": "PRESERVED_SPECIMEN",
        "eventDate": "1987-12-04",
        "country": null,
        "datasetName": "Tropicos",
        "publisher": "Missouri Botanical Garden",
        "license": "CC_BY_4_0",
        "issues": [
          "GEODETIC_DATUM_ASSUMED_WGS84",
          "INSTITUTION_MATCH_FUZZY",
          "COLLECTION_MATCH_NONE",
          "TAXON_ID_NOT_FOUND"
        ],
        "fallback_media": {
          "url": "http://www.boldsystems.org/pics/MHPAC/BioBot11319-BB048377+1281634066.JPG",
          "references": "http://bins.boldsystems.org/index.php/Public_RecordView?processid=MHPAF813-11",
          "title": "MHPAF813-11 Fruit",
          "creator": null,
          "publisher": null,
          "license": "http://creativecommons.org/licenses/by-nc-sa/4.0/",
          "rightsHolder": null
        }
      }
    },
    {
      "type": "Feature",
      "geometry": {
        "type": "Point",
        "coordinates": [
          -86.181111,
          13.980389
        ]
      },
      "properties": {
        "gbifID": "4031869172",
        "species": "Witheringia meiantha",
        "genus": "Witheringia",
        "family": "Solanaceae",
        "scientificName": "Witheringia meiantha (Donn.Sm.) Hunz.",
        "coordinateUncertaintyInMeters": "",
        "basisOfRecord": "PRESERVED_SPECIMEN",
        "eventDate": "2012-07-07",
        "country": null,
        "datasetName": "Tropicos",
        "publisher": "Missouri Botanical Garden",
        "license": "CC_BY_4_0",
        "issues": [
          "OCCURRENCE_STATUS_INFERRED_FROM_INDIVIDUAL_COUNT",
          "COORDINATE_ROUNDED",
          "GEODETIC_DATUM_ASSUMED_WGS84",
          "INSTITUTION_MATCH_FUZZY",
          "COLLECTION_MATCH_NONE",
          "TAXON_ID_NOT_FOUND"
        ],
        "fallback_media": {
          "url": "http://www.boldsystems.org/pics/MHPAC/BioBot11319-BB048377+1281634066.JPG",
          "references": "http://bins.boldsystems.org/index.php/Public_RecordView?processid=MHPAF813-11",
          "title": "MHPAF813-11 Fruit",
          "creator": null,
          "publisher": null,
          "license": "http://creativecommons.org/licenses/by-nc-sa/4.0/",
          "rightsHolder": null
        }
      }
    },
    {
      "type": "Feature",
      "geometry": {
        "type": "Point",
        "coordinates": [
          -93.332806,
          16.893222
        ]
      },
      "properties": {
        "gbifID": "1258697137",
        "species": "Witheringia meiantha",
        "genus": "Witheringia",
        "family": "Solanaceae",
        "scientificName": "Witheringia meiantha (Donn.Sm.) Hunz.",
        "coordinateUncertaintyInMeters": "",
        "basisOfRecord": "PRESERVED_SPECIMEN",
        "eventDate": "1972-04-21",
        "country": null,
        "datasetName": "Tropicos",
        "publisher": "Missouri Botanical Garden",
        "license": "CC_BY_4_0",
        "issues": [
          "OCCURRENCE_STATUS_INFERRED_FROM_INDIVIDUAL_COUNT",
          "COORDINATE_ROUNDED",
          "GEODETIC_DATUM_ASSUMED_WGS84",
          "INSTITUTION_MATCH_FUZZY",
          "COLLECTION_MATCH_NONE",
          "TAXON_ID_NOT_FOUND"
        ],
        "fallback_media": {
          "url": "http://www.boldsystems.org/pics/MHPAC/BioBot11319-BB048377+1281634066.JPG",
          "references": "http://bins.boldsystems.org/index.php/Public_RecordView?processid=MHPAF813-11",
          "title": "MHPAF813-11 Fruit",
          "creator": null,
          "publisher": null,
          "license": "http://creativecommons.org/licenses/by-nc-sa/4.0/",
          "rightsHolder": null
        }
      }
    },
    {
      "type": "Feature",
      "geometry": {
        "type": "Point",
        "coordinates": [
          -85.716667,
          12.633333
        ]
      },
      "properties": {
        "gbifID": "1262245085",
        "species": "Witheringia meiantha",
        "genus": "Witheringia",
        "family": "Solanaceae",
        "scientificName": "Witheringia meiantha (Donn.Sm.) Hunz.",
        "coordinateUncertaintyInMeters": "",
        "basisOfRecord": "PRESERVED_SPECIMEN",
        "eventDate": "1983-02-12",
        "country": null,
        "datasetName": "Tropicos",
        "publisher": "Missouri Botanical Garden",
        "license": "CC_BY_4_0",
        "issues": [
          "OCCURRENCE_STATUS_INFERRED_FROM_INDIVIDUAL_COUNT",
          "COORDINATE_ROUNDED",
          "GEODETIC_DATUM_ASSUMED_WGS84",
          "INSTITUTION_MATCH_FUZZY",
          "COLLECTION_MATCH_NONE",
          "TAXON_ID_NOT_FOUND"
        ],
        "fallback_media": {
          "url": "http://www.boldsystems.org/pics/MHPAC/BioBot11319-BB048377+1281634066.JPG",
          "references": "http://bins.boldsystems.org/index.php/Public_RecordView?processid=MHPAF813-11",
          "title": "MHPAF813-11 Fruit",
          "creator": null,
          "publisher": null,
          "license": "http://creativecommons.org/licenses/by-nc-sa/4.0/",
          "rightsHolder": null
        }
      }
    },
    {
      "type": "Feature",
      "geometry": {
        "type": "Point",
        "coordinates": [
          -85.966667,
          11.85
        ]
      },
      "properties": {
        "gbifID": "1262249669",
        "species": "Witheringia meiantha",
        "genus": "Witheringia",
        "family": "Solanaceae",
        "scientificName": "Witheringia meiantha (Donn.Sm.) Hunz.",
        "coordinateUncertaintyInMeters": "",
        "basisOfRecord": "PRESERVED_SPECIMEN",
        "eventDate": "1980-10-28",
        "country": null,
        "datasetName": "Tropicos",
        "publisher": "Missouri Botanical Garden",
        "license": "CC_BY_4_0",
        "issues": [
          "OCCURRENCE_STATUS_INFERRED_FROM_INDIVIDUAL_COUNT",
          "COORDINATE_ROUNDED",
          "GEODETIC_DATUM_ASSUMED_WGS84",
          "INSTITUTION_MATCH_FUZZY",
          "COLLECTION_MATCH_NONE",
          "TAXON_ID_NOT_FOUND"
        ],
        "fallback_media": {
          "url": "http://www.boldsystems.org/pics/MHPAC/BioBot11319-BB048377+1281634066.JPG",
          "references": "http://bins.boldsystems.org/index.php/Public_RecordView?processid=MHPAF813-11",
          "title": "MHPAF813-11 Fruit",
          "creator": null,
          "publisher": null,
          "license": "http://creativecommons.org/licenses/by-nc-sa/4.0/",
          "rightsHolder": null
        }
      }
    },
    {
      "type": "Feature",
      "geometry": {
        "type": "Point",
        "coordinates": [
          -85.3,
          10.76
        ]
      },
      "properties": {
        "gbifID": "1259181396",
        "species": "Witheringia meiantha",
        "genus": "Witheringia",
        "family": "Solanaceae",
        "scientificName": "Witheringia meiantha (Donn.Sm.) Hunz.",
        "coordinateUncertaintyInMeters": "",
        "basisOfRecord": "PRESERVED_SPECIMEN",
        "eventDate": "1978-02-07",
        "country": null,
        "datasetName": "Tropicos",
        "publisher": "Missouri Botanical Garden",
        "license": "CC_BY_4_0",
        "issues": [
          "OCCURRENCE_STATUS_INFERRED_FROM_INDIVIDUAL_COUNT",
          "GEODETIC_DATUM_ASSUMED_WGS84",
          "INSTITUTION_MATCH_FUZZY",
          "COLLECTION_MATCH_NONE",
          "TAXON_ID_NOT_FOUND"
        ],
        "fallback_media": {
          "url": "http://www.boldsystems.org/pics/MHPAC/BioBot11319-BB048377+1281634066.JPG",
          "references": "http://bins.boldsystems.org/index.php/Public_RecordView?processid=MHPAF813-11",
          "title": "MHPAF813-11 Fruit",
          "creator": null,
          "publisher": null,
          "license": "http://creativecommons.org/licenses/by-nc-sa/4.0/",
          "rightsHolder": null
        }
      }
    },
    {
      "type": "Feature",
      "geometry": {
        "type": "Point",
        "coordinates": [
          -85.633333,
          13.233333
        ]
      },
      "properties": {
        "gbifID": "1258327514",
        "species": "Witheringia meiantha",
        "genus": "Witheringia",
        "family": "Solanaceae",
        "scientificName": "Witheringia meiantha (Donn.Sm.) Hunz.",
        "coordinateUncertaintyInMeters": "",
        "basisOfRecord": "PRESERVED_SPECIMEN",
        "eventDate": "1982-01-18",
        "country": null,
        "datasetName": "Tropicos",
        "publisher": "Missouri Botanical Garden",
        "license": "CC_BY_4_0",
        "issues": [
          "OCCURRENCE_STATUS_INFERRED_FROM_INDIVIDUAL_COUNT",
          "COORDINATE_ROUNDED",
          "GEODETIC_DATUM_ASSUMED_WGS84",
          "INSTITUTION_MATCH_FUZZY",
          "COLLECTION_MATCH_NONE",
          "TAXON_ID_NOT_FOUND"
        ],
        "fallback_media": {
          "url": "http://www.boldsystems.org/pics/MHPAC/BioBot11319-BB048377+1281634066.JPG",
          "references": "http://bins.boldsystems.org/index.php/Public_RecordView?processid=MHPAF813-11",
          "title": "MHPAF813-11 Fruit",
          "creator": null,
          "publisher": null,
          "license": "http://creativecommons.org/licenses/by-nc-sa/4.0/",
          "rightsHolder": null
        }
      }
    },
    {
      "type": "Feature",
      "geometry": {
        "type": "Point",
        "coordinates": [
          -88.65722,
          15.71611
        ]
      },
      "properties": {
        "gbifID": "1260863260",
        "species": "Witheringia meiantha",
        "genus": "Witheringia",
        "family": "Solanaceae",
        "scientificName": "Witheringia meiantha (Donn.Sm.) Hunz.",
        "coordinateUncertaintyInMeters": "",
        "basisOfRecord": "PRESERVED_SPECIMEN",
        "eventDate": "2002-10-25",
        "country": null,
        "datasetName": "Tropicos",
        "publisher": "Missouri Botanical Garden",
        "license": "CC_BY_4_0",
        "issues": [
          "GEODETIC_DATUM_ASSUMED_WGS84",
          "INSTITUTION_MATCH_FUZZY",
          "COLLECTION_MATCH_NONE",
          "TAXON_ID_NOT_FOUND"
        ],
        "fallback_media": {
          "url": "http://www.boldsystems.org/pics/MHPAC/BioBot11319-BB048377+1281634066.JPG",
          "references": "http://bins.boldsystems.org/index.php/Public_RecordView?processid=MHPAF813-11",
          "title": "MHPAF813-11 Fruit",
          "creator": null,
          "publisher": null,
          "license": "http://creativecommons.org/licenses/by-nc-sa/4.0/",
          "rightsHolder": null
        }
      }
    },
    {
      "type": "Feature",
      "geometry": {
        "type": "Point",
        "coordinates": [
          -84.77,
          10.26
        ]
      },
      "properties": {
        "gbifID": "1262252866",
        "species": "Witheringia meiantha",
        "genus": "Witheringia",
        "family": "Solanaceae",
        "scientificName": "Witheringia meiantha (Donn.Sm.) Hunz.",
        "coordinateUncertaintyInMeters": "",
        "basisOfRecord": "PRESERVED_SPECIMEN",
        "eventDate": "1984-11-29",
        "country": null,
        "datasetName": "Tropicos",
        "publisher": "Missouri Botanical Garden",
        "license": "CC_BY_4_0",
        "issues": [
          "OCCURRENCE_STATUS_INFERRED_FROM_INDIVIDUAL_COUNT",
          "GEODETIC_DATUM_ASSUMED_WGS84",
          "INSTITUTION_MATCH_FUZZY",
          "COLLECTION_MATCH_NONE",
          "TAXON_ID_NOT_FOUND"
        ],
        "fallback_media": {
          "url": "http://www.boldsystems.org/pics/MHPAC/BioBot11319-BB048377+1281634066.JPG",
          "references": "http://bins.boldsystems.org/index.php/Public_RecordView?processid=MHPAF813-11",
          "title": "MHPAF813-11 Fruit",
          "creator": null,
          "publisher": null,
          "license": "http://creativecommons.org/licenses/by-nc-sa/4.0/",
          "rightsHolder": null
        }
      }
    },
    {
      "type": "Feature",
      "geometry": {
        "type": "Point",
        "coordinates": [
          -84.80666,
          10.3175
        ]
      },
      "properties": {
        "gbifID": "1259426749",
        "species": "Witheringia meiantha",
        "genus": "Witheringia",
        "family": "Solanaceae",
        "scientificName": "Witheringia meiantha (Donn.Sm.) Hunz.",
        "coordinateUncertaintyInMeters": "",
        "basisOfRecord": "PRESERVED_SPECIMEN",
        "eventDate": "1983-07-03",
        "country": null,
        "datasetName": "Tropicos",
        "publisher": "Missouri Botanical Garden",
        "license": "CC_BY_4_0",
        "issues": [
          "GEODETIC_DATUM_ASSUMED_WGS84",
          "INSTITUTION_MATCH_FUZZY",
          "COLLECTION_MATCH_NONE",
          "TAXON_ID_NOT_FOUND"
        ],
        "fallback_media": {
          "url": "http://www.boldsystems.org/pics/MHPAC/BioBot11319-BB048377+1281634066.JPG",
          "references": "http://bins.boldsystems.org/index.php/Public_RecordView?processid=MHPAF813-11",
          "title": "MHPAF813-11 Fruit",
          "creator": null,
          "publisher": null,
          "license": "http://creativecommons.org/licenses/by-nc-sa/4.0/",
          "rightsHolder": null
        }
      }
    },
    {
      "type": "Feature",
      "geometry": {
        "type": "Point",
        "coordinates": [
          -83.27876,
          9.622819
        ]
      },
      "properties": {
        "gbifID": "4031915900",
        "species": "Witheringia meiantha",
        "genus": "Witheringia",
        "family": "Solanaceae",
        "scientificName": "Witheringia meiantha (Donn.Sm.) Hunz.",
        "coordinateUncertaintyInMeters": "",
        "basisOfRecord": "PRESERVED_SPECIMEN",
        "eventDate": "2007-07-27",
        "country": null,
        "datasetName": "Tropicos",
        "publisher": "Missouri Botanical Garden",
        "license": "CC_BY_4_0",
        "issues": [
          "OCCURRENCE_STATUS_INFERRED_FROM_INDIVIDUAL_COUNT",
          "COORDINATE_ROUNDED",
          "GEODETIC_DATUM_ASSUMED_WGS84",
          "INSTITUTION_MATCH_FUZZY",
          "COLLECTION_MATCH_NONE",
          "TAXON_ID_NOT_FOUND"
        ],
        "fallback_media": {
          "url": "http://www.boldsystems.org/pics/MHPAC/BioBot11319-BB048377+1281634066.JPG",
          "references": "http://bins.boldsystems.org/index.php/Public_RecordView?processid=MHPAF813-11",
          "title": "MHPAF813-11 Fruit",
          "creator": null,
          "publisher": null,
          "license": "http://creativecommons.org/licenses/by-nc-sa/4.0/",
          "rightsHolder": null
        }
      }
    },
    {
      "type": "Feature",
      "geometry": {
        "type": "Point",
        "coordinates": [
          -83.31666,
          9.75
        ]
      },
      "properties": {
        "gbifID": "1260116082",
        "species": "Witheringia meiantha",
        "genus": "Witheringia",
        "family": "Solanaceae",
        "scientificName": "Witheringia meiantha (Donn.Sm.) Hunz.",
        "coordinateUncertaintyInMeters": "",
        "basisOfRecord": "PRESERVED_SPECIMEN",
        "eventDate": "1995-08-16",
        "country": null,
        "datasetName": "Tropicos",
        "publisher": "Missouri Botanical Garden",
        "license": "CC_BY_4_0",
        "issues": [
          "GEODETIC_DATUM_ASSUMED_WGS84",
          "INSTITUTION_MATCH_FUZZY",
          "COLLECTION_MATCH_NONE",
          "TAXON_ID_NOT_FOUND"
        ],
        "fallback_media": {
          "url": "http://www.boldsystems.org/pics/MHPAC/BioBot11319-BB048377+1281634066.JPG",
          "references": "http://bins.boldsystems.org/index.php/Public_RecordView?processid=MHPAF813-11",
          "title": "MHPAF813-11 Fruit",
          "creator": null,
          "publisher": null,
          "license": "http://creativecommons.org/licenses/by-nc-sa/4.0/",
          "rightsHolder": null
        }
      }
    },
    {
      "type": "Feature",
      "geometry": {
        "type": "Point",
        "coordinates": [
          -82.0,
          9.05
        ]
      },
      "properties": {
        "gbifID": "1259429500",
        "species": "Witheringia meiantha",
        "genus": "Witheringia",
        "family": "Solanaceae",
        "scientificName": "Witheringia meiantha (Donn.Sm.) Hunz.",
        "coordinateUncertaintyInMeters": "",
        "basisOfRecord": "PRESERVED_SPECIMEN",
        "eventDate": "1940-10-19",
        "country": null,
        "datasetName": "Tropicos",
        "publisher": "Missouri Botanical Garden",
        "license": "CC_BY_4_0",
        "issues": [
          "GEODETIC_DATUM_ASSUMED_WGS84",
          "CONTINENT_COORDINATE_MISMATCH",
          "INSTITUTION_MATCH_FUZZY",
          "COLLECTION_MATCH_NONE",
          "TAXON_ID_NOT_FOUND"
        ],
        "fallback_media": {
          "url": "http://www.boldsystems.org/pics/MHPAC/BioBot11319-BB048377+1281634066.JPG",
          "references": "http://bins.boldsystems.org/index.php/Public_RecordView?processid=MHPAF813-11",
          "title": "MHPAF813-11 Fruit",
          "creator": null,
          "publisher": null,
          "license": "http://creativecommons.org/licenses/by-nc-sa/4.0/",
          "rightsHolder": null
        }
      }
    },
    {
      "type": "Feature",
      "geometry": {
        "type": "Point",
        "coordinates": [
          -80.1,
          8.616667
        ]
      },
      "properties": {
        "gbifID": "1259427111",
        "species": "Witheringia meiantha",
        "genus": "Witheringia",
        "family": "Solanaceae",
        "scientificName": "Witheringia meiantha (Donn.Sm.) Hunz.",
        "coordinateUncertaintyInMeters": "",
        "basisOfRecord": "PRESERVED_SPECIMEN",
        "eventDate": "1967-05-27",
        "country": null,
        "datasetName": "Tropicos",
        "publisher": "Missouri Botanical Garden",
        "license": "CC_BY_4_0",
        "issues": [
          "OCCURRENCE_STATUS_INFERRED_FROM_INDIVIDUAL_COUNT",
          "COORDINATE_ROUNDED",
          "GEODETIC_DATUM_ASSUMED_WGS84",
          "INSTITUTION_MATCH_FUZZY",
          "COLLECTION_MATCH_NONE",
          "TAXON_ID_NOT_FOUND"
        ],
        "fallback_media": {
          "url": "http://www.boldsystems.org/pics/MHPAC/BioBot11319-BB048377+1281634066.JPG",
          "references": "http://bins.boldsystems.org/index.php/Public_RecordView?processid=MHPAF813-11",
          "title": "MHPAF813-11 Fruit",
          "creator": null,
          "publisher": null,
          "license": "http://creativecommons.org/licenses/by-nc-sa/4.0/",
          "rightsHolder": null
        }
      }
    },
    {
      "type": "Feature",
      "geometry": {
        "type": "Point",
        "coordinates": [
          -86.240278,
          13.416667
        ]
      },
      "properties": {
        "gbifID": "4031643757",
        "species": "Witheringia meiantha",
        "genus": "Witheringia",
        "family": "Solanaceae",
        "scientificName": "Witheringia meiantha (Donn.Sm.) Hunz.",
        "coordinateUncertaintyInMeters": "",
        "basisOfRecord": "PRESERVED_SPECIMEN",
        "eventDate": "2007-10-14",
        "country": null,
        "datasetName": "Tropicos",
        "publisher": "Missouri Botanical Garden",
        "license": "CC_BY_4_0",
        "issues": [
          "OCCURRENCE_STATUS_INFERRED_FROM_INDIVIDUAL_COUNT",
          "COORDINATE_ROUNDED",
          "GEODETIC_DATUM_ASSUMED_WGS84",
          "INSTITUTION_MATCH_FUZZY",
          "COLLECTION_MATCH_NONE",
          "TAXON_ID_NOT_FOUND"
        ],
        "fallback_media": {
          "url": "http://www.boldsystems.org/pics/MHPAC/BioBot11319-BB048377+1281634066.JPG",
          "references": "http://bins.boldsystems.org/index.php/Public_RecordView?processid=MHPAF813-11",
          "title": "MHPAF813-11 Fruit",
          "creator": null,
          "publisher": null,
          "license": "http://creativecommons.org/licenses/by-nc-sa/4.0/",
          "rightsHolder": null
        }
      }
    },
    {
      "type": "Feature",
      "geometry": {
        "type": "Point",
        "coordinates": [
          -85.683333,
          13.566667
        ]
      },
      "properties": {
        "gbifID": "4031584018",
        "species": "Witheringia meiantha",
        "genus": "Witheringia",
        "family": "Solanaceae",
        "scientificName": "Witheringia meiantha (Donn.Sm.) Hunz.",
        "coordinateUncertaintyInMeters": "",
        "basisOfRecord": "PRESERVED_SPECIMEN",
        "eventDate": "2000-04-23",
        "country": null,
        "datasetName": "Tropicos",
        "publisher": "Missouri Botanical Garden",
        "license": "CC_BY_4_0",
        "issues": [
          "OCCURRENCE_STATUS_INFERRED_FROM_INDIVIDUAL_COUNT",
          "COORDINATE_ROUNDED",
          "GEODETIC_DATUM_ASSUMED_WGS84",
          "INSTITUTION_MATCH_FUZZY",
          "COLLECTION_MATCH_NONE",
          "TAXON_ID_NOT_FOUND"
        ],
        "fallback_media": {
          "url": "http://www.boldsystems.org/pics/MHPAC/BioBot11319-BB048377+1281634066.JPG",
          "references": "http://bins.boldsystems.org/index.php/Public_RecordView?processid=MHPAF813-11",
          "title": "MHPAF813-11 Fruit",
          "creator": null,
          "publisher": null,
          "license": "http://creativecommons.org/licenses/by-nc-sa/4.0/",
          "rightsHolder": null
        }
      }
    },
    {
      "type": "Feature",
      "geometry": {
        "type": "Point",
        "coordinates": [
          -85.65,
          13.566667
        ]
      },
      "properties": {
        "gbifID": "4031889291",
        "species": "Witheringia meiantha",
        "genus": "Witheringia",
        "family": "Solanaceae",
        "scientificName": "Witheringia meiantha (Donn.Sm.) Hunz.",
        "coordinateUncertaintyInMeters": "",
        "basisOfRecord": "PRESERVED_SPECIMEN",
        "eventDate": "2001-01-08",
        "country": null,
        "datasetName": "Tropicos",
        "publisher": "Missouri Botanical Garden",
        "license": "CC_BY_4_0",
        "issues": [
          "OCCURRENCE_STATUS_INFERRED_FROM_INDIVIDUAL_COUNT",
          "COORDINATE_ROUNDED",
          "GEODETIC_DATUM_ASSUMED_WGS84",
          "INSTITUTION_MATCH_FUZZY",
          "COLLECTION_MATCH_NONE",
          "TAXON_ID_NOT_FOUND"
        ],
        "fallback_media": {
          "url": "http://www.boldsystems.org/pics/MHPAC/BioBot11319-BB048377+1281634066.JPG",
          "references": "http://bins.boldsystems.org/index.php/Public_RecordView?processid=MHPAF813-11",
          "title": "MHPAF813-11 Fruit",
          "creator": null,
          "publisher": null,
          "license": "http://creativecommons.org/licenses/by-nc-sa/4.0/",
          "rightsHolder": null
        }
      }
    },
    {
      "type": "Feature",
      "geometry": {
        "type": "Point",
        "coordinates": [
          -84.995833,
          13.747222
        ]
      },
      "properties": {
        "gbifID": "1262244563",
        "species": "Witheringia meiantha",
        "genus": "Witheringia",
        "family": "Solanaceae",
        "scientificName": "Witheringia meiantha (Donn.Sm.) Hunz.",
        "coordinateUncertaintyInMeters": "",
        "basisOfRecord": "PRESERVED_SPECIMEN",
        "eventDate": "1979-04-16",
        "country": null,
        "datasetName": "Tropicos",
        "publisher": "Missouri Botanical Garden",
        "license": "CC_BY_4_0",
        "issues": [
          "OCCURRENCE_STATUS_INFERRED_FROM_INDIVIDUAL_COUNT",
          "COORDINATE_ROUNDED",
          "GEODETIC_DATUM_ASSUMED_WGS84",
          "INSTITUTION_MATCH_FUZZY",
          "COLLECTION_MATCH_NONE",
          "TAXON_ID_NOT_FOUND"
        ],
        "fallback_media": {
          "url": "http://www.boldsystems.org/pics/MHPAC/BioBot11319-BB048377+1281634066.JPG",
          "references": "http://bins.boldsystems.org/index.php/Public_RecordView?processid=MHPAF813-11",
          "title": "MHPAF813-11 Fruit",
          "creator": null,
          "publisher": null,
          "license": "http://creativecommons.org/licenses/by-nc-sa/4.0/",
          "rightsHolder": null
        }
      }
    },
    {
      "type": "Feature",
      "geometry": {
        "type": "Point",
        "coordinates": [
          -91.010278,
          15.716945
        ]
      },
      "properties": {
        "gbifID": "1257743503",
        "species": "Witheringia meiantha",
        "genus": "Witheringia",
        "family": "Solanaceae",
        "scientificName": "Witheringia meiantha (Donn.Sm.) Hunz.",
        "coordinateUncertaintyInMeters": "",
        "basisOfRecord": "PRESERVED_SPECIMEN",
        "eventDate": "2007-04-21",
        "country": null,
        "datasetName": "Tropicos",
        "publisher": "Missouri Botanical Garden",
        "license": "CC_BY_4_0",
        "issues": [
          "OCCURRENCE_STATUS_INFERRED_FROM_INDIVIDUAL_COUNT",
          "COORDINATE_ROUNDED",
          "GEODETIC_DATUM_ASSUMED_WGS84",
          "INSTITUTION_MATCH_FUZZY",
          "COLLECTION_MATCH_NONE",
          "TAXON_ID_NOT_FOUND"
        ],
        "fallback_media": {
          "url": "http://www.boldsystems.org/pics/MHPAC/BioBot11319-BB048377+1281634066.JPG",
          "references": "http://bins.boldsystems.org/index.php/Public_RecordView?processid=MHPAF813-11",
          "title": "MHPAF813-11 Fruit",
          "creator": null,
          "publisher": null,
          "license": "http://creativecommons.org/licenses/by-nc-sa/4.0/",
          "rightsHolder": null
        }
      }
    },
    {
      "type": "Feature",
      "geometry": {
        "type": "Point",
        "coordinates": [
          -83.2677,
          9.619889
        ]
      },
      "properties": {
        "gbifID": "4031919710",
        "species": "Witheringia meiantha",
        "genus": "Witheringia",
        "family": "Solanaceae",
        "scientificName": "Witheringia meiantha (Donn.Sm.) Hunz.",
        "coordinateUncertaintyInMeters": "",
        "basisOfRecord": "PRESERVED_SPECIMEN",
        "eventDate": "2007-07-22",
        "country": null,
        "datasetName": "Tropicos",
        "publisher": "Missouri Botanical Garden",
        "license": "CC_BY_4_0",
        "issues": [
          "OCCURRENCE_STATUS_INFERRED_FROM_INDIVIDUAL_COUNT",
          "GEODETIC_DATUM_ASSUMED_WGS84",
          "INSTITUTION_MATCH_FUZZY",
          "COLLECTION_MATCH_NONE",
          "TAXON_ID_NOT_FOUND"
        ],
        "fallback_media": {
          "url": "http://www.boldsystems.org/pics/MHPAC/BioBot11319-BB048377+1281634066.JPG",
          "references": "http://bins.boldsystems.org/index.php/Public_RecordView?processid=MHPAF813-11",
          "title": "MHPAF813-11 Fruit",
          "creator": null,
          "publisher": null,
          "license": "http://creativecommons.org/licenses/by-nc-sa/4.0/",
          "rightsHolder": null
        }
      }
    },
    {
      "type": "Feature",
      "geometry": {
        "type": "Point",
        "coordinates": [
          -85.4575,
          10.941944
        ]
      },
      "properties": {
        "gbifID": "4032077063",
        "species": "Witheringia meiantha",
        "genus": "Witheringia",
        "family": "Solanaceae",
        "scientificName": "Witheringia meiantha (Donn.Sm.) Hunz.",
        "coordinateUncertaintyInMeters": "",
        "basisOfRecord": "PRESERVED_SPECIMEN",
        "eventDate": "2007-08-14",
        "country": null,
        "datasetName": "Tropicos",
        "publisher": "Missouri Botanical Garden",
        "license": "CC_BY_4_0",
        "issues": [
          "OCCURRENCE_STATUS_INFERRED_FROM_INDIVIDUAL_COUNT",
          "GEODETIC_DATUM_ASSUMED_WGS84",
          "INSTITUTION_MATCH_FUZZY",
          "COLLECTION_MATCH_NONE",
          "TAXON_ID_NOT_FOUND"
        ],
        "fallback_media": {
          "url": "http://www.boldsystems.org/pics/MHPAC/BioBot11319-BB048377+1281634066.JPG",
          "references": "http://bins.boldsystems.org/index.php/Public_RecordView?processid=MHPAF813-11",
          "title": "MHPAF813-11 Fruit",
          "creator": null,
          "publisher": null,
          "license": "http://creativecommons.org/licenses/by-nc-sa/4.0/",
          "rightsHolder": null
        }
      }
    },
    {
      "type": "Feature",
      "geometry": {
        "type": "Point",
        "coordinates": [
          -82.616667,
          8.883333
        ]
      },
      "properties": {
        "gbifID": "1262241248",
        "species": "Witheringia meiantha",
        "genus": "Witheringia",
        "family": "Solanaceae",
        "scientificName": "Witheringia meiantha (Donn.Sm.) Hunz.",
        "coordinateUncertaintyInMeters": "",
        "basisOfRecord": "PRESERVED_SPECIMEN",
        "eventDate": "1983-03-19",
        "country": null,
        "datasetName": "Tropicos",
        "publisher": "Missouri Botanical Garden",
        "license": "CC_BY_4_0",
        "issues": [
          "OCCURRENCE_STATUS_INFERRED_FROM_INDIVIDUAL_COUNT",
          "COORDINATE_ROUNDED",
          "GEODETIC_DATUM_ASSUMED_WGS84",
          "INSTITUTION_MATCH_FUZZY",
          "COLLECTION_MATCH_NONE",
          "TAXON_ID_NOT_FOUND"
        ],
        "fallback_media": {
          "url": "http://www.boldsystems.org/pics/MHPAC/BioBot11319-BB048377+1281634066.JPG",
          "references": "http://bins.boldsystems.org/index.php/Public_RecordView?processid=MHPAF813-11",
          "title": "MHPAF813-11 Fruit",
          "creator": null,
          "publisher": null,
          "license": "http://creativecommons.org/licenses/by-nc-sa/4.0/",
          "rightsHolder": null
        }
      }
    },
    {
      "type": "Feature",
      "geometry": {
        "type": "Point",
        "coordinates": [
          -85.933333,
          11.833333
        ]
      },
      "properties": {
        "gbifID": "1262255886",
        "species": "Witheringia meiantha",
        "genus": "Witheringia",
        "family": "Solanaceae",
        "scientificName": "Witheringia meiantha (Donn.Sm.) Hunz.",
        "coordinateUncertaintyInMeters": "",
        "basisOfRecord": "PRESERVED_SPECIMEN",
        "eventDate": "1982-05-13",
        "country": null,
        "datasetName": "Tropicos",
        "publisher": "Missouri Botanical Garden",
        "license": "CC_BY_4_0",
        "issues": [
          "OCCURRENCE_STATUS_INFERRED_FROM_INDIVIDUAL_COUNT",
          "COORDINATE_ROUNDED",
          "GEODETIC_DATUM_ASSUMED_WGS84",
          "INSTITUTION_MATCH_FUZZY",
          "COLLECTION_MATCH_NONE",
          "TAXON_ID_NOT_FOUND"
        ],
        "fallback_media": {
          "url": "http://www.boldsystems.org/pics/MHPAC/BioBot11319-BB048377+1281634066.JPG",
          "references": "http://bins.boldsystems.org/index.php/Public_RecordView?processid=MHPAF813-11",
          "title": "MHPAF813-11 Fruit",
          "creator": null,
          "publisher": null,
          "license": "http://creativecommons.org/licenses/by-nc-sa/4.0/",
          "rightsHolder": null
        }
      }
    },
    {
      "type": "Feature",
      "geometry": {
        "type": "Point",
        "coordinates": [
          -85.966667,
          11.816667
        ]
      },
      "properties": {
        "gbifID": "1262248761",
        "species": "Witheringia meiantha",
        "genus": "Witheringia",
        "family": "Solanaceae",
        "scientificName": "Witheringia meiantha (Donn.Sm.) Hunz.",
        "coordinateUncertaintyInMeters": "",
        "basisOfRecord": "PRESERVED_SPECIMEN",
        "eventDate": "1982-03-31",
        "country": null,
        "datasetName": "Tropicos",
        "publisher": "Missouri Botanical Garden",
        "license": "CC_BY_4_0",
        "issues": [
          "OCCURRENCE_STATUS_INFERRED_FROM_INDIVIDUAL_COUNT",
          "COORDINATE_ROUNDED",
          "GEODETIC_DATUM_ASSUMED_WGS84",
          "INSTITUTION_MATCH_FUZZY",
          "COLLECTION_MATCH_NONE",
          "TAXON_ID_NOT_FOUND"
        ],
        "fallback_media": {
          "url": "http://www.boldsystems.org/pics/MHPAC/BioBot11319-BB048377+1281634066.JPG",
          "references": "http://bins.boldsystems.org/index.php/Public_RecordView?processid=MHPAF813-11",
          "title": "MHPAF813-11 Fruit",
          "creator": null,
          "publisher": null,
          "license": "http://creativecommons.org/licenses/by-nc-sa/4.0/",
          "rightsHolder": null
        }
      }
    },
    {
      "type": "Feature",
      "geometry": {
        "type": "Point",
        "coordinates": [
          -85.383333,
          12.3
        ]
      },
      "properties": {
        "gbifID": "1262245755",
        "species": "Witheringia meiantha",
        "genus": "Witheringia",
        "family": "Solanaceae",
        "scientificName": "Witheringia meiantha (Donn.Sm.) Hunz.",
        "coordinateUncertaintyInMeters": "",
        "basisOfRecord": "PRESERVED_SPECIMEN",
        "eventDate": "1983-09-23",
        "country": null,
        "datasetName": "Tropicos",
        "publisher": "Missouri Botanical Garden",
        "license": "CC_BY_4_0",
        "issues": [
          "OCCURRENCE_STATUS_INFERRED_FROM_INDIVIDUAL_COUNT",
          "COORDINATE_ROUNDED",
          "GEODETIC_DATUM_ASSUMED_WGS84",
          "INSTITUTION_MATCH_FUZZY",
          "COLLECTION_MATCH_NONE",
          "TAXON_ID_NOT_FOUND"
        ],
        "fallback_media": {
          "url": "http://www.boldsystems.org/pics/MHPAC/BioBot11319-BB048377+1281634066.JPG",
          "references": "http://bins.boldsystems.org/index.php/Public_RecordView?processid=MHPAF813-11",
          "title": "MHPAF813-11 Fruit",
          "creator": null,
          "publisher": null,
          "license": "http://creativecommons.org/licenses/by-nc-sa/4.0/",
          "rightsHolder": null
        }
      }
    },
    {
      "type": "Feature",
      "geometry": {
        "type": "Point",
        "coordinates": [
          -84.24494,
          10.141528
        ]
      },
      "properties": {
        "gbifID": "4031740250",
        "species": "Witheringia meiantha",
        "genus": "Witheringia",
        "family": "Solanaceae",
        "scientificName": "Witheringia meiantha (Donn.Sm.) Hunz.",
        "coordinateUncertaintyInMeters": "",
        "basisOfRecord": "PRESERVED_SPECIMEN",
        "eventDate": "2010-04-22",
        "country": null,
        "datasetName": "Tropicos",
        "publisher": "Missouri Botanical Garden",
        "license": "CC_BY_4_0",
        "issues": [
          "OCCURRENCE_STATUS_INFERRED_FROM_INDIVIDUAL_COUNT",
          "GEODETIC_DATUM_ASSUMED_WGS84",
          "INSTITUTION_MATCH_FUZZY",
          "COLLECTION_MATCH_NONE",
          "TAXON_ID_NOT_FOUND"
        ],
        "fallback_media": {
          "url": "http://www.boldsystems.org/pics/MHPAC/BioBot11319-BB048377+1281634066.JPG",
          "references": "http://bins.boldsystems.org/index.php/Public_RecordView?processid=MHPAF813-11",
          "title": "MHPAF813-11 Fruit",
          "creator": null,
          "publisher": null,
          "license": "http://creativecommons.org/licenses/by-nc-sa/4.0/",
          "rightsHolder": null
        }
      }
    },
    {
      "type": "Feature",
      "geometry": {
        "type": "Point",
        "coordinates": [
          -80.616667,
          8.666667
        ]
      },
      "properties": {
        "gbifID": "1259429990",
        "species": "Witheringia meiantha",
        "genus": "Witheringia",
        "family": "Solanaceae",
        "scientificName": "Witheringia meiantha (Donn.Sm.) Hunz.",
        "coordinateUncertaintyInMeters": "",
        "basisOfRecord": "PRESERVED_SPECIMEN",
        "eventDate": "1978-06-21",
        "country": null,
        "datasetName": "Tropicos",
        "publisher": "Missouri Botanical Garden",
        "license": "CC_BY_4_0",
        "issues": [
          "OCCURRENCE_STATUS_INFERRED_FROM_INDIVIDUAL_COUNT",
          "COORDINATE_ROUNDED",
          "GEODETIC_DATUM_ASSUMED_WGS84",
          "INSTITUTION_MATCH_FUZZY",
          "COLLECTION_MATCH_NONE",
          "TAXON_ID_NOT_FOUND"
        ],
        "fallback_media": {
          "url": "http://www.boldsystems.org/pics/MHPAC/BioBot11319-BB048377+1281634066.JPG",
          "references": "http://bins.boldsystems.org/index.php/Public_RecordView?processid=MHPAF813-11",
          "title": "MHPAF813-11 Fruit",
          "creator": null,
          "publisher": null,
          "license": "http://creativecommons.org/licenses/by-nc-sa/4.0/",
          "rightsHolder": null
        }
      }
    },
    {
      "type": "Feature",
      "geometry": {
        "type": "Point",
        "coordinates": [
          -85.683333,
          13.366667
        ]
      },
      "properties": {
        "gbifID": "4031489269",
        "species": "Witheringia meiantha",
        "genus": "Witheringia",
        "family": "Solanaceae",
        "scientificName": "Witheringia meiantha (Donn.Sm.) Hunz.",
        "coordinateUncertaintyInMeters": "",
        "basisOfRecord": "PRESERVED_SPECIMEN",
        "eventDate": "2000-08-26",
        "country": null,
        "datasetName": "Tropicos",
        "publisher": "Missouri Botanical Garden",
        "license": "CC_BY_4_0",
        "issues": [
          "OCCURRENCE_STATUS_INFERRED_FROM_INDIVIDUAL_COUNT",
          "COORDINATE_ROUNDED",
          "GEODETIC_DATUM_ASSUMED_WGS84",
          "INSTITUTION_MATCH_FUZZY",
          "COLLECTION_MATCH_NONE",
          "TAXON_ID_NOT_FOUND"
        ],
        "fallback_media": {
          "url": "http://www.boldsystems.org/pics/MHPAC/BioBot11319-BB048377+1281634066.JPG",
          "references": "http://bins.boldsystems.org/index.php/Public_RecordView?processid=MHPAF813-11",
          "title": "MHPAF813-11 Fruit",
          "creator": null,
          "publisher": null,
          "license": "http://creativecommons.org/licenses/by-nc-sa/4.0/",
          "rightsHolder": null
        }
      }
    },
    {
      "type": "Feature",
      "geometry": {
        "type": "Point",
        "coordinates": [
          -85.963889,
          11.847222
        ]
      },
      "properties": {
        "gbifID": "1262245345",
        "species": "Witheringia meiantha",
        "genus": "Witheringia",
        "family": "Solanaceae",
        "scientificName": "Witheringia meiantha (Donn.Sm.) Hunz.",
        "coordinateUncertaintyInMeters": "",
        "basisOfRecord": "PRESERVED_SPECIMEN",
        "eventDate": "1984-07-20",
        "country": null,
        "datasetName": "Tropicos",
        "publisher": "Missouri Botanical Garden",
        "license": "CC_BY_4_0",
        "issues": [
          "OCCURRENCE_STATUS_INFERRED_FROM_INDIVIDUAL_COUNT",
          "COORDINATE_ROUNDED",
          "GEODETIC_DATUM_ASSUMED_WGS84",
          "INSTITUTION_MATCH_FUZZY",
          "COLLECTION_MATCH_NONE",
          "TAXON_ID_NOT_FOUND"
        ],
        "fallback_media": {
          "url": "http://www.boldsystems.org/pics/MHPAC/BioBot11319-BB048377+1281634066.JPG",
          "references": "http://bins.boldsystems.org/index.php/Public_RecordView?processid=MHPAF813-11",
          "title": "MHPAF813-11 Fruit",
          "creator": null,
          "publisher": null,
          "license": "http://creativecommons.org/licenses/by-nc-sa/4.0/",
          "rightsHolder": null
        }
      }
    },
    {
      "type": "Feature",
      "geometry": {
        "type": "Point",
        "coordinates": [
          -83.2295,
          9.35803
        ]
      },
      "properties": {
        "gbifID": "4031727091",
        "species": "Witheringia meiantha",
        "genus": "Witheringia",
        "family": "Solanaceae",
        "scientificName": "Witheringia meiantha (Donn.Sm.) Hunz.",
        "coordinateUncertaintyInMeters": "",
        "basisOfRecord": "PRESERVED_SPECIMEN",
        "eventDate": "2007-02-20",
        "country": null,
        "datasetName": "Tropicos",
        "publisher": "Missouri Botanical Garden",
        "license": "CC_BY_4_0",
        "issues": [
          "OCCURRENCE_STATUS_INFERRED_FROM_INDIVIDUAL_COUNT",
          "GEODETIC_DATUM_ASSUMED_WGS84",
          "INSTITUTION_MATCH_FUZZY",
          "COLLECTION_MATCH_NONE",
          "TAXON_ID_NOT_FOUND"
        ],
        "fallback_media": {
          "url": "http://www.boldsystems.org/pics/MHPAC/BioBot11319-BB048377+1281634066.JPG",
          "references": "http://bins.boldsystems.org/index.php/Public_RecordView?processid=MHPAF813-11",
          "title": "MHPAF813-11 Fruit",
          "creator": null,
          "publisher": null,
          "license": "http://creativecommons.org/licenses/by-nc-sa/4.0/",
          "rightsHolder": null
        }
      }
    },
    {
      "type": "Feature",
      "geometry": {
        "type": "Point",
        "coordinates": [
          -86.455389,
          13.770111
        ]
      },
      "properties": {
        "gbifID": "4031812719",
        "species": "Witheringia meiantha",
        "genus": "Witheringia",
        "family": "Solanaceae",
        "scientificName": "Witheringia meiantha (Donn.Sm.) Hunz.",
        "coordinateUncertaintyInMeters": "",
        "basisOfRecord": "PRESERVED_SPECIMEN",
        "eventDate": "2017-03-24",
        "country": null,
        "datasetName": "Tropicos",
        "publisher": "Missouri Botanical Garden",
        "license": "CC_BY_4_0",
        "issues": [
          "OCCURRENCE_STATUS_INFERRED_FROM_INDIVIDUAL_COUNT",
          "COORDINATE_ROUNDED",
          "GEODETIC_DATUM_ASSUMED_WGS84",
          "INSTITUTION_MATCH_FUZZY",
          "COLLECTION_MATCH_NONE",
          "TAXON_ID_NOT_FOUND"
        ],
        "fallback_media": {
          "url": "http://www.boldsystems.org/pics/MHPAC/BioBot11319-BB048377+1281634066.JPG",
          "references": "http://bins.boldsystems.org/index.php/Public_RecordView?processid=MHPAF813-11",
          "title": "MHPAF813-11 Fruit",
          "creator": null,
          "publisher": null,
          "license": "http://creativecommons.org/licenses/by-nc-sa/4.0/",
          "rightsHolder": null
        }
      }
    },
    {
      "type": "Feature",
      "geometry": {
        "type": "Point",
        "coordinates": [
          -86.166667,
          13.25
        ]
      },
      "properties": {
        "gbifID": "1258504791",
        "species": "Witheringia meiantha",
        "genus": "Witheringia",
        "family": "Solanaceae",
        "scientificName": "Witheringia meiantha (Donn.Sm.) Hunz.",
        "coordinateUncertaintyInMeters": "",
        "basisOfRecord": "PRESERVED_SPECIMEN",
        "eventDate": "1979-10-25",
        "country": null,
        "datasetName": "Tropicos",
        "publisher": "Missouri Botanical Garden",
        "license": "CC_BY_4_0",
        "issues": [
          "OCCURRENCE_STATUS_INFERRED_FROM_INDIVIDUAL_COUNT",
          "COORDINATE_ROUNDED",
          "GEODETIC_DATUM_ASSUMED_WGS84",
          "INSTITUTION_MATCH_FUZZY",
          "COLLECTION_MATCH_NONE",
          "TAXON_ID_NOT_FOUND"
        ],
        "fallback_media": {
          "url": "http://www.boldsystems.org/pics/MHPAC/BioBot11319-BB048377+1281634066.JPG",
          "references": "http://bins.boldsystems.org/index.php/Public_RecordView?processid=MHPAF813-11",
          "title": "MHPAF813-11 Fruit",
          "creator": null,
          "publisher": null,
          "license": "http://creativecommons.org/licenses/by-nc-sa/4.0/",
          "rightsHolder": null
        }
      }
    },
    {
      "type": "Feature",
      "geometry": {
        "type": "Point",
        "coordinates": [
          -91.561111,
          16.104444
        ]
      },
      "properties": {
        "gbifID": "1259426714",
        "species": "Witheringia meiantha",
        "genus": "Witheringia",
        "family": "Solanaceae",
        "scientificName": "Witheringia meiantha (Donn.Sm.) Hunz.",
        "coordinateUncertaintyInMeters": "",
        "basisOfRecord": "PRESERVED_SPECIMEN",
        "eventDate": "1981-12-15",
        "country": null,
        "datasetName": "Tropicos",
        "publisher": "Missouri Botanical Garden",
        "license": "CC_BY_4_0",
        "issues": [
          "OCCURRENCE_STATUS_INFERRED_FROM_INDIVIDUAL_COUNT",
          "COORDINATE_ROUNDED",
          "GEODETIC_DATUM_ASSUMED_WGS84",
          "INSTITUTION_MATCH_FUZZY",
          "COLLECTION_MATCH_NONE",
          "TAXON_ID_NOT_FOUND"
        ],
        "fallback_media": {
          "url": "http://www.boldsystems.org/pics/MHPAC/BioBot11319-BB048377+1281634066.JPG",
          "references": "http://bins.boldsystems.org/index.php/Public_RecordView?processid=MHPAF813-11",
          "title": "MHPAF813-11 Fruit",
          "creator": null,
          "publisher": null,
          "license": "http://creativecommons.org/licenses/by-nc-sa/4.0/",
          "rightsHolder": null
        }
      }
    },
    {
      "type": "Feature",
      "geometry": {
        "type": "Point",
        "coordinates": [
          -85.733333,
          13.583333
        ]
      },
      "properties": {
        "gbifID": "4031503384",
        "species": "Witheringia meiantha",
        "genus": "Witheringia",
        "family": "Solanaceae",
        "scientificName": "Witheringia meiantha (Donn.Sm.) Hunz.",
        "coordinateUncertaintyInMeters": "",
        "basisOfRecord": "PRESERVED_SPECIMEN",
        "eventDate": "2001-05-24",
        "country": null,
        "datasetName": "Tropicos",
        "publisher": "Missouri Botanical Garden",
        "license": "CC_BY_4_0",
        "issues": [
          "OCCURRENCE_STATUS_INFERRED_FROM_INDIVIDUAL_COUNT",
          "COORDINATE_ROUNDED",
          "GEODETIC_DATUM_ASSUMED_WGS84",
          "INSTITUTION_MATCH_FUZZY",
          "COLLECTION_MATCH_NONE",
          "TAXON_ID_NOT_FOUND"
        ],
        "fallback_media": {
          "url": "http://www.boldsystems.org/pics/MHPAC/BioBot11319-BB048377+1281634066.JPG",
          "references": "http://bins.boldsystems.org/index.php/Public_RecordView?processid=MHPAF813-11",
          "title": "MHPAF813-11 Fruit",
          "creator": null,
          "publisher": null,
          "license": "http://creativecommons.org/licenses/by-nc-sa/4.0/",
          "rightsHolder": null
        }
      }
    },
    {
      "type": "Feature",
      "geometry": {
        "type": "Point",
        "coordinates": [
          -85.25,
          13.033333
        ]
      },
      "properties": {
        "gbifID": "1262244664",
        "species": "Witheringia meiantha",
        "genus": "Witheringia",
        "family": "Solanaceae",
        "scientificName": "Witheringia meiantha (Donn.Sm.) Hunz.",
        "coordinateUncertaintyInMeters": "",
        "basisOfRecord": "PRESERVED_SPECIMEN",
        "eventDate": "1980-05-16",
        "country": null,
        "datasetName": "Tropicos",
        "publisher": "Missouri Botanical Garden",
        "license": "CC_BY_4_0",
        "issues": [
          "OCCURRENCE_STATUS_INFERRED_FROM_INDIVIDUAL_COUNT",
          "COORDINATE_ROUNDED",
          "GEODETIC_DATUM_ASSUMED_WGS84",
          "INSTITUTION_MATCH_FUZZY",
          "COLLECTION_MATCH_NONE",
          "TAXON_ID_NOT_FOUND"
        ],
        "fallback_media": {
          "url": "http://www.boldsystems.org/pics/MHPAC/BioBot11319-BB048377+1281634066.JPG",
          "references": "http://bins.boldsystems.org/index.php/Public_RecordView?processid=MHPAF813-11",
          "title": "MHPAF813-11 Fruit",
          "creator": null,
          "publisher": null,
          "license": "http://creativecommons.org/licenses/by-nc-sa/4.0/",
          "rightsHolder": null
        }
      }
    },
    {
      "type": "Feature",
      "geometry": {
        "type": "Point",
        "coordinates": [
          -86.233333,
          13.216667
        ]
      },
      "properties": {
        "gbifID": "1262245156",
        "species": "Witheringia meiantha",
        "genus": "Witheringia",
        "family": "Solanaceae",
        "scientificName": "Witheringia meiantha (Donn.Sm.) Hunz.",
        "coordinateUncertaintyInMeters": "",
        "basisOfRecord": "PRESERVED_SPECIMEN",
        "eventDate": "1984-01-11",
        "country": null,
        "datasetName": "Tropicos",
        "publisher": "Missouri Botanical Garden",
        "license": "CC_BY_4_0",
        "issues": [
          "OCCURRENCE_STATUS_INFERRED_FROM_INDIVIDUAL_COUNT",
          "COORDINATE_ROUNDED",
          "GEODETIC_DATUM_ASSUMED_WGS84",
          "INSTITUTION_MATCH_FUZZY",
          "COLLECTION_MATCH_NONE",
          "TAXON_ID_NOT_FOUND"
        ],
        "fallback_media": {
          "url": "http://www.boldsystems.org/pics/MHPAC/BioBot11319-BB048377+1281634066.JPG",
          "references": "http://bins.boldsystems.org/index.php/Public_RecordView?processid=MHPAF813-11",
          "title": "MHPAF813-11 Fruit",
          "creator": null,
          "publisher": null,
          "license": "http://creativecommons.org/licenses/by-nc-sa/4.0/",
          "rightsHolder": null
        }
      }
    },
    {
      "type": "Feature",
      "geometry": {
        "type": "Point",
        "coordinates": [
          -93.07416,
          15.81222
        ]
      },
      "properties": {
        "gbifID": "1260602165",
        "species": "Witheringia meiantha",
        "genus": "Witheringia",
        "family": "Solanaceae",
        "scientificName": "Witheringia meiantha (Donn.Sm.) Hunz.",
        "coordinateUncertaintyInMeters": "",
        "basisOfRecord": "PRESERVED_SPECIMEN",
        "eventDate": "2005-07-13",
        "country": null,
        "datasetName": "Tropicos",
        "publisher": "Missouri Botanical Garden",
        "license": "CC_BY_4_0",
        "issues": [
          "GEODETIC_DATUM_ASSUMED_WGS84",
          "INSTITUTION_MATCH_FUZZY",
          "COLLECTION_MATCH_NONE",
          "TAXON_ID_NOT_FOUND"
        ],
        "fallback_media": {
          "url": "http://www.boldsystems.org/pics/MHPAC/BioBot11319-BB048377+1281634066.JPG",
          "references": "http://bins.boldsystems.org/index.php/Public_RecordView?processid=MHPAF813-11",
          "title": "MHPAF813-11 Fruit",
          "creator": null,
          "publisher": null,
          "license": "http://creativecommons.org/licenses/by-nc-sa/4.0/",
          "rightsHolder": null
        }
      }
    },
    {
      "type": "Feature",
      "geometry": {
        "type": "Point",
        "coordinates": [
          -81.14722,
          8.515
        ]
      },
      "properties": {
        "gbifID": "1258561801",
        "species": "Witheringia meiantha",
        "genus": "Witheringia",
        "family": "Solanaceae",
        "scientificName": "Witheringia meiantha (Donn.Sm.) Hunz.",
        "coordinateUncertaintyInMeters": "",
        "basisOfRecord": "PRESERVED_SPECIMEN",
        "eventDate": "1982-09-10",
        "country": null,
        "datasetName": "Tropicos",
        "publisher": "Missouri Botanical Garden",
        "license": "CC_BY_4_0",
        "issues": [
          "GEODETIC_DATUM_ASSUMED_WGS84",
          "INSTITUTION_MATCH_FUZZY",
          "COLLECTION_MATCH_NONE",
          "TAXON_ID_NOT_FOUND"
        ],
        "fallback_media": {
          "url": "http://www.boldsystems.org/pics/MHPAC/BioBot11319-BB048377+1281634066.JPG",
          "references": "http://bins.boldsystems.org/index.php/Public_RecordView?processid=MHPAF813-11",
          "title": "MHPAF813-11 Fruit",
          "creator": null,
          "publisher": null,
          "license": "http://creativecommons.org/licenses/by-nc-sa/4.0/",
          "rightsHolder": null
        }
      }
    },
    {
      "type": "Feature",
      "geometry": {
        "type": "Point",
        "coordinates": [
          -85.666667,
          13.616667
        ]
      },
      "properties": {
        "gbifID": "1262247157",
        "species": "Witheringia meiantha",
        "genus": "Witheringia",
        "family": "Solanaceae",
        "scientificName": "Witheringia meiantha (Donn.Sm.) Hunz.",
        "coordinateUncertaintyInMeters": "",
        "basisOfRecord": "PRESERVED_SPECIMEN",
        "eventDate": "1981-03-26",
        "country": null,
        "datasetName": "Tropicos",
        "publisher": "Missouri Botanical Garden",
        "license": "CC_BY_4_0",
        "issues": [
          "OCCURRENCE_STATUS_INFERRED_FROM_INDIVIDUAL_COUNT",
          "COORDINATE_ROUNDED",
          "GEODETIC_DATUM_ASSUMED_WGS84",
          "INSTITUTION_MATCH_FUZZY",
          "COLLECTION_MATCH_NONE",
          "TAXON_ID_NOT_FOUND"
        ],
        "fallback_media": {
          "url": "http://www.boldsystems.org/pics/MHPAC/BioBot11319-BB048377+1281634066.JPG",
          "references": "http://bins.boldsystems.org/index.php/Public_RecordView?processid=MHPAF813-11",
          "title": "MHPAF813-11 Fruit",
          "creator": null,
          "publisher": null,
          "license": "http://creativecommons.org/licenses/by-nc-sa/4.0/",
          "rightsHolder": null
        }
      }
    },
    {
      "type": "Feature",
      "geometry": {
        "type": "Point",
        "coordinates": [
          -83.7,
          9.9
        ]
      },
      "properties": {
        "gbifID": "1262242623",
        "species": "Witheringia meiantha",
        "genus": "Witheringia",
        "family": "Solanaceae",
        "scientificName": "Witheringia meiantha (Donn.Sm.) Hunz.",
        "coordinateUncertaintyInMeters": "",
        "basisOfRecord": "PRESERVED_SPECIMEN",
        "eventDate": "1990-09-06",
        "country": null,
        "datasetName": "Tropicos",
        "publisher": "Missouri Botanical Garden",
        "license": "CC_BY_4_0",
        "issues": [
          "OCCURRENCE_STATUS_INFERRED_FROM_INDIVIDUAL_COUNT",
          "GEODETIC_DATUM_ASSUMED_WGS84",
          "INSTITUTION_MATCH_FUZZY",
          "COLLECTION_MATCH_NONE",
          "TAXON_ID_NOT_FOUND"
        ],
        "fallback_media": {
          "url": "http://www.boldsystems.org/pics/MHPAC/BioBot11319-BB048377+1281634066.JPG",
          "references": "http://bins.boldsystems.org/index.php/Public_RecordView?processid=MHPAF813-11",
          "title": "MHPAF813-11 Fruit",
          "creator": null,
          "publisher": null,
          "license": "http://creativecommons.org/licenses/by-nc-sa/4.0/",
          "rightsHolder": null
        }
      }
    },
    {
      "type": "Feature",
      "geometry": {
        "type": "Point",
        "coordinates": [
          -85.983333,
          11.833333
        ]
      },
      "properties": {
        "gbifID": "1262246068",
        "species": "Witheringia meiantha",
        "genus": "Witheringia",
        "family": "Solanaceae",
        "scientificName": "Witheringia meiantha (Donn.Sm.) Hunz.",
        "coordinateUncertaintyInMeters": "",
        "basisOfRecord": "PRESERVED_SPECIMEN",
        "eventDate": "1983-08-31",
        "country": null,
        "datasetName": "Tropicos",
        "publisher": "Missouri Botanical Garden",
        "license": "CC_BY_4_0",
        "issues": [
          "OCCURRENCE_STATUS_INFERRED_FROM_INDIVIDUAL_COUNT",
          "COORDINATE_ROUNDED",
          "GEODETIC_DATUM_ASSUMED_WGS84",
          "INSTITUTION_MATCH_FUZZY",
          "COLLECTION_MATCH_NONE",
          "TAXON_ID_NOT_FOUND"
        ],
        "fallback_media": {
          "url": "http://www.boldsystems.org/pics/MHPAC/BioBot11319-BB048377+1281634066.JPG",
          "references": "http://bins.boldsystems.org/index.php/Public_RecordView?processid=MHPAF813-11",
          "title": "MHPAF813-11 Fruit",
          "creator": null,
          "publisher": null,
          "license": "http://creativecommons.org/licenses/by-nc-sa/4.0/",
          "rightsHolder": null
        }
      }
    },
    {
      "type": "Feature",
      "geometry": {
        "type": "Point",
        "coordinates": [
          -86.142478,
          13.257036
        ]
      },
      "properties": {
        "gbifID": "4031431705",
        "species": "Witheringia meiantha",
        "genus": "Witheringia",
        "family": "Solanaceae",
        "scientificName": "Witheringia meiantha (Donn.Sm.) Hunz.",
        "coordinateUncertaintyInMeters": "",
        "basisOfRecord": "PRESERVED_SPECIMEN",
        "eventDate": "2022-02-16",
        "country": null,
        "datasetName": "Tropicos",
        "publisher": "Missouri Botanical Garden",
        "license": "CC_BY_4_0",
        "issues": [
          "OCCURRENCE_STATUS_INFERRED_FROM_INDIVIDUAL_COUNT",
          "COORDINATE_ROUNDED",
          "GEODETIC_DATUM_ASSUMED_WGS84",
          "INSTITUTION_MATCH_FUZZY",
          "COLLECTION_MATCH_NONE",
          "TAXON_ID_NOT_FOUND"
        ],
        "media": [
          {
            "url": "https://images.mobot.org/tropicosimages5/detailimages/TropicosImagesVol5/101514000/34C11EC0-58D6-43A5-A3CE-6899F019E27F.jpg",
            "references": "https://www.tropicos.org/ImageFullView.aspx?imageid=101514057",
            "title": "Stevens - 43770 - Nicaragua",
            "creator": "MBG",
            "publisher": null,
            "license": "http://creativecommons.org/licenses/by-nc-sa/3.0/",
            "rightsHolder": "MBG"
          }
        ]
      }
    },
    {
      "type": "Feature",
      "geometry": {
        "type": "Point",
        "coordinates": [
          -92.761944,
          16.964722
        ]
      },
      "properties": {
        "gbifID": "1259429019",
        "species": "Witheringia meiantha",
        "genus": "Witheringia",
        "family": "Solanaceae",
        "scientificName": "Witheringia meiantha (Donn.Sm.) Hunz.",
        "coordinateUncertaintyInMeters": "",
        "basisOfRecord": "PRESERVED_SPECIMEN",
        "eventDate": "1987-11-19",
        "country": null,
        "datasetName": "Tropicos",
        "publisher": "Missouri Botanical Garden",
        "license": "CC_BY_4_0",
        "issues": [
          "OCCURRENCE_STATUS_INFERRED_FROM_INDIVIDUAL_COUNT",
          "COORDINATE_ROUNDED",
          "GEODETIC_DATUM_ASSUMED_WGS84",
          "INSTITUTION_MATCH_FUZZY",
          "COLLECTION_MATCH_NONE",
          "TAXON_ID_NOT_FOUND"
        ],
        "fallback_media": {
          "url": "http://www.boldsystems.org/pics/MHPAC/BioBot11319-BB048377+1281634066.JPG",
          "references": "http://bins.boldsystems.org/index.php/Public_RecordView?processid=MHPAF813-11",
          "title": "MHPAF813-11 Fruit",
          "creator": null,
          "publisher": null,
          "license": "http://creativecommons.org/licenses/by-nc-sa/4.0/",
          "rightsHolder": null
        }
      }
    },
    {
      "type": "Feature",
      "geometry": {
        "type": "Point",
        "coordinates": [
          -85.016667,
          13.75
        ]
      },
      "properties": {
        "gbifID": "1258381229",
        "species": "Witheringia meiantha",
        "genus": "Witheringia",
        "family": "Solanaceae",
        "scientificName": "Witheringia meiantha (Donn.Sm.) Hunz.",
        "coordinateUncertaintyInMeters": "",
        "basisOfRecord": "PRESERVED_SPECIMEN",
        "eventDate": "1996-04-16",
        "country": null,
        "datasetName": "Tropicos",
        "publisher": "Missouri Botanical Garden",
        "license": "CC_BY_4_0",
        "issues": [
          "OCCURRENCE_STATUS_INFERRED_FROM_INDIVIDUAL_COUNT",
          "COORDINATE_ROUNDED",
          "GEODETIC_DATUM_ASSUMED_WGS84",
          "INSTITUTION_MATCH_FUZZY",
          "COLLECTION_MATCH_NONE",
          "TAXON_ID_NOT_FOUND"
        ],
        "fallback_media": {
          "url": "http://www.boldsystems.org/pics/MHPAC/BioBot11319-BB048377+1281634066.JPG",
          "references": "http://bins.boldsystems.org/index.php/Public_RecordView?processid=MHPAF813-11",
          "title": "MHPAF813-11 Fruit",
          "creator": null,
          "publisher": null,
          "license": "http://creativecommons.org/licenses/by-nc-sa/4.0/",
          "rightsHolder": null
        }
      }
    },
    {
      "type": "Feature",
      "geometry": {
        "type": "Point",
        "coordinates": [
          -83.0,
          9.45
        ]
      },
      "properties": {
        "gbifID": "1262253806",
        "species": "Witheringia meiantha",
        "genus": "Witheringia",
        "family": "Solanaceae",
        "scientificName": "Witheringia meiantha (Donn.Sm.) Hunz.",
        "coordinateUncertaintyInMeters": "",
        "basisOfRecord": "PRESERVED_SPECIMEN",
        "eventDate": "1989-07-26",
        "country": null,
        "datasetName": "Tropicos",
        "publisher": "Missouri Botanical Garden",
        "license": "CC_BY_4_0",
        "issues": [
          "OCCURRENCE_STATUS_INFERRED_FROM_INDIVIDUAL_COUNT",
          "GEODETIC_DATUM_ASSUMED_WGS84",
          "INSTITUTION_MATCH_FUZZY",
          "COLLECTION_MATCH_NONE",
          "TAXON_ID_NOT_FOUND"
        ],
        "fallback_media": {
          "url": "http://www.boldsystems.org/pics/MHPAC/BioBot11319-BB048377+1281634066.JPG",
          "references": "http://bins.boldsystems.org/index.php/Public_RecordView?processid=MHPAF813-11",
          "title": "MHPAF813-11 Fruit",
          "creator": null,
          "publisher": null,
          "license": "http://creativecommons.org/licenses/by-nc-sa/4.0/",
          "rightsHolder": null
        }
      }
    },
    {
      "type": "Feature",
      "geometry": {
        "type": "Point",
        "coordinates": [
          -82.383333,
          9.245
        ]
      },
      "properties": {
        "gbifID": "1259427396",
        "species": "Witheringia meiantha",
        "genus": "Witheringia",
        "family": "Solanaceae",
        "scientificName": "Witheringia meiantha (Donn.Sm.) Hunz.",
        "coordinateUncertaintyInMeters": "",
        "basisOfRecord": "PRESERVED_SPECIMEN",
        "eventDate": "1940-11-19",
        "country": null,
        "datasetName": "Tropicos",
        "publisher": "Missouri Botanical Garden",
        "license": "CC_BY_4_0",
        "issues": [
          "OCCURRENCE_STATUS_INFERRED_FROM_INDIVIDUAL_COUNT",
          "COORDINATE_ROUNDED",
          "GEODETIC_DATUM_ASSUMED_WGS84",
          "INSTITUTION_MATCH_FUZZY",
          "COLLECTION_MATCH_NONE",
          "TAXON_ID_NOT_FOUND"
        ],
        "fallback_media": {
          "url": "http://www.boldsystems.org/pics/MHPAC/BioBot11319-BB048377+1281634066.JPG",
          "references": "http://bins.boldsystems.org/index.php/Public_RecordView?processid=MHPAF813-11",
          "title": "MHPAF813-11 Fruit",
          "creator": null,
          "publisher": null,
          "license": "http://creativecommons.org/licenses/by-nc-sa/4.0/",
          "rightsHolder": null
        }
      }
    },
    {
      "type": "Feature",
      "geometry": {
        "type": "Point",
        "coordinates": [
          -85.992555,
          13.774167
        ]
      },
      "properties": {
        "gbifID": "4031782255",
        "species": "Witheringia meiantha",
        "genus": "Witheringia",
        "family": "Solanaceae",
        "scientificName": "Witheringia meiantha (Donn.Sm.) Hunz.",
        "coordinateUncertaintyInMeters": "",
        "basisOfRecord": "PRESERVED_SPECIMEN",
        "eventDate": "2014-12-29",
        "country": null,
        "datasetName": "Tropicos",
        "publisher": "Missouri Botanical Garden",
        "license": "CC_BY_4_0",
        "issues": [
          "OCCURRENCE_STATUS_INFERRED_FROM_INDIVIDUAL_COUNT",
          "COORDINATE_ROUNDED",
          "GEODETIC_DATUM_ASSUMED_WGS84",
          "INSTITUTION_MATCH_FUZZY",
          "COLLECTION_MATCH_NONE",
          "TAXON_ID_NOT_FOUND"
        ],
        "fallback_media": {
          "url": "http://www.boldsystems.org/pics/MHPAC/BioBot11319-BB048377+1281634066.JPG",
          "references": "http://bins.boldsystems.org/index.php/Public_RecordView?processid=MHPAF813-11",
          "title": "MHPAF813-11 Fruit",
          "creator": null,
          "publisher": null,
          "license": "http://creativecommons.org/licenses/by-nc-sa/4.0/",
          "rightsHolder": null
        }
      }
    },
    {
      "type": "Feature",
      "geometry": {
        "type": "Point",
        "coordinates": [
          -86.191667,
          13.980556
        ]
      },
      "properties": {
        "gbifID": "4031732045",
        "species": "Witheringia meiantha",
        "genus": "Witheringia",
        "family": "Solanaceae",
        "scientificName": "Witheringia meiantha (Donn.Sm.) Hunz.",
        "coordinateUncertaintyInMeters": "",
        "basisOfRecord": "PRESERVED_SPECIMEN",
        "eventDate": "2006-07-17",
        "country": null,
        "datasetName": "Tropicos",
        "publisher": "Missouri Botanical Garden",
        "license": "CC_BY_4_0",
        "issues": [
          "OCCURRENCE_STATUS_INFERRED_FROM_INDIVIDUAL_COUNT",
          "COORDINATE_ROUNDED",
          "GEODETIC_DATUM_ASSUMED_WGS84",
          "INSTITUTION_MATCH_FUZZY",
          "COLLECTION_MATCH_NONE",
          "TAXON_ID_NOT_FOUND"
        ],
        "fallback_media": {
          "url": "http://www.boldsystems.org/pics/MHPAC/BioBot11319-BB048377+1281634066.JPG",
          "references": "http://bins.boldsystems.org/index.php/Public_RecordView?processid=MHPAF813-11",
          "title": "MHPAF813-11 Fruit",
          "creator": null,
          "publisher": null,
          "license": "http://creativecommons.org/licenses/by-nc-sa/4.0/",
          "rightsHolder": null
        }
      }
    },
    {
      "type": "Feature",
      "geometry": {
        "type": "Point",
        "coordinates": [
          -85.633333,
          13.6
        ]
      },
      "properties": {
        "gbifID": "1262247358",
        "species": "Witheringia meiantha",
        "genus": "Witheringia",
        "family": "Solanaceae",
        "scientificName": "Witheringia meiantha (Donn.Sm.) Hunz.",
        "coordinateUncertaintyInMeters": "",
        "basisOfRecord": "PRESERVED_SPECIMEN",
        "eventDate": "1981-03-26",
        "country": null,
        "datasetName": "Tropicos",
        "publisher": "Missouri Botanical Garden",
        "license": "CC_BY_4_0",
        "issues": [
          "OCCURRENCE_STATUS_INFERRED_FROM_INDIVIDUAL_COUNT",
          "COORDINATE_ROUNDED",
          "GEODETIC_DATUM_ASSUMED_WGS84",
          "INSTITUTION_MATCH_FUZZY",
          "COLLECTION_MATCH_NONE",
          "TAXON_ID_NOT_FOUND"
        ],
        "fallback_media": {
          "url": "http://www.boldsystems.org/pics/MHPAC/BioBot11319-BB048377+1281634066.JPG",
          "references": "http://bins.boldsystems.org/index.php/Public_RecordView?processid=MHPAF813-11",
          "title": "MHPAF813-11 Fruit",
          "creator": null,
          "publisher": null,
          "license": "http://creativecommons.org/licenses/by-nc-sa/4.0/",
          "rightsHolder": null
        }
      }
    },
    {
      "type": "Feature",
      "geometry": {
        "type": "Point",
        "coordinates": [
          -84.237778,
          11.239444
        ]
      },
      "properties": {
        "gbifID": "4032012239",
        "species": "Witheringia meiantha",
        "genus": "Witheringia",
        "family": "Solanaceae",
        "scientificName": "Witheringia meiantha (Donn.Sm.) Hunz.",
        "coordinateUncertaintyInMeters": "",
        "basisOfRecord": "PRESERVED_SPECIMEN",
        "eventDate": "2005-04-07",
        "country": null,
        "datasetName": "Tropicos",
        "publisher": "Missouri Botanical Garden",
        "license": "CC_BY_4_0",
        "issues": [
          "OCCURRENCE_STATUS_INFERRED_FROM_INDIVIDUAL_COUNT",
          "COORDINATE_ROUNDED",
          "GEODETIC_DATUM_ASSUMED_WGS84",
          "INSTITUTION_MATCH_FUZZY",
          "COLLECTION_MATCH_NONE",
          "TAXON_ID_NOT_FOUND"
        ],
        "fallback_media": {
          "url": "http://www.boldsystems.org/pics/MHPAC/BioBot11319-BB048377+1281634066.JPG",
          "references": "http://bins.boldsystems.org/index.php/Public_RecordView?processid=MHPAF813-11",
          "title": "MHPAF813-11 Fruit",
          "creator": null,
          "publisher": null,
          "license": "http://creativecommons.org/licenses/by-nc-sa/4.0/",
          "rightsHolder": null
        }
      }
    },
    {
      "type": "Feature",
      "geometry": {
        "type": "Point",
        "coordinates": [
          -84.3,
          11.716667
        ]
      },
      "properties": {
        "gbifID": "1258444596",
        "species": "Witheringia meiantha",
        "genus": "Witheringia",
        "family": "Solanaceae",
        "scientificName": "Witheringia meiantha (Donn.Sm.) Hunz.",
        "coordinateUncertaintyInMeters": "",
        "basisOfRecord": "PRESERVED_SPECIMEN",
        "eventDate": "1977-11-06",
        "country": null,
        "datasetName": "Tropicos",
        "publisher": "Missouri Botanical Garden",
        "license": "CC_BY_4_0",
        "issues": [
          "OCCURRENCE_STATUS_INFERRED_FROM_INDIVIDUAL_COUNT",
          "COORDINATE_ROUNDED",
          "GEODETIC_DATUM_ASSUMED_WGS84",
          "INSTITUTION_MATCH_FUZZY",
          "COLLECTION_MATCH_NONE",
          "TAXON_ID_NOT_FOUND"
        ],
        "fallback_media": {
          "url": "http://www.boldsystems.org/pics/MHPAC/BioBot11319-BB048377+1281634066.JPG",
          "references": "http://bins.boldsystems.org/index.php/Public_RecordView?processid=MHPAF813-11",
          "title": "MHPAF813-11 Fruit",
          "creator": null,
          "publisher": null,
          "license": "http://creativecommons.org/licenses/by-nc-sa/4.0/",
          "rightsHolder": null
        }
      }
    },
    {
      "type": "Feature",
      "geometry": {
        "type": "Point",
        "coordinates": [
          -92.702778,
          15.353611
        ]
      },
      "properties": {
        "gbifID": "1257675193",
        "species": "Witheringia meiantha",
        "genus": "Witheringia",
        "family": "Solanaceae",
        "scientificName": "Witheringia meiantha (Donn.Sm.) Hunz.",
        "coordinateUncertaintyInMeters": "",
        "basisOfRecord": "PRESERVED_SPECIMEN",
        "eventDate": "2005-12-28",
        "country": null,
        "datasetName": "Tropicos",
        "publisher": "Missouri Botanical Garden",
        "license": "CC_BY_4_0",
        "issues": [
          "OCCURRENCE_STATUS_INFERRED_FROM_INDIVIDUAL_COUNT",
          "COORDINATE_ROUNDED",
          "GEODETIC_DATUM_ASSUMED_WGS84",
          "INSTITUTION_MATCH_FUZZY",
          "COLLECTION_MATCH_NONE",
          "TAXON_ID_NOT_FOUND"
        ],
        "fallback_media": {
          "url": "http://www.boldsystems.org/pics/MHPAC/BioBot11319-BB048377+1281634066.JPG",
          "references": "http://bins.boldsystems.org/index.php/Public_RecordView?processid=MHPAF813-11",
          "title": "MHPAF813-11 Fruit",
          "creator": null,
          "publisher": null,
          "license": "http://creativecommons.org/licenses/by-nc-sa/4.0/",
          "rightsHolder": null
        }
      }
    },
    {
      "type": "Feature",
      "geometry": {
        "type": "Point",
        "coordinates": [
          -83.19,
          8.82
        ]
      },
      "properties": {
        "gbifID": "4031412042",
        "species": "Witheringia meiantha",
        "genus": "Witheringia",
        "family": "Solanaceae",
        "scientificName": "Witheringia meiantha (Donn.Sm.) Hunz.",
        "coordinateUncertaintyInMeters": "",
        "basisOfRecord": "PRESERVED_SPECIMEN",
        "eventDate": "1993-12-09",
        "country": null,
        "datasetName": "Tropicos",
        "publisher": "Missouri Botanical Garden",
        "license": "CC_BY_4_0",
        "issues": [
          "OCCURRENCE_STATUS_INFERRED_FROM_INDIVIDUAL_COUNT",
          "GEODETIC_DATUM_ASSUMED_WGS84",
          "INSTITUTION_MATCH_FUZZY",
          "COLLECTION_MATCH_NONE",
          "TAXON_ID_NOT_FOUND"
        ],
        "fallback_media": {
          "url": "http://www.boldsystems.org/pics/MHPAC/BioBot11319-BB048377+1281634066.JPG",
          "references": "http://bins.boldsystems.org/index.php/Public_RecordView?processid=MHPAF813-11",
          "title": "MHPAF813-11 Fruit",
          "creator": null,
          "publisher": null,
          "license": "http://creativecommons.org/licenses/by-nc-sa/4.0/",
          "rightsHolder": null
        }
      }
    },
    {
      "type": "Feature",
      "geometry": {
        "type": "Point",
        "coordinates": [
          -96.5,
          17.75
        ]
      },
      "properties": {
        "gbifID": "1259428836",
        "species": "Witheringia meiantha",
        "genus": "Witheringia",
        "family": "Solanaceae",
        "scientificName": "Witheringia meiantha (Donn.Sm.) Hunz.",
        "coordinateUncertaintyInMeters": "",
        "basisOfRecord": "PRESERVED_SPECIMEN",
        "eventDate": "1989-07-13",
        "country": null,
        "datasetName": "Tropicos",
        "publisher": "Missouri Botanical Garden",
        "license": "CC_BY_4_0",
        "issues": [
          "GEODETIC_DATUM_ASSUMED_WGS84",
          "INSTITUTION_MATCH_FUZZY",
          "COLLECTION_MATCH_NONE",
          "TAXON_ID_NOT_FOUND"
        ],
        "fallback_media": {
          "url": "http://www.boldsystems.org/pics/MHPAC/BioBot11319-BB048377+1281634066.JPG",
          "references": "http://bins.boldsystems.org/index.php/Public_RecordView?processid=MHPAF813-11",
          "title": "MHPAF813-11 Fruit",
          "creator": null,
          "publisher": null,
          "license": "http://creativecommons.org/licenses/by-nc-sa/4.0/",
          "rightsHolder": null
        }
      }
    },
    {
      "type": "Feature",
      "geometry": {
        "type": "Point",
        "coordinates": [
          -85.716667,
          12.666667
        ]
      },
      "properties": {
        "gbifID": "1258405476",
        "species": "Witheringia meiantha",
        "genus": "Witheringia",
        "family": "Solanaceae",
        "scientificName": "Witheringia meiantha (Donn.Sm.) Hunz.",
        "coordinateUncertaintyInMeters": "",
        "basisOfRecord": "PRESERVED_SPECIMEN",
        "eventDate": "1979-01-25",
        "country": null,
        "datasetName": "Tropicos",
        "publisher": "Missouri Botanical Garden",
        "license": "CC_BY_4_0",
        "issues": [
          "OCCURRENCE_STATUS_INFERRED_FROM_INDIVIDUAL_COUNT",
          "COORDINATE_ROUNDED",
          "GEODETIC_DATUM_ASSUMED_WGS84",
          "INSTITUTION_MATCH_FUZZY",
          "COLLECTION_MATCH_NONE",
          "TAXON_ID_NOT_FOUND"
        ],
        "fallback_media": {
          "url": "http://www.boldsystems.org/pics/MHPAC/BioBot11319-BB048377+1281634066.JPG",
          "references": "http://bins.boldsystems.org/index.php/Public_RecordView?processid=MHPAF813-11",
          "title": "MHPAF813-11 Fruit",
          "creator": null,
          "publisher": null,
          "license": "http://creativecommons.org/licenses/by-nc-sa/4.0/",
          "rightsHolder": null
        }
      }
    },
    {
      "type": "Feature",
      "geometry": {
        "type": "Point",
        "coordinates": [
          -85.516667,
          11.466667
        ]
      },
      "properties": {
        "gbifID": "1262245831",
        "species": "Witheringia meiantha",
        "genus": "Witheringia",
        "family": "Solanaceae",
        "scientificName": "Witheringia meiantha (Donn.Sm.) Hunz.",
        "coordinateUncertaintyInMeters": "",
        "basisOfRecord": "PRESERVED_SPECIMEN",
        "eventDate": "1983-09-14",
        "country": null,
        "datasetName": "Tropicos",
        "publisher": "Missouri Botanical Garden",
        "license": "CC_BY_4_0",
        "issues": [
          "OCCURRENCE_STATUS_INFERRED_FROM_INDIVIDUAL_COUNT",
          "COORDINATE_ROUNDED",
          "GEODETIC_DATUM_ASSUMED_WGS84",
          "INSTITUTION_MATCH_FUZZY",
          "COLLECTION_MATCH_NONE",
          "TAXON_ID_NOT_FOUND"
        ],
        "fallback_media": {
          "url": "http://www.boldsystems.org/pics/MHPAC/BioBot11319-BB048377+1281634066.JPG",
          "references": "http://bins.boldsystems.org/index.php/Public_RecordView?processid=MHPAF813-11",
          "title": "MHPAF813-11 Fruit",
          "creator": null,
          "publisher": null,
          "license": "http://creativecommons.org/licenses/by-nc-sa/4.0/",
          "rightsHolder": null
        }
      }
    },
    {
      "type": "Feature",
      "geometry": {
        "type": "Point",
        "coordinates": [
          -86.25,
          13.233333
        ]
      },
      "properties": {
        "gbifID": "4031651786",
        "species": "Witheringia meiantha",
        "genus": "Witheringia",
        "family": "Solanaceae",
        "scientificName": "Witheringia meiantha (Donn.Sm.) Hunz.",
        "coordinateUncertaintyInMeters": "",
        "basisOfRecord": "PRESERVED_SPECIMEN",
        "eventDate": "2007-09-02",
        "country": null,
        "datasetName": "Tropicos",
        "publisher": "Missouri Botanical Garden",
        "license": "CC_BY_4_0",
        "issues": [
          "OCCURRENCE_STATUS_INFERRED_FROM_INDIVIDUAL_COUNT",
          "COORDINATE_ROUNDED",
          "GEODETIC_DATUM_ASSUMED_WGS84",
          "INSTITUTION_MATCH_FUZZY",
          "COLLECTION_MATCH_NONE",
          "TAXON_ID_NOT_FOUND"
        ],
        "fallback_media": {
          "url": "http://www.boldsystems.org/pics/MHPAC/BioBot11319-BB048377+1281634066.JPG",
          "references": "http://bins.boldsystems.org/index.php/Public_RecordView?processid=MHPAF813-11",
          "title": "MHPAF813-11 Fruit",
          "creator": null,
          "publisher": null,
          "license": "http://creativecommons.org/licenses/by-nc-sa/4.0/",
          "rightsHolder": null
        }
      }
    },
    {
      "type": "Feature",
      "geometry": {
        "type": "Point",
        "coordinates": [
          -86.25,
          13.25
        ]
      },
      "properties": {
        "gbifID": "1262248213",
        "species": "Witheringia meiantha",
        "genus": "Witheringia",
        "family": "Solanaceae",
        "scientificName": "Witheringia meiantha (Donn.Sm.) Hunz.",
        "coordinateUncertaintyInMeters": "",
        "basisOfRecord": "PRESERVED_SPECIMEN",
        "eventDate": "1982-03-07",
        "country": null,
        "datasetName": "Tropicos",
        "publisher": "Missouri Botanical Garden",
        "license": "CC_BY_4_0",
        "issues": [
          "OCCURRENCE_STATUS_INFERRED_FROM_INDIVIDUAL_COUNT",
          "GEODETIC_DATUM_ASSUMED_WGS84",
          "INSTITUTION_MATCH_FUZZY",
          "COLLECTION_MATCH_NONE",
          "TAXON_ID_NOT_FOUND"
        ],
        "fallback_media": {
          "url": "http://www.boldsystems.org/pics/MHPAC/BioBot11319-BB048377+1281634066.JPG",
          "references": "http://bins.boldsystems.org/index.php/Public_RecordView?processid=MHPAF813-11",
          "title": "MHPAF813-11 Fruit",
          "creator": null,
          "publisher": null,
          "license": "http://creativecommons.org/licenses/by-nc-sa/4.0/",
          "rightsHolder": null
        }
      }
    },
    {
      "type": "Feature",
      "geometry": {
        "type": "Point",
        "coordinates": [
          -85.666667,
          13.283333
        ]
      },
      "properties": {
        "gbifID": "4031577511",
        "species": "Witheringia meiantha",
        "genus": "Witheringia",
        "family": "Solanaceae",
        "scientificName": "Witheringia meiantha (Donn.Sm.) Hunz.",
        "coordinateUncertaintyInMeters": "",
        "basisOfRecord": "PRESERVED_SPECIMEN",
        "eventDate": "1997-07-24",
        "country": null,
        "datasetName": "Tropicos",
        "publisher": "Missouri Botanical Garden",
        "license": "CC_BY_4_0",
        "issues": [
          "OCCURRENCE_STATUS_INFERRED_FROM_INDIVIDUAL_COUNT",
          "COORDINATE_ROUNDED",
          "GEODETIC_DATUM_ASSUMED_WGS84",
          "INSTITUTION_MATCH_FUZZY",
          "COLLECTION_MATCH_NONE",
          "TAXON_ID_NOT_FOUND"
        ],
        "fallback_media": {
          "url": "http://www.boldsystems.org/pics/MHPAC/BioBot11319-BB048377+1281634066.JPG",
          "references": "http://bins.boldsystems.org/index.php/Public_RecordView?processid=MHPAF813-11",
          "title": "MHPAF813-11 Fruit",
          "creator": null,
          "publisher": null,
          "license": "http://creativecommons.org/licenses/by-nc-sa/4.0/",
          "rightsHolder": null
        }
      }
    },
    {
      "type": "Feature",
      "geometry": {
        "type": "Point",
        "coordinates": [
          -91.571667,
          16.11
        ]
      },
      "properties": {
        "gbifID": "1259427503",
        "species": "Witheringia meiantha",
        "genus": "Witheringia",
        "family": "Solanaceae",
        "scientificName": "Witheringia meiantha (Donn.Sm.) Hunz.",
        "coordinateUncertaintyInMeters": "",
        "basisOfRecord": "PRESERVED_SPECIMEN",
        "eventDate": "1982-02-09",
        "country": null,
        "datasetName": "Tropicos",
        "publisher": "Missouri Botanical Garden",
        "license": "CC_BY_4_0",
        "issues": [
          "OCCURRENCE_STATUS_INFERRED_FROM_INDIVIDUAL_COUNT",
          "COORDINATE_ROUNDED",
          "GEODETIC_DATUM_ASSUMED_WGS84",
          "INSTITUTION_MATCH_FUZZY",
          "COLLECTION_MATCH_NONE",
          "TAXON_ID_NOT_FOUND"
        ],
        "fallback_media": {
          "url": "http://www.boldsystems.org/pics/MHPAC/BioBot11319-BB048377+1281634066.JPG",
          "references": "http://bins.boldsystems.org/index.php/Public_RecordView?processid=MHPAF813-11",
          "title": "MHPAF813-11 Fruit",
          "creator": null,
          "publisher": null,
          "license": "http://creativecommons.org/licenses/by-nc-sa/4.0/",
          "rightsHolder": null
        }
      }
    },
    {
      "type": "Feature",
      "geometry": {
        "type": "Point",
        "coordinates": [
          -84.75,
          10.30027
        ]
      },
      "properties": {
        "gbifID": "1262244635",
        "species": "Witheringia meiantha",
        "genus": "Witheringia",
        "family": "Solanaceae",
        "scientificName": "Witheringia meiantha (Donn.Sm.) Hunz.",
        "coordinateUncertaintyInMeters": "",
        "basisOfRecord": "PRESERVED_SPECIMEN",
        "eventDate": "1984-10-27",
        "country": null,
        "datasetName": "Tropicos",
        "publisher": "Missouri Botanical Garden",
        "license": "CC_BY_4_0",
        "issues": [
          "OCCURRENCE_STATUS_INFERRED_FROM_INDIVIDUAL_COUNT",
          "GEODETIC_DATUM_ASSUMED_WGS84",
          "INSTITUTION_MATCH_FUZZY",
          "COLLECTION_MATCH_NONE",
          "TAXON_ID_NOT_FOUND"
        ],
        "fallback_media": {
          "url": "http://www.boldsystems.org/pics/MHPAC/BioBot11319-BB048377+1281634066.JPG",
          "references": "http://bins.boldsystems.org/index.php/Public_RecordView?processid=MHPAF813-11",
          "title": "MHPAF813-11 Fruit",
          "creator": null,
          "publisher": null,
          "license": "http://creativecommons.org/licenses/by-nc-sa/4.0/",
          "rightsHolder": null
        }
      }
    },
    {
      "type": "Feature",
      "geometry": {
        "type": "Point",
        "coordinates": [
          -85.233333,
          12.983333
        ]
      },
      "properties": {
        "gbifID": "1262249466",
        "species": "Witheringia meiantha",
        "genus": "Witheringia",
        "family": "Solanaceae",
        "scientificName": "Witheringia meiantha (Donn.Sm.) Hunz.",
        "coordinateUncertaintyInMeters": "",
        "basisOfRecord": "PRESERVED_SPECIMEN",
        "eventDate": "1980-05-13",
        "country": null,
        "datasetName": "Tropicos",
        "publisher": "Missouri Botanical Garden",
        "license": "CC_BY_4_0",
        "issues": [
          "OCCURRENCE_STATUS_INFERRED_FROM_INDIVIDUAL_COUNT",
          "COORDINATE_ROUNDED",
          "GEODETIC_DATUM_ASSUMED_WGS84",
          "INSTITUTION_MATCH_FUZZY",
          "COLLECTION_MATCH_NONE",
          "TAXON_ID_NOT_FOUND"
        ],
        "fallback_media": {
          "url": "http://www.boldsystems.org/pics/MHPAC/BioBot11319-BB048377+1281634066.JPG",
          "references": "http://bins.boldsystems.org/index.php/Public_RecordView?processid=MHPAF813-11",
          "title": "MHPAF813-11 Fruit",
          "creator": null,
          "publisher": null,
          "license": "http://creativecommons.org/licenses/by-nc-sa/4.0/",
          "rightsHolder": null
        }
      }
    },
    {
      "type": "Feature",
      "geometry": {
        "type": "Point",
        "coordinates": [
          -86.266667,
          13.216667
        ]
      },
      "properties": {
        "gbifID": "4031465916",
        "species": "Witheringia meiantha",
        "genus": "Witheringia",
        "family": "Solanaceae",
        "scientificName": "Witheringia meiantha (Donn.Sm.) Hunz.",
        "coordinateUncertaintyInMeters": "",
        "basisOfRecord": "PRESERVED_SPECIMEN",
        "eventDate": "1999-06-10",
        "country": null,
        "datasetName": "Tropicos",
        "publisher": "Missouri Botanical Garden",
        "license": "CC_BY_4_0",
        "issues": [
          "OCCURRENCE_STATUS_INFERRED_FROM_INDIVIDUAL_COUNT",
          "COORDINATE_ROUNDED",
          "GEODETIC_DATUM_ASSUMED_WGS84",
          "INSTITUTION_MATCH_FUZZY",
          "COLLECTION_MATCH_NONE",
          "TAXON_ID_NOT_FOUND"
        ],
        "fallback_media": {
          "url": "http://www.boldsystems.org/pics/MHPAC/BioBot11319-BB048377+1281634066.JPG",
          "references": "http://bins.boldsystems.org/index.php/Public_RecordView?processid=MHPAF813-11",
          "title": "MHPAF813-11 Fruit",
          "creator": null,
          "publisher": null,
          "license": "http://creativecommons.org/licenses/by-nc-sa/4.0/",
          "rightsHolder": null
        }
      }
    },
    {
      "type": "Feature",
      "geometry": {
        "type": "Point",
        "coordinates": [
          -84.2,
          10.16666
        ]
      },
      "properties": {
        "gbifID": "1259427335",
        "species": "Witheringia meiantha",
        "genus": "Witheringia",
        "family": "Solanaceae",
        "scientificName": "Witheringia meiantha (Donn.Sm.) Hunz.",
        "coordinateUncertaintyInMeters": "",
        "basisOfRecord": "PRESERVED_SPECIMEN",
        "eventDate": "1973-04-16",
        "country": null,
        "datasetName": "Tropicos",
        "publisher": "Missouri Botanical Garden",
        "license": "CC_BY_4_0",
        "issues": [
          "GEODETIC_DATUM_ASSUMED_WGS84",
          "INSTITUTION_MATCH_FUZZY",
          "COLLECTION_MATCH_NONE",
          "TAXON_ID_NOT_FOUND"
        ],
        "fallback_media": {
          "url": "http://www.boldsystems.org/pics/MHPAC/BioBot11319-BB048377+1281634066.JPG",
          "references": "http://bins.boldsystems.org/index.php/Public_RecordView?processid=MHPAF813-11",
          "title": "MHPAF813-11 Fruit",
          "creator": null,
          "publisher": null,
          "license": "http://creativecommons.org/licenses/by-nc-sa/4.0/",
          "rightsHolder": null
        }
      }
    },
    {
      "type": "Feature",
      "geometry": {
        "type": "Point",
        "coordinates": [
          -88.083333,
          14.916667
        ]
      },
      "properties": {
        "gbifID": "1259429719",
        "species": "Witheringia meiantha",
        "genus": "Witheringia",
        "family": "Solanaceae",
        "scientificName": "Witheringia meiantha (Donn.Sm.) Hunz.",
        "coordinateUncertaintyInMeters": "",
        "basisOfRecord": "PRESERVED_SPECIMEN",
        "eventDate": "1973-04-28",
        "country": null,
        "datasetName": "Tropicos",
        "publisher": "Missouri Botanical Garden",
        "license": "CC_BY_4_0",
        "issues": [
          "OCCURRENCE_STATUS_INFERRED_FROM_INDIVIDUAL_COUNT",
          "COORDINATE_ROUNDED",
          "GEODETIC_DATUM_ASSUMED_WGS84",
          "INSTITUTION_MATCH_FUZZY",
          "COLLECTION_MATCH_NONE",
          "TAXON_ID_NOT_FOUND"
        ],
        "fallback_media": {
          "url": "http://www.boldsystems.org/pics/MHPAC/BioBot11319-BB048377+1281634066.JPG",
          "references": "http://bins.boldsystems.org/index.php/Public_RecordView?processid=MHPAF813-11",
          "title": "MHPAF813-11 Fruit",
          "creator": null,
          "publisher": null,
          "license": "http://creativecommons.org/licenses/by-nc-sa/4.0/",
          "rightsHolder": null
        }
      }
    },
    {
      "type": "Feature",
      "geometry": {
        "type": "Point",
        "coordinates": [
          -86.133333,
          14.95
        ]
      },
      "properties": {
        "gbifID": "1262246056",
        "species": "Witheringia meiantha",
        "genus": "Witheringia",
        "family": "Solanaceae",
        "scientificName": "Witheringia meiantha (Donn.Sm.) Hunz.",
        "coordinateUncertaintyInMeters": "",
        "basisOfRecord": "PRESERVED_SPECIMEN",
        "eventDate": "1992-05-28",
        "country": null,
        "datasetName": "Tropicos",
        "publisher": "Missouri Botanical Garden",
        "license": "CC_BY_4_0",
        "issues": [
          "OCCURRENCE_STATUS_INFERRED_FROM_INDIVIDUAL_COUNT",
          "COORDINATE_ROUNDED",
          "GEODETIC_DATUM_ASSUMED_WGS84",
          "INSTITUTION_MATCH_FUZZY",
          "COLLECTION_MATCH_NONE",
          "TAXON_ID_NOT_FOUND"
        ],
        "fallback_media": {
          "url": "http://www.boldsystems.org/pics/MHPAC/BioBot11319-BB048377+1281634066.JPG",
          "references": "http://bins.boldsystems.org/index.php/Public_RecordView?processid=MHPAF813-11",
          "title": "MHPAF813-11 Fruit",
          "creator": null,
          "publisher": null,
          "license": "http://creativecommons.org/licenses/by-nc-sa/4.0/",
          "rightsHolder": null
        }
      }
    },
    {
      "type": "Feature",
      "geometry": {
        "type": "Point",
        "coordinates": [
          -85.65,
          13.583333
        ]
      },
      "properties": {
        "gbifID": "1262247582",
        "species": "Witheringia meiantha",
        "genus": "Witheringia",
        "family": "Solanaceae",
        "scientificName": "Witheringia meiantha (Donn.Sm.) Hunz.",
        "coordinateUncertaintyInMeters": "",
        "basisOfRecord": "PRESERVED_SPECIMEN",
        "eventDate": "1980-07-26",
        "country": null,
        "datasetName": "Tropicos",
        "publisher": "Missouri Botanical Garden",
        "license": "CC_BY_4_0",
        "issues": [
          "OCCURRENCE_STATUS_INFERRED_FROM_INDIVIDUAL_COUNT",
          "COORDINATE_ROUNDED",
          "GEODETIC_DATUM_ASSUMED_WGS84",
          "INSTITUTION_MATCH_FUZZY",
          "COLLECTION_MATCH_NONE",
          "TAXON_ID_NOT_FOUND"
        ],
        "fallback_media": {
          "url": "http://www.boldsystems.org/pics/MHPAC/BioBot11319-BB048377+1281634066.JPG",
          "references": "http://bins.boldsystems.org/index.php/Public_RecordView?processid=MHPAF813-11",
          "title": "MHPAF813-11 Fruit",
          "creator": null,
          "publisher": null,
          "license": "http://creativecommons.org/licenses/by-nc-sa/4.0/",
          "rightsHolder": null
        }
      }
    },
    {
      "type": "Feature",
      "geometry": {
        "type": "Point",
        "coordinates": [
          -82.67916,
          9.165
        ]
      },
      "properties": {
        "gbifID": "4031699961",
        "species": "Witheringia meiantha",
        "genus": "Witheringia",
        "family": "Solanaceae",
        "scientificName": "Witheringia meiantha (Donn.Sm.) Hunz.",
        "coordinateUncertaintyInMeters": "",
        "basisOfRecord": "PRESERVED_SPECIMEN",
        "eventDate": "2005-03-28",
        "country": null,
        "datasetName": "Tropicos",
        "publisher": "Missouri Botanical Garden",
        "license": "CC_BY_4_0",
        "issues": [
          "GEODETIC_DATUM_ASSUMED_WGS84",
          "INSTITUTION_MATCH_FUZZY",
          "COLLECTION_MATCH_NONE",
          "TAXON_ID_NOT_FOUND"
        ],
        "fallback_media": {
          "url": "http://www.boldsystems.org/pics/MHPAC/BioBot11319-BB048377+1281634066.JPG",
          "references": "http://bins.boldsystems.org/index.php/Public_RecordView?processid=MHPAF813-11",
          "title": "MHPAF813-11 Fruit",
          "creator": null,
          "publisher": null,
          "license": "http://creativecommons.org/licenses/by-nc-sa/4.0/",
          "rightsHolder": null
        }
      }
    },
    {
      "type": "Feature",
      "geometry": {
        "type": "Point",
        "coordinates": [
          -85.65,
          13.233333
        ]
      },
      "properties": {
        "gbifID": "1258723370",
        "species": "Witheringia meiantha",
        "genus": "Witheringia",
        "family": "Solanaceae",
        "scientificName": "Witheringia meiantha (Donn.Sm.) Hunz.",
        "coordinateUncertaintyInMeters": "",
        "basisOfRecord": "PRESERVED_SPECIMEN",
        "eventDate": "1981-11-24",
        "country": null,
        "datasetName": "Tropicos",
        "publisher": "Missouri Botanical Garden",
        "license": "CC_BY_4_0",
        "issues": [
          "OCCURRENCE_STATUS_INFERRED_FROM_INDIVIDUAL_COUNT",
          "COORDINATE_ROUNDED",
          "GEODETIC_DATUM_ASSUMED_WGS84",
          "INSTITUTION_MATCH_FUZZY",
          "COLLECTION_MATCH_NONE",
          "TAXON_ID_NOT_FOUND"
        ],
        "fallback_media": {
          "url": "http://www.boldsystems.org/pics/MHPAC/BioBot11319-BB048377+1281634066.JPG",
          "references": "http://bins.boldsystems.org/index.php/Public_RecordView?processid=MHPAF813-11",
          "title": "MHPAF813-11 Fruit",
          "creator": null,
          "publisher": null,
          "license": "http://creativecommons.org/licenses/by-nc-sa/4.0/",
          "rightsHolder": null
        }
      }
    },
    {
      "type": "Feature",
      "geometry": {
        "type": "Point",
        "coordinates": [
          -84.016667,
          9.783333
        ]
      },
      "properties": {
        "gbifID": "1257576489",
        "species": "Witheringia meiantha",
        "genus": "Witheringia",
        "family": "Solanaceae",
        "scientificName": "Witheringia meiantha (Donn.Sm.) Hunz.",
        "coordinateUncertaintyInMeters": "",
        "basisOfRecord": "PRESERVED_SPECIMEN",
        "eventDate": "1928-05-27",
        "country": null,
        "datasetName": "Tropicos",
        "publisher": "Missouri Botanical Garden",
        "license": "CC_BY_4_0",
        "issues": [
          "OCCURRENCE_STATUS_INFERRED_FROM_INDIVIDUAL_COUNT",
          "COORDINATE_ROUNDED",
          "GEODETIC_DATUM_ASSUMED_WGS84",
          "INSTITUTION_MATCH_FUZZY",
          "COLLECTION_MATCH_NONE",
          "TAXON_ID_NOT_FOUND"
        ],
        "fallback_media": {
          "url": "http://www.boldsystems.org/pics/MHPAC/BioBot11319-BB048377+1281634066.JPG",
          "references": "http://bins.boldsystems.org/index.php/Public_RecordView?processid=MHPAF813-11",
          "title": "MHPAF813-11 Fruit",
          "creator": null,
          "publisher": null,
          "license": "http://creativecommons.org/licenses/by-nc-sa/4.0/",
          "rightsHolder": null
        }
      }
    },
    {
      "type": "Feature",
      "geometry": {
        "type": "Point",
        "coordinates": [
          -85.866667,
          12.966667
        ]
      },
      "properties": {
        "gbifID": "1262245514",
        "species": "Witheringia meiantha",
        "genus": "Witheringia",
        "family": "Solanaceae",
        "scientificName": "Witheringia meiantha (Donn.Sm.) Hunz.",
        "coordinateUncertaintyInMeters": "",
        "basisOfRecord": "PRESERVED_SPECIMEN",
        "eventDate": "1982-10-23",
        "country": null,
        "datasetName": "Tropicos",
        "publisher": "Missouri Botanical Garden",
        "license": "CC_BY_4_0",
        "issues": [
          "OCCURRENCE_STATUS_INFERRED_FROM_INDIVIDUAL_COUNT",
          "COORDINATE_ROUNDED",
          "GEODETIC_DATUM_ASSUMED_WGS84",
          "INSTITUTION_MATCH_FUZZY",
          "COLLECTION_MATCH_NONE",
          "TAXON_ID_NOT_FOUND"
        ],
        "fallback_media": {
          "url": "http://www.boldsystems.org/pics/MHPAC/BioBot11319-BB048377+1281634066.JPG",
          "references": "http://bins.boldsystems.org/index.php/Public_RecordView?processid=MHPAF813-11",
          "title": "MHPAF813-11 Fruit",
          "creator": null,
          "publisher": null,
          "license": "http://creativecommons.org/licenses/by-nc-sa/4.0/",
          "rightsHolder": null
        }
      }
    },
    {
      "type": "Feature",
      "geometry": {
        "type": "Point",
        "coordinates": [
          -85.396667,
          10.884722
        ]
      },
      "properties": {
        "gbifID": "1262241362",
        "species": "Witheringia meiantha",
        "genus": "Witheringia",
        "family": "Solanaceae",
        "scientificName": "Witheringia meiantha (Donn.Sm.) Hunz.",
        "coordinateUncertaintyInMeters": "",
        "basisOfRecord": "PRESERVED_SPECIMEN",
        "eventDate": "1989-05-19",
        "country": null,
        "datasetName": "Tropicos",
        "publisher": "Missouri Botanical Garden",
        "license": "CC_BY_4_0",
        "issues": [
          "OCCURRENCE_STATUS_INFERRED_FROM_INDIVIDUAL_COUNT",
          "COORDINATE_ROUNDED",
          "GEODETIC_DATUM_ASSUMED_WGS84",
          "INSTITUTION_MATCH_FUZZY",
          "COLLECTION_MATCH_NONE",
          "TAXON_ID_NOT_FOUND"
        ],
        "fallback_media": {
          "url": "http://www.boldsystems.org/pics/MHPAC/BioBot11319-BB048377+1281634066.JPG",
          "references": "http://bins.boldsystems.org/index.php/Public_RecordView?processid=MHPAF813-11",
          "title": "MHPAF813-11 Fruit",
          "creator": null,
          "publisher": null,
          "license": "http://creativecommons.org/licenses/by-nc-sa/4.0/",
          "rightsHolder": null
        }
      }
    },
    {
      "type": "Feature",
      "geometry": {
        "type": "Point",
        "coordinates": [
          -85.683333,
          13.55
        ]
      },
      "properties": {
        "gbifID": "4031502302",
        "species": "Witheringia meiantha",
        "genus": "Witheringia",
        "family": "Solanaceae",
        "scientificName": "Witheringia meiantha (Donn.Sm.) Hunz.",
        "coordinateUncertaintyInMeters": "",
        "basisOfRecord": "PRESERVED_SPECIMEN",
        "eventDate": "2000-08-29",
        "country": null,
        "datasetName": "Tropicos",
        "publisher": "Missouri Botanical Garden",
        "license": "CC_BY_4_0",
        "issues": [
          "OCCURRENCE_STATUS_INFERRED_FROM_INDIVIDUAL_COUNT",
          "COORDINATE_ROUNDED",
          "GEODETIC_DATUM_ASSUMED_WGS84",
          "INSTITUTION_MATCH_FUZZY",
          "COLLECTION_MATCH_NONE",
          "TAXON_ID_NOT_FOUND"
        ],
        "fallback_media": {
          "url": "http://www.boldsystems.org/pics/MHPAC/BioBot11319-BB048377+1281634066.JPG",
          "references": "http://bins.boldsystems.org/index.php/Public_RecordView?processid=MHPAF813-11",
          "title": "MHPAF813-11 Fruit",
          "creator": null,
          "publisher": null,
          "license": "http://creativecommons.org/licenses/by-nc-sa/4.0/",
          "rightsHolder": null
        }
      }
    },
    {
      "type": "Feature",
      "geometry": {
        "type": "Point",
        "coordinates": [
          -85.283333,
          12.983333
        ]
      },
      "properties": {
        "gbifID": "1262249797",
        "species": "Witheringia meiantha",
        "genus": "Witheringia",
        "family": "Solanaceae",
        "scientificName": "Witheringia meiantha (Donn.Sm.) Hunz.",
        "coordinateUncertaintyInMeters": "",
        "basisOfRecord": "PRESERVED_SPECIMEN",
        "eventDate": "1980-05-14",
        "country": null,
        "datasetName": "Tropicos",
        "publisher": "Missouri Botanical Garden",
        "license": "CC_BY_4_0",
        "issues": [
          "OCCURRENCE_STATUS_INFERRED_FROM_INDIVIDUAL_COUNT",
          "COORDINATE_ROUNDED",
          "GEODETIC_DATUM_ASSUMED_WGS84",
          "INSTITUTION_MATCH_FUZZY",
          "COLLECTION_MATCH_NONE",
          "TAXON_ID_NOT_FOUND"
        ],
        "fallback_media": {
          "url": "http://www.boldsystems.org/pics/MHPAC/BioBot11319-BB048377+1281634066.JPG",
          "references": "http://bins.boldsystems.org/index.php/Public_RecordView?processid=MHPAF813-11",
          "title": "MHPAF813-11 Fruit",
          "creator": null,
          "publisher": null,
          "license": "http://creativecommons.org/licenses/by-nc-sa/4.0/",
          "rightsHolder": null
        }
      }
    },
    {
      "type": "Feature",
      "geometry": {
        "type": "Point",
        "coordinates": [
          -85.983333,
          11.836389
        ]
      },
      "properties": {
        "gbifID": "1262252939",
        "species": "Witheringia meiantha",
        "genus": "Witheringia",
        "family": "Solanaceae",
        "scientificName": "Witheringia meiantha (Donn.Sm.) Hunz.",
        "coordinateUncertaintyInMeters": "",
        "basisOfRecord": "PRESERVED_SPECIMEN",
        "eventDate": "1983-10-11",
        "country": null,
        "datasetName": "Tropicos",
        "publisher": "Missouri Botanical Garden",
        "license": "CC_BY_4_0",
        "issues": [
          "OCCURRENCE_STATUS_INFERRED_FROM_INDIVIDUAL_COUNT",
          "COORDINATE_ROUNDED",
          "GEODETIC_DATUM_ASSUMED_WGS84",
          "INSTITUTION_MATCH_FUZZY",
          "COLLECTION_MATCH_NONE",
          "TAXON_ID_NOT_FOUND"
        ],
        "fallback_media": {
          "url": "http://www.boldsystems.org/pics/MHPAC/BioBot11319-BB048377+1281634066.JPG",
          "references": "http://bins.boldsystems.org/index.php/Public_RecordView?processid=MHPAF813-11",
          "title": "MHPAF813-11 Fruit",
          "creator": null,
          "publisher": null,
          "license": "http://creativecommons.org/licenses/by-nc-sa/4.0/",
          "rightsHolder": null
        }
      }
    },
    {
      "type": "Feature",
      "geometry": {
        "type": "Point",
        "coordinates": [
          -84.995833,
          13.733333
        ]
      },
      "properties": {
        "gbifID": "1262245182",
        "species": "Witheringia meiantha",
        "genus": "Witheringia",
        "family": "Solanaceae",
        "scientificName": "Witheringia meiantha (Donn.Sm.) Hunz.",
        "coordinateUncertaintyInMeters": "",
        "basisOfRecord": "PRESERVED_SPECIMEN",
        "eventDate": "1979-04-17",
        "country": null,
        "datasetName": "Tropicos",
        "publisher": "Missouri Botanical Garden",
        "license": "CC_BY_4_0",
        "issues": [
          "OCCURRENCE_STATUS_INFERRED_FROM_INDIVIDUAL_COUNT",
          "COORDINATE_ROUNDED",
          "GEODETIC_DATUM_ASSUMED_WGS84",
          "INSTITUTION_MATCH_FUZZY",
          "COLLECTION_MATCH_NONE",
          "TAXON_ID_NOT_FOUND"
        ],
        "fallback_media": {
          "url": "http://www.boldsystems.org/pics/MHPAC/BioBot11319-BB048377+1281634066.JPG",
          "references": "http://bins.boldsystems.org/index.php/Public_RecordView?processid=MHPAF813-11",
          "title": "MHPAF813-11 Fruit",
          "creator": null,
          "publisher": null,
          "license": "http://creativecommons.org/licenses/by-nc-sa/4.0/",
          "rightsHolder": null
        }
      }
    },
    {
      "type": "Feature",
      "geometry": {
        "type": "Point",
        "coordinates": [
          -83.78,
          10.01
        ]
      },
      "properties": {
        "gbifID": "1259428719",
        "species": "Witheringia meiantha",
        "genus": "Witheringia",
        "family": "Solanaceae",
        "scientificName": "Witheringia meiantha (Donn.Sm.) Hunz.",
        "coordinateUncertaintyInMeters": "",
        "basisOfRecord": "PRESERVED_SPECIMEN",
        "eventDate": "1978-03-08",
        "country": null,
        "datasetName": "Tropicos",
        "publisher": "Missouri Botanical Garden",
        "license": "CC_BY_4_0",
        "issues": [
          "GEODETIC_DATUM_ASSUMED_WGS84",
          "INSTITUTION_MATCH_FUZZY",
          "COLLECTION_MATCH_NONE",
          "TAXON_ID_NOT_FOUND"
        ],
        "fallback_media": {
          "url": "http://www.boldsystems.org/pics/MHPAC/BioBot11319-BB048377+1281634066.JPG",
          "references": "http://bins.boldsystems.org/index.php/Public_RecordView?processid=MHPAF813-11",
          "title": "MHPAF813-11 Fruit",
          "creator": null,
          "publisher": null,
          "license": "http://creativecommons.org/licenses/by-nc-sa/4.0/",
          "rightsHolder": null
        }
      }
    },
    {
      "type": "Feature",
      "geometry": {
        "type": "Point",
        "coordinates": [
          -82.961323,
          8.795081
        ]
      },
      "properties": {
        "gbifID": "4032104227",
        "species": "Witheringia meiantha",
        "genus": "Witheringia",
        "family": "Solanaceae",
        "scientificName": "Witheringia meiantha (Donn.Sm.) Hunz.",
        "coordinateUncertaintyInMeters": "",
        "basisOfRecord": "PRESERVED_SPECIMEN",
        "eventDate": "2002-06-17",
        "country": null,
        "datasetName": "Tropicos",
        "publisher": "Missouri Botanical Garden",
        "license": "CC_BY_4_0",
        "issues": [
          "OCCURRENCE_STATUS_INFERRED_FROM_INDIVIDUAL_COUNT",
          "COORDINATE_ROUNDED",
          "GEODETIC_DATUM_ASSUMED_WGS84",
          "INSTITUTION_MATCH_FUZZY",
          "COLLECTION_MATCH_NONE",
          "TAXON_ID_NOT_FOUND"
        ],
        "fallback_media": {
          "url": "http://www.boldsystems.org/pics/MHPAC/BioBot11319-BB048377+1281634066.JPG",
          "references": "http://bins.boldsystems.org/index.php/Public_RecordView?processid=MHPAF813-11",
          "title": "MHPAF813-11 Fruit",
          "creator": null,
          "publisher": null,
          "license": "http://creativecommons.org/licenses/by-nc-sa/4.0/",
          "rightsHolder": null
        }
      }
    },
    {
      "type": "Feature",
      "geometry": {
        "type": "Point",
        "coordinates": [
          -84.995833,
          13.745833
        ]
      },
      "properties": {
        "gbifID": "1262244212",
        "species": "Witheringia meiantha",
        "genus": "Witheringia",
        "family": "Solanaceae",
        "scientificName": "Witheringia meiantha (Donn.Sm.) Hunz.",
        "coordinateUncertaintyInMeters": "",
        "basisOfRecord": "PRESERVED_SPECIMEN",
        "eventDate": "1979-04-13",
        "country": null,
        "datasetName": "Tropicos",
        "publisher": "Missouri Botanical Garden",
        "license": "CC_BY_4_0",
        "issues": [
          "OCCURRENCE_STATUS_INFERRED_FROM_INDIVIDUAL_COUNT",
          "COORDINATE_ROUNDED",
          "GEODETIC_DATUM_ASSUMED_WGS84",
          "INSTITUTION_MATCH_FUZZY",
          "COLLECTION_MATCH_NONE",
          "TAXON_ID_NOT_FOUND"
        ],
        "fallback_media": {
          "url": "http://www.boldsystems.org/pics/MHPAC/BioBot11319-BB048377+1281634066.JPG",
          "references": "http://bins.boldsystems.org/index.php/Public_RecordView?processid=MHPAF813-11",
          "title": "MHPAF813-11 Fruit",
          "creator": null,
          "publisher": null,
          "license": "http://creativecommons.org/licenses/by-nc-sa/4.0/",
          "rightsHolder": null
        }
      }
    },
    {
      "type": "Feature",
      "geometry": {
        "type": "Point",
        "coordinates": [
          -86.231111,
          13.434444
        ]
      },
      "properties": {
        "gbifID": "4031857148",
        "species": "Witheringia meiantha",
        "genus": "Witheringia",
        "family": "Solanaceae",
        "scientificName": "Witheringia meiantha (Donn.Sm.) Hunz.",
        "coordinateUncertaintyInMeters": "",
        "basisOfRecord": "PRESERVED_SPECIMEN",
        "eventDate": "2007-07-25",
        "country": null,
        "datasetName": "Tropicos",
        "publisher": "Missouri Botanical Garden",
        "license": "CC_BY_4_0",
        "issues": [
          "OCCURRENCE_STATUS_INFERRED_FROM_INDIVIDUAL_COUNT",
          "COORDINATE_ROUNDED",
          "GEODETIC_DATUM_ASSUMED_WGS84",
          "INSTITUTION_MATCH_FUZZY",
          "COLLECTION_MATCH_NONE",
          "TAXON_ID_NOT_FOUND"
        ],
        "fallback_media": {
          "url": "http://www.boldsystems.org/pics/MHPAC/BioBot11319-BB048377+1281634066.JPG",
          "references": "http://bins.boldsystems.org/index.php/Public_RecordView?processid=MHPAF813-11",
          "title": "MHPAF813-11 Fruit",
          "creator": null,
          "publisher": null,
          "license": "http://creativecommons.org/licenses/by-nc-sa/4.0/",
          "rightsHolder": null
        }
      }
    },
    {
      "type": "Feature",
      "geometry": {
        "type": "Point",
        "coordinates": [
          -85.216667,
          12.966667
        ]
      },
      "properties": {
        "gbifID": "4031901988",
        "species": "Witheringia meiantha",
        "genus": "Witheringia",
        "family": "Solanaceae",
        "scientificName": "Witheringia meiantha (Donn.Sm.) Hunz.",
        "coordinateUncertaintyInMeters": "",
        "basisOfRecord": "PRESERVED_SPECIMEN",
        "eventDate": "2000-07-15",
        "country": null,
        "datasetName": "Tropicos",
        "publisher": "Missouri Botanical Garden",
        "license": "CC_BY_4_0",
        "issues": [
          "OCCURRENCE_STATUS_INFERRED_FROM_INDIVIDUAL_COUNT",
          "COORDINATE_ROUNDED",
          "GEODETIC_DATUM_ASSUMED_WGS84",
          "INSTITUTION_MATCH_FUZZY",
          "COLLECTION_MATCH_NONE",
          "TAXON_ID_NOT_FOUND"
        ],
        "fallback_media": {
          "url": "http://www.boldsystems.org/pics/MHPAC/BioBot11319-BB048377+1281634066.JPG",
          "references": "http://bins.boldsystems.org/index.php/Public_RecordView?processid=MHPAF813-11",
          "title": "MHPAF813-11 Fruit",
          "creator": null,
          "publisher": null,
          "license": "http://creativecommons.org/licenses/by-nc-sa/4.0/",
          "rightsHolder": null
        }
      }
    },
    {
      "type": "Feature",
      "geometry": {
        "type": "Point",
        "coordinates": [
          -85.15,
          14.333333
        ]
      },
      "properties": {
        "gbifID": "4032097247",
        "species": "Witheringia meiantha",
        "genus": "Witheringia",
        "family": "Solanaceae",
        "scientificName": "Witheringia meiantha (Donn.Sm.) Hunz.",
        "coordinateUncertaintyInMeters": "",
        "basisOfRecord": "PRESERVED_SPECIMEN",
        "eventDate": "2006-02-07",
        "country": null,
        "datasetName": "Tropicos",
        "publisher": "Missouri Botanical Garden",
        "license": "CC_BY_4_0",
        "issues": [
          "OCCURRENCE_STATUS_INFERRED_FROM_INDIVIDUAL_COUNT",
          "COORDINATE_ROUNDED",
          "GEODETIC_DATUM_ASSUMED_WGS84",
          "INSTITUTION_MATCH_FUZZY",
          "COLLECTION_MATCH_NONE",
          "TAXON_ID_NOT_FOUND"
        ],
        "fallback_media": {
          "url": "http://www.boldsystems.org/pics/MHPAC/BioBot11319-BB048377+1281634066.JPG",
          "references": "http://bins.boldsystems.org/index.php/Public_RecordView?processid=MHPAF813-11",
          "title": "MHPAF813-11 Fruit",
          "creator": null,
          "publisher": null,
          "license": "http://creativecommons.org/licenses/by-nc-sa/4.0/",
          "rightsHolder": null
        }
      }
    },
    {
      "type": "Feature",
      "geometry": {
        "type": "Point",
        "coordinates": [
          -91.227778,
          15.858611
        ]
      },
      "properties": {
        "gbifID": "1257745808",
        "species": "Witheringia meiantha",
        "genus": "Witheringia",
        "family": "Solanaceae",
        "scientificName": "Witheringia meiantha (Donn.Sm.) Hunz.",
        "coordinateUncertaintyInMeters": "",
        "basisOfRecord": "PRESERVED_SPECIMEN",
        "eventDate": "2006-09-21",
        "country": null,
        "datasetName": "Tropicos",
        "publisher": "Missouri Botanical Garden",
        "license": "CC_BY_4_0",
        "issues": [
          "OCCURRENCE_STATUS_INFERRED_FROM_INDIVIDUAL_COUNT",
          "COORDINATE_ROUNDED",
          "GEODETIC_DATUM_ASSUMED_WGS84",
          "INSTITUTION_MATCH_FUZZY",
          "COLLECTION_MATCH_NONE",
          "TAXON_ID_NOT_FOUND"
        ],
        "fallback_media": {
          "url": "http://www.boldsystems.org/pics/MHPAC/BioBot11319-BB048377+1281634066.JPG",
          "references": "http://bins.boldsystems.org/index.php/Public_RecordView?processid=MHPAF813-11",
          "title": "MHPAF813-11 Fruit",
          "creator": null,
          "publisher": null,
          "license": "http://creativecommons.org/licenses/by-nc-sa/4.0/",
          "rightsHolder": null
        }
      }
    },
    {
      "type": "Feature",
      "geometry": {
        "type": "Point",
        "coordinates": [
          -82.6,
          8.81666
        ]
      },
      "properties": {
        "gbifID": "1259426286",
        "species": "Witheringia meiantha",
        "genus": "Witheringia",
        "family": "Solanaceae",
        "scientificName": "Witheringia meiantha (Donn.Sm.) Hunz.",
        "coordinateUncertaintyInMeters": "",
        "basisOfRecord": "PRESERVED_SPECIMEN",
        "eventDate": "1979-04-08",
        "country": null,
        "datasetName": "Tropicos",
        "publisher": "Missouri Botanical Garden",
        "license": "CC_BY_4_0",
        "issues": [
          "GEODETIC_DATUM_ASSUMED_WGS84",
          "INSTITUTION_MATCH_FUZZY",
          "COLLECTION_MATCH_NONE",
          "TAXON_ID_NOT_FOUND"
        ],
        "fallback_media": {
          "url": "http://www.boldsystems.org/pics/MHPAC/BioBot11319-BB048377+1281634066.JPG",
          "references": "http://bins.boldsystems.org/index.php/Public_RecordView?processid=MHPAF813-11",
          "title": "MHPAF813-11 Fruit",
          "creator": null,
          "publisher": null,
          "license": "http://creativecommons.org/licenses/by-nc-sa/4.0/",
          "rightsHolder": null
        }
      }
    },
    {
      "type": "Feature",
      "geometry": {
        "type": "Point",
        "coordinates": [
          -85.922222,
          13.006944
        ]
      },
      "properties": {
        "gbifID": "1258327420",
        "species": "Witheringia meiantha",
        "genus": "Witheringia",
        "family": "Solanaceae",
        "scientificName": "Witheringia meiantha (Donn.Sm.) Hunz.",
        "coordinateUncertaintyInMeters": "",
        "basisOfRecord": "PRESERVED_SPECIMEN",
        "eventDate": "1974-05-26",
        "country": null,
        "datasetName": "Tropicos",
        "publisher": "Missouri Botanical Garden",
        "license": "CC_BY_4_0",
        "issues": [
          "OCCURRENCE_STATUS_INFERRED_FROM_INDIVIDUAL_COUNT",
          "COORDINATE_ROUNDED",
          "GEODETIC_DATUM_ASSUMED_WGS84",
          "INSTITUTION_MATCH_FUZZY",
          "COLLECTION_MATCH_NONE",
          "TAXON_ID_NOT_FOUND"
        ],
        "fallback_media": {
          "url": "http://www.boldsystems.org/pics/MHPAC/BioBot11319-BB048377+1281634066.JPG",
          "references": "http://bins.boldsystems.org/index.php/Public_RecordView?processid=MHPAF813-11",
          "title": "MHPAF813-11 Fruit",
          "creator": null,
          "publisher": null,
          "license": "http://creativecommons.org/licenses/by-nc-sa/4.0/",
          "rightsHolder": null
        }
      }
    },
    {
      "type": "Feature",
      "geometry": {
        "type": "Point",
        "coordinates": [
          -91.215833,
          15.838056
        ]
      },
      "properties": {
        "gbifID": "1257646808",
        "species": "Witheringia meiantha",
        "genus": "Witheringia",
        "family": "Solanaceae",
        "scientificName": "Witheringia meiantha (Donn.Sm.) Hunz.",
        "coordinateUncertaintyInMeters": "",
        "basisOfRecord": "PRESERVED_SPECIMEN",
        "eventDate": "2006-09-21",
        "country": null,
        "datasetName": "Tropicos",
        "publisher": "Missouri Botanical Garden",
        "license": "CC_BY_4_0",
        "issues": [
          "OCCURRENCE_STATUS_INFERRED_FROM_INDIVIDUAL_COUNT",
          "COORDINATE_ROUNDED",
          "GEODETIC_DATUM_ASSUMED_WGS84",
          "INSTITUTION_MATCH_FUZZY",
          "COLLECTION_MATCH_NONE",
          "TAXON_ID_NOT_FOUND"
        ],
        "fallback_media": {
          "url": "http://www.boldsystems.org/pics/MHPAC/BioBot11319-BB048377+1281634066.JPG",
          "references": "http://bins.boldsystems.org/index.php/Public_RecordView?processid=MHPAF813-11",
          "title": "MHPAF813-11 Fruit",
          "creator": null,
          "publisher": null,
          "license": "http://creativecommons.org/licenses/by-nc-sa/4.0/",
          "rightsHolder": null
        }
      }
    },
    {
      "type": "Feature",
      "geometry": {
        "type": "Point",
        "coordinates": [
          -84.15,
          10.17
        ]
      },
      "properties": {
        "gbifID": "1259425951",
        "species": "Witheringia meiantha",
        "genus": "Witheringia",
        "family": "Solanaceae",
        "scientificName": "Witheringia meiantha (Donn.Sm.) Hunz.",
        "coordinateUncertaintyInMeters": "",
        "basisOfRecord": "PRESERVED_SPECIMEN",
        "eventDate": "1937-07",
        "country": null,
        "datasetName": "Tropicos",
        "publisher": "Missouri Botanical Garden",
        "license": "CC_BY_4_0",
        "issues": [
          "OCCURRENCE_STATUS_INFERRED_FROM_INDIVIDUAL_COUNT",
          "GEODETIC_DATUM_ASSUMED_WGS84",
          "INSTITUTION_MATCH_FUZZY",
          "COLLECTION_MATCH_NONE",
          "TAXON_ID_NOT_FOUND"
        ],
        "fallback_media": {
          "url": "http://www.boldsystems.org/pics/MHPAC/BioBot11319-BB048377+1281634066.JPG",
          "references": "http://bins.boldsystems.org/index.php/Public_RecordView?processid=MHPAF813-11",
          "title": "MHPAF813-11 Fruit",
          "creator": null,
          "publisher": null,
          "license": "http://creativecommons.org/licenses/by-nc-sa/4.0/",
          "rightsHolder": null
        }
      }
    },
    {
      "type": "Feature",
      "geometry": {
        "type": "Point",
        "coordinates": [
          -86.719722,
          14.575278
        ]
      },
      "properties": {
        "gbifID": "1259426492",
        "species": "Witheringia meiantha",
        "genus": "Witheringia",
        "family": "Solanaceae",
        "scientificName": "Witheringia meiantha (Donn.Sm.) Hunz.",
        "coordinateUncertaintyInMeters": "",
        "basisOfRecord": "PRESERVED_SPECIMEN",
        "eventDate": "1982-04-25",
        "country": null,
        "datasetName": "Tropicos",
        "publisher": "Missouri Botanical Garden",
        "license": "CC_BY_4_0",
        "issues": [
          "OCCURRENCE_STATUS_INFERRED_FROM_INDIVIDUAL_COUNT",
          "COORDINATE_ROUNDED",
          "GEODETIC_DATUM_ASSUMED_WGS84",
          "INSTITUTION_MATCH_FUZZY",
          "COLLECTION_MATCH_NONE",
          "TAXON_ID_NOT_FOUND"
        ],
        "fallback_media": {
          "url": "http://www.boldsystems.org/pics/MHPAC/BioBot11319-BB048377+1281634066.JPG",
          "references": "http://bins.boldsystems.org/index.php/Public_RecordView?processid=MHPAF813-11",
          "title": "MHPAF813-11 Fruit",
          "creator": null,
          "publisher": null,
          "license": "http://creativecommons.org/licenses/by-nc-sa/4.0/",
          "rightsHolder": null
        }
      }
    },
    {
      "type": "Feature",
      "geometry": {
        "type": "Point",
        "coordinates": [
          -85.483333,
          11.425
        ]
      },
      "properties": {
        "gbifID": "1262255429",
        "species": "Witheringia meiantha",
        "genus": "Witheringia",
        "family": "Solanaceae",
        "scientificName": "Witheringia meiantha (Donn.Sm.) Hunz.",
        "coordinateUncertaintyInMeters": "",
        "basisOfRecord": "PRESERVED_SPECIMEN",
        "eventDate": "1983-03-02",
        "country": null,
        "datasetName": "Tropicos",
        "publisher": "Missouri Botanical Garden",
        "license": "CC_BY_4_0",
        "issues": [
          "OCCURRENCE_STATUS_INFERRED_FROM_INDIVIDUAL_COUNT",
          "COORDINATE_ROUNDED",
          "GEODETIC_DATUM_ASSUMED_WGS84",
          "INSTITUTION_MATCH_FUZZY",
          "COLLECTION_MATCH_NONE",
          "TAXON_ID_NOT_FOUND"
        ],
        "fallback_media": {
          "url": "http://www.boldsystems.org/pics/MHPAC/BioBot11319-BB048377+1281634066.JPG",
          "references": "http://bins.boldsystems.org/index.php/Public_RecordView?processid=MHPAF813-11",
          "title": "MHPAF813-11 Fruit",
          "creator": null,
          "publisher": null,
          "license": "http://creativecommons.org/licenses/by-nc-sa/4.0/",
          "rightsHolder": null
        }
      }
    },
    {
      "type": "Feature",
      "geometry": {
        "type": "Point",
        "coordinates": [
          -85.883333,
          12.983333
        ]
      },
      "properties": {
        "gbifID": "1262246425",
        "species": "Witheringia meiantha",
        "genus": "Witheringia",
        "family": "Solanaceae",
        "scientificName": "Witheringia meiantha (Donn.Sm.) Hunz.",
        "coordinateUncertaintyInMeters": "",
        "basisOfRecord": "PRESERVED_SPECIMEN",
        "eventDate": "1983-12-10",
        "country": null,
        "datasetName": "Tropicos",
        "publisher": "Missouri Botanical Garden",
        "license": "CC_BY_4_0",
        "issues": [
          "OCCURRENCE_STATUS_INFERRED_FROM_INDIVIDUAL_COUNT",
          "COORDINATE_ROUNDED",
          "GEODETIC_DATUM_ASSUMED_WGS84",
          "INSTITUTION_MATCH_FUZZY",
          "COLLECTION_MATCH_NONE",
          "TAXON_ID_NOT_FOUND"
        ],
        "fallback_media": {
          "url": "http://www.boldsystems.org/pics/MHPAC/BioBot11319-BB048377+1281634066.JPG",
          "references": "http://bins.boldsystems.org/index.php/Public_RecordView?processid=MHPAF813-11",
          "title": "MHPAF813-11 Fruit",
          "creator": null,
          "publisher": null,
          "license": "http://creativecommons.org/licenses/by-nc-sa/4.0/",
          "rightsHolder": null
        }
      }
    },
    {
      "type": "Feature",
      "geometry": {
        "type": "Point",
        "coordinates": [
          -85.9,
          13.016667
        ]
      },
      "properties": {
        "gbifID": "1262252345",
        "species": "Witheringia meiantha",
        "genus": "Witheringia",
        "family": "Solanaceae",
        "scientificName": "Witheringia meiantha (Donn.Sm.) Hunz.",
        "coordinateUncertaintyInMeters": "",
        "basisOfRecord": "PRESERVED_SPECIMEN",
        "eventDate": "1985-05-26",
        "country": null,
        "datasetName": "Tropicos",
        "publisher": "Missouri Botanical Garden",
        "license": "CC_BY_4_0",
        "issues": [
          "OCCURRENCE_STATUS_INFERRED_FROM_INDIVIDUAL_COUNT",
          "COORDINATE_ROUNDED",
          "GEODETIC_DATUM_ASSUMED_WGS84",
          "INSTITUTION_MATCH_FUZZY",
          "COLLECTION_MATCH_NONE",
          "TAXON_ID_NOT_FOUND"
        ],
        "fallback_media": {
          "url": "http://www.boldsystems.org/pics/MHPAC/BioBot11319-BB048377+1281634066.JPG",
          "references": "http://bins.boldsystems.org/index.php/Public_RecordView?processid=MHPAF813-11",
          "title": "MHPAF813-11 Fruit",
          "creator": null,
          "publisher": null,
          "license": "http://creativecommons.org/licenses/by-nc-sa/4.0/",
          "rightsHolder": null
        }
      }
    },
    {
      "type": "Feature",
      "geometry": {
        "type": "Point",
        "coordinates": [
          -85.133333,
          14.4
        ]
      },
      "properties": {
        "gbifID": "4032138198",
        "species": "Witheringia meiantha",
        "genus": "Witheringia",
        "family": "Solanaceae",
        "scientificName": "Witheringia meiantha (Donn.Sm.) Hunz.",
        "coordinateUncertaintyInMeters": "",
        "basisOfRecord": "PRESERVED_SPECIMEN",
        "eventDate": "2008-11-24",
        "country": null,
        "datasetName": "Tropicos",
        "publisher": "Missouri Botanical Garden",
        "license": "CC_BY_4_0",
        "issues": [
          "OCCURRENCE_STATUS_INFERRED_FROM_INDIVIDUAL_COUNT",
          "COORDINATE_ROUNDED",
          "GEODETIC_DATUM_ASSUMED_WGS84",
          "INSTITUTION_MATCH_FUZZY",
          "COLLECTION_MATCH_NONE",
          "TAXON_ID_NOT_FOUND"
        ],
        "fallback_media": {
          "url": "http://www.boldsystems.org/pics/MHPAC/BioBot11319-BB048377+1281634066.JPG",
          "references": "http://bins.boldsystems.org/index.php/Public_RecordView?processid=MHPAF813-11",
          "title": "MHPAF813-11 Fruit",
          "creator": null,
          "publisher": null,
          "license": "http://creativecommons.org/licenses/by-nc-sa/4.0/",
          "rightsHolder": null
        }
      }
    },
    {
      "type": "Feature",
      "geometry": {
        "type": "Point",
        "coordinates": [
          -85.916667,
          13.033333
        ]
      },
      "properties": {
        "gbifID": "1258327520",
        "species": "Witheringia meiantha",
        "genus": "Witheringia",
        "family": "Solanaceae",
        "scientificName": "Witheringia meiantha (Donn.Sm.) Hunz.",
        "coordinateUncertaintyInMeters": "",
        "basisOfRecord": "PRESERVED_SPECIMEN",
        "eventDate": "1980-05-07",
        "country": null,
        "datasetName": "Tropicos",
        "publisher": "Missouri Botanical Garden",
        "license": "CC_BY_4_0",
        "issues": [
          "OCCURRENCE_STATUS_INFERRED_FROM_INDIVIDUAL_COUNT",
          "COORDINATE_ROUNDED",
          "GEODETIC_DATUM_ASSUMED_WGS84",
          "INSTITUTION_MATCH_FUZZY",
          "COLLECTION_MATCH_NONE",
          "TAXON_ID_NOT_FOUND"
        ],
        "fallback_media": {
          "url": "http://www.boldsystems.org/pics/MHPAC/BioBot11319-BB048377+1281634066.JPG",
          "references": "http://bins.boldsystems.org/index.php/Public_RecordView?processid=MHPAF813-11",
          "title": "MHPAF813-11 Fruit",
          "creator": null,
          "publisher": null,
          "license": "http://creativecommons.org/licenses/by-nc-sa/4.0/",
          "rightsHolder": null
        }
      }
    },
    {
      "type": "Feature",
      "geometry": {
        "type": "Point",
        "coordinates": [
          -91.560833,
          16.100278
        ]
      },
      "properties": {
        "gbifID": "1259430231",
        "species": "Witheringia meiantha",
        "genus": "Witheringia",
        "family": "Solanaceae",
        "scientificName": "Witheringia meiantha (Donn.Sm.) Hunz.",
        "coordinateUncertaintyInMeters": "",
        "basisOfRecord": "PRESERVED_SPECIMEN",
        "eventDate": "1981-10-14",
        "country": null,
        "datasetName": "Tropicos",
        "publisher": "Missouri Botanical Garden",
        "license": "CC_BY_4_0",
        "issues": [
          "OCCURRENCE_STATUS_INFERRED_FROM_INDIVIDUAL_COUNT",
          "COORDINATE_ROUNDED",
          "GEODETIC_DATUM_ASSUMED_WGS84",
          "INSTITUTION_MATCH_FUZZY",
          "COLLECTION_MATCH_NONE",
          "TAXON_ID_NOT_FOUND"
        ],
        "fallback_media": {
          "url": "http://www.boldsystems.org/pics/MHPAC/BioBot11319-BB048377+1281634066.JPG",
          "references": "http://bins.boldsystems.org/index.php/Public_RecordView?processid=MHPAF813-11",
          "title": "MHPAF813-11 Fruit",
          "creator": null,
          "publisher": null,
          "license": "http://creativecommons.org/licenses/by-nc-sa/4.0/",
          "rightsHolder": null
        }
      }
    },
    {
      "type": "Feature",
      "geometry": {
        "type": "Point",
        "coordinates": [
          -92.48,
          17.37
        ]
      },
      "properties": {
        "gbifID": "1259426407",
        "species": "Witheringia meiantha",
        "genus": "Witheringia",
        "family": "Solanaceae",
        "scientificName": "Witheringia meiantha (Donn.Sm.) Hunz.",
        "coordinateUncertaintyInMeters": "",
        "basisOfRecord": "PRESERVED_SPECIMEN",
        "eventDate": "1983-03-25",
        "country": null,
        "datasetName": "Tropicos",
        "publisher": "Missouri Botanical Garden",
        "license": "CC_BY_4_0",
        "issues": [
          "OCCURRENCE_STATUS_INFERRED_FROM_INDIVIDUAL_COUNT",
          "GEODETIC_DATUM_ASSUMED_WGS84",
          "INSTITUTION_MATCH_FUZZY",
          "COLLECTION_MATCH_NONE",
          "TAXON_ID_NOT_FOUND"
        ],
        "fallback_media": {
          "url": "http://www.boldsystems.org/pics/MHPAC/BioBot11319-BB048377+1281634066.JPG",
          "references": "http://bins.boldsystems.org/index.php/Public_RecordView?processid=MHPAF813-11",
          "title": "MHPAF813-11 Fruit",
          "creator": null,
          "publisher": null,
          "license": "http://creativecommons.org/licenses/by-nc-sa/4.0/",
          "rightsHolder": null
        }
      }
    },
    {
      "type": "Feature",
      "geometry": {
        "type": "Point",
        "coordinates": [
          -86.21666,
          13.25
        ]
      },
      "properties": {
        "gbifID": "4031595775",
        "species": "Witheringia meiantha",
        "genus": "Witheringia",
        "family": "Solanaceae",
        "scientificName": "Witheringia meiantha (Donn.Sm.) Hunz.",
        "coordinateUncertaintyInMeters": "",
        "basisOfRecord": "PRESERVED_SPECIMEN",
        "eventDate": "1999-08-27",
        "country": null,
        "datasetName": "Tropicos",
        "publisher": "Missouri Botanical Garden",
        "license": "CC_BY_4_0",
        "issues": [
          "OCCURRENCE_STATUS_INFERRED_FROM_INDIVIDUAL_COUNT",
          "GEODETIC_DATUM_ASSUMED_WGS84",
          "INSTITUTION_MATCH_FUZZY",
          "COLLECTION_MATCH_NONE",
          "TAXON_ID_NOT_FOUND"
        ],
        "fallback_media": {
          "url": "http://www.boldsystems.org/pics/MHPAC/BioBot11319-BB048377+1281634066.JPG",
          "references": "http://bins.boldsystems.org/index.php/Public_RecordView?processid=MHPAF813-11",
          "title": "MHPAF813-11 Fruit",
          "creator": null,
          "publisher": null,
          "license": "http://creativecommons.org/licenses/by-nc-sa/4.0/",
          "rightsHolder": null
        }
      }
    },
    {
      "type": "Feature",
      "geometry": {
        "type": "Point",
        "coordinates": [
          -94.94,
          18.38
        ]
      },
      "properties": {
        "gbifID": "1262249307",
        "species": "Witheringia meiantha",
        "genus": "Witheringia",
        "family": "Solanaceae",
        "scientificName": "Witheringia meiantha (Donn.Sm.) Hunz.",
        "coordinateUncertaintyInMeters": "",
        "basisOfRecord": "PRESERVED_SPECIMEN",
        "eventDate": "1977-07-09",
        "country": null,
        "datasetName": "Tropicos",
        "publisher": "Missouri Botanical Garden",
        "license": "CC_BY_4_0",
        "issues": [
          "OCCURRENCE_STATUS_INFERRED_FROM_INDIVIDUAL_COUNT",
          "GEODETIC_DATUM_ASSUMED_WGS84",
          "INSTITUTION_MATCH_FUZZY",
          "COLLECTION_MATCH_NONE",
          "TAXON_ID_NOT_FOUND"
        ],
        "fallback_media": {
          "url": "http://www.boldsystems.org/pics/MHPAC/BioBot11319-BB048377+1281634066.JPG",
          "references": "http://bins.boldsystems.org/index.php/Public_RecordView?processid=MHPAF813-11",
          "title": "MHPAF813-11 Fruit",
          "creator": null,
          "publisher": null,
          "license": "http://creativecommons.org/licenses/by-nc-sa/4.0/",
          "rightsHolder": null
        }
      }
    },
    {
      "type": "Feature",
      "geometry": {
        "type": "Point",
        "coordinates": [
          -85.733333,
          12.6
        ]
      },
      "properties": {
        "gbifID": "1262245014",
        "species": "Witheringia meiantha",
        "genus": "Witheringia",
        "family": "Solanaceae",
        "scientificName": "Witheringia meiantha (Donn.Sm.) Hunz.",
        "coordinateUncertaintyInMeters": "",
        "basisOfRecord": "PRESERVED_SPECIMEN",
        "eventDate": "1983-02-11",
        "country": null,
        "datasetName": "Tropicos",
        "publisher": "Missouri Botanical Garden",
        "license": "CC_BY_4_0",
        "issues": [
          "OCCURRENCE_STATUS_INFERRED_FROM_INDIVIDUAL_COUNT",
          "COORDINATE_ROUNDED",
          "GEODETIC_DATUM_ASSUMED_WGS84",
          "INSTITUTION_MATCH_FUZZY",
          "COLLECTION_MATCH_NONE",
          "TAXON_ID_NOT_FOUND"
        ],
        "fallback_media": {
          "url": "http://www.boldsystems.org/pics/MHPAC/BioBot11319-BB048377+1281634066.JPG",
          "references": "http://bins.boldsystems.org/index.php/Public_RecordView?processid=MHPAF813-11",
          "title": "MHPAF813-11 Fruit",
          "creator": null,
          "publisher": null,
          "license": "http://creativecommons.org/licenses/by-nc-sa/4.0/",
          "rightsHolder": null
        }
      }
    },
    {
      "type": "Feature",
      "geometry": {
        "type": "Point",
        "coordinates": [
          -86.13333,
          14.95
        ]
      },
      "properties": {
        "gbifID": "1262246807",
        "species": "Witheringia meiantha",
        "genus": "Witheringia",
        "family": "Solanaceae",
        "scientificName": "Witheringia meiantha (Donn.Sm.) Hunz.",
        "coordinateUncertaintyInMeters": "",
        "basisOfRecord": "PRESERVED_SPECIMEN",
        "eventDate": "1992-05-29",
        "country": null,
        "datasetName": "Tropicos",
        "publisher": "Missouri Botanical Garden",
        "license": "CC_BY_4_0",
        "issues": [
          "OCCURRENCE_STATUS_INFERRED_FROM_INDIVIDUAL_COUNT",
          "GEODETIC_DATUM_ASSUMED_WGS84",
          "INSTITUTION_MATCH_FUZZY",
          "COLLECTION_MATCH_NONE",
          "TAXON_ID_NOT_FOUND"
        ],
        "fallback_media": {
          "url": "http://www.boldsystems.org/pics/MHPAC/BioBot11319-BB048377+1281634066.JPG",
          "references": "http://bins.boldsystems.org/index.php/Public_RecordView?processid=MHPAF813-11",
          "title": "MHPAF813-11 Fruit",
          "creator": null,
          "publisher": null,
          "license": "http://creativecommons.org/licenses/by-nc-sa/4.0/",
          "rightsHolder": null
        }
      }
    },
    {
      "type": "Feature",
      "geometry": {
        "type": "Point",
        "coordinates": [
          -85.7,
          13.55
        ]
      },
      "properties": {
        "gbifID": "1259134514",
        "species": "Witheringia meiantha",
        "genus": "Witheringia",
        "family": "Solanaceae",
        "scientificName": "Witheringia meiantha (Donn.Sm.) Hunz.",
        "coordinateUncertaintyInMeters": "",
        "basisOfRecord": "PRESERVED_SPECIMEN",
        "eventDate": "2001-10-31",
        "country": null,
        "datasetName": "Tropicos",
        "publisher": "Missouri Botanical Garden",
        "license": "CC_BY_4_0",
        "issues": [
          "OCCURRENCE_STATUS_INFERRED_FROM_INDIVIDUAL_COUNT",
          "GEODETIC_DATUM_ASSUMED_WGS84",
          "INSTITUTION_MATCH_FUZZY",
          "COLLECTION_MATCH_NONE",
          "TAXON_ID_NOT_FOUND"
        ],
        "fallback_media": {
          "url": "http://www.boldsystems.org/pics/MHPAC/BioBot11319-BB048377+1281634066.JPG",
          "references": "http://bins.boldsystems.org/index.php/Public_RecordView?processid=MHPAF813-11",
          "title": "MHPAF813-11 Fruit",
          "creator": null,
          "publisher": null,
          "license": "http://creativecommons.org/licenses/by-nc-sa/4.0/",
          "rightsHolder": null
        }
      }
    },
    {
      "type": "Feature",
      "geometry": {
        "type": "Point",
        "coordinates": [
          -84.8,
          10.333333
        ]
      },
      "properties": {
        "gbifID": "1259426575",
        "species": "Witheringia meiantha",
        "genus": "Witheringia",
        "family": "Solanaceae",
        "scientificName": "Witheringia meiantha (Donn.Sm.) Hunz.",
        "coordinateUncertaintyInMeters": "",
        "basisOfRecord": "PRESERVED_SPECIMEN",
        "eventDate": "1974-09-01",
        "country": null,
        "datasetName": "Tropicos",
        "publisher": "Missouri Botanical Garden",
        "license": "CC_BY_4_0",
        "issues": [
          "OCCURRENCE_STATUS_INFERRED_FROM_INDIVIDUAL_COUNT",
          "COORDINATE_ROUNDED",
          "GEODETIC_DATUM_ASSUMED_WGS84",
          "INSTITUTION_MATCH_FUZZY",
          "COLLECTION_MATCH_NONE",
          "TAXON_ID_NOT_FOUND"
        ],
        "fallback_media": {
          "url": "http://www.boldsystems.org/pics/MHPAC/BioBot11319-BB048377+1281634066.JPG",
          "references": "http://bins.boldsystems.org/index.php/Public_RecordView?processid=MHPAF813-11",
          "title": "MHPAF813-11 Fruit",
          "creator": null,
          "publisher": null,
          "license": "http://creativecommons.org/licenses/by-nc-sa/4.0/",
          "rightsHolder": null
        }
      }
    },
    {
      "type": "Feature",
      "geometry": {
        "type": "Point",
        "coordinates": [
          -85.0,
          13.766667
        ]
      },
      "properties": {
        "gbifID": "1258327546",
        "species": "Witheringia meiantha",
        "genus": "Witheringia",
        "family": "Solanaceae",
        "scientificName": "Witheringia meiantha (Donn.Sm.) Hunz.",
        "coordinateUncertaintyInMeters": "",
        "basisOfRecord": "PRESERVED_SPECIMEN",
        "eventDate": "1978-03-08",
        "country": null,
        "datasetName": "Tropicos",
        "publisher": "Missouri Botanical Garden",
        "license": "CC_BY_4_0",
        "issues": [
          "OCCURRENCE_STATUS_INFERRED_FROM_INDIVIDUAL_COUNT",
          "COORDINATE_ROUNDED",
          "GEODETIC_DATUM_ASSUMED_WGS84",
          "INSTITUTION_MATCH_FUZZY",
          "COLLECTION_MATCH_NONE",
          "TAXON_ID_NOT_FOUND"
        ],
        "fallback_media": {
          "url": "http://www.boldsystems.org/pics/MHPAC/BioBot11319-BB048377+1281634066.JPG",
          "references": "http://bins.boldsystems.org/index.php/Public_RecordView?processid=MHPAF813-11",
          "title": "MHPAF813-11 Fruit",
          "creator": null,
          "publisher": null,
          "license": "http://creativecommons.org/licenses/by-nc-sa/4.0/",
          "rightsHolder": null
        }
      }
    },
    {
      "type": "Feature",
      "geometry": {
        "type": "Point",
        "coordinates": [
          -85.95,
          13.05
        ]
      },
      "properties": {
        "gbifID": "1262245459",
        "species": "Witheringia meiantha",
        "genus": "Witheringia",
        "family": "Solanaceae",
        "scientificName": "Witheringia meiantha (Donn.Sm.) Hunz.",
        "coordinateUncertaintyInMeters": "",
        "basisOfRecord": "PRESERVED_SPECIMEN",
        "eventDate": "1981-07-29",
        "country": null,
        "datasetName": "Tropicos",
        "publisher": "Missouri Botanical Garden",
        "license": "CC_BY_4_0",
        "issues": [
          "OCCURRENCE_STATUS_INFERRED_FROM_INDIVIDUAL_COUNT",
          "GEODETIC_DATUM_ASSUMED_WGS84",
          "INSTITUTION_MATCH_FUZZY",
          "COLLECTION_MATCH_NONE",
          "TAXON_ID_NOT_FOUND"
        ],
        "fallback_media": {
          "url": "http://www.boldsystems.org/pics/MHPAC/BioBot11319-BB048377+1281634066.JPG",
          "references": "http://bins.boldsystems.org/index.php/Public_RecordView?processid=MHPAF813-11",
          "title": "MHPAF813-11 Fruit",
          "creator": null,
          "publisher": null,
          "license": "http://creativecommons.org/licenses/by-nc-sa/4.0/",
          "rightsHolder": null
        }
      }
    },
    {
      "type": "Feature",
      "geometry": {
        "type": "Point",
        "coordinates": [
          -86.240278,
          13.434444
        ]
      },
      "properties": {
        "gbifID": "4032061622",
        "species": "Witheringia meiantha",
        "genus": "Witheringia",
        "family": "Solanaceae",
        "scientificName": "Witheringia meiantha (Donn.Sm.) Hunz.",
        "coordinateUncertaintyInMeters": "",
        "basisOfRecord": "PRESERVED_SPECIMEN",
        "eventDate": "2008-01-29",
        "country": null,
        "datasetName": "Tropicos",
        "publisher": "Missouri Botanical Garden",
        "license": "CC_BY_4_0",
        "issues": [
          "OCCURRENCE_STATUS_INFERRED_FROM_INDIVIDUAL_COUNT",
          "COORDINATE_ROUNDED",
          "GEODETIC_DATUM_ASSUMED_WGS84",
          "INSTITUTION_MATCH_FUZZY",
          "COLLECTION_MATCH_NONE",
          "TAXON_ID_NOT_FOUND"
        ],
        "fallback_media": {
          "url": "http://www.boldsystems.org/pics/MHPAC/BioBot11319-BB048377+1281634066.JPG",
          "references": "http://bins.boldsystems.org/index.php/Public_RecordView?processid=MHPAF813-11",
          "title": "MHPAF813-11 Fruit",
          "creator": null,
          "publisher": null,
          "license": "http://creativecommons.org/licenses/by-nc-sa/4.0/",
          "rightsHolder": null
        }
      }
    },
    {
      "type": "Feature",
      "geometry": {
        "type": "Point",
        "coordinates": [
          -83.216667,
          8.683333
        ]
      },
      "properties": {
        "gbifID": "3884102008",
        "species": "Witheringia meiantha",
        "genus": "Witheringia",
        "family": "Solanaceae",
        "scientificName": "Witheringia meiantha (Donn.Sm.) Hunz.",
        "coordinateUncertaintyInMeters": "500.0",
        "basisOfRecord": "PRESERVED_SPECIMEN",
        "eventDate": "1998-01-21",
        "country": null,
        "datasetName": "",
        "publisher": "Biologiezentrum Linz Oberoesterreich",
        "license": "CC0_1_0",
        "issues": [
          "COORDINATE_ROUNDED",
          "CONTINENT_DERIVED_FROM_COORDINATES",
          "INSTITUTION_MATCH_FUZZY",
          "COLLECTION_MATCH_NONE"
        ],
        "media": [
          {
            "url": "https://www.zobodat.at/bilder/belege/00006229.jpg",
            "references": null,
            "title": null,
            "creator": null,
            "publisher": null,
            "license": null,
            "rightsHolder": null
          }
        ]
      }
    },
    {
      "type": "Feature",
      "geometry": {
        "type": "Point",
        "coordinates": [
          -87.0,
          14.0
        ]
      },
      "properties": {
        "gbifID": "2235745234",
        "species": "Witheringia meiantha",
        "genus": "Witheringia",
        "family": "Solanaceae",
        "scientificName": "Witheringia meiantha (Donn.Sm.) Hunz.",
        "coordinateUncertaintyInMeters": "",
        "basisOfRecord": "PRESERVED_SPECIMEN",
        "eventDate": "1948-11-04",
        "country": null,
        "datasetName": "NMNH Extant Biology",
        "publisher": "National Museum of Natural History, Smithsonian Institution",
        "license": "CC0_1_0",
        "issues": [
          "OCCURRENCE_STATUS_INFERRED_FROM_INDIVIDUAL_COUNT",
          "GEODETIC_DATUM_ASSUMED_WGS84"
        ],
        "media": [
          {
            "url": "https://collections.nmnh.si.edu/media/?i=12618457&h=2000",
            "references": null,
            "title": "02827580.tif",
            "creator": "Conveyor Belt",
            "publisher": "Smithsonian Institution, NMNH, Botany",
            "license": "http://creativecommons.org/publicdomain/zero/1.0/",
            "rightsHolder": null
          }
        ]
      }
    },
    {
      "type": "Feature",
      "geometry": {
        "type": "Point",
        "coordinates": [
          -88.08,
          14.92
        ]
      },
      "properties": {
        "gbifID": "2235946242",
        "species": "Witheringia meiantha",
        "genus": "Witheringia",
        "family": "Solanaceae",
        "scientificName": "Witheringia meiantha (Donn.Sm.) Hunz.",
        "coordinateUncertaintyInMeters": "",
        "basisOfRecord": "PRESERVED_SPECIMEN",
        "eventDate": "1973-04-28/1973-04-30",
        "country": null,
        "datasetName": "NMNH Extant Biology",
        "publisher": "National Museum of Natural History, Smithsonian Institution",
        "license": "CC0_1_0",
        "issues": [
          "OCCURRENCE_STATUS_INFERRED_FROM_INDIVIDUAL_COUNT",
          "GEODETIC_DATUM_ASSUMED_WGS84"
        ],
        "media": [
          {
            "url": "https://collections.nmnh.si.edu/media/?i=12609772&h=2000",
            "references": null,
            "title": "02827583.tif",
            "creator": "Conveyor Belt",
            "publisher": "Smithsonian Institution, NMNH, Botany",
            "license": "http://creativecommons.org/publicdomain/zero/1.0/",
            "rightsHolder": null
          }
        ]
      }
    },
    {
      "type": "Feature",
      "geometry": {
        "type": "Point",
        "coordinates": [
          -85.38,
          12.3
        ]
      },
      "properties": {
        "gbifID": "2235962333",
        "species": "Witheringia meiantha",
        "genus": "Witheringia",
        "family": "Solanaceae",
        "scientificName": "Witheringia meiantha (Donn.Sm.) Hunz.",
        "coordinateUncertaintyInMeters": "",
        "basisOfRecord": "PRESERVED_SPECIMEN",
        "eventDate": "1983-09-23",
        "country": null,
        "datasetName": "NMNH Extant Biology",
        "publisher": "National Museum of Natural History, Smithsonian Institution",
        "license": "CC0_1_0",
        "issues": [
          "OCCURRENCE_STATUS_INFERRED_FROM_INDIVIDUAL_COUNT",
          "GEODETIC_DATUM_ASSUMED_WGS84"
        ],
        "media": [
          {
            "url": "https://collections.nmnh.si.edu/media/?i=12606623&h=2000",
            "references": null,
            "title": "02827472.tif",
            "creator": "Conveyor Belt",
            "publisher": "Smithsonian Institution, NMNH, Botany",
            "license": "http://creativecommons.org/publicdomain/zero/1.0/",
            "rightsHolder": null
          }
        ]
      }
    },
    {
      "type": "Feature",
      "geometry": {
        "type": "Point",
        "coordinates": [
          -90.316576,
          15.102368
        ]
      },
      "properties": {
        "gbifID": "3306070659",
        "species": "Witheringia meiantha",
        "genus": "Witheringia",
        "family": "Solanaceae",
        "scientificName": "Witheringia meiantha (Donn.Sm.) Hunz.",
        "coordinateUncertaintyInMeters": "",
        "basisOfRecord": "PRESERVED_SPECIMEN",
        "eventDate": "1997-04-02",
        "country": null,
        "datasetName": "",
        "publisher": "Universidad del Valle de Guatemala",
        "license": "CC_BY_NC_4_0",
        "issues": [
          "OCCURRENCE_STATUS_INFERRED_FROM_INDIVIDUAL_COUNT",
          "COORDINATE_ROUNDED",
          "CONTINENT_DERIVED_FROM_COORDINATES",
          "INSTITUTION_MATCH_FUZZY",
          "COLLECTION_MATCH_FUZZY",
          "TAXON_ID_NOT_FOUND"
        ],
        "fallback_media": {
          "url": "http://www.boldsystems.org/pics/MHPAC/BioBot11319-BB048377+1281634066.JPG",
          "references": "http://bins.boldsystems.org/index.php/Public_RecordView?processid=MHPAF813-11",
          "title": "MHPAF813-11 Fruit",
          "creator": null,
          "publisher": null,
          "license": "http://creativecommons.org/licenses/by-nc-sa/4.0/",
          "rightsHolder": null
        }
      }
    },
    {
      "type": "Feature",
      "geometry": {
        "type": "Point",
        "coordinates": [
          -83.78333,
          9.71666
        ]
      },
      "properties": {
        "gbifID": "4955669245",
        "species": "Witheringia meiantha",
        "genus": "Witheringia",
        "family": "Solanaceae",
        "scientificName": "Witheringia meiantha (Donn.Sm.) Hunz.",
        "coordinateUncertaintyInMeters": "5000.0",
        "basisOfRecord": "PRESERVED_SPECIMEN",
        "eventDate": "1984-11-24",
        "country": null,
        "datasetName": "",
        "publisher": "University of Connecticut",
        "license": "CC_BY_NC_4_0",
        "issues": [
          "GEODETIC_DATUM_ASSUMED_WGS84",
          "CONTINENT_DERIVED_FROM_COORDINATES"
        ],
        "fallback_media": {
          "url": "http://www.boldsystems.org/pics/MHPAC/BioBot11319-BB048377+1281634066.JPG",
          "references": "http://bins.boldsystems.org/index.php/Public_RecordView?processid=MHPAF813-11",
          "title": "MHPAF813-11 Fruit",
          "creator": null,
          "publisher": null,
          "license": "http://creativecommons.org/licenses/by-nc-sa/4.0/",
          "rightsHolder": null
        }
      }
    },
    {
      "type": "Feature",
      "geometry": {
        "type": "Point",
        "coordinates": [
          -82.95,
          8.78333
        ]
      },
      "properties": {
        "gbifID": "4955667251",
        "species": "Witheringia meiantha",
        "genus": "Witheringia",
        "family": "Solanaceae",
        "scientificName": "Witheringia meiantha (Donn.Sm.) Hunz.",
        "coordinateUncertaintyInMeters": "20000.0",
        "basisOfRecord": "PRESERVED_SPECIMEN",
        "eventDate": "1995-07-13",
        "country": null,
        "datasetName": "",
        "publisher": "University of Connecticut",
        "license": "CC_BY_NC_4_0",
        "issues": [
          "GEODETIC_DATUM_ASSUMED_WGS84",
          "CONTINENT_DERIVED_FROM_COORDINATES"
        ],
        "fallback_media": {
          "url": "http://www.boldsystems.org/pics/MHPAC/BioBot11319-BB048377+1281634066.JPG",
          "references": "http://bins.boldsystems.org/index.php/Public_RecordView?processid=MHPAF813-11",
          "title": "MHPAF813-11 Fruit",
          "creator": null,
          "publisher": null,
          "license": "http://creativecommons.org/licenses/by-nc-sa/4.0/",
          "rightsHolder": null
        }
      }
    },
    {
      "type": "Feature",
      "geometry": {
        "type": "Point",
        "coordinates": [
          -95.114,
          18.4213
        ]
      },
      "properties": {
        "gbifID": "1802484584",
        "species": "Witheringia meiantha",
        "genus": "Witheringia",
        "family": "Solanaceae",
        "scientificName": "Witheringia meiantha (Donn.Sm.) Hunz.",
        "coordinateUncertaintyInMeters": "",
        "basisOfRecord": "PRESERVED_SPECIMEN",
        "eventDate": "1980-07-05",
        "country": null,
        "datasetName": "",
        "publisher": "USF Water Institute",
        "license": "CC_BY_4_0",
        "issues": [
          "GEODETIC_DATUM_ASSUMED_WGS84",
          "CONTINENT_DERIVED_FROM_COORDINATES",
          "INSTITUTION_COLLECTION_MISMATCH"
        ],
        "media": [
          {
            "url": "https://cdn.plantatlas.org/img/specimens/USF/159188.jpg",
            "references": null,
            "title": "Witheringia meiantha (Donn. Sm.) Hunz. - Mexico, Veracruz (BARCODE: 159188) - USF Herbarium",
            "creator": null,
            "publisher": null,
            "license": "http://creativecommons.org/licenses/by-nc-sa/4.0/",
            "rightsHolder": "University of South Florida Herbarium (USF)"
          }
        ]
      }
    },
    {
      "type": "Feature",
      "geometry": {
        "type": "Point",
        "coordinates": [
          -85.47,
          10.88
        ]
      },
      "properties": {
        "gbifID": "3350127486",
        "species": "Witheringia meiantha",
        "genus": "Witheringia",
        "family": "Solanaceae",
        "scientificName": "Witheringia meiantha (Donn.Sm.) Hunz.",
        "coordinateUncertaintyInMeters": "",
        "basisOfRecord": "PRESERVED_SPECIMEN",
        "eventDate": "2010-07-31",
        "country": null,
        "datasetName": "",
        "publisher": "European Nucleotide Archive (EMBL-EBI)",
        "license": "CC_BY_4_0",
        "issues": [
          "GEODETIC_DATUM_ASSUMED_WGS84",
          "CONTINENT_DERIVED_FROM_COORDINATES",
          "TAXON_CONCEPT_ID_NOT_FOUND",
          "TAXON_ID_NOT_FOUND"
        ],
        "fallback_media": {
          "url": "http://www.boldsystems.org/pics/MHPAC/BioBot11319-BB048377+1281634066.JPG",
          "references": "http://bins.boldsystems.org/index.php/Public_RecordView?processid=MHPAF813-11",
          "title": "MHPAF813-11 Fruit",
          "creator": null,
          "publisher": null,
          "license": "http://creativecommons.org/licenses/by-nc-sa/4.0/",
          "rightsHolder": null
        }
      }
    },
    {
      "type": "Feature",
      "geometry": {
        "type": "Point",
        "coordinates": [
          -97.24111,
          19.93306
        ]
      },
      "properties": {
        "gbifID": "2807431106",
        "species": "Witheringia meiantha",
        "genus": "Witheringia",
        "family": "Solanaceae",
        "scientificName": "Witheringia meiantha (Donn.Sm.) Hunz.",
        "coordinateUncertaintyInMeters": "",
        "basisOfRecord": "PRESERVED_SPECIMEN",
        "eventDate": "1970-03-18",
        "country": null,
        "datasetName": "",
        "publisher": "University of Texas at Austin, Biodiversity Collections",
        "license": "CC0_1_0",
        "issues": [
          "GEODETIC_DATUM_ASSUMED_WGS84",
          "INSTITUTION_MATCH_FUZZY",
          "COLLECTION_MATCH_FUZZY"
        ],
        "fallback_media": {
          "url": "http://www.boldsystems.org/pics/MHPAC/BioBot11319-BB048377+1281634066.JPG",
          "references": "http://bins.boldsystems.org/index.php/Public_RecordView?processid=MHPAF813-11",
          "title": "MHPAF813-11 Fruit",
          "creator": null,
          "publisher": null,
          "license": "http://creativecommons.org/licenses/by-nc-sa/4.0/",
          "rightsHolder": null
        }
      }
    },
    {
      "type": "Feature",
      "geometry": {
        "type": "Point",
        "coordinates": [
          -92.9333,
          16.666667
        ]
      },
      "properties": {
        "gbifID": "3306425089",
        "species": "Witheringia meiantha",
        "genus": "Witheringia",
        "family": "Solanaceae",
        "scientificName": "Witheringia meiantha (Donn.Sm.) Hunz.",
        "coordinateUncertaintyInMeters": "",
        "basisOfRecord": "PRESERVED_SPECIMEN",
        "eventDate": "1986-04-06",
        "country": null,
        "datasetName": "Fortalecimiento de las colecciones de ECOSUR. Primera fase",
        "publisher": "Comisión nacional para el conocimiento y uso de la biodiversidad",
        "license": "CC_BY_4_0",
        "issues": [
          "OCCURRENCE_STATUS_INFERRED_FROM_INDIVIDUAL_COUNT",
          "RECORDED_DATE_INVALID",
          "COORDINATE_ROUNDED",
          "TAXON_ID_NOT_FOUND",
          "SCIENTIFIC_NAME_ID_NOT_FOUND"
        ],
        "fallback_media": {
          "url": "http://www.boldsystems.org/pics/MHPAC/BioBot11319-BB048377+1281634066.JPG",
          "references": "http://bins.boldsystems.org/index.php/Public_RecordView?processid=MHPAF813-11",
          "title": "MHPAF813-11 Fruit",
          "creator": null,
          "publisher": null,
          "license": "http://creativecommons.org/licenses/by-nc-sa/4.0/",
          "rightsHolder": null
        }
      }
    },
    {
      "type": "Feature",
      "geometry": {
        "type": "Point",
        "coordinates": [
          -84.9958,
          13.74583
        ]
      },
      "properties": {
        "gbifID": "3308469833",
        "species": "Witheringia meiantha",
        "genus": "Witheringia",
        "family": "Solanaceae",
        "scientificName": "Witheringia meiantha (Donn.Sm.) Hunz.",
        "coordinateUncertaintyInMeters": "",
        "basisOfRecord": "PRESERVED_SPECIMEN",
        "eventDate": "1979-04-13",
        "country": null,
        "datasetName": "Digitalización y Sistematización de las Colecciones Biológicas Nacionales del Instituto de Biología, UNAM",
        "publisher": "Comisión nacional para el conocimiento y uso de la biodiversidad",
        "license": "CC_BY_4_0",
        "issues": [
          "OCCURRENCE_STATUS_INFERRED_FROM_INDIVIDUAL_COUNT",
          "TAXON_ID_NOT_FOUND",
          "SCIENTIFIC_NAME_ID_NOT_FOUND"
        ],
        "fallback_media": {
          "url": "http://www.boldsystems.org/pics/MHPAC/BioBot11319-BB048377+1281634066.JPG",
          "references": "http://bins.boldsystems.org/index.php/Public_RecordView?processid=MHPAF813-11",
          "title": "MHPAF813-11 Fruit",
          "creator": null,
          "publisher": null,
          "license": "http://creativecommons.org/licenses/by-nc-sa/4.0/",
          "rightsHolder": null
        }
      }
    },
    {
      "type": "Feature",
      "geometry": {
        "type": "Point",
        "coordinates": [
          -92.90278,
          17.51722
        ]
      },
      "properties": {
        "gbifID": "3307877457",
        "species": "Witheringia meiantha",
        "genus": "Witheringia",
        "family": "Solanaceae",
        "scientificName": "Witheringia meiantha (Donn.Sm.) Hunz.",
        "coordinateUncertaintyInMeters": "90.0",
        "basisOfRecord": "PRESERVED_SPECIMEN",
        "eventDate": "1991-10-16",
        "country": null,
        "datasetName": "Digitalización y Sistematización de las Colecciones Biológicas Nacionales del Instituto de Biología, UNAM",
        "publisher": "Comisión nacional para el conocimiento y uso de la biodiversidad",
        "license": "CC_BY_4_0",
        "issues": [
          "OCCURRENCE_STATUS_INFERRED_FROM_INDIVIDUAL_COUNT",
          "TAXON_ID_NOT_FOUND",
          "SCIENTIFIC_NAME_ID_NOT_FOUND"
        ],
        "fallback_media": {
          "url": "http://www.boldsystems.org/pics/MHPAC/BioBot11319-BB048377+1281634066.JPG",
          "references": "http://bins.boldsystems.org/index.php/Public_RecordView?processid=MHPAF813-11",
          "title": "MHPAF813-11 Fruit",
          "creator": null,
          "publisher": null,
          "license": "http://creativecommons.org/licenses/by-nc-sa/4.0/",
          "rightsHolder": null
        }
      }
    },
    {
      "type": "Feature",
      "geometry": {
        "type": "Point",
        "coordinates": [
          -95.1,
          18.483
        ]
      },
      "properties": {
        "gbifID": "3308129592",
        "species": "Witheringia meiantha",
        "genus": "Witheringia",
        "family": "Solanaceae",
        "scientificName": "Witheringia meiantha (Donn.Sm.) Hunz.",
        "coordinateUncertaintyInMeters": "90.0",
        "basisOfRecord": "PRESERVED_SPECIMEN",
        "eventDate": "1999-08-27",
        "country": null,
        "datasetName": "Digitalización y Sistematización de las Colecciones Biológicas Nacionales del Instituto de Biología, UNAM",
        "publisher": "Comisión nacional para el conocimiento y uso de la biodiversidad",
        "license": "CC_BY_4_0",
        "issues": [
          "OCCURRENCE_STATUS_INFERRED_FROM_INDIVIDUAL_COUNT",
          "SCIENTIFIC_NAME_ID_NOT_FOUND",
          "TAXON_ID_NOT_FOUND"
        ],
        "fallback_media": {
          "url": "http://www.boldsystems.org/pics/MHPAC/BioBot11319-BB048377+1281634066.JPG",
          "references": "http://bins.boldsystems.org/index.php/Public_RecordView?processid=MHPAF813-11",
          "title": "MHPAF813-11 Fruit",
          "creator": null,
          "publisher": null,
          "license": "http://creativecommons.org/licenses/by-nc-sa/4.0/",
          "rightsHolder": null
        }
      }
    },
    {
      "type": "Feature",
      "geometry": {
        "type": "Point",
        "coordinates": [
          -88.217,
          15.5
        ]
      },
      "properties": {
        "gbifID": "3307822798",
        "species": "Witheringia meiantha",
        "genus": "Witheringia",
        "family": "Solanaceae",
        "scientificName": "Witheringia meiantha (Donn.Sm.) Hunz.",
        "coordinateUncertaintyInMeters": "",
        "basisOfRecord": "PRESERVED_SPECIMEN",
        "eventDate": "1993-03-22",
        "country": null,
        "datasetName": "Digitalización y Sistematización de las Colecciones Biológicas Nacionales del Instituto de Biología, UNAM",
        "publisher": "Comisión nacional para el conocimiento y uso de la biodiversidad",
        "license": "CC_BY_4_0",
        "issues": [
          "OCCURRENCE_STATUS_INFERRED_FROM_INDIVIDUAL_COUNT",
          "TAXON_ID_NOT_FOUND",
          "SCIENTIFIC_NAME_ID_NOT_FOUND"
        ],
        "fallback_media": {
          "url": "http://www.boldsystems.org/pics/MHPAC/BioBot11319-BB048377+1281634066.JPG",
          "references": "http://bins.boldsystems.org/index.php/Public_RecordView?processid=MHPAF813-11",
          "title": "MHPAF813-11 Fruit",
          "creator": null,
          "publisher": null,
          "license": "http://creativecommons.org/licenses/by-nc-sa/4.0/",
          "rightsHolder": null
        }
      }
    },
    {
      "type": "Feature",
      "geometry": {
        "type": "Point",
        "coordinates": [
          -87.07583,
          14.02611
        ]
      },
      "properties": {
        "gbifID": "3307905227",
        "species": "Witheringia meiantha",
        "genus": "Witheringia",
        "family": "Solanaceae",
        "scientificName": "Witheringia meiantha (Donn.Sm.) Hunz.",
        "coordinateUncertaintyInMeters": "",
        "basisOfRecord": "PRESERVED_SPECIMEN",
        "eventDate": "1995-05-10",
        "country": null,
        "datasetName": "Digitalización y Sistematización de las Colecciones Biológicas Nacionales del Instituto de Biología, UNAM",
        "publisher": "Comisión nacional para el conocimiento y uso de la biodiversidad",
        "license": "CC_BY_4_0",
        "issues": [
          "OCCURRENCE_STATUS_INFERRED_FROM_INDIVIDUAL_COUNT",
          "RECORDED_DATE_INVALID",
          "SCIENTIFIC_NAME_ID_NOT_FOUND",
          "TAXON_ID_NOT_FOUND"
        ],
        "fallback_media": {
          "url": "http://www.boldsystems.org/pics/MHPAC/BioBot11319-BB048377+1281634066.JPG",
          "references": "http://bins.boldsystems.org/index.php/Public_RecordView?processid=MHPAF813-11",
          "title": "MHPAF813-11 Fruit",
          "creator": null,
          "publisher": null,
          "license": "http://creativecommons.org/licenses/by-nc-sa/4.0/",
          "rightsHolder": null
        }
      }
    },
    {
      "type": "Feature",
      "geometry": {
        "type": "Point",
        "coordinates": [
          -91.0042,
          15.71417
        ]
      },
      "properties": {
        "gbifID": "3308721327",
        "species": "Witheringia meiantha",
        "genus": "Witheringia",
        "family": "Solanaceae",
        "scientificName": "Witheringia meiantha (Donn.Sm.) Hunz.",
        "coordinateUncertaintyInMeters": "",
        "basisOfRecord": "PRESERVED_SPECIMEN",
        "eventDate": "2007-04-22",
        "country": null,
        "datasetName": "Digitalización y Sistematización de las Colecciones Biológicas Nacionales del Instituto de Biología, UNAM",
        "publisher": "Comisión nacional para el conocimiento y uso de la biodiversidad",
        "license": "CC_BY_4_0",
        "issues": [
          "OCCURRENCE_STATUS_INFERRED_FROM_INDIVIDUAL_COUNT",
          "SCIENTIFIC_NAME_ID_NOT_FOUND",
          "TAXON_ID_NOT_FOUND"
        ],
        "fallback_media": {
          "url": "http://www.boldsystems.org/pics/MHPAC/BioBot11319-BB048377+1281634066.JPG",
          "references": "http://bins.boldsystems.org/index.php/Public_RecordView?processid=MHPAF813-11",
          "title": "MHPAF813-11 Fruit",
          "creator": null,
          "publisher": null,
          "license": "http://creativecommons.org/licenses/by-nc-sa/4.0/",
          "rightsHolder": null
        }
      }
    },
    {
      "type": "Feature",
      "geometry": {
        "type": "Point",
        "coordinates": [
          -85.983,
          11.833
        ]
      },
      "properties": {
        "gbifID": "3308392472",
        "species": "Witheringia meiantha",
        "genus": "Witheringia",
        "family": "Solanaceae",
        "scientificName": "Witheringia meiantha (Donn.Sm.) Hunz.",
        "coordinateUncertaintyInMeters": "",
        "basisOfRecord": "PRESERVED_SPECIMEN",
        "eventDate": "1983-08-31",
        "country": null,
        "datasetName": "Digitalización y Sistematización de las Colecciones Biológicas Nacionales del Instituto de Biología, UNAM",
        "publisher": "Comisión nacional para el conocimiento y uso de la biodiversidad",
        "license": "CC_BY_4_0",
        "issues": [
          "OCCURRENCE_STATUS_INFERRED_FROM_INDIVIDUAL_COUNT",
          "TAXON_ID_NOT_FOUND",
          "SCIENTIFIC_NAME_ID_NOT_FOUND"
        ],
        "fallback_media": {
          "url": "http://www.boldsystems.org/pics/MHPAC/BioBot11319-BB048377+1281634066.JPG",
          "references": "http://bins.boldsystems.org/index.php/Public_RecordView?processid=MHPAF813-11",
          "title": "MHPAF813-11 Fruit",
          "creator": null,
          "publisher": null,
          "license": "http://creativecommons.org/licenses/by-nc-sa/4.0/",
          "rightsHolder": null
        }
      }
    },
    {
      "type": "Feature",
      "geometry": {
        "type": "Point",
        "coordinates": [
          -85.667,
          13.267
        ]
      },
      "properties": {
        "gbifID": "3307919540",
        "species": "Witheringia meiantha",
        "genus": "Witheringia",
        "family": "Solanaceae",
        "scientificName": "Witheringia meiantha (Donn.Sm.) Hunz.",
        "coordinateUncertaintyInMeters": "",
        "basisOfRecord": "PRESERVED_SPECIMEN",
        "eventDate": "1979-01-14",
        "country": null,
        "datasetName": "Digitalización y Sistematización de las Colecciones Biológicas Nacionales del Instituto de Biología, UNAM",
        "publisher": "Comisión nacional para el conocimiento y uso de la biodiversidad",
        "license": "CC_BY_4_0",
        "issues": [
          "OCCURRENCE_STATUS_INFERRED_FROM_INDIVIDUAL_COUNT",
          "SCIENTIFIC_NAME_ID_NOT_FOUND",
          "TAXON_ID_NOT_FOUND"
        ],
        "fallback_media": {
          "url": "http://www.boldsystems.org/pics/MHPAC/BioBot11319-BB048377+1281634066.JPG",
          "references": "http://bins.boldsystems.org/index.php/Public_RecordView?processid=MHPAF813-11",
          "title": "MHPAF813-11 Fruit",
          "creator": null,
          "publisher": null,
          "license": "http://creativecommons.org/licenses/by-nc-sa/4.0/",
          "rightsHolder": null
        }
      }
    },
    {
      "type": "Feature",
      "geometry": {
        "type": "Point",
        "coordinates": [
          -95.13778,
          18.61222
        ]
      },
      "properties": {
        "gbifID": "3308120906",
        "species": "Witheringia meiantha",
        "genus": "Witheringia",
        "family": "Solanaceae",
        "scientificName": "Witheringia meiantha (Donn.Sm.) Hunz.",
        "coordinateUncertaintyInMeters": "90.0",
        "basisOfRecord": "PRESERVED_SPECIMEN",
        "eventDate": "2008-08-09",
        "country": null,
        "datasetName": "Digitalización y Sistematización de las Colecciones Biológicas Nacionales del Instituto de Biología, UNAM",
        "publisher": "Comisión nacional para el conocimiento y uso de la biodiversidad",
        "license": "CC_BY_4_0",
        "issues": [
          "OCCURRENCE_STATUS_INFERRED_FROM_INDIVIDUAL_COUNT",
          "RECORDED_DATE_INVALID",
          "SCIENTIFIC_NAME_ID_NOT_FOUND",
          "TAXON_ID_NOT_FOUND"
        ],
        "fallback_media": {
          "url": "http://www.boldsystems.org/pics/MHPAC/BioBot11319-BB048377+1281634066.JPG",
          "references": "http://bins.boldsystems.org/index.php/Public_RecordView?processid=MHPAF813-11",
          "title": "MHPAF813-11 Fruit",
          "creator": null,
          "publisher": null,
          "license": "http://creativecommons.org/licenses/by-nc-sa/4.0/",
          "rightsHolder": null
        }
      }
    },
    {
      "type": "Feature",
      "geometry": {
        "type": "Point",
        "coordinates": [
          -85.0,
          13.767
        ]
      },
      "properties": {
        "gbifID": "3307795636",
        "species": "Witheringia meiantha",
        "genus": "Witheringia",
        "family": "Solanaceae",
        "scientificName": "Witheringia meiantha (Donn.Sm.) Hunz.",
        "coordinateUncertaintyInMeters": "",
        "basisOfRecord": "PRESERVED_SPECIMEN",
        "eventDate": "1978-03-08",
        "country": null,
        "datasetName": "Digitalización y Sistematización de las Colecciones Biológicas Nacionales del Instituto de Biología, UNAM",
        "publisher": "Comisión nacional para el conocimiento y uso de la biodiversidad",
        "license": "CC_BY_4_0",
        "issues": [
          "OCCURRENCE_STATUS_INFERRED_FROM_INDIVIDUAL_COUNT",
          "RECORDED_DATE_INVALID",
          "SCIENTIFIC_NAME_ID_NOT_FOUND",
          "TAXON_ID_NOT_FOUND"
        ],
        "fallback_media": {
          "url": "http://www.boldsystems.org/pics/MHPAC/BioBot11319-BB048377+1281634066.JPG",
          "references": "http://bins.boldsystems.org/index.php/Public_RecordView?processid=MHPAF813-11",
          "title": "MHPAF813-11 Fruit",
          "creator": null,
          "publisher": null,
          "license": "http://creativecommons.org/licenses/by-nc-sa/4.0/",
          "rightsHolder": null
        }
      }
    },
    {
      "type": "Feature",
      "geometry": {
        "type": "Point",
        "coordinates": [
          -84.9958,
          13.74722
        ]
      },
      "properties": {
        "gbifID": "3308469831",
        "species": "Witheringia meiantha",
        "genus": "Witheringia",
        "family": "Solanaceae",
        "scientificName": "Witheringia meiantha (Donn.Sm.) Hunz.",
        "coordinateUncertaintyInMeters": "",
        "basisOfRecord": "PRESERVED_SPECIMEN",
        "eventDate": "1979-04-16",
        "country": null,
        "datasetName": "Digitalización y Sistematización de las Colecciones Biológicas Nacionales del Instituto de Biología, UNAM",
        "publisher": "Comisión nacional para el conocimiento y uso de la biodiversidad",
        "license": "CC_BY_4_0",
        "issues": [
          "OCCURRENCE_STATUS_INFERRED_FROM_INDIVIDUAL_COUNT",
          "SCIENTIFIC_NAME_ID_NOT_FOUND",
          "TAXON_ID_NOT_FOUND"
        ],
        "fallback_media": {
          "url": "http://www.boldsystems.org/pics/MHPAC/BioBot11319-BB048377+1281634066.JPG",
          "references": "http://bins.boldsystems.org/index.php/Public_RecordView?processid=MHPAF813-11",
          "title": "MHPAF813-11 Fruit",
          "creator": null,
          "publisher": null,
          "license": "http://creativecommons.org/licenses/by-nc-sa/4.0/",
          "rightsHolder": null
        }
      }
    },
    {
      "type": "Feature",
      "geometry": {
        "type": "Point",
        "coordinates": [
          -84.99861,
          13.74444
        ]
      },
      "properties": {
        "gbifID": "3308478116",
        "species": "Witheringia meiantha",
        "genus": "Witheringia",
        "family": "Solanaceae",
        "scientificName": "Witheringia meiantha (Donn.Sm.) Hunz.",
        "coordinateUncertaintyInMeters": "",
        "basisOfRecord": "PRESERVED_SPECIMEN",
        "eventDate": "1979-04-14",
        "country": null,
        "datasetName": "Digitalización y Sistematización de las Colecciones Biológicas Nacionales del Instituto de Biología, UNAM",
        "publisher": "Comisión nacional para el conocimiento y uso de la biodiversidad",
        "license": "CC_BY_4_0",
        "issues": [
          "OCCURRENCE_STATUS_INFERRED_FROM_INDIVIDUAL_COUNT",
          "SCIENTIFIC_NAME_ID_NOT_FOUND",
          "TAXON_ID_NOT_FOUND"
        ],
        "fallback_media": {
          "url": "http://www.boldsystems.org/pics/MHPAC/BioBot11319-BB048377+1281634066.JPG",
          "references": "http://bins.boldsystems.org/index.php/Public_RecordView?processid=MHPAF813-11",
          "title": "MHPAF813-11 Fruit",
          "creator": null,
          "publisher": null,
          "license": "http://creativecommons.org/licenses/by-nc-sa/4.0/",
          "rightsHolder": null
        }
      }
    },
    {
      "type": "Feature",
      "geometry": {
        "type": "Point",
        "coordinates": [
          -95.16,
          18.521
        ]
      },
      "properties": {
        "gbifID": "3308735409",
        "species": "Witheringia meiantha",
        "genus": "Witheringia",
        "family": "Solanaceae",
        "scientificName": "Witheringia meiantha (Donn.Sm.) Hunz.",
        "coordinateUncertaintyInMeters": "90.0",
        "basisOfRecord": "PRESERVED_SPECIMEN",
        "eventDate": "2010-05-25",
        "country": null,
        "datasetName": "Digitalización y Sistematización de las Colecciones Biológicas Nacionales del Instituto de Biología, UNAM",
        "publisher": "Comisión nacional para el conocimiento y uso de la biodiversidad",
        "license": "CC_BY_4_0",
        "issues": [
          "OCCURRENCE_STATUS_INFERRED_FROM_INDIVIDUAL_COUNT",
          "TAXON_ID_NOT_FOUND",
          "SCIENTIFIC_NAME_ID_NOT_FOUND"
        ],
        "fallback_media": {
          "url": "http://www.boldsystems.org/pics/MHPAC/BioBot11319-BB048377+1281634066.JPG",
          "references": "http://bins.boldsystems.org/index.php/Public_RecordView?processid=MHPAF813-11",
          "title": "MHPAF813-11 Fruit",
          "creator": null,
          "publisher": null,
          "license": "http://creativecommons.org/licenses/by-nc-sa/4.0/",
          "rightsHolder": null
        }
      }
    },
    {
      "type": "Feature",
      "geometry": {
        "type": "Point",
        "coordinates": [
          -93.167,
          17.95
        ]
      },
      "properties": {
        "gbifID": "3307873292",
        "species": "Witheringia meiantha",
        "genus": "Witheringia",
        "family": "Solanaceae",
        "scientificName": "Witheringia meiantha (Donn.Sm.) Hunz.",
        "coordinateUncertaintyInMeters": "90.0",
        "basisOfRecord": "PRESERVED_SPECIMEN",
        "eventDate": "1996-10-05",
        "country": null,
        "datasetName": "Digitalización y Sistematización de las Colecciones Biológicas Nacionales del Instituto de Biología, UNAM",
        "publisher": "Comisión nacional para el conocimiento y uso de la biodiversidad",
        "license": "CC_BY_4_0",
        "issues": [
          "OCCURRENCE_STATUS_INFERRED_FROM_INDIVIDUAL_COUNT",
          "RECORDED_DATE_INVALID",
          "SCIENTIFIC_NAME_ID_NOT_FOUND",
          "TAXON_ID_NOT_FOUND"
        ],
        "fallback_media": {
          "url": "http://www.boldsystems.org/pics/MHPAC/BioBot11319-BB048377+1281634066.JPG",
          "references": "http://bins.boldsystems.org/index.php/Public_RecordView?processid=MHPAF813-11",
          "title": "MHPAF813-11 Fruit",
          "creator": null,
          "publisher": null,
          "license": "http://creativecommons.org/licenses/by-nc-sa/4.0/",
          "rightsHolder": null
        }
      }
    },
    {
      "type": "Feature",
      "geometry": {
        "type": "Point",
        "coordinates": [
          -96.0,
          17.25
        ]
      },
      "properties": {
        "gbifID": "3308403276",
        "species": "Witheringia meiantha",
        "genus": "Witheringia",
        "family": "Solanaceae",
        "scientificName": "Witheringia meiantha (Donn.Sm.) Hunz.",
        "coordinateUncertaintyInMeters": "90.0",
        "basisOfRecord": "PRESERVED_SPECIMEN",
        "eventDate": "1987-04-01",
        "country": null,
        "datasetName": "Digitalización y Sistematización de las Colecciones Biológicas Nacionales del Instituto de Biología, UNAM",
        "publisher": "Comisión nacional para el conocimiento y uso de la biodiversidad",
        "license": "CC_BY_4_0",
        "issues": [
          "OCCURRENCE_STATUS_INFERRED_FROM_INDIVIDUAL_COUNT",
          "RECORDED_DATE_INVALID",
          "SCIENTIFIC_NAME_ID_NOT_FOUND",
          "TAXON_ID_NOT_FOUND"
        ],
        "fallback_media": {
          "url": "http://www.boldsystems.org/pics/MHPAC/BioBot11319-BB048377+1281634066.JPG",
          "references": "http://bins.boldsystems.org/index.php/Public_RecordView?processid=MHPAF813-11",
          "title": "MHPAF813-11 Fruit",
          "creator": null,
          "publisher": null,
          "license": "http://creativecommons.org/licenses/by-nc-sa/4.0/",
          "rightsHolder": null
        }
      }
    },
    {
      "type": "Feature",
      "geometry": {
        "type": "Point",
        "coordinates": [
          -93.267,
          18.0
        ]
      },
      "properties": {
        "gbifID": "3308498255",
        "species": "Witheringia meiantha",
        "genus": "Witheringia",
        "family": "Solanaceae",
        "scientificName": "Witheringia meiantha (Donn.Sm.) Hunz.",
        "coordinateUncertaintyInMeters": "90.0",
        "basisOfRecord": "PRESERVED_SPECIMEN",
        "eventDate": "1996-10-04",
        "country": null,
        "datasetName": "Digitalización y Sistematización de las Colecciones Biológicas Nacionales del Instituto de Biología, UNAM",
        "publisher": "Comisión nacional para el conocimiento y uso de la biodiversidad",
        "license": "CC_BY_4_0",
        "issues": [
          "OCCURRENCE_STATUS_INFERRED_FROM_INDIVIDUAL_COUNT",
          "RECORDED_DATE_INVALID",
          "TAXON_ID_NOT_FOUND",
          "SCIENTIFIC_NAME_ID_NOT_FOUND"
        ],
        "fallback_media": {
          "url": "http://www.boldsystems.org/pics/MHPAC/BioBot11319-BB048377+1281634066.JPG",
          "references": "http://bins.boldsystems.org/index.php/Public_RecordView?processid=MHPAF813-11",
          "title": "MHPAF813-11 Fruit",
          "creator": null,
          "publisher": null,
          "license": "http://creativecommons.org/licenses/by-nc-sa/4.0/",
          "rightsHolder": null
        }
      }
    },
    {
      "type": "Feature",
      "geometry": {
        "type": "Point",
        "coordinates": [
          -94.95,
          18.383
        ]
      },
      "properties": {
        "gbifID": "3308239112",
        "species": "Witheringia meiantha",
        "genus": "Witheringia",
        "family": "Solanaceae",
        "scientificName": "Witheringia meiantha (Donn.Sm.) Hunz.",
        "coordinateUncertaintyInMeters": "90.0",
        "basisOfRecord": "PRESERVED_SPECIMEN",
        "eventDate": "1972-03-22",
        "country": null,
        "datasetName": "Digitalización y Sistematización de las Colecciones Biológicas Nacionales del Instituto de Biología, UNAM",
        "publisher": "Comisión nacional para el conocimiento y uso de la biodiversidad",
        "license": "CC_BY_4_0",
        "issues": [
          "OCCURRENCE_STATUS_INFERRED_FROM_INDIVIDUAL_COUNT",
          "SCIENTIFIC_NAME_ID_NOT_FOUND",
          "TAXON_ID_NOT_FOUND"
        ],
        "fallback_media": {
          "url": "http://www.boldsystems.org/pics/MHPAC/BioBot11319-BB048377+1281634066.JPG",
          "references": "http://bins.boldsystems.org/index.php/Public_RecordView?processid=MHPAF813-11",
          "title": "MHPAF813-11 Fruit",
          "creator": null,
          "publisher": null,
          "license": "http://creativecommons.org/licenses/by-nc-sa/4.0/",
          "rightsHolder": null
        }
      }
    },
    {
      "type": "Feature",
      "geometry": {
        "type": "Point",
        "coordinates": [
          -85.983,
          11.83639
        ]
      },
      "properties": {
        "gbifID": "3308417403",
        "species": "Witheringia meiantha",
        "genus": "Witheringia",
        "family": "Solanaceae",
        "scientificName": "Witheringia meiantha (Donn.Sm.) Hunz.",
        "coordinateUncertaintyInMeters": "",
        "basisOfRecord": "PRESERVED_SPECIMEN",
        "eventDate": "1983-10-11",
        "country": null,
        "datasetName": "Digitalización y Sistematización de las Colecciones Biológicas Nacionales del Instituto de Biología, UNAM",
        "publisher": "Comisión nacional para el conocimiento y uso de la biodiversidad",
        "license": "CC_BY_4_0",
        "issues": [
          "OCCURRENCE_STATUS_INFERRED_FROM_INDIVIDUAL_COUNT",
          "RECORDED_DATE_INVALID",
          "SCIENTIFIC_NAME_ID_NOT_FOUND",
          "TAXON_ID_NOT_FOUND"
        ],
        "fallback_media": {
          "url": "http://www.boldsystems.org/pics/MHPAC/BioBot11319-BB048377+1281634066.JPG",
          "references": "http://bins.boldsystems.org/index.php/Public_RecordView?processid=MHPAF813-11",
          "title": "MHPAF813-11 Fruit",
          "creator": null,
          "publisher": null,
          "license": "http://creativecommons.org/licenses/by-nc-sa/4.0/",
          "rightsHolder": null
        }
      }
    },
    {
      "type": "Feature",
      "geometry": {
        "type": "Point",
        "coordinates": [
          -86.117,
          15.0
        ]
      },
      "properties": {
        "gbifID": "3308346016",
        "species": "Witheringia meiantha",
        "genus": "Witheringia",
        "family": "Solanaceae",
        "scientificName": "Witheringia meiantha (Donn.Sm.) Hunz.",
        "coordinateUncertaintyInMeters": "",
        "basisOfRecord": "PRESERVED_SPECIMEN",
        "eventDate": "1987-02-06",
        "country": null,
        "datasetName": "Digitalización y Sistematización de las Colecciones Biológicas Nacionales del Instituto de Biología, UNAM",
        "publisher": "Comisión nacional para el conocimiento y uso de la biodiversidad",
        "license": "CC_BY_4_0",
        "issues": [
          "OCCURRENCE_STATUS_INFERRED_FROM_INDIVIDUAL_COUNT",
          "RECORDED_DATE_INVALID",
          "SCIENTIFIC_NAME_ID_NOT_FOUND",
          "TAXON_ID_NOT_FOUND"
        ],
        "fallback_media": {
          "url": "http://www.boldsystems.org/pics/MHPAC/BioBot11319-BB048377+1281634066.JPG",
          "references": "http://bins.boldsystems.org/index.php/Public_RecordView?processid=MHPAF813-11",
          "title": "MHPAF813-11 Fruit",
          "creator": null,
          "publisher": null,
          "license": "http://creativecommons.org/licenses/by-nc-sa/4.0/",
          "rightsHolder": null
        }
      }
    },
    {
      "type": "Feature",
      "geometry": {
        "type": "Point",
        "coordinates": [
          -94.883,
          18.383
        ]
      },
      "properties": {
        "gbifID": "3307668158",
        "species": "Witheringia meiantha",
        "genus": "Witheringia",
        "family": "Solanaceae",
        "scientificName": "Witheringia meiantha (Donn.Sm.) Hunz.",
        "coordinateUncertaintyInMeters": "90.0",
        "basisOfRecord": "PRESERVED_SPECIMEN",
        "eventDate": "1972-06-10",
        "country": null,
        "datasetName": "Digitalización y Sistematización de las Colecciones Biológicas Nacionales del Instituto de Biología, UNAM",
        "publisher": "Comisión nacional para el conocimiento y uso de la biodiversidad",
        "license": "CC_BY_4_0",
        "issues": [
          "OCCURRENCE_STATUS_INFERRED_FROM_INDIVIDUAL_COUNT",
          "RECORDED_DATE_INVALID",
          "SCIENTIFIC_NAME_ID_NOT_FOUND",
          "TAXON_ID_NOT_FOUND"
        ],
        "fallback_media": {
          "url": "http://www.boldsystems.org/pics/MHPAC/BioBot11319-BB048377+1281634066.JPG",
          "references": "http://bins.boldsystems.org/index.php/Public_RecordView?processid=MHPAF813-11",
          "title": "MHPAF813-11 Fruit",
          "creator": null,
          "publisher": null,
          "license": "http://creativecommons.org/licenses/by-nc-sa/4.0/",
          "rightsHolder": null
        }
      }
    },
    {
      "type": "Feature",
      "geometry": {
        "type": "Point",
        "coordinates": [
          -86.167,
          13.25
        ]
      },
      "properties": {
        "gbifID": "3307734251",
        "species": "Witheringia meiantha",
        "genus": "Witheringia",
        "family": "Solanaceae",
        "scientificName": "Witheringia meiantha (Donn.Sm.) Hunz.",
        "coordinateUncertaintyInMeters": "",
        "basisOfRecord": "PRESERVED_SPECIMEN",
        "eventDate": "1979-10-25",
        "country": null,
        "datasetName": "Digitalización y Sistematización de las Colecciones Biológicas Nacionales del Instituto de Biología, UNAM",
        "publisher": "Comisión nacional para el conocimiento y uso de la biodiversidad",
        "license": "CC_BY_4_0",
        "issues": [
          "OCCURRENCE_STATUS_INFERRED_FROM_INDIVIDUAL_COUNT",
          "SCIENTIFIC_NAME_ID_NOT_FOUND",
          "TAXON_ID_NOT_FOUND"
        ],
        "fallback_media": {
          "url": "http://www.boldsystems.org/pics/MHPAC/BioBot11319-BB048377+1281634066.JPG",
          "references": "http://bins.boldsystems.org/index.php/Public_RecordView?processid=MHPAF813-11",
          "title": "MHPAF813-11 Fruit",
          "creator": null,
          "publisher": null,
          "license": "http://creativecommons.org/licenses/by-nc-sa/4.0/",
          "rightsHolder": null
        }
      }
    },
    {
      "type": "Feature",
      "geometry": {
        "type": "Point",
        "coordinates": [
          -85.5,
          11.433
        ]
      },
      "properties": {
        "gbifID": "3307999674",
        "species": "Witheringia meiantha",
        "genus": "Witheringia",
        "family": "Solanaceae",
        "scientificName": "Witheringia meiantha (Donn.Sm.) Hunz.",
        "coordinateUncertaintyInMeters": "",
        "basisOfRecord": "PRESERVED_SPECIMEN",
        "eventDate": "1985-06-03",
        "country": null,
        "datasetName": "Digitalización y Sistematización de las Colecciones Biológicas Nacionales del Instituto de Biología, UNAM",
        "publisher": "Comisión nacional para el conocimiento y uso de la biodiversidad",
        "license": "CC_BY_4_0",
        "issues": [
          "OCCURRENCE_STATUS_INFERRED_FROM_INDIVIDUAL_COUNT",
          "RECORDED_DATE_INVALID",
          "TAXON_ID_NOT_FOUND",
          "SCIENTIFIC_NAME_ID_NOT_FOUND"
        ],
        "fallback_media": {
          "url": "http://www.boldsystems.org/pics/MHPAC/BioBot11319-BB048377+1281634066.JPG",
          "references": "http://bins.boldsystems.org/index.php/Public_RecordView?processid=MHPAF813-11",
          "title": "MHPAF813-11 Fruit",
          "creator": null,
          "publisher": null,
          "license": "http://creativecommons.org/licenses/by-nc-sa/4.0/",
          "rightsHolder": null
        }
      }
    },
    {
      "type": "Feature",
      "geometry": {
        "type": "Point",
        "coordinates": [
          -86.25,
          13.233
        ]
      },
      "properties": {
        "gbifID": "3308442186",
        "species": "Witheringia meiantha",
        "genus": "Witheringia",
        "family": "Solanaceae",
        "scientificName": "Witheringia meiantha (Donn.Sm.) Hunz.",
        "coordinateUncertaintyInMeters": "",
        "basisOfRecord": "PRESERVED_SPECIMEN",
        "eventDate": "1981-09-13",
        "country": null,
        "datasetName": "Digitalización y Sistematización de las Colecciones Biológicas Nacionales del Instituto de Biología, UNAM",
        "publisher": "Comisión nacional para el conocimiento y uso de la biodiversidad",
        "license": "CC_BY_4_0",
        "issues": [
          "OCCURRENCE_STATUS_INFERRED_FROM_INDIVIDUAL_COUNT",
          "SCIENTIFIC_NAME_ID_NOT_FOUND",
          "TAXON_ID_NOT_FOUND"
        ],
        "fallback_media": {
          "url": "http://www.boldsystems.org/pics/MHPAC/BioBot11319-BB048377+1281634066.JPG",
          "references": "http://bins.boldsystems.org/index.php/Public_RecordView?processid=MHPAF813-11",
          "title": "MHPAF813-11 Fruit",
          "creator": null,
          "publisher": null,
          "license": "http://creativecommons.org/licenses/by-nc-sa/4.0/",
          "rightsHolder": null
        }
      }
    },
    {
      "type": "Feature",
      "geometry": {
        "type": "Point",
        "coordinates": [
          -85.967,
          11.85
        ]
      },
      "properties": {
        "gbifID": "3307824703",
        "species": "Witheringia meiantha",
        "genus": "Witheringia",
        "family": "Solanaceae",
        "scientificName": "Witheringia meiantha (Donn.Sm.) Hunz.",
        "coordinateUncertaintyInMeters": "",
        "basisOfRecord": "PRESERVED_SPECIMEN",
        "eventDate": "1980-10-28",
        "country": null,
        "datasetName": "Digitalización y Sistematización de las Colecciones Biológicas Nacionales del Instituto de Biología, UNAM",
        "publisher": "Comisión nacional para el conocimiento y uso de la biodiversidad",
        "license": "CC_BY_4_0",
        "issues": [
          "OCCURRENCE_STATUS_INFERRED_FROM_INDIVIDUAL_COUNT",
          "TAXON_ID_NOT_FOUND",
          "SCIENTIFIC_NAME_ID_NOT_FOUND"
        ],
        "fallback_media": {
          "url": "http://www.boldsystems.org/pics/MHPAC/BioBot11319-BB048377+1281634066.JPG",
          "references": "http://bins.boldsystems.org/index.php/Public_RecordView?processid=MHPAF813-11",
          "title": "MHPAF813-11 Fruit",
          "creator": null,
          "publisher": null,
          "license": "http://creativecommons.org/licenses/by-nc-sa/4.0/",
          "rightsHolder": null
        }
      }
    },
    {
      "type": "Feature",
      "geometry": {
        "type": "Point",
        "coordinates": [
          -85.917,
          13.017
        ]
      },
      "properties": {
        "gbifID": "3308020577",
        "species": "Witheringia meiantha",
        "genus": "Witheringia",
        "family": "Solanaceae",
        "scientificName": "Witheringia meiantha (Donn.Sm.) Hunz.",
        "coordinateUncertaintyInMeters": "",
        "basisOfRecord": "PRESERVED_SPECIMEN",
        "eventDate": "1985-05-26",
        "country": null,
        "datasetName": "Digitalización y Sistematización de las Colecciones Biológicas Nacionales del Instituto de Biología, UNAM",
        "publisher": "Comisión nacional para el conocimiento y uso de la biodiversidad",
        "license": "CC_BY_4_0",
        "issues": [
          "OCCURRENCE_STATUS_INFERRED_FROM_INDIVIDUAL_COUNT",
          "TAXON_ID_NOT_FOUND",
          "SCIENTIFIC_NAME_ID_NOT_FOUND"
        ],
        "fallback_media": {
          "url": "http://www.boldsystems.org/pics/MHPAC/BioBot11319-BB048377+1281634066.JPG",
          "references": "http://bins.boldsystems.org/index.php/Public_RecordView?processid=MHPAF813-11",
          "title": "MHPAF813-11 Fruit",
          "creator": null,
          "publisher": null,
          "license": "http://creativecommons.org/licenses/by-nc-sa/4.0/",
          "rightsHolder": null
        }
      }
    },
    {
      "type": "Feature",
      "geometry": {
        "type": "Point",
        "coordinates": [
          -88.693,
          15.669
        ]
      },
      "properties": {
        "gbifID": "3308026405",
        "species": "Witheringia meiantha",
        "genus": "Witheringia",
        "family": "Solanaceae",
        "scientificName": "Witheringia meiantha (Donn.Sm.) Hunz.",
        "coordinateUncertaintyInMeters": "",
        "basisOfRecord": "PRESERVED_SPECIMEN",
        "eventDate": "1997-09-21",
        "country": null,
        "datasetName": "Digitalización y Sistematización de las Colecciones Biológicas Nacionales del Instituto de Biología, UNAM",
        "publisher": "Comisión nacional para el conocimiento y uso de la biodiversidad",
        "license": "CC_BY_4_0",
        "issues": [
          "OCCURRENCE_STATUS_INFERRED_FROM_INDIVIDUAL_COUNT",
          "SCIENTIFIC_NAME_ID_NOT_FOUND",
          "TAXON_ID_NOT_FOUND"
        ],
        "fallback_media": {
          "url": "http://www.boldsystems.org/pics/MHPAC/BioBot11319-BB048377+1281634066.JPG",
          "references": "http://bins.boldsystems.org/index.php/Public_RecordView?processid=MHPAF813-11",
          "title": "MHPAF813-11 Fruit",
          "creator": null,
          "publisher": null,
          "license": "http://creativecommons.org/licenses/by-nc-sa/4.0/",
          "rightsHolder": null
        }
      }
    },
    {
      "type": "Feature",
      "geometry": {
        "type": "Point",
        "coordinates": [
          -95.083,
          18.5
        ]
      },
      "properties": {
        "gbifID": "3308305151",
        "species": "Witheringia meiantha",
        "genus": "Witheringia",
        "family": "Solanaceae",
        "scientificName": "Witheringia meiantha (Donn.Sm.) Hunz.",
        "coordinateUncertaintyInMeters": "90.0",
        "basisOfRecord": "PRESERVED_SPECIMEN",
        "eventDate": "1975-09-09",
        "country": null,
        "datasetName": "Digitalización y Sistematización de las Colecciones Biológicas Nacionales del Instituto de Biología, UNAM",
        "publisher": "Comisión nacional para el conocimiento y uso de la biodiversidad",
        "license": "CC_BY_4_0",
        "issues": [
          "OCCURRENCE_STATUS_INFERRED_FROM_INDIVIDUAL_COUNT",
          "TAXON_ID_NOT_FOUND",
          "SCIENTIFIC_NAME_ID_NOT_FOUND"
        ],
        "fallback_media": {
          "url": "http://www.boldsystems.org/pics/MHPAC/BioBot11319-BB048377+1281634066.JPG",
          "references": "http://bins.boldsystems.org/index.php/Public_RecordView?processid=MHPAF813-11",
          "title": "MHPAF813-11 Fruit",
          "creator": null,
          "publisher": null,
          "license": "http://creativecommons.org/licenses/by-nc-sa/4.0/",
          "rightsHolder": null
        }
      }
    },
    {
      "type": "Feature",
      "geometry": {
        "type": "Point",
        "coordinates": [
          -96.125,
          17.808333
        ]
      },
      "properties": {
        "gbifID": "4174611324",
        "species": "Witheringia meiantha",
        "genus": "Witheringia",
        "family": "Solanaceae",
        "scientificName": "Witheringia meiantha (Donn.Sm.) Hunz.",
        "coordinateUncertaintyInMeters": "90.0",
        "basisOfRecord": "PRESERVED_SPECIMEN",
        "eventDate": "1984-11-28",
        "country": null,
        "datasetName": "Catálogos florísticos de México por entidad federativa e información etnobotánica de la Colección del Herbario Nacional Biól. Luciano Vela Gálvez (INIF)",
        "publisher": "Comisión nacional para el conocimiento y uso de la biodiversidad",
        "license": "CC_BY_4_0",
        "issues": [
          "COORDINATE_ROUNDED",
          "TAXON_ID_NOT_FOUND",
          "SCIENTIFIC_NAME_ID_NOT_FOUND"
        ],
        "fallback_media": {
          "url": "http://www.boldsystems.org/pics/MHPAC/BioBot11319-BB048377+1281634066.JPG",
          "references": "http://bins.boldsystems.org/index.php/Public_RecordView?processid=MHPAF813-11",
          "title": "MHPAF813-11 Fruit",
          "creator": null,
          "publisher": null,
          "license": "http://creativecommons.org/licenses/by-nc-sa/4.0/",
          "rightsHolder": null
        }
      }
    },
    {
      "type": "Feature",
      "geometry": {
        "type": "Point",
        "coordinates": [
          -92.581389,
          17.918889
        ]
      },
      "properties": {
        "gbifID": "1894548161",
        "species": "Witheringia meiantha",
        "genus": "Witheringia",
        "family": "Solanaceae",
        "scientificName": "Witheringia meiantha (Donn.Sm.) Hunz.",
        "coordinateUncertaintyInMeters": "90.0",
        "basisOfRecord": "PRESERVED_SPECIMEN",
        "eventDate": "1983-02-28",
        "country": null,
        "datasetName": "Actualización de las bases de datos de las colecciones de plantas vasculares y macromicetos del herbario de la UJAT",
        "publisher": "Comisión nacional para el conocimiento y uso de la biodiversidad",
        "license": "CC_BY_4_0",
        "issues": [
          "OCCURRENCE_STATUS_INFERRED_FROM_INDIVIDUAL_COUNT",
          "COORDINATE_ROUNDED",
          "TAXON_ID_NOT_FOUND",
          "SCIENTIFIC_NAME_ID_NOT_FOUND"
        ],
        "fallback_media": {
          "url": "http://www.boldsystems.org/pics/MHPAC/BioBot11319-BB048377+1281634066.JPG",
          "references": "http://bins.boldsystems.org/index.php/Public_RecordView?processid=MHPAF813-11",
          "title": "MHPAF813-11 Fruit",
          "creator": null,
          "publisher": null,
          "license": "http://creativecommons.org/licenses/by-nc-sa/4.0/",
          "rightsHolder": null
        }
      }
    },
    {
      "type": "Feature",
      "geometry": {
        "type": "Point",
        "coordinates": [
          -91.470833,
          17.426389
        ]
      },
      "properties": {
        "gbifID": "1894548182",
        "species": "Witheringia meiantha",
        "genus": "Witheringia",
        "family": "Solanaceae",
        "scientificName": "Witheringia meiantha (Donn.Sm.) Hunz.",
        "coordinateUncertaintyInMeters": "90.0",
        "basisOfRecord": "PRESERVED_SPECIMEN",
        "eventDate": "1990-05-11",
        "country": null,
        "datasetName": "Actualización de las bases de datos de las colecciones de plantas vasculares y macromicetos del herbario de la UJAT",
        "publisher": "Comisión nacional para el conocimiento y uso de la biodiversidad",
        "license": "CC_BY_4_0",
        "issues": [
          "OCCURRENCE_STATUS_INFERRED_FROM_INDIVIDUAL_COUNT",
          "RECORDED_DATE_INVALID",
          "COORDINATE_ROUNDED",
          "TAXON_ID_NOT_FOUND",
          "SCIENTIFIC_NAME_ID_NOT_FOUND"
        ],
        "fallback_media": {
          "url": "http://www.boldsystems.org/pics/MHPAC/BioBot11319-BB048377+1281634066.JPG",
          "references": "http://bins.boldsystems.org/index.php/Public_RecordView?processid=MHPAF813-11",
          "title": "MHPAF813-11 Fruit",
          "creator": null,
          "publisher": null,
          "license": "http://creativecommons.org/licenses/by-nc-sa/4.0/",
          "rightsHolder": null
        }
      }
    },
    {
      "type": "Feature",
      "geometry": {
        "type": "Point",
        "coordinates": [
          -92.641667,
          17.508333
        ]
      },
      "properties": {
        "gbifID": "1894548207",
        "species": "Witheringia meiantha",
        "genus": "Witheringia",
        "family": "Solanaceae",
        "scientificName": "Witheringia meiantha (Donn.Sm.) Hunz.",
        "coordinateUncertaintyInMeters": "",
        "basisOfRecord": "PRESERVED_SPECIMEN",
        "eventDate": "1987-10-10",
        "country": null,
        "datasetName": "Actualización de las bases de datos de las colecciones de plantas vasculares y macromicetos del herbario de la UJAT",
        "publisher": "Comisión nacional para el conocimiento y uso de la biodiversidad",
        "license": "CC_BY_4_0",
        "issues": [
          "OCCURRENCE_STATUS_INFERRED_FROM_INDIVIDUAL_COUNT",
          "COORDINATE_ROUNDED",
          "TAXON_ID_NOT_FOUND",
          "SCIENTIFIC_NAME_ID_NOT_FOUND"
        ],
        "fallback_media": {
          "url": "http://www.boldsystems.org/pics/MHPAC/BioBot11319-BB048377+1281634066.JPG",
          "references": "http://bins.boldsystems.org/index.php/Public_RecordView?processid=MHPAF813-11",
          "title": "MHPAF813-11 Fruit",
          "creator": null,
          "publisher": null,
          "license": "http://creativecommons.org/licenses/by-nc-sa/4.0/",
          "rightsHolder": null
        }
      }
    },
    {
      "type": "Feature",
      "geometry": {
        "type": "Point",
        "coordinates": [
          -92.379722,
          17.75
        ]
      },
      "properties": {
        "gbifID": "1894548175",
        "species": "Witheringia meiantha",
        "genus": "Witheringia",
        "family": "Solanaceae",
        "scientificName": "Witheringia meiantha (Donn.Sm.) Hunz.",
        "coordinateUncertaintyInMeters": "90.0",
        "basisOfRecord": "PRESERVED_SPECIMEN",
        "eventDate": "1985-10-09",
        "country": null,
        "datasetName": "Actualización de las bases de datos de las colecciones de plantas vasculares y macromicetos del herbario de la UJAT",
        "publisher": "Comisión nacional para el conocimiento y uso de la biodiversidad",
        "license": "CC_BY_4_0",
        "issues": [
          "OCCURRENCE_STATUS_INFERRED_FROM_INDIVIDUAL_COUNT",
          "RECORDED_DATE_INVALID",
          "COORDINATE_ROUNDED",
          "TAXON_ID_NOT_FOUND",
          "SCIENTIFIC_NAME_ID_NOT_FOUND"
        ],
        "fallback_media": {
          "url": "http://www.boldsystems.org/pics/MHPAC/BioBot11319-BB048377+1281634066.JPG",
          "references": "http://bins.boldsystems.org/index.php/Public_RecordView?processid=MHPAF813-11",
          "title": "MHPAF813-11 Fruit",
          "creator": null,
          "publisher": null,
          "license": "http://creativecommons.org/licenses/by-nc-sa/4.0/",
          "rightsHolder": null
        }
      }
    },
    {
      "type": "Feature",
      "geometry": {
        "type": "Point",
        "coordinates": [
          -92.420833,
          17.9
        ]
      },
      "properties": {
        "gbifID": "1894548168",
        "species": "Witheringia meiantha",
        "genus": "Witheringia",
        "family": "Solanaceae",
        "scientificName": "Witheringia meiantha (Donn.Sm.) Hunz.",
        "coordinateUncertaintyInMeters": "",
        "basisOfRecord": "PRESERVED_SPECIMEN",
        "eventDate": "1985-06-22",
        "country": null,
        "datasetName": "Actualización de las bases de datos de las colecciones de plantas vasculares y macromicetos del herbario de la UJAT",
        "publisher": "Comisión nacional para el conocimiento y uso de la biodiversidad",
        "license": "CC_BY_4_0",
        "issues": [
          "OCCURRENCE_STATUS_INFERRED_FROM_INDIVIDUAL_COUNT",
          "COORDINATE_ROUNDED",
          "TAXON_ID_NOT_FOUND",
          "SCIENTIFIC_NAME_ID_NOT_FOUND"
        ],
        "fallback_media": {
          "url": "http://www.boldsystems.org/pics/MHPAC/BioBot11319-BB048377+1281634066.JPG",
          "references": "http://bins.boldsystems.org/index.php/Public_RecordView?processid=MHPAF813-11",
          "title": "MHPAF813-11 Fruit",
          "creator": null,
          "publisher": null,
          "license": "http://creativecommons.org/licenses/by-nc-sa/4.0/",
          "rightsHolder": null
        }
      }
    },
    {
      "type": "Feature",
      "geometry": {
        "type": "Point",
        "coordinates": [
          -91.449444,
          17.493611
        ]
      },
      "properties": {
        "gbifID": "1894548197",
        "species": "Witheringia meiantha",
        "genus": "Witheringia",
        "family": "Solanaceae",
        "scientificName": "Witheringia meiantha (Donn.Sm.) Hunz.",
        "coordinateUncertaintyInMeters": "90.0",
        "basisOfRecord": "PRESERVED_SPECIMEN",
        "eventDate": "2002-06-21",
        "country": null,
        "datasetName": "Actualización de las bases de datos de las colecciones de plantas vasculares y macromicetos del herbario de la UJAT",
        "publisher": "Comisión nacional para el conocimiento y uso de la biodiversidad",
        "license": "CC_BY_4_0",
        "issues": [
          "OCCURRENCE_STATUS_INFERRED_FROM_INDIVIDUAL_COUNT",
          "COORDINATE_ROUNDED",
          "TAXON_ID_NOT_FOUND",
          "SCIENTIFIC_NAME_ID_NOT_FOUND"
        ],
        "fallback_media": {
          "url": "http://www.boldsystems.org/pics/MHPAC/BioBot11319-BB048377+1281634066.JPG",
          "references": "http://bins.boldsystems.org/index.php/Public_RecordView?processid=MHPAF813-11",
          "title": "MHPAF813-11 Fruit",
          "creator": null,
          "publisher": null,
          "license": "http://creativecommons.org/licenses/by-nc-sa/4.0/",
          "rightsHolder": null
        }
      }
    },
    {
      "type": "Feature",
      "geometry": {
        "type": "Point",
        "coordinates": [
          -92.460278,
          17.7775
        ]
      },
      "properties": {
        "gbifID": "1894548245",
        "species": "Witheringia meiantha",
        "genus": "Witheringia",
        "family": "Solanaceae",
        "scientificName": "Witheringia meiantha (Donn.Sm.) Hunz.",
        "coordinateUncertaintyInMeters": "90.0",
        "basisOfRecord": "PRESERVED_SPECIMEN",
        "eventDate": "1982-05-30",
        "country": null,
        "datasetName": "Actualización de las bases de datos de las colecciones de plantas vasculares y macromicetos del herbario de la UJAT",
        "publisher": "Comisión nacional para el conocimiento y uso de la biodiversidad",
        "license": "CC_BY_4_0",
        "issues": [
          "OCCURRENCE_STATUS_INFERRED_FROM_INDIVIDUAL_COUNT",
          "COORDINATE_ROUNDED",
          "TAXON_ID_NOT_FOUND",
          "SCIENTIFIC_NAME_ID_NOT_FOUND"
        ],
        "fallback_media": {
          "url": "http://www.boldsystems.org/pics/MHPAC/BioBot11319-BB048377+1281634066.JPG",
          "references": "http://bins.boldsystems.org/index.php/Public_RecordView?processid=MHPAF813-11",
          "title": "MHPAF813-11 Fruit",
          "creator": null,
          "publisher": null,
          "license": "http://creativecommons.org/licenses/by-nc-sa/4.0/",
          "rightsHolder": null
        }
      }
    },
    {
      "type": "Feature",
      "geometry": {
        "type": "Point",
        "coordinates": [
          -93.044444,
          17.446389
        ]
      },
      "properties": {
        "gbifID": "1419198594",
        "species": "Witheringia meiantha",
        "genus": "Witheringia",
        "family": "Solanaceae",
        "scientificName": "Witheringia meiantha (Donn.Sm.) Hunz.",
        "coordinateUncertaintyInMeters": "90.0",
        "basisOfRecord": "PRESERVED_SPECIMEN",
        "eventDate": "1983-10-12",
        "country": null,
        "datasetName": "Banco de datos florísticos del Herbario CHAP",
        "publisher": "Comisión nacional para el conocimiento y uso de la biodiversidad",
        "license": "CC_BY_4_0",
        "issues": [
          "OCCURRENCE_STATUS_INFERRED_FROM_INDIVIDUAL_COUNT",
          "RECORDED_DATE_INVALID",
          "COORDINATE_ROUNDED",
          "SCIENTIFIC_NAME_ID_NOT_FOUND",
          "TAXON_ID_NOT_FOUND"
        ],
        "fallback_media": {
          "url": "http://www.boldsystems.org/pics/MHPAC/BioBot11319-BB048377+1281634066.JPG",
          "references": "http://bins.boldsystems.org/index.php/Public_RecordView?processid=MHPAF813-11",
          "title": "MHPAF813-11 Fruit",
          "creator": null,
          "publisher": null,
          "license": "http://creativecommons.org/licenses/by-nc-sa/4.0/",
          "rightsHolder": null
        }
      }
    },
    {
      "type": "Feature",
      "geometry": {
        "type": "Point",
        "coordinates": [
          -95.075007,
          18.575003
        ]
      },
      "properties": {
        "gbifID": "1893891482",
        "species": "Witheringia meiantha",
        "genus": "Witheringia",
        "family": "Solanaceae",
        "scientificName": "Witheringia meiantha (Donn.Sm.) Hunz.",
        "coordinateUncertaintyInMeters": "",
        "basisOfRecord": "PRESERVED_SPECIMEN",
        "eventDate": "",
        "country": null,
        "datasetName": "Propuesta para sistematizar la colección palinológica de polen reciente y fósil del IGLUNAM",
        "publisher": "Comisión nacional para el conocimiento y uso de la biodiversidad",
        "license": "CC_BY_4_0",
        "issues": [
          "OCCURRENCE_STATUS_INFERRED_FROM_INDIVIDUAL_COUNT",
          "COORDINATE_ROUNDED",
          "SCIENTIFIC_NAME_ID_NOT_FOUND",
          "TAXON_ID_NOT_FOUND"
        ],
        "fallback_media": {
          "url": "http://www.boldsystems.org/pics/MHPAC/BioBot11319-BB048377+1281634066.JPG",
          "references": "http://bins.boldsystems.org/index.php/Public_RecordView?processid=MHPAF813-11",
          "title": "MHPAF813-11 Fruit",
          "creator": null,
          "publisher": null,
          "license": "http://creativecommons.org/licenses/by-nc-sa/4.0/",
          "rightsHolder": null
        }
      }
    },
    {
      "type": "Feature",
      "geometry": {
        "type": "Point",
        "coordinates": [
          -92.508333,
          17.641667
        ]
      },
      "properties": {
        "gbifID": "1893726233",
        "species": "Witheringia meiantha",
        "genus": "Witheringia",
        "family": "Solanaceae",
        "scientificName": "Witheringia meiantha (Donn.Sm.) Hunz.",
        "coordinateUncertaintyInMeters": "90.0",
        "basisOfRecord": "PRESERVED_SPECIMEN",
        "eventDate": "1987-12-04",
        "country": null,
        "datasetName": "Etapa final de la captura y catalogación del Herbario del Instituto de Ecología, A.C., Centro Regional del Bajío",
        "publisher": "Comisión nacional para el conocimiento y uso de la biodiversidad",
        "license": "CC_BY_4_0",
        "issues": [
          "OCCURRENCE_STATUS_INFERRED_FROM_INDIVIDUAL_COUNT",
          "RECORDED_DATE_INVALID",
          "COORDINATE_ROUNDED",
          "TAXON_ID_NOT_FOUND",
          "SCIENTIFIC_NAME_ID_NOT_FOUND"
        ],
        "fallback_media": {
          "url": "http://www.boldsystems.org/pics/MHPAC/BioBot11319-BB048377+1281634066.JPG",
          "references": "http://bins.boldsystems.org/index.php/Public_RecordView?processid=MHPAF813-11",
          "title": "MHPAF813-11 Fruit",
          "creator": null,
          "publisher": null,
          "license": "http://creativecommons.org/licenses/by-nc-sa/4.0/",
          "rightsHolder": null
        }
      }
    },
    {
      "type": "Feature",
      "geometry": {
        "type": "Point",
        "coordinates": [
          -91.616667,
          16.109722
        ]
      },
      "properties": {
        "gbifID": "1895133452",
        "species": "Witheringia meiantha",
        "genus": "Witheringia",
        "family": "Solanaceae",
        "scientificName": "Witheringia meiantha (Donn.Sm.) Hunz.",
        "coordinateUncertaintyInMeters": "100.0",
        "basisOfRecord": "PRESERVED_SPECIMEN",
        "eventDate": "1984-08-05",
        "country": null,
        "datasetName": "Sistematización de la colección entomológica y actualización de la colección del herbario CHIP del Instituto de Historia Natural y Ecología (IHNE), Chiapas",
        "publisher": "Comisión nacional para el conocimiento y uso de la biodiversidad",
        "license": "CC_BY_4_0",
        "issues": [
          "OCCURRENCE_STATUS_INFERRED_FROM_INDIVIDUAL_COUNT",
          "RECORDED_DATE_INVALID",
          "COORDINATE_ROUNDED",
          "TAXON_ID_NOT_FOUND",
          "SCIENTIFIC_NAME_ID_NOT_FOUND"
        ],
        "fallback_media": {
          "url": "http://www.boldsystems.org/pics/MHPAC/BioBot11319-BB048377+1281634066.JPG",
          "references": "http://bins.boldsystems.org/index.php/Public_RecordView?processid=MHPAF813-11",
          "title": "MHPAF813-11 Fruit",
          "creator": null,
          "publisher": null,
          "license": "http://creativecommons.org/licenses/by-nc-sa/4.0/",
          "rightsHolder": null
        }
      }
    },
    {
      "type": "Feature",
      "geometry": {
        "type": "Point",
        "coordinates": [
          -93.487222,
          16.113611
        ]
      },
      "properties": {
        "gbifID": "1895133421",
        "species": "Witheringia meiantha",
        "genus": "Witheringia",
        "family": "Solanaceae",
        "scientificName": "Witheringia meiantha (Donn.Sm.) Hunz.",
        "coordinateUncertaintyInMeters": "100.0",
        "basisOfRecord": "PRESERVED_SPECIMEN",
        "eventDate": "1984-06-10",
        "country": null,
        "datasetName": "Sistematización de la colección entomológica y actualización de la colección del herbario CHIP del Instituto de Historia Natural y Ecología (IHNE), Chiapas",
        "publisher": "Comisión nacional para el conocimiento y uso de la biodiversidad",
        "license": "CC_BY_4_0",
        "issues": [
          "OCCURRENCE_STATUS_INFERRED_FROM_INDIVIDUAL_COUNT",
          "RECORDED_DATE_INVALID",
          "COORDINATE_ROUNDED",
          "TAXON_ID_NOT_FOUND",
          "SCIENTIFIC_NAME_ID_NOT_FOUND"
        ],
        "fallback_media": {
          "url": "http://www.boldsystems.org/pics/MHPAC/BioBot11319-BB048377+1281634066.JPG",
          "references": "http://bins.boldsystems.org/index.php/Public_RecordView?processid=MHPAF813-11",
          "title": "MHPAF813-11 Fruit",
          "creator": null,
          "publisher": null,
          "license": "http://creativecommons.org/licenses/by-nc-sa/4.0/",
          "rightsHolder": null
        }
      }
    },
    {
      "type": "Feature",
      "geometry": {
        "type": "Point",
        "coordinates": [
          -92.621389,
          17.485
        ]
      },
      "properties": {
        "gbifID": "1895133422",
        "species": "Witheringia meiantha",
        "genus": "Witheringia",
        "family": "Solanaceae",
        "scientificName": "Witheringia meiantha (Donn.Sm.) Hunz.",
        "coordinateUncertaintyInMeters": "90.0",
        "basisOfRecord": "PRESERVED_SPECIMEN",
        "eventDate": "1987-12-04",
        "country": null,
        "datasetName": "Sistematización de la colección entomológica y actualización de la colección del herbario CHIP del Instituto de Historia Natural y Ecología (IHNE), Chiapas",
        "publisher": "Comisión nacional para el conocimiento y uso de la biodiversidad",
        "license": "CC_BY_4_0",
        "issues": [
          "OCCURRENCE_STATUS_INFERRED_FROM_INDIVIDUAL_COUNT",
          "RECORDED_DATE_INVALID",
          "COORDINATE_ROUNDED",
          "TAXON_ID_NOT_FOUND",
          "SCIENTIFIC_NAME_ID_NOT_FOUND"
        ],
        "fallback_media": {
          "url": "http://www.boldsystems.org/pics/MHPAC/BioBot11319-BB048377+1281634066.JPG",
          "references": "http://bins.boldsystems.org/index.php/Public_RecordView?processid=MHPAF813-11",
          "title": "MHPAF813-11 Fruit",
          "creator": null,
          "publisher": null,
          "license": "http://creativecommons.org/licenses/by-nc-sa/4.0/",
          "rightsHolder": null
        }
      }
    },
    {
      "type": "Feature",
      "geometry": {
        "type": "Point",
        "coordinates": [
          -93.535833,
          16.086111
        ]
      },
      "properties": {
        "gbifID": "1895133437",
        "species": "Witheringia meiantha",
        "genus": "Witheringia",
        "family": "Solanaceae",
        "scientificName": "Witheringia meiantha (Donn.Sm.) Hunz.",
        "coordinateUncertaintyInMeters": "100.0",
        "basisOfRecord": "PRESERVED_SPECIMEN",
        "eventDate": "1988-05-26",
        "country": null,
        "datasetName": "Sistematización de la colección entomológica y actualización de la colección del herbario CHIP del Instituto de Historia Natural y Ecología (IHNE), Chiapas",
        "publisher": "Comisión nacional para el conocimiento y uso de la biodiversidad",
        "license": "CC_BY_4_0",
        "issues": [
          "OCCURRENCE_STATUS_INFERRED_FROM_INDIVIDUAL_COUNT",
          "COORDINATE_ROUNDED",
          "TAXON_ID_NOT_FOUND",
          "SCIENTIFIC_NAME_ID_NOT_FOUND"
        ],
        "fallback_media": {
          "url": "http://www.boldsystems.org/pics/MHPAC/BioBot11319-BB048377+1281634066.JPG",
          "references": "http://bins.boldsystems.org/index.php/Public_RecordView?processid=MHPAF813-11",
          "title": "MHPAF813-11 Fruit",
          "creator": null,
          "publisher": null,
          "license": "http://creativecommons.org/licenses/by-nc-sa/4.0/",
          "rightsHolder": null
        }
      }
    },
    {
      "type": "Feature",
      "geometry": {
        "type": "Point",
        "coordinates": [
          -93.045555,
          15.822056
        ]
      },
      "properties": {
        "gbifID": "2630150293",
        "species": "Witheringia meiantha",
        "genus": "Witheringia",
        "family": "Solanaceae",
        "scientificName": "Witheringia meiantha (Donn.Sm.) Hunz.",
        "coordinateUncertaintyInMeters": "100.0",
        "basisOfRecord": "PRESERVED_SPECIMEN",
        "eventDate": "2005-07-17",
        "country": null,
        "datasetName": "Flora y vegetación de la región terrestre prioritaria Tacaná-Boquerón, Chiapas, México",
        "publisher": "Comisión nacional para el conocimiento y uso de la biodiversidad",
        "license": "CC_BY_4_0",
        "issues": [
          "OCCURRENCE_STATUS_INFERRED_FROM_INDIVIDUAL_COUNT",
          "COORDINATE_ROUNDED",
          "TAXON_ID_NOT_FOUND",
          "SCIENTIFIC_NAME_ID_NOT_FOUND"
        ],
        "fallback_media": {
          "url": "http://www.boldsystems.org/pics/MHPAC/BioBot11319-BB048377+1281634066.JPG",
          "references": "http://bins.boldsystems.org/index.php/Public_RecordView?processid=MHPAF813-11",
          "title": "MHPAF813-11 Fruit",
          "creator": null,
          "publisher": null,
          "license": "http://creativecommons.org/licenses/by-nc-sa/4.0/",
          "rightsHolder": null
        }
      }
    },
    {
      "type": "Feature",
      "geometry": {
        "type": "Point",
        "coordinates": [
          -92.225,
          17.191667
        ]
      },
      "properties": {
        "gbifID": "2630162909",
        "species": "Witheringia meiantha",
        "genus": "Witheringia",
        "family": "Solanaceae",
        "scientificName": "Witheringia meiantha (Donn.Sm.) Hunz.",
        "coordinateUncertaintyInMeters": "90.0",
        "basisOfRecord": "PRESERVED_SPECIMEN",
        "eventDate": "2003-03-17",
        "country": null,
        "datasetName": "Flora y vegetación de la región terrestre prioritaria Tacaná-Boquerón, Chiapas, México",
        "publisher": "Comisión nacional para el conocimiento y uso de la biodiversidad",
        "license": "CC_BY_4_0",
        "issues": [
          "OCCURRENCE_STATUS_INFERRED_FROM_INDIVIDUAL_COUNT",
          "COORDINATE_ROUNDED",
          "TAXON_ID_NOT_FOUND",
          "SCIENTIFIC_NAME_ID_NOT_FOUND"
        ],
        "fallback_media": {
          "url": "http://www.boldsystems.org/pics/MHPAC/BioBot11319-BB048377+1281634066.JPG",
          "references": "http://bins.boldsystems.org/index.php/Public_RecordView?processid=MHPAF813-11",
          "title": "MHPAF813-11 Fruit",
          "creator": null,
          "publisher": null,
          "license": "http://creativecommons.org/licenses/by-nc-sa/4.0/",
          "rightsHolder": null
        }
      }
    },
    {
      "type": "Feature",
      "geometry": {
        "type": "Point",
        "coordinates": [
          -92.100105,
          15.104972
        ]
      },
      "properties": {
        "gbifID": "2630147232",
        "species": "Witheringia meiantha",
        "genus": "Witheringia",
        "family": "Solanaceae",
        "scientificName": "Witheringia meiantha (Donn.Sm.) Hunz.",
        "coordinateUncertaintyInMeters": "",
        "basisOfRecord": "PRESERVED_SPECIMEN",
        "eventDate": "2014-09-24",
        "country": null,
        "datasetName": "Flora y vegetación de la región terrestre prioritaria Tacaná-Boquerón, Chiapas, México",
        "publisher": "Comisión nacional para el conocimiento y uso de la biodiversidad",
        "license": "CC_BY_4_0",
        "issues": [
          "OCCURRENCE_STATUS_INFERRED_FROM_INDIVIDUAL_COUNT",
          "COORDINATE_ROUNDED",
          "TAXON_ID_NOT_FOUND",
          "SCIENTIFIC_NAME_ID_NOT_FOUND"
        ],
        "fallback_media": {
          "url": "http://www.boldsystems.org/pics/MHPAC/BioBot11319-BB048377+1281634066.JPG",
          "references": "http://bins.boldsystems.org/index.php/Public_RecordView?processid=MHPAF813-11",
          "title": "MHPAF813-11 Fruit",
          "creator": null,
          "publisher": null,
          "license": "http://creativecommons.org/licenses/by-nc-sa/4.0/",
          "rightsHolder": null
        }
      }
    },
    {
      "type": "Feature",
      "geometry": {
        "type": "Point",
        "coordinates": [
          -92.110944,
          15.110333
        ]
      },
      "properties": {
        "gbifID": "2630149414",
        "species": "Witheringia meiantha",
        "genus": "Witheringia",
        "family": "Solanaceae",
        "scientificName": "Witheringia meiantha (Donn.Sm.) Hunz.",
        "coordinateUncertaintyInMeters": "",
        "basisOfRecord": "PRESERVED_SPECIMEN",
        "eventDate": "2015-05-04",
        "country": null,
        "datasetName": "Flora y vegetación de la región terrestre prioritaria Tacaná-Boquerón, Chiapas, México",
        "publisher": "Comisión nacional para el conocimiento y uso de la biodiversidad",
        "license": "CC_BY_4_0",
        "issues": [
          "OCCURRENCE_STATUS_INFERRED_FROM_INDIVIDUAL_COUNT",
          "RECORDED_DATE_INVALID",
          "COORDINATE_ROUNDED",
          "TAXON_ID_NOT_FOUND",
          "SCIENTIFIC_NAME_ID_NOT_FOUND"
        ],
        "fallback_media": {
          "url": "http://www.boldsystems.org/pics/MHPAC/BioBot11319-BB048377+1281634066.JPG",
          "references": "http://bins.boldsystems.org/index.php/Public_RecordView?processid=MHPAF813-11",
          "title": "MHPAF813-11 Fruit",
          "creator": null,
          "publisher": null,
          "license": "http://creativecommons.org/licenses/by-nc-sa/4.0/",
          "rightsHolder": null
        }
      }
    },
    {
      "type": "Feature",
      "geometry": {
        "type": "Point",
        "coordinates": [
          -92.167944,
          15.099778
        ]
      },
      "properties": {
        "gbifID": "2630145515",
        "species": "Witheringia meiantha",
        "genus": "Witheringia",
        "family": "Solanaceae",
        "scientificName": "Witheringia meiantha (Donn.Sm.) Hunz.",
        "coordinateUncertaintyInMeters": "",
        "basisOfRecord": "PRESERVED_SPECIMEN",
        "eventDate": "2015-03-27",
        "country": null,
        "datasetName": "Flora y vegetación de la región terrestre prioritaria Tacaná-Boquerón, Chiapas, México",
        "publisher": "Comisión nacional para el conocimiento y uso de la biodiversidad",
        "license": "CC_BY_4_0",
        "issues": [
          "OCCURRENCE_STATUS_INFERRED_FROM_INDIVIDUAL_COUNT",
          "COORDINATE_ROUNDED",
          "TAXON_ID_NOT_FOUND",
          "SCIENTIFIC_NAME_ID_NOT_FOUND"
        ],
        "fallback_media": {
          "url": "http://www.boldsystems.org/pics/MHPAC/BioBot11319-BB048377+1281634066.JPG",
          "references": "http://bins.boldsystems.org/index.php/Public_RecordView?processid=MHPAF813-11",
          "title": "MHPAF813-11 Fruit",
          "creator": null,
          "publisher": null,
          "license": "http://creativecommons.org/licenses/by-nc-sa/4.0/",
          "rightsHolder": null
        }
      }
    },
    {
      "type": "Feature",
      "geometry": {
        "type": "Point",
        "coordinates": [
          -92.743694,
          15.575028
        ]
      },
      "properties": {
        "gbifID": "2630165431",
        "species": "Witheringia meiantha",
        "genus": "Witheringia",
        "family": "Solanaceae",
        "scientificName": "Witheringia meiantha (Donn.Sm.) Hunz.",
        "coordinateUncertaintyInMeters": "100.0",
        "basisOfRecord": "PRESERVED_SPECIMEN",
        "eventDate": "",
        "country": null,
        "datasetName": "Flora y vegetación de la región terrestre prioritaria Tacaná-Boquerón, Chiapas, México",
        "publisher": "Comisión nacional para el conocimiento y uso de la biodiversidad",
        "license": "CC_BY_4_0",
        "issues": [
          "OCCURRENCE_STATUS_INFERRED_FROM_INDIVIDUAL_COUNT",
          "COORDINATE_ROUNDED",
          "TAXON_ID_NOT_FOUND",
          "SCIENTIFIC_NAME_ID_NOT_FOUND"
        ],
        "fallback_media": {
          "url": "http://www.boldsystems.org/pics/MHPAC/BioBot11319-BB048377+1281634066.JPG",
          "references": "http://bins.boldsystems.org/index.php/Public_RecordView?processid=MHPAF813-11",
          "title": "MHPAF813-11 Fruit",
          "creator": null,
          "publisher": null,
          "license": "http://creativecommons.org/licenses/by-nc-sa/4.0/",
          "rightsHolder": null
        }
      }
    },
    {
      "type": "Feature",
      "geometry": {
        "type": "Point",
        "coordinates": [
          -93.074167,
          15.812389
        ]
      },
      "properties": {
        "gbifID": "2630169484",
        "species": "Witheringia meiantha",
        "genus": "Witheringia",
        "family": "Solanaceae",
        "scientificName": "Witheringia meiantha (Donn.Sm.) Hunz.",
        "coordinateUncertaintyInMeters": "100.0",
        "basisOfRecord": "PRESERVED_SPECIMEN",
        "eventDate": "2005-07-13",
        "country": null,
        "datasetName": "Flora y vegetación de la región terrestre prioritaria Tacaná-Boquerón, Chiapas, México",
        "publisher": "Comisión nacional para el conocimiento y uso de la biodiversidad",
        "license": "CC_BY_4_0",
        "issues": [
          "OCCURRENCE_STATUS_INFERRED_FROM_INDIVIDUAL_COUNT",
          "COORDINATE_ROUNDED",
          "TAXON_ID_NOT_FOUND",
          "SCIENTIFIC_NAME_ID_NOT_FOUND"
        ],
        "fallback_media": {
          "url": "http://www.boldsystems.org/pics/MHPAC/BioBot11319-BB048377+1281634066.JPG",
          "references": "http://bins.boldsystems.org/index.php/Public_RecordView?processid=MHPAF813-11",
          "title": "MHPAF813-11 Fruit",
          "creator": null,
          "publisher": null,
          "license": "http://creativecommons.org/licenses/by-nc-sa/4.0/",
          "rightsHolder": null
        }
      }
    },
    {
      "type": "Feature",
      "geometry": {
        "type": "Point",
        "coordinates": [
          -92.110111,
          15.061944
        ]
      },
      "properties": {
        "gbifID": "2630156524",
        "species": "Witheringia meiantha",
        "genus": "Witheringia",
        "family": "Solanaceae",
        "scientificName": "Witheringia meiantha (Donn.Sm.) Hunz.",
        "coordinateUncertaintyInMeters": "",
        "basisOfRecord": "PRESERVED_SPECIMEN",
        "eventDate": "2015-03-28",
        "country": null,
        "datasetName": "Flora y vegetación de la región terrestre prioritaria Tacaná-Boquerón, Chiapas, México",
        "publisher": "Comisión nacional para el conocimiento y uso de la biodiversidad",
        "license": "CC_BY_4_0",
        "issues": [
          "OCCURRENCE_STATUS_INFERRED_FROM_INDIVIDUAL_COUNT",
          "COORDINATE_ROUNDED",
          "TAXON_ID_NOT_FOUND",
          "SCIENTIFIC_NAME_ID_NOT_FOUND"
        ],
        "fallback_media": {
          "url": "http://www.boldsystems.org/pics/MHPAC/BioBot11319-BB048377+1281634066.JPG",
          "references": "http://bins.boldsystems.org/index.php/Public_RecordView?processid=MHPAF813-11",
          "title": "MHPAF813-11 Fruit",
          "creator": null,
          "publisher": null,
          "license": "http://creativecommons.org/licenses/by-nc-sa/4.0/",
          "rightsHolder": null
        }
      }
    },
    {
      "type": "Feature",
      "geometry": {
        "type": "Point",
        "coordinates": [
          -92.825,
          15.608333
        ]
      },
      "properties": {
        "gbifID": "2630158597",
        "species": "Witheringia meiantha",
        "genus": "Witheringia",
        "family": "Solanaceae",
        "scientificName": "Witheringia meiantha (Donn.Sm.) Hunz.",
        "coordinateUncertaintyInMeters": "100.0",
        "basisOfRecord": "PRESERVED_SPECIMEN",
        "eventDate": "1998-09-03",
        "country": null,
        "datasetName": "Flora y vegetación de la región terrestre prioritaria Tacaná-Boquerón, Chiapas, México",
        "publisher": "Comisión nacional para el conocimiento y uso de la biodiversidad",
        "license": "CC_BY_4_0",
        "issues": [
          "OCCURRENCE_STATUS_INFERRED_FROM_INDIVIDUAL_COUNT",
          "RECORDED_DATE_INVALID",
          "COORDINATE_ROUNDED",
          "TAXON_ID_NOT_FOUND",
          "SCIENTIFIC_NAME_ID_NOT_FOUND"
        ],
        "fallback_media": {
          "url": "http://www.boldsystems.org/pics/MHPAC/BioBot11319-BB048377+1281634066.JPG",
          "references": "http://bins.boldsystems.org/index.php/Public_RecordView?processid=MHPAF813-11",
          "title": "MHPAF813-11 Fruit",
          "creator": null,
          "publisher": null,
          "license": "http://creativecommons.org/licenses/by-nc-sa/4.0/",
          "rightsHolder": null
        }
      }
    },
    {
      "type": "Feature",
      "geometry": {
        "type": "Point",
        "coordinates": [
          -93.467778,
          15.980278
        ]
      },
      "properties": {
        "gbifID": "2630172958",
        "species": "Witheringia meiantha",
        "genus": "Witheringia",
        "family": "Solanaceae",
        "scientificName": "Witheringia meiantha (Donn.Sm.) Hunz.",
        "coordinateUncertaintyInMeters": "100.0",
        "basisOfRecord": "PRESERVED_SPECIMEN",
        "eventDate": "2002-10-12",
        "country": null,
        "datasetName": "Flora y vegetación de la región terrestre prioritaria Tacaná-Boquerón, Chiapas, México",
        "publisher": "Comisión nacional para el conocimiento y uso de la biodiversidad",
        "license": "CC_BY_4_0",
        "issues": [
          "OCCURRENCE_STATUS_INFERRED_FROM_INDIVIDUAL_COUNT",
          "RECORDED_DATE_INVALID",
          "COORDINATE_ROUNDED",
          "TAXON_ID_NOT_FOUND",
          "SCIENTIFIC_NAME_ID_NOT_FOUND"
        ],
        "fallback_media": {
          "url": "http://www.boldsystems.org/pics/MHPAC/BioBot11319-BB048377+1281634066.JPG",
          "references": "http://bins.boldsystems.org/index.php/Public_RecordView?processid=MHPAF813-11",
          "title": "MHPAF813-11 Fruit",
          "creator": null,
          "publisher": null,
          "license": "http://creativecommons.org/licenses/by-nc-sa/4.0/",
          "rightsHolder": null
        }
      }
    },
    {
      "type": "Feature",
      "geometry": {
        "type": "Point",
        "coordinates": [
          -93.05,
          17.454167
        ]
      },
      "properties": {
        "gbifID": "1421416666",
        "species": "Witheringia meiantha",
        "genus": "Witheringia",
        "family": "Solanaceae",
        "scientificName": "Witheringia meiantha (Donn.Sm.) Hunz.",
        "coordinateUncertaintyInMeters": "90.0",
        "basisOfRecord": "PRESERVED_SPECIMEN",
        "eventDate": "1983-10-12",
        "country": null,
        "datasetName": "Depuración de la colección y base de datos del Herbario CICY. Fase IV",
        "publisher": "Comisión nacional para el conocimiento y uso de la biodiversidad",
        "license": "CC_BY_4_0",
        "issues": [
          "OCCURRENCE_STATUS_INFERRED_FROM_INDIVIDUAL_COUNT",
          "RECORDED_DATE_INVALID",
          "COORDINATE_ROUNDED",
          "TAXON_ID_NOT_FOUND",
          "SCIENTIFIC_NAME_ID_NOT_FOUND"
        ],
        "fallback_media": {
          "url": "http://www.boldsystems.org/pics/MHPAC/BioBot11319-BB048377+1281634066.JPG",
          "references": "http://bins.boldsystems.org/index.php/Public_RecordView?processid=MHPAF813-11",
          "title": "MHPAF813-11 Fruit",
          "creator": null,
          "publisher": null,
          "license": "http://creativecommons.org/licenses/by-nc-sa/4.0/",
          "rightsHolder": null
        }
      }
    },
    {
      "type": "Feature",
      "geometry": {
        "type": "Point",
        "coordinates": [
          -96.991931,
          19.522597
        ]
      },
      "properties": {
        "gbifID": "5101726905",
        "species": "Witheringia meiantha",
        "genus": "Witheringia",
        "family": "Solanaceae",
        "scientificName": "Witheringia meiantha (Donn.Sm.) Hunz.",
        "coordinateUncertaintyInMeters": "",
        "basisOfRecord": "PRESERVED_SPECIMEN",
        "eventDate": "2008-02-09",
        "country": null,
        "datasetName": "Digitalización y sistematización de las colecciones biológicas del INECOL",
        "publisher": "Comisión nacional para el conocimiento y uso de la biodiversidad",
        "license": "CC_BY_4_0",
        "issues": [
          "OCCURRENCE_STATUS_INFERRED_FROM_INDIVIDUAL_COUNT",
          "RECORDED_DATE_INVALID",
          "COORDINATE_ROUNDED",
          "TAXON_ID_NOT_FOUND",
          "SCIENTIFIC_NAME_ID_NOT_FOUND"
        ],
        "fallback_media": {
          "url": "http://www.boldsystems.org/pics/MHPAC/BioBot11319-BB048377+1281634066.JPG",
          "references": "http://bins.boldsystems.org/index.php/Public_RecordView?processid=MHPAF813-11",
          "title": "MHPAF813-11 Fruit",
          "creator": null,
          "publisher": null,
          "license": "http://creativecommons.org/licenses/by-nc-sa/4.0/",
          "rightsHolder": null
        }
      }
    },
    {
      "type": "Feature",
      "geometry": {
        "type": "Point",
        "coordinates": [
          -94.862439,
          18.340436
        ]
      },
      "properties": {
        "gbifID": "5101860936",
        "species": "Witheringia meiantha",
        "genus": "Witheringia",
        "family": "Solanaceae",
        "scientificName": "Witheringia meiantha (Donn.Sm.) Hunz.",
        "coordinateUncertaintyInMeters": "",
        "basisOfRecord": "PRESERVED_SPECIMEN",
        "eventDate": "1982-01-29",
        "country": null,
        "datasetName": "Digitalización y sistematización de las colecciones biológicas del INECOL",
        "publisher": "Comisión nacional para el conocimiento y uso de la biodiversidad",
        "license": "CC_BY_4_0",
        "issues": [
          "OCCURRENCE_STATUS_INFERRED_FROM_INDIVIDUAL_COUNT",
          "COORDINATE_ROUNDED",
          "TAXON_ID_NOT_FOUND",
          "SCIENTIFIC_NAME_ID_NOT_FOUND"
        ],
        "fallback_media": {
          "url": "http://www.boldsystems.org/pics/MHPAC/BioBot11319-BB048377+1281634066.JPG",
          "references": "http://bins.boldsystems.org/index.php/Public_RecordView?processid=MHPAF813-11",
          "title": "MHPAF813-11 Fruit",
          "creator": null,
          "publisher": null,
          "license": "http://creativecommons.org/licenses/by-nc-sa/4.0/",
          "rightsHolder": null
        }
      }
    },
    {
      "type": "Feature",
      "geometry": {
        "type": "Point",
        "coordinates": [
          -94.939108,
          18.395156
        ]
      },
      "properties": {
        "gbifID": "5101776445",
        "species": "Witheringia meiantha",
        "genus": "Witheringia",
        "family": "Solanaceae",
        "scientificName": "Witheringia meiantha (Donn.Sm.) Hunz.",
        "coordinateUncertaintyInMeters": "",
        "basisOfRecord": "PRESERVED_SPECIMEN",
        "eventDate": "1981-01-15",
        "country": null,
        "datasetName": "Digitalización y sistematización de las colecciones biológicas del INECOL",
        "publisher": "Comisión nacional para el conocimiento y uso de la biodiversidad",
        "license": "CC_BY_4_0",
        "issues": [
          "OCCURRENCE_STATUS_INFERRED_FROM_INDIVIDUAL_COUNT",
          "COORDINATE_ROUNDED",
          "SCIENTIFIC_NAME_ID_NOT_FOUND",
          "TAXON_ID_NOT_FOUND"
        ],
        "fallback_media": {
          "url": "http://www.boldsystems.org/pics/MHPAC/BioBot11319-BB048377+1281634066.JPG",
          "references": "http://bins.boldsystems.org/index.php/Public_RecordView?processid=MHPAF813-11",
          "title": "MHPAF813-11 Fruit",
          "creator": null,
          "publisher": null,
          "license": "http://creativecommons.org/licenses/by-nc-sa/4.0/",
          "rightsHolder": null
        }
      }
    },
    {
      "type": "Feature",
      "geometry": {
        "type": "Point",
        "coordinates": [
          -92.82684,
          17.592421
        ]
      },
      "properties": {
        "gbifID": "5101646933",
        "species": "Witheringia meiantha",
        "genus": "Witheringia",
        "family": "Solanaceae",
        "scientificName": "Witheringia meiantha (Donn.Sm.) Hunz.",
        "coordinateUncertaintyInMeters": "",
        "basisOfRecord": "PRESERVED_SPECIMEN",
        "eventDate": "1986-11-08",
        "country": null,
        "datasetName": "Digitalización y sistematización de las colecciones biológicas del INECOL",
        "publisher": "Comisión nacional para el conocimiento y uso de la biodiversidad",
        "license": "CC_BY_4_0",
        "issues": [
          "OCCURRENCE_STATUS_INFERRED_FROM_INDIVIDUAL_COUNT",
          "RECORDED_DATE_INVALID",
          "COORDINATE_ROUNDED",
          "TAXON_ID_NOT_FOUND",
          "SCIENTIFIC_NAME_ID_NOT_FOUND"
        ],
        "fallback_media": {
          "url": "http://www.boldsystems.org/pics/MHPAC/BioBot11319-BB048377+1281634066.JPG",
          "references": "http://bins.boldsystems.org/index.php/Public_RecordView?processid=MHPAF813-11",
          "title": "MHPAF813-11 Fruit",
          "creator": null,
          "publisher": null,
          "license": "http://creativecommons.org/licenses/by-nc-sa/4.0/",
          "rightsHolder": null
        }
      }
    },
    {
      "type": "Feature",
      "geometry": {
        "type": "Point",
        "coordinates": [
          -92.928786,
          17.54159
        ]
      },
      "properties": {
        "gbifID": "5101866503",
        "species": "Witheringia meiantha",
        "genus": "Witheringia",
        "family": "Solanaceae",
        "scientificName": "Witheringia meiantha (Donn.Sm.) Hunz.",
        "coordinateUncertaintyInMeters": "",
        "basisOfRecord": "PRESERVED_SPECIMEN",
        "eventDate": "1985-06-22",
        "country": null,
        "datasetName": "Digitalización y sistematización de las colecciones biológicas del INECOL",
        "publisher": "Comisión nacional para el conocimiento y uso de la biodiversidad",
        "license": "CC_BY_4_0",
        "issues": [
          "OCCURRENCE_STATUS_INFERRED_FROM_INDIVIDUAL_COUNT",
          "COORDINATE_ROUNDED",
          "TAXON_ID_NOT_FOUND",
          "SCIENTIFIC_NAME_ID_NOT_FOUND"
        ],
        "fallback_media": {
          "url": "http://www.boldsystems.org/pics/MHPAC/BioBot11319-BB048377+1281634066.JPG",
          "references": "http://bins.boldsystems.org/index.php/Public_RecordView?processid=MHPAF813-11",
          "title": "MHPAF813-11 Fruit",
          "creator": null,
          "publisher": null,
          "license": "http://creativecommons.org/licenses/by-nc-sa/4.0/",
          "rightsHolder": null
        }
      }
    },
    {
      "type": "Feature",
      "geometry": {
        "type": "Point",
        "coordinates": [
          -95.189669,
          18.534871
        ]
      },
      "properties": {
        "gbifID": "5101669109",
        "species": "Witheringia meiantha",
        "genus": "Witheringia",
        "family": "Solanaceae",
        "scientificName": "Witheringia meiantha (Donn.Sm.) Hunz.",
        "coordinateUncertaintyInMeters": "",
        "basisOfRecord": "PRESERVED_SPECIMEN",
        "eventDate": "1984-05-31",
        "country": null,
        "datasetName": "Digitalización y sistematización de las colecciones biológicas del INECOL",
        "publisher": "Comisión nacional para el conocimiento y uso de la biodiversidad",
        "license": "CC_BY_4_0",
        "issues": [
          "OCCURRENCE_STATUS_INFERRED_FROM_INDIVIDUAL_COUNT",
          "COORDINATE_ROUNDED",
          "SCIENTIFIC_NAME_ID_NOT_FOUND",
          "TAXON_ID_NOT_FOUND"
        ],
        "fallback_media": {
          "url": "http://www.boldsystems.org/pics/MHPAC/BioBot11319-BB048377+1281634066.JPG",
          "references": "http://bins.boldsystems.org/index.php/Public_RecordView?processid=MHPAF813-11",
          "title": "MHPAF813-11 Fruit",
          "creator": null,
          "publisher": null,
          "license": "http://creativecommons.org/licenses/by-nc-sa/4.0/",
          "rightsHolder": null
        }
      }
    },
    {
      "type": "Feature",
      "geometry": {
        "type": "Point",
        "coordinates": [
          -95.074111,
          18.585424
        ]
      },
      "properties": {
        "gbifID": "5101883672",
        "species": "Witheringia meiantha",
        "genus": "Witheringia",
        "family": "Solanaceae",
        "scientificName": "Witheringia meiantha (Donn.Sm.) Hunz.",
        "coordinateUncertaintyInMeters": "",
        "basisOfRecord": "PRESERVED_SPECIMEN",
        "eventDate": "1975-09-09",
        "country": null,
        "datasetName": "Digitalización y sistematización de las colecciones biológicas del INECOL",
        "publisher": "Comisión nacional para el conocimiento y uso de la biodiversidad",
        "license": "CC_BY_4_0",
        "issues": [
          "OCCURRENCE_STATUS_INFERRED_FROM_INDIVIDUAL_COUNT",
          "COORDINATE_ROUNDED",
          "TAXON_ID_NOT_FOUND",
          "SCIENTIFIC_NAME_ID_NOT_FOUND"
        ],
        "fallback_media": {
          "url": "http://www.boldsystems.org/pics/MHPAC/BioBot11319-BB048377+1281634066.JPG",
          "references": "http://bins.boldsystems.org/index.php/Public_RecordView?processid=MHPAF813-11",
          "title": "MHPAF813-11 Fruit",
          "creator": null,
          "publisher": null,
          "license": "http://creativecommons.org/licenses/by-nc-sa/4.0/",
          "rightsHolder": null
        }
      }
    },
    {
      "type": "Feature",
      "geometry": {
        "type": "Point",
        "coordinates": [
          -94.939663,
          18.388212
        ]
      },
      "properties": {
        "gbifID": "5101673445",
        "species": "Witheringia meiantha",
        "genus": "Witheringia",
        "family": "Solanaceae",
        "scientificName": "Witheringia meiantha (Donn.Sm.) Hunz.",
        "coordinateUncertaintyInMeters": "",
        "basisOfRecord": "PRESERVED_SPECIMEN",
        "eventDate": "1981-03-19",
        "country": null,
        "datasetName": "Digitalización y sistematización de las colecciones biológicas del INECOL",
        "publisher": "Comisión nacional para el conocimiento y uso de la biodiversidad",
        "license": "CC_BY_4_0",
        "issues": [
          "OCCURRENCE_STATUS_INFERRED_FROM_INDIVIDUAL_COUNT",
          "COORDINATE_ROUNDED",
          "SCIENTIFIC_NAME_ID_NOT_FOUND",
          "TAXON_ID_NOT_FOUND"
        ],
        "fallback_media": {
          "url": "http://www.boldsystems.org/pics/MHPAC/BioBot11319-BB048377+1281634066.JPG",
          "references": "http://bins.boldsystems.org/index.php/Public_RecordView?processid=MHPAF813-11",
          "title": "MHPAF813-11 Fruit",
          "creator": null,
          "publisher": null,
          "license": "http://creativecommons.org/licenses/by-nc-sa/4.0/",
          "rightsHolder": null
        }
      }
    },
    {
      "type": "Feature",
      "geometry": {
        "type": "Point",
        "coordinates": [
          -97.46371,
          19.99715
        ]
      },
      "properties": {
        "gbifID": "4845812998",
        "species": "Witheringia meiantha",
        "genus": "Witheringia",
        "family": "Solanaceae",
        "scientificName": "Witheringia meiantha (Donn.Sm.) Hunz.",
        "coordinateUncertaintyInMeters": "",
        "basisOfRecord": "PRESERVED_SPECIMEN",
        "eventDate": "2014-11-05",
        "country": null,
        "datasetName": "Florística, biodiversidad y conocimiento ecológico tradicional en la Sierra Nororiental de Puebla, México",
        "publisher": "Comisión nacional para el conocimiento y uso de la biodiversidad",
        "license": "CC_BY_4_0",
        "issues": [
          "OCCURRENCE_STATUS_INFERRED_FROM_INDIVIDUAL_COUNT",
          "RECORDED_DATE_INVALID",
          "SCIENTIFIC_NAME_ID_NOT_FOUND",
          "TAXON_ID_NOT_FOUND"
        ],
        "fallback_media": {
          "url": "http://www.boldsystems.org/pics/MHPAC/BioBot11319-BB048377+1281634066.JPG",
          "references": "http://bins.boldsystems.org/index.php/Public_RecordView?processid=MHPAF813-11",
          "title": "MHPAF813-11 Fruit",
          "creator": null,
          "publisher": null,
          "license": "http://creativecommons.org/licenses/by-nc-sa/4.0/",
          "rightsHolder": null
        }
      }
    },
    {
      "type": "Feature",
      "geometry": {
        "type": "Point",
        "coordinates": [
          -94.869662,
          18.247941
        ]
      },
      "properties": {
        "gbifID": "5101860556",
        "species": "Witheringia meiantha",
        "genus": "Witheringia",
        "family": "Solanaceae",
        "scientificName": "Witheringia meiantha (Donn.Sm.) Hunz.",
        "coordinateUncertaintyInMeters": "",
        "basisOfRecord": "PRESERVED_SPECIMEN",
        "eventDate": "1980-07-05",
        "country": null,
        "datasetName": "Digitalización y sistematización de las colecciones biológicas del INECOL",
        "publisher": "Comisión nacional para el conocimiento y uso de la biodiversidad",
        "license": "CC_BY_4_0",
        "issues": [
          "OCCURRENCE_STATUS_INFERRED_FROM_INDIVIDUAL_COUNT",
          "RECORDED_DATE_INVALID",
          "COORDINATE_ROUNDED",
          "SCIENTIFIC_NAME_ID_NOT_FOUND",
          "TAXON_ID_NOT_FOUND"
        ],
        "fallback_media": {
          "url": "http://www.boldsystems.org/pics/MHPAC/BioBot11319-BB048377+1281634066.JPG",
          "references": "http://bins.boldsystems.org/index.php/Public_RecordView?processid=MHPAF813-11",
          "title": "MHPAF813-11 Fruit",
          "creator": null,
          "publisher": null,
          "license": "http://creativecommons.org/licenses/by-nc-sa/4.0/",
          "rightsHolder": null
        }
      }
    },
    {
      "type": "Feature",
      "geometry": {
        "type": "Point",
        "coordinates": [
          -94.940219,
          18.389045
        ]
      },
      "properties": {
        "gbifID": "5101693237",
        "species": "Witheringia meiantha",
        "genus": "Witheringia",
        "family": "Solanaceae",
        "scientificName": "Witheringia meiantha (Donn.Sm.) Hunz.",
        "coordinateUncertaintyInMeters": "",
        "basisOfRecord": "PRESERVED_SPECIMEN",
        "eventDate": "1975-11-03",
        "country": null,
        "datasetName": "Digitalización y sistematización de las colecciones biológicas del INECOL",
        "publisher": "Comisión nacional para el conocimiento y uso de la biodiversidad",
        "license": "CC_BY_4_0",
        "issues": [
          "OCCURRENCE_STATUS_INFERRED_FROM_INDIVIDUAL_COUNT",
          "RECORDED_DATE_INVALID",
          "TAXON_ID_NOT_FOUND",
          "SCIENTIFIC_NAME_ID_NOT_FOUND"
        ],
        "fallback_media": {
          "url": "http://www.boldsystems.org/pics/MHPAC/BioBot11319-BB048377+1281634066.JPG",
          "references": "http://bins.boldsystems.org/index.php/Public_RecordView?processid=MHPAF813-11",
          "title": "MHPAF813-11 Fruit",
          "creator": null,
          "publisher": null,
          "license": "http://creativecommons.org/licenses/by-nc-sa/4.0/",
          "rightsHolder": null
        }
      }
    },
    {
      "type": "Feature",
      "geometry": {
        "type": "Point",
        "coordinates": [
          -96.556494,
          17.745294
        ]
      },
      "properties": {
        "gbifID": "5101583508",
        "species": "Witheringia meiantha",
        "genus": "Witheringia",
        "family": "Solanaceae",
        "scientificName": "Witheringia meiantha (Donn.Sm.) Hunz.",
        "coordinateUncertaintyInMeters": "",
        "basisOfRecord": "PRESERVED_SPECIMEN",
        "eventDate": "2021-04-05",
        "country": null,
        "datasetName": "La agrobiodiversidad presente en el agroecosistema en la vegetación de mesófilos de montaña de las comunidades del Comité de Recursos Naturales de la Chinantla Alta (CORENCHI)",
        "publisher": "Comisión nacional para el conocimiento y uso de la biodiversidad",
        "license": "CC_BY_4_0",
        "issues": [
          "OCCURRENCE_STATUS_INFERRED_FROM_INDIVIDUAL_COUNT",
          "RECORDED_DATE_INVALID",
          "TAXON_ID_NOT_FOUND",
          "SCIENTIFIC_NAME_ID_NOT_FOUND"
        ],
        "fallback_media": {
          "url": "http://www.boldsystems.org/pics/MHPAC/BioBot11319-BB048377+1281634066.JPG",
          "references": "http://bins.boldsystems.org/index.php/Public_RecordView?processid=MHPAF813-11",
          "title": "MHPAF813-11 Fruit",
          "creator": null,
          "publisher": null,
          "license": "http://creativecommons.org/licenses/by-nc-sa/4.0/",
          "rightsHolder": null
        }
      }
    },
    {
      "type": "Feature",
      "geometry": {
        "type": "Point",
        "coordinates": [
          -85.11767,
          10.709184
        ]
      },
      "properties": {
        "gbifID": "4061096113",
        "species": "Witheringia meiantha",
        "genus": "Witheringia",
        "family": "Solanaceae",
        "scientificName": "Witheringia meiantha (Donn.Sm.) Hunz.",
        "coordinateUncertaintyInMeters": "",
        "basisOfRecord": "PRESERVED_SPECIMEN",
        "eventDate": "2000-03-08",
        "country": null,
        "datasetName": "Tropicos",
        "publisher": "Missouri Botanical Garden",
        "license": "CC_BY_4_0",
        "issues": [
          "OCCURRENCE_STATUS_INFERRED_FROM_INDIVIDUAL_COUNT",
          "GEODETIC_DATUM_ASSUMED_WGS84",
          "INSTITUTION_MATCH_NONE",
          "TAXON_ID_NOT_FOUND"
        ],
        "fallback_media": {
          "url": "http://www.boldsystems.org/pics/MHPAC/BioBot11319-BB048377+1281634066.JPG",
          "references": "http://bins.boldsystems.org/index.php/Public_RecordView?processid=MHPAF813-11",
          "title": "MHPAF813-11 Fruit",
          "creator": null,
          "publisher": null,
          "license": "http://creativecommons.org/licenses/by-nc-sa/4.0/",
          "rightsHolder": null
        }
      }
    },
    {
      "type": "Feature",
      "geometry": {
        "type": "Point",
        "coordinates": [
          -83.77,
          9.69
        ]
      },
      "properties": {
        "gbifID": "4061702172",
        "species": "Witheringia meiantha",
        "genus": "Witheringia",
        "family": "Solanaceae",
        "scientificName": "Witheringia meiantha (Donn.Sm.) Hunz.",
        "coordinateUncertaintyInMeters": "",
        "basisOfRecord": "PRESERVED_SPECIMEN",
        "eventDate": "1995-01-01",
        "country": null,
        "datasetName": "Tropicos",
        "publisher": "Missouri Botanical Garden",
        "license": "CC_BY_4_0",
        "issues": [
          "OCCURRENCE_STATUS_INFERRED_FROM_INDIVIDUAL_COUNT",
          "GEODETIC_DATUM_ASSUMED_WGS84",
          "INSTITUTION_MATCH_NONE",
          "TAXON_ID_NOT_FOUND"
        ],
        "fallback_media": {
          "url": "http://www.boldsystems.org/pics/MHPAC/BioBot11319-BB048377+1281634066.JPG",
          "references": "http://bins.boldsystems.org/index.php/Public_RecordView?processid=MHPAF813-11",
          "title": "MHPAF813-11 Fruit",
          "creator": null,
          "publisher": null,
          "license": "http://creativecommons.org/licenses/by-nc-sa/4.0/",
          "rightsHolder": null
        }
      }
    },
    {
      "type": "Feature",
      "geometry": {
        "type": "Point",
        "coordinates": [
          -84.00361,
          10.43138
        ]
      },
      "properties": {
        "gbifID": "1259541146",
        "species": "Witheringia meiantha",
        "genus": "Witheringia",
        "family": "Solanaceae",
        "scientificName": "Witheringia meiantha (Donn.Sm.) Hunz.",
        "coordinateUncertaintyInMeters": "",
        "basisOfRecord": "PRESERVED_SPECIMEN",
        "eventDate": "1982-05-26",
        "country": null,
        "datasetName": "Tropicos",
        "publisher": "Missouri Botanical Garden",
        "license": "CC_BY_4_0",
        "issues": [
          "OCCURRENCE_STATUS_INFERRED_FROM_INDIVIDUAL_COUNT",
          "GEODETIC_DATUM_ASSUMED_WGS84",
          "INSTITUTION_MATCH_FUZZY",
          "COLLECTION_MATCH_NONE",
          "TAXON_ID_NOT_FOUND"
        ],
        "fallback_media": {
          "url": "http://www.boldsystems.org/pics/MHPAC/BioBot11319-BB048377+1281634066.JPG",
          "references": "http://bins.boldsystems.org/index.php/Public_RecordView?processid=MHPAF813-11",
          "title": "MHPAF813-11 Fruit",
          "creator": null,
          "publisher": null,
          "license": "http://creativecommons.org/licenses/by-nc-sa/4.0/",
          "rightsHolder": null
        }
      }
    },
    {
      "type": "Feature",
      "geometry": {
        "type": "Point",
        "coordinates": [
          -85.03333,
          10.716667
        ]
      },
      "properties": {
        "gbifID": "4061804519",
        "species": "Witheringia meiantha",
        "genus": "Witheringia",
        "family": "Solanaceae",
        "scientificName": "Witheringia meiantha (Donn.Sm.) Hunz.",
        "coordinateUncertaintyInMeters": "",
        "basisOfRecord": "PRESERVED_SPECIMEN",
        "eventDate": "2000-02-09",
        "country": null,
        "datasetName": "Tropicos",
        "publisher": "Missouri Botanical Garden",
        "license": "CC_BY_4_0",
        "issues": [
          "OCCURRENCE_STATUS_INFERRED_FROM_INDIVIDUAL_COUNT",
          "GEODETIC_DATUM_ASSUMED_WGS84",
          "INSTITUTION_MATCH_NONE",
          "TAXON_ID_NOT_FOUND"
        ],
        "fallback_media": {
          "url": "http://www.boldsystems.org/pics/MHPAC/BioBot11319-BB048377+1281634066.JPG",
          "references": "http://bins.boldsystems.org/index.php/Public_RecordView?processid=MHPAF813-11",
          "title": "MHPAF813-11 Fruit",
          "creator": null,
          "publisher": null,
          "license": "http://creativecommons.org/licenses/by-nc-sa/4.0/",
          "rightsHolder": null
        }
      }
    },
    {
      "type": "Feature",
      "geometry": {
        "type": "Point",
        "coordinates": [
          -83.09627,
          9.107413
        ]
      },
      "properties": {
        "gbifID": "4061092648",
        "species": "Witheringia meiantha",
        "genus": "Witheringia",
        "family": "Solanaceae",
        "scientificName": "Witheringia meiantha (Donn.Sm.) Hunz.",
        "coordinateUncertaintyInMeters": "",
        "basisOfRecord": "PRESERVED_SPECIMEN",
        "eventDate": "2008-02-20",
        "country": null,
        "datasetName": "Tropicos",
        "publisher": "Missouri Botanical Garden",
        "license": "CC_BY_4_0",
        "issues": [
          "OCCURRENCE_STATUS_INFERRED_FROM_INDIVIDUAL_COUNT",
          "COORDINATE_ROUNDED",
          "GEODETIC_DATUM_ASSUMED_WGS84",
          "INSTITUTION_MATCH_NONE",
          "TAXON_ID_NOT_FOUND"
        ],
        "fallback_media": {
          "url": "http://www.boldsystems.org/pics/MHPAC/BioBot11319-BB048377+1281634066.JPG",
          "references": "http://bins.boldsystems.org/index.php/Public_RecordView?processid=MHPAF813-11",
          "title": "MHPAF813-11 Fruit",
          "creator": null,
          "publisher": null,
          "license": "http://creativecommons.org/licenses/by-nc-sa/4.0/",
          "rightsHolder": null
        }
      }
    },
    {
      "type": "Feature",
      "geometry": {
        "type": "Point",
        "coordinates": [
          -83.43787,
          9.928915
        ]
      },
      "properties": {
        "gbifID": "4061822690",
        "species": "Witheringia meiantha",
        "genus": "Witheringia",
        "family": "Solanaceae",
        "scientificName": "Witheringia meiantha (Donn.Sm.) Hunz.",
        "coordinateUncertaintyInMeters": "",
        "basisOfRecord": "PRESERVED_SPECIMEN",
        "eventDate": "2000-09-22",
        "country": null,
        "datasetName": "Tropicos",
        "publisher": "Missouri Botanical Garden",
        "license": "CC_BY_4_0",
        "issues": [
          "OCCURRENCE_STATUS_INFERRED_FROM_INDIVIDUAL_COUNT",
          "COORDINATE_ROUNDED",
          "GEODETIC_DATUM_ASSUMED_WGS84",
          "INSTITUTION_MATCH_NONE",
          "TAXON_ID_NOT_FOUND"
        ],
        "fallback_media": {
          "url": "http://www.boldsystems.org/pics/MHPAC/BioBot11319-BB048377+1281634066.JPG",
          "references": "http://bins.boldsystems.org/index.php/Public_RecordView?processid=MHPAF813-11",
          "title": "MHPAF813-11 Fruit",
          "creator": null,
          "publisher": null,
          "license": "http://creativecommons.org/licenses/by-nc-sa/4.0/",
          "rightsHolder": null
        }
      }
    },
    {
      "type": "Feature",
      "geometry": {
        "type": "Point",
        "coordinates": [
          -83.19667,
          8.823333
        ]
      },
      "properties": {
        "gbifID": "4061804531",
        "species": "Witheringia meiantha",
        "genus": "Witheringia",
        "family": "Solanaceae",
        "scientificName": "Witheringia meiantha (Donn.Sm.) Hunz.",
        "coordinateUncertaintyInMeters": "",
        "basisOfRecord": "PRESERVED_SPECIMEN",
        "eventDate": "1993-12-09",
        "country": null,
        "datasetName": "Tropicos",
        "publisher": "Missouri Botanical Garden",
        "license": "CC_BY_4_0",
        "issues": [
          "OCCURRENCE_STATUS_INFERRED_FROM_INDIVIDUAL_COUNT",
          "COORDINATE_ROUNDED",
          "GEODETIC_DATUM_ASSUMED_WGS84",
          "INSTITUTION_MATCH_NONE",
          "TAXON_ID_NOT_FOUND"
        ],
        "fallback_media": {
          "url": "http://www.boldsystems.org/pics/MHPAC/BioBot11319-BB048377+1281634066.JPG",
          "references": "http://bins.boldsystems.org/index.php/Public_RecordView?processid=MHPAF813-11",
          "title": "MHPAF813-11 Fruit",
          "creator": null,
          "publisher": null,
          "license": "http://creativecommons.org/licenses/by-nc-sa/4.0/",
          "rightsHolder": null
        }
      }
    },
    {
      "type": "Feature",
      "geometry": {
        "type": "Point",
        "coordinates": [
          -85.03333,
          10.71667
        ]
      },
      "properties": {
        "gbifID": "3763060449",
        "species": "Witheringia meiantha",
        "genus": "Witheringia",
        "family": "Solanaceae",
        "scientificName": "Witheringia meiantha (Donn.Sm.) Hunz.",
        "coordinateUncertaintyInMeters": "",
        "basisOfRecord": "PRESERVED_SPECIMEN",
        "eventDate": "2000-02-09",
        "country": null,
        "datasetName": "",
        "publisher": "Botanic Garden and Botanical Museum Berlin",
        "license": "CC0_1_0",
        "issues": [
          "GEODETIC_DATUM_ASSUMED_WGS84",
          "CONTINENT_DERIVED_FROM_COORDINATES"
        ],
        "media": [
          {
            "url": "https://image.bgbm.org/images/internal/HerbarThumbs/B101112433_1700",
            "references": "https://herbarium.bgbm.org/object/B101112433",
            "title": null,
            "creator": null,
            "publisher": null,
            "license": "Partial images provided by this server are released under the Creative Commons cc-by-sa 3.0 (generic) licence [https://creativecommons.org/licenses/by-sa/3.0/de/]. Please credit images to BGBM following our citation guidelines [https://ww2.bgbm.org/Herbarium/cite.cfm]. If you would like to use images in a format or resolution which is not provided here, please contact us (d.roepert[at]bgbm.org).",
            "rightsHolder": null
          }
        ]
      }
    },
    {
      "type": "Feature",
      "geometry": {
        "type": "Point",
        "coordinates": [
          -82.95202,
          9.137677
        ]
      },
      "properties": {
        "gbifID": "4061122773",
        "species": "Witheringia meiantha",
        "genus": "Witheringia",
        "family": "Solanaceae",
        "scientificName": "Witheringia meiantha (Donn.Sm.) Hunz.",
        "coordinateUncertaintyInMeters": "",
        "basisOfRecord": "PRESERVED_SPECIMEN",
        "eventDate": "2000-10-10",
        "country": null,
        "datasetName": "Tropicos",
        "publisher": "Missouri Botanical Garden",
        "license": "CC_BY_4_0",
        "issues": [
          "OCCURRENCE_STATUS_INFERRED_FROM_INDIVIDUAL_COUNT",
          "COORDINATE_ROUNDED",
          "GEODETIC_DATUM_ASSUMED_WGS84",
          "INSTITUTION_MATCH_NONE",
          "TAXON_ID_NOT_FOUND"
        ],
        "fallback_media": {
          "url": "http://www.boldsystems.org/pics/MHPAC/BioBot11319-BB048377+1281634066.JPG",
          "references": "http://bins.boldsystems.org/index.php/Public_RecordView?processid=MHPAF813-11",
          "title": "MHPAF813-11 Fruit",
          "creator": null,
          "publisher": null,
          "license": "http://creativecommons.org/licenses/by-nc-sa/4.0/",
          "rightsHolder": null
        }
      }
    },
    {
      "type": "Feature",
      "geometry": {
        "type": "Point",
        "coordinates": [
          -83.98333,
          10.43333
        ]
      },
      "properties": {
        "gbifID": "1260465237",
        "species": "Witheringia meiantha",
        "genus": "Witheringia",
        "family": "Solanaceae",
        "scientificName": "Witheringia meiantha (Donn.Sm.) Hunz.",
        "coordinateUncertaintyInMeters": "",
        "basisOfRecord": "PRESERVED_SPECIMEN",
        "eventDate": "1990",
        "country": null,
        "datasetName": "Tropicos",
        "publisher": "Missouri Botanical Garden",
        "license": "CC_BY_4_0",
        "issues": [
          "GEODETIC_DATUM_ASSUMED_WGS84",
          "AMBIGUOUS_INSTITUTION",
          "TAXON_ID_NOT_FOUND"
        ],
        "fallback_media": {
          "url": "http://www.boldsystems.org/pics/MHPAC/BioBot11319-BB048377+1281634066.JPG",
          "references": "http://bins.boldsystems.org/index.php/Public_RecordView?processid=MHPAF813-11",
          "title": "MHPAF813-11 Fruit",
          "creator": null,
          "publisher": null,
          "license": "http://creativecommons.org/licenses/by-nc-sa/4.0/",
          "rightsHolder": null
        }
      }
    },
    {
      "type": "Feature",
      "geometry": {
        "type": "Point",
        "coordinates": [
          -83.08951,
          9.117811
        ]
      },
      "properties": {
        "gbifID": "4062140135",
        "species": "Witheringia meiantha",
        "genus": "Witheringia",
        "family": "Solanaceae",
        "scientificName": "Witheringia meiantha (Donn.Sm.) Hunz.",
        "coordinateUncertaintyInMeters": "",
        "basisOfRecord": "PRESERVED_SPECIMEN",
        "eventDate": "2008-02-22",
        "country": null,
        "datasetName": "Tropicos",
        "publisher": "Missouri Botanical Garden",
        "license": "CC_BY_4_0",
        "issues": [
          "OCCURRENCE_STATUS_INFERRED_FROM_INDIVIDUAL_COUNT",
          "COORDINATE_ROUNDED",
          "GEODETIC_DATUM_ASSUMED_WGS84",
          "INSTITUTION_MATCH_NONE",
          "TAXON_ID_NOT_FOUND"
        ],
        "fallback_media": {
          "url": "http://www.boldsystems.org/pics/MHPAC/BioBot11319-BB048377+1281634066.JPG",
          "references": "http://bins.boldsystems.org/index.php/Public_RecordView?processid=MHPAF813-11",
          "title": "MHPAF813-11 Fruit",
          "creator": null,
          "publisher": null,
          "license": "http://creativecommons.org/licenses/by-nc-sa/4.0/",
          "rightsHolder": null
        }
      }
    },
    {
      "type": "Feature",
      "geometry": {
        "type": "Point",
        "coordinates": [
          -84.76,
          10.24
        ]
      },
      "properties": {
        "gbifID": "46158487",
        "species": "Witheringia meiantha",
        "genus": "Witheringia",
        "family": "Solanaceae",
        "scientificName": "Witheringia meiantha (Donn.Sm.) Hunz.",
        "coordinateUncertaintyInMeters": "",
        "basisOfRecord": "PRESERVED_SPECIMEN",
        "eventDate": "1993-08-24",
        "country": null,
        "datasetName": "",
        "publisher": "Museo Nacional de Costa Rica",
        "license": "CC_BY_4_0",
        "issues": [
          "RECORDED_DATE_INVALID",
          "GEODETIC_DATUM_ASSUMED_WGS84",
          "CONTINENT_DERIVED_FROM_COORDINATES",
          "INSTITUTION_MATCH_NONE",
          "TAXON_MATCH_HIGHERRANK"
        ],
        "fallback_media": {
          "url": "http://www.boldsystems.org/pics/MHPAC/BioBot11319-BB048377+1281634066.JPG",
          "references": "http://bins.boldsystems.org/index.php/Public_RecordView?processid=MHPAF813-11",
          "title": "MHPAF813-11 Fruit",
          "creator": null,
          "publisher": null,
          "license": "http://creativecommons.org/licenses/by-nc-sa/4.0/",
          "rightsHolder": null
        }
      }
    },
    {
      "type": "Feature",
      "geometry": {
        "type": "Point",
        "coordinates": [
          -84.7,
          10.46
        ]
      },
      "properties": {
        "gbifID": "46156012",
        "species": "Witheringia meiantha",
        "genus": "Witheringia",
        "family": "Solanaceae",
        "scientificName": "Witheringia meiantha (Donn.Sm.) Hunz.",
        "coordinateUncertaintyInMeters": "",
        "basisOfRecord": "PRESERVED_SPECIMEN",
        "eventDate": "1973-04-19",
        "country": null,
        "datasetName": "",
        "publisher": "Museo Nacional de Costa Rica",
        "license": "CC_BY_4_0",
        "issues": [
          "RECORDED_DATE_INVALID",
          "GEODETIC_DATUM_ASSUMED_WGS84",
          "CONTINENT_DERIVED_FROM_COORDINATES",
          "INSTITUTION_MATCH_NONE",
          "TAXON_MATCH_HIGHERRANK"
        ],
        "fallback_media": {
          "url": "http://www.boldsystems.org/pics/MHPAC/BioBot11319-BB048377+1281634066.JPG",
          "references": "http://bins.boldsystems.org/index.php/Public_RecordView?processid=MHPAF813-11",
          "title": "MHPAF813-11 Fruit",
          "creator": null,
          "publisher": null,
          "license": "http://creativecommons.org/licenses/by-nc-sa/4.0/",
          "rightsHolder": null
        }
      }
    },
    {
      "type": "Feature",
      "geometry": {
        "type": "Point",
        "coordinates": [
          -83.78,
          9.71
        ]
      },
      "properties": {
        "gbifID": "46156467",
        "species": "Witheringia meiantha",
        "genus": "Witheringia",
        "family": "Solanaceae",
        "scientificName": "Witheringia meiantha (Donn.Sm.) Hunz.",
        "coordinateUncertaintyInMeters": "",
        "basisOfRecord": "PRESERVED_SPECIMEN",
        "eventDate": "1984-11-24",
        "country": null,
        "datasetName": "",
        "publisher": "Museo Nacional de Costa Rica",
        "license": "CC_BY_4_0",
        "issues": [
          "RECORDED_DATE_INVALID",
          "GEODETIC_DATUM_ASSUMED_WGS84",
          "CONTINENT_DERIVED_FROM_COORDINATES",
          "INSTITUTION_MATCH_NONE",
          "TAXON_MATCH_HIGHERRANK"
        ],
        "fallback_media": {
          "url": "http://www.boldsystems.org/pics/MHPAC/BioBot11319-BB048377+1281634066.JPG",
          "references": "http://bins.boldsystems.org/index.php/Public_RecordView?processid=MHPAF813-11",
          "title": "MHPAF813-11 Fruit",
          "creator": null,
          "publisher": null,
          "license": "http://creativecommons.org/licenses/by-nc-sa/4.0/",
          "rightsHolder": null
        }
      }
    },
    {
      "type": "Feature",
      "geometry": {
        "type": "Point",
        "coordinates": [
          -84.93,
          10.58
        ]
      },
      "properties": {
        "gbifID": "46158154",
        "species": "Witheringia meiantha",
        "genus": "Witheringia",
        "family": "Solanaceae",
        "scientificName": "Witheringia meiantha (Donn.Sm.) Hunz.",
        "coordinateUncertaintyInMeters": "",
        "basisOfRecord": "PRESERVED_SPECIMEN",
        "eventDate": "1994-10-14",
        "country": null,
        "datasetName": "",
        "publisher": "Museo Nacional de Costa Rica",
        "license": "CC_BY_4_0",
        "issues": [
          "RECORDED_DATE_INVALID",
          "GEODETIC_DATUM_ASSUMED_WGS84",
          "CONTINENT_DERIVED_FROM_COORDINATES",
          "INSTITUTION_MATCH_NONE",
          "TAXON_MATCH_HIGHERRANK"
        ],
        "fallback_media": {
          "url": "http://www.boldsystems.org/pics/MHPAC/BioBot11319-BB048377+1281634066.JPG",
          "references": "http://bins.boldsystems.org/index.php/Public_RecordView?processid=MHPAF813-11",
          "title": "MHPAF813-11 Fruit",
          "creator": null,
          "publisher": null,
          "license": "http://creativecommons.org/licenses/by-nc-sa/4.0/",
          "rightsHolder": null
        }
      }
    },
    {
      "type": "Feature",
      "geometry": {
        "type": "Point",
        "coordinates": [
          -83.83,
          9.53
        ]
      },
      "properties": {
        "gbifID": "46158883",
        "species": "Witheringia meiantha",
        "genus": "Witheringia",
        "family": "Solanaceae",
        "scientificName": "Witheringia meiantha (Donn.Sm.) Hunz.",
        "coordinateUncertaintyInMeters": "",
        "basisOfRecord": "PRESERVED_SPECIMEN",
        "eventDate": "2002-07-10",
        "country": null,
        "datasetName": "",
        "publisher": "Museo Nacional de Costa Rica",
        "license": "CC_BY_4_0",
        "issues": [
          "RECORDED_DATE_INVALID",
          "GEODETIC_DATUM_ASSUMED_WGS84",
          "CONTINENT_DERIVED_FROM_COORDINATES",
          "INSTITUTION_MATCH_NONE",
          "TAXON_MATCH_HIGHERRANK"
        ],
        "fallback_media": {
          "url": "http://www.boldsystems.org/pics/MHPAC/BioBot11319-BB048377+1281634066.JPG",
          "references": "http://bins.boldsystems.org/index.php/Public_RecordView?processid=MHPAF813-11",
          "title": "MHPAF813-11 Fruit",
          "creator": null,
          "publisher": null,
          "license": "http://creativecommons.org/licenses/by-nc-sa/4.0/",
          "rightsHolder": null
        }
      }
    },
    {
      "type": "Feature",
      "geometry": {
        "type": "Point",
        "coordinates": [
          -85.28,
          10.61
        ]
      },
      "properties": {
        "gbifID": "46156214",
        "species": "Witheringia meiantha",
        "genus": "Witheringia",
        "family": "Solanaceae",
        "scientificName": "Witheringia meiantha (Donn.Sm.) Hunz.",
        "coordinateUncertaintyInMeters": "",
        "basisOfRecord": "PRESERVED_SPECIMEN",
        "eventDate": "1978-02-07",
        "country": null,
        "datasetName": "",
        "publisher": "Museo Nacional de Costa Rica",
        "license": "CC_BY_4_0",
        "issues": [
          "RECORDED_DATE_INVALID",
          "GEODETIC_DATUM_ASSUMED_WGS84",
          "CONTINENT_DERIVED_FROM_COORDINATES",
          "INSTITUTION_MATCH_NONE",
          "TAXON_MATCH_HIGHERRANK"
        ],
        "fallback_media": {
          "url": "http://www.boldsystems.org/pics/MHPAC/BioBot11319-BB048377+1281634066.JPG",
          "references": "http://bins.boldsystems.org/index.php/Public_RecordView?processid=MHPAF813-11",
          "title": "MHPAF813-11 Fruit",
          "creator": null,
          "publisher": null,
          "license": "http://creativecommons.org/licenses/by-nc-sa/4.0/",
          "rightsHolder": null
        }
      }
    },
    {
      "type": "Feature",
      "geometry": {
        "type": "Point",
        "coordinates": [
          -84.75,
          10.33
        ]
      },
      "properties": {
        "gbifID": "46158113",
        "species": "Witheringia meiantha",
        "genus": "Witheringia",
        "family": "Solanaceae",
        "scientificName": "Witheringia meiantha (Donn.Sm.) Hunz.",
        "coordinateUncertaintyInMeters": "",
        "basisOfRecord": "PRESERVED_SPECIMEN",
        "eventDate": "1993-06-30",
        "country": null,
        "datasetName": "",
        "publisher": "Museo Nacional de Costa Rica",
        "license": "CC_BY_4_0",
        "issues": [
          "RECORDED_DATE_INVALID",
          "GEODETIC_DATUM_ASSUMED_WGS84",
          "CONTINENT_DERIVED_FROM_COORDINATES",
          "INSTITUTION_MATCH_NONE",
          "TAXON_MATCH_HIGHERRANK"
        ],
        "fallback_media": {
          "url": "http://www.boldsystems.org/pics/MHPAC/BioBot11319-BB048377+1281634066.JPG",
          "references": "http://bins.boldsystems.org/index.php/Public_RecordView?processid=MHPAF813-11",
          "title": "MHPAF813-11 Fruit",
          "creator": null,
          "publisher": null,
          "license": "http://creativecommons.org/licenses/by-nc-sa/4.0/",
          "rightsHolder": null
        }
      }
    },
    {
      "type": "Feature",
      "geometry": {
        "type": "Point",
        "coordinates": [
          -84.11,
          10.09
        ]
      },
      "properties": {
        "gbifID": "46158495",
        "species": "Witheringia meiantha",
        "genus": "Witheringia",
        "family": "Solanaceae",
        "scientificName": "Witheringia meiantha (Donn.Sm.) Hunz.",
        "coordinateUncertaintyInMeters": "",
        "basisOfRecord": "PRESERVED_SPECIMEN",
        "eventDate": "1990-05-26",
        "country": null,
        "datasetName": "",
        "publisher": "Museo Nacional de Costa Rica",
        "license": "CC_BY_4_0",
        "issues": [
          "RECORDED_DATE_INVALID",
          "GEODETIC_DATUM_ASSUMED_WGS84",
          "CONTINENT_DERIVED_FROM_COORDINATES",
          "INSTITUTION_MATCH_NONE",
          "TAXON_MATCH_HIGHERRANK"
        ],
        "fallback_media": {
          "url": "http://www.boldsystems.org/pics/MHPAC/BioBot11319-BB048377+1281634066.JPG",
          "references": "http://bins.boldsystems.org/index.php/Public_RecordView?processid=MHPAF813-11",
          "title": "MHPAF813-11 Fruit",
          "creator": null,
          "publisher": null,
          "license": "http://creativecommons.org/licenses/by-nc-sa/4.0/",
          "rightsHolder": null
        }
      }
    },
    {
      "type": "Feature",
      "geometry": {
        "type": "Point",
        "coordinates": [
          -85.902778,
          13.022222
        ]
      },
      "properties": {
        "gbifID": "1260378742",
        "species": "Witheringia meiantha",
        "genus": "Witheringia",
        "family": "Solanaceae",
        "scientificName": "Witheringia meiantha (Donn.Sm.) Hunz.",
        "coordinateUncertaintyInMeters": "",
        "basisOfRecord": "PRESERVED_SPECIMEN",
        "eventDate": "1967-03-11",
        "country": null,
        "datasetName": "Tropicos",
        "publisher": "Missouri Botanical Garden",
        "license": "CC_BY_4_0",
        "issues": [
          "OCCURRENCE_STATUS_INFERRED_FROM_INDIVIDUAL_COUNT",
          "COORDINATE_ROUNDED",
          "GEODETIC_DATUM_ASSUMED_WGS84",
          "AMBIGUOUS_INSTITUTION",
          "TAXON_ID_NOT_FOUND"
        ],
        "fallback_media": {
          "url": "http://www.boldsystems.org/pics/MHPAC/BioBot11319-BB048377+1281634066.JPG",
          "references": "http://bins.boldsystems.org/index.php/Public_RecordView?processid=MHPAF813-11",
          "title": "MHPAF813-11 Fruit",
          "creator": null,
          "publisher": null,
          "license": "http://creativecommons.org/licenses/by-nc-sa/4.0/",
          "rightsHolder": null
        }
      }
    },
    {
      "type": "Feature",
      "geometry": {
        "type": "Point",
        "coordinates": [
          -82.683333,
          8.766667
        ]
      },
      "properties": {
        "gbifID": "4061641111",
        "species": "Witheringia meiantha",
        "genus": "Witheringia",
        "family": "Solanaceae",
        "scientificName": "Witheringia meiantha (Donn.Sm.) Hunz.",
        "coordinateUncertaintyInMeters": "",
        "basisOfRecord": "PRESERVED_SPECIMEN",
        "eventDate": "1976-11-28",
        "country": null,
        "datasetName": "Tropicos",
        "publisher": "Missouri Botanical Garden",
        "license": "CC_BY_4_0",
        "issues": [
          "OCCURRENCE_STATUS_INFERRED_FROM_INDIVIDUAL_COUNT",
          "COORDINATE_ROUNDED",
          "GEODETIC_DATUM_ASSUMED_WGS84",
          "INSTITUTION_MATCH_NONE",
          "TAXON_ID_NOT_FOUND"
        ],
        "fallback_media": {
          "url": "http://www.boldsystems.org/pics/MHPAC/BioBot11319-BB048377+1281634066.JPG",
          "references": "http://bins.boldsystems.org/index.php/Public_RecordView?processid=MHPAF813-11",
          "title": "MHPAF813-11 Fruit",
          "creator": null,
          "publisher": null,
          "license": "http://creativecommons.org/licenses/by-nc-sa/4.0/",
          "rightsHolder": null
        }
      }
    },
    {
      "type": "Feature",
      "geometry": {
        "type": "Point",
        "coordinates": [
          -85.326833,
          10.859167
        ]
      },
      "properties": {
        "gbifID": "4441044588",
        "species": "Witheringia meiantha",
        "genus": "Witheringia",
        "family": "Solanaceae",
        "scientificName": "Witheringia meiantha (Donn.Sm.) Hunz.",
        "coordinateUncertaintyInMeters": "",
        "basisOfRecord": "PRESERVED_SPECIMEN",
        "eventDate": "2017-11-30",
        "country": null,
        "datasetName": "Tropicos",
        "publisher": "Missouri Botanical Garden",
        "license": "CC_BY_4_0",
        "issues": [
          "COORDINATE_ROUNDED",
          "GEODETIC_DATUM_ASSUMED_WGS84",
          "INSTITUTION_MATCH_FUZZY",
          "COLLECTION_MATCH_NONE",
          "TAXON_ID_NOT_FOUND"
        ],
        "media": [
          {
            "url": "https://images.mobot.org/tropicosimages5/detailimages/TropicosImagesVol5/101925000/3C4685C3-9642-4A39-A3D2-34CFB2206A2B.jpg",
            "references": "https://www.tropicos.org/ImageFullView.aspx?imageid=101925512",
            "title": "Zamora Villalobos - 10176 - Costa Rica",
            "creator": "N. Zamora",
            "publisher": null,
            "license": "http://creativecommons.org/licenses/by-nc-sa/3.0/",
            "rightsHolder": "MBG"
          },
          {
            "url": "https://images.mobot.org/tropicosimages5/detailimages/TropicosImagesVol5/101925000/3DF36372-68E0-46DE-9218-74B3871EDBDD.jpg",
            "references": "https://www.tropicos.org/ImageFullView.aspx?imageid=101925518",
            "title": "Zamora Villalobos - 10176 - Costa Rica",
            "creator": "N. Zamora",
            "publisher": null,
            "license": "http://creativecommons.org/licenses/by-nc-sa/3.0/",
            "rightsHolder": "MBG"
          },
          {
            "url": "https://images.mobot.org/tropicosimages5/detailimages/TropicosImagesVol5/101925000/5A14D92E-A13C-469A-B0CC-37B6682A9692.jpg",
            "references": "https://www.tropicos.org/ImageFullView.aspx?imageid=101925516",
            "title": "Zamora Villalobos - 10176 - Costa Rica",
            "creator": "N. Zamora",
            "publisher": null,
            "license": "http://creativecommons.org/licenses/by-nc-sa/3.0/",
            "rightsHolder": "MBG"
          },
          {
            "url": "https://images.mobot.org/tropicosimages5/detailimages/TropicosImagesVol5/101925000/5BA93042-9591-45E7-8624-452F5C6EDE7D.jpg",
            "references": "https://www.tropicos.org/ImageFullView.aspx?imageid=101925517",
            "title": "Zamora Villalobos - 10176 - Costa Rica",
            "creator": "N. Zamora",
            "publisher": null,
            "license": "http://creativecommons.org/licenses/by-nc-sa/3.0/",
            "rightsHolder": "MBG"
          },
          {
            "url": "https://images.mobot.org/tropicosimages5/detailimages/TropicosImagesVol5/101925000/7B06A525-3475-4A11-A46B-8F77CE08E0B8.jpg",
            "references": "https://www.tropicos.org/ImageFullView.aspx?imageid=101925515",
            "title": "Zamora Villalobos - 10176 - Costa Rica",
            "creator": "N. Zamora",
            "publisher": null,
            "license": "http://creativecommons.org/licenses/by-nc-sa/3.0/",
            "rightsHolder": "MBG"
          },
          {
            "url": "https://images.mobot.org/tropicosimages5/detailimages/TropicosImagesVol5/101925000/8C1D3350-870F-447F-9611-607A4E318E62.jpg",
            "references": "https://www.tropicos.org/ImageFullView.aspx?imageid=101925514",
            "title": "Zamora Villalobos - 10176 - Costa Rica",
            "creator": "N. Zamora",
            "publisher": null,
            "license": "http://creativecommons.org/licenses/by-nc-sa/3.0/",
            "rightsHolder": "MBG"
          },
          {
            "url": "https://images.mobot.org/tropicosimages5/detailimages/TropicosImagesVol5/101925000/96CA1FBF-2211-4E9C-8308-7914A59C981A.jpg",
            "references": "https://www.tropicos.org/ImageFullView.aspx?imageid=101925510",
            "title": "Zamora Villalobos - 10176 - Costa Rica",
            "creator": "N. Zamora",
            "publisher": null,
            "license": "http://creativecommons.org/licenses/by-nc-sa/3.0/",
            "rightsHolder": "MBG"
          },
          {
            "url": "https://images.mobot.org/tropicosimages5/detailimages/TropicosImagesVol5/101925000/BB570655-C322-48C7-B4E4-E8EB3228B5F9.jpg",
            "references": "https://www.tropicos.org/ImageFullView.aspx?imageid=101925511",
            "title": "Zamora Villalobos - 10176 - Costa Rica",
            "creator": "N. Zamora",
            "publisher": null,
            "license": "http://creativecommons.org/licenses/by-nc-sa/3.0/",
            "rightsHolder": "MBG"
          },
          {
            "url": "https://images.mobot.org/tropicosimages5/detailimages/TropicosImagesVol5/101925000/BDB98F8E-7EF0-4794-9045-FD652C8F5865.jpg",
            "references": "https://www.tropicos.org/ImageFullView.aspx?imageid=101925513",
            "title": "Zamora Villalobos - 10176 - Costa Rica",
            "creator": "N. Zamora",
            "publisher": null,
            "license": "http://creativecommons.org/licenses/by-nc-sa/3.0/",
            "rightsHolder": "MBG"
          }
        ]
      }
    },
    {
      "type": "Feature",
      "geometry": {
        "type": "Point",
        "coordinates": [
          -92.967744,
          16.758802
        ]
      },
      "properties": {
        "gbifID": "2251990866",
        "species": "Witheringia meiantha",
        "genus": "Witheringia",
        "family": "Solanaceae",
        "scientificName": "Witheringia meiantha (Donn.Sm.) Hunz.",
        "coordinateUncertaintyInMeters": "15.0",
        "basisOfRecord": "HUMAN_OBSERVATION",
        "eventDate": "2019-03-09T09:36",
        "country": null,
        "datasetName": "iNaturalist research-grade observations",
        "publisher": "iNaturalist.org",
        "license": "CC_BY_NC_4_0",
        "issues": [
          "COORDINATE_ROUNDED",
          "CONTINENT_DERIVED_FROM_COORDINATES",
          "TAXON_ID_NOT_FOUND"
        ],
        "media": [
          {
            "url": "https://inaturalist-open-data.s3.amazonaws.com/photos/40568883/original.jpg",
            "references": "https://www.inaturalist.org/photos/40568883",
            "title": null,
            "creator": "Neptalí Ramírez Marcial",
            "publisher": "iNaturalist",
            "license": "http://creativecommons.org/licenses/by/4.0/",
            "rightsHolder": "Neptalí Ramírez Marcial"
          },
          {
            "url": "https://inaturalist-open-data.s3.amazonaws.com/photos/40568923/original.jpg",
            "references": "https://www.inaturalist.org/photos/40568923",
            "title": null,
            "creator": "Neptalí Ramírez Marcial",
            "publisher": "iNaturalist",
            "license": "http://creativecommons.org/licenses/by/4.0/",
            "rightsHolder": "Neptalí Ramírez Marcial"
          }
        ]
      }
    },
    {
      "type": "Feature",
      "geometry": {
        "type": "Point",
        "coordinates": [
          -84.790855,
          10.302197
        ]
      },
      "properties": {
        "gbifID": "5166797640",
        "species": "Witheringia meiantha",
        "genus": "Witheringia",
        "family": "Solanaceae",
        "scientificName": "Witheringia meiantha (Donn.Sm.) Hunz.",
        "coordinateUncertaintyInMeters": "49.0",
        "basisOfRecord": "HUMAN_OBSERVATION",
        "eventDate": "2025-04-20T11:35:32",
        "country": null,
        "datasetName": "iNaturalist research-grade observations",
        "publisher": "iNaturalist.org",
        "license": "CC_BY_NC_4_0",
        "issues": [
          "COORDINATE_ROUNDED",
          "CONTINENT_DERIVED_FROM_COORDINATES",
          "TAXON_ID_NOT_FOUND"
        ],
        "media": [
          {
            "url": "https://inaturalist-open-data.s3.amazonaws.com/photos/494850639/original.jpg",
            "references": "https://www.inaturalist.org/photos/494850639",
            "title": null,
            "creator": "Ulysses M",
            "publisher": "iNaturalist",
            "license": "http://creativecommons.org/licenses/by-nc/4.0/",
            "rightsHolder": "Ulysses M"
          },
          {
            "url": "https://inaturalist-open-data.s3.amazonaws.com/photos/494850684/original.jpg",
            "references": "https://www.inaturalist.org/photos/494850684",
            "title": null,
            "creator": "Ulysses M",
            "publisher": "iNaturalist",
            "license": "http://creativecommons.org/licenses/by-nc/4.0/",
            "rightsHolder": "Ulysses M"
          }
        ]
      }
    },
    {
      "type": "Feature",
      "geometry": {
        "type": "Point",
        "coordinates": [
          -83.267667,
          9.619889
        ]
      },
      "properties": {
        "gbifID": "1055968535",
        "species": "Witheringia meiantha",
        "genus": "Witheringia",
        "family": "Solanaceae",
        "scientificName": "Witheringia meiantha (Donn.Sm.) Hunz.",
        "coordinateUncertaintyInMeters": "",
        "basisOfRecord": "PRESERVED_SPECIMEN",
        "eventDate": "2007-07-22",
        "country": null,
        "datasetName": "",
        "publisher": "Natural History Museum",
        "license": "CC0_1_0",
        "issues": [
          "GEODETIC_DATUM_ASSUMED_WGS84",
          "INSTITUTION_MATCH_FUZZY",
          "COLLECTION_MATCH_FUZZY"
        ],
        "media": [
          {
            "url": "https://data.nhm.ac.uk/media/8643396a-36d2-481a-aaa8-9288cc794688",
            "references": null,
            "title": "000995400",
            "creator": null,
            "publisher": null,
            "license": "http://creativecommons.org/licenses/by/4.0/",
            "rightsHolder": "The Trustees of the Natural History Museum, London"
          }
        ]
      }
    },
    {
      "type": "Feature",
      "geometry": {
        "type": "Point",
        "coordinates": [
          -83.196667,
          8.823333
        ]
      },
      "properties": {
        "gbifID": "1056704812",
        "species": "Witheringia meiantha",
        "genus": "Witheringia",
        "family": "Solanaceae",
        "scientificName": "Witheringia meiantha (Donn.Sm.) Hunz.",
        "coordinateUncertaintyInMeters": "",
        "basisOfRecord": "PRESERVED_SPECIMEN",
        "eventDate": "1993-12-09",
        "country": null,
        "datasetName": "",
        "publisher": "Natural History Museum",
        "license": "CC0_1_0",
        "issues": [
          "GEODETIC_DATUM_ASSUMED_WGS84",
          "INSTITUTION_MATCH_FUZZY",
          "COLLECTION_MATCH_FUZZY"
        ],
        "media": [
          {
            "url": "https://data.nhm.ac.uk/media/f6656940-6b62-4a3d-bcc4-c4853b39b462",
            "references": null,
            "title": "000604469",
            "creator": null,
            "publisher": null,
            "license": "http://creativecommons.org/licenses/by/4.0/",
            "rightsHolder": "The Trustees of the Natural History Museum, London"
          }
        ]
      }
    },
    {
      "type": "Feature",
      "geometry": {
        "type": "Point",
        "coordinates": [
          -84.783333,
          10.366667
        ]
      },
      "properties": {
        "gbifID": "1135479286",
        "species": "Witheringia meiantha",
        "genus": "Witheringia",
        "family": "Solanaceae",
        "scientificName": "Witheringia meiantha (Donn.Sm.) Hunz.",
        "coordinateUncertaintyInMeters": "",
        "basisOfRecord": "PRESERVED_SPECIMEN",
        "eventDate": "1995-07-01",
        "country": null,
        "datasetName": "",
        "publisher": "Natural History Museum",
        "license": "CC0_1_0",
        "issues": [
          "GEODETIC_DATUM_ASSUMED_WGS84",
          "INSTITUTION_MATCH_FUZZY",
          "COLLECTION_MATCH_FUZZY"
        ],
        "media": [
          {
            "url": "https://data.nhm.ac.uk/media/432282ec-9181-42bd-87b6-0ee7c76990c0",
            "references": null,
            "title": "000604093",
            "creator": null,
            "publisher": null,
            "license": "http://creativecommons.org/licenses/by/4.0/",
            "rightsHolder": "The Trustees of the Natural History Museum, London"
          }
        ]
      }
    },
    {
      "type": "Feature",
      "geometry": {
        "type": "Point",
        "coordinates": [
          -82.926389,
          8.947222
        ]
      },
      "properties": {
        "gbifID": "1135479278",
        "species": "Witheringia meiantha",
        "genus": "Witheringia",
        "family": "Solanaceae",
        "scientificName": "Witheringia meiantha (Donn.Sm.) Hunz.",
        "coordinateUncertaintyInMeters": "",
        "basisOfRecord": "PRESERVED_SPECIMEN",
        "eventDate": "1995-09-05",
        "country": null,
        "datasetName": "",
        "publisher": "Natural History Museum",
        "license": "CC0_1_0",
        "issues": [
          "GEODETIC_DATUM_ASSUMED_WGS84",
          "INSTITUTION_MATCH_FUZZY",
          "COLLECTION_MATCH_FUZZY"
        ],
        "media": [
          {
            "url": "https://data.nhm.ac.uk/media/280390f9-9876-4417-b1eb-69893b1f189c",
            "references": null,
            "title": "000602763",
            "creator": null,
            "publisher": null,
            "license": "http://creativecommons.org/licenses/by/4.0/",
            "rightsHolder": "The Trustees of the Natural History Museum, London"
          }
        ]
      }
    },
    {
      "type": "Feature",
      "geometry": {
        "type": "Point",
        "coordinates": [
          -82.834098,
          9.734756
        ]
      },
      "properties": {
        "gbifID": "5167511620",
        "species": "Witheringia meiantha",
        "genus": "Witheringia",
        "family": "Solanaceae",
        "scientificName": "Witheringia meiantha (Donn.Sm.) Hunz.",
        "coordinateUncertaintyInMeters": "",
        "basisOfRecord": "HUMAN_OBSERVATION",
        "eventDate": "2025-05-02T13:11:17",
        "country": null,
        "datasetName": "iNaturalist research-grade observations",
        "publisher": "iNaturalist.org",
        "license": "CC_BY_NC_4_0",
        "issues": [
          "COORDINATE_ROUNDED",
          "CONTINENT_DERIVED_FROM_COORDINATES",
          "TAXON_ID_NOT_FOUND"
        ],
        "media": [
          {
            "url": "https://inaturalist-open-data.s3.amazonaws.com/photos/505090944/original.jpg",
            "references": "https://www.inaturalist.org/photos/505090944",
            "title": null,
            "creator": "James Phillips",
            "publisher": "iNaturalist",
            "license": "http://creativecommons.org/licenses/by-nc/4.0/",
            "rightsHolder": "James Phillips"
          }
        ]
      }
    },
    {
      "type": "Feature",
      "geometry": {
        "type": "Point",
        "coordinates": [
          -84.827901,
          10.372793
        ]
      },
      "properties": {
        "gbifID": "4919313396",
        "species": "Witheringia meiantha",
        "genus": "Witheringia",
        "family": "Solanaceae",
        "scientificName": "Witheringia meiantha (Donn.Sm.) Hunz.",
        "coordinateUncertaintyInMeters": "908.0",
        "basisOfRecord": "HUMAN_OBSERVATION",
        "eventDate": "2024-03-21T11:43:04",
        "country": null,
        "datasetName": "iNaturalist research-grade observations",
        "publisher": "iNaturalist.org",
        "license": "CC_BY_NC_4_0",
        "issues": [
          "COORDINATE_ROUNDED",
          "CONTINENT_DERIVED_FROM_COORDINATES",
          "TAXON_ID_NOT_FOUND"
        ],
        "media": [
          {
            "url": "https://inaturalist-open-data.s3.amazonaws.com/photos/365731425/original.jpeg",
            "references": "https://www.inaturalist.org/photos/365731425",
            "title": null,
            "creator": "Landon",
            "publisher": "iNaturalist",
            "license": "http://creativecommons.org/licenses/by-nc/4.0/",
            "rightsHolder": "Landon"
          },
          {
            "url": "https://inaturalist-open-data.s3.amazonaws.com/photos/365732421/original.jpeg",
            "references": "https://www.inaturalist.org/photos/365732421",
            "title": null,
            "creator": "Landon",
            "publisher": "iNaturalist",
            "license": "http://creativecommons.org/licenses/by-nc/4.0/",
            "rightsHolder": "Landon"
          },
          {
            "url": "https://inaturalist-open-data.s3.amazonaws.com/photos/365733001/original.jpeg",
            "references": "https://www.inaturalist.org/photos/365733001",
            "title": null,
            "creator": "Landon",
            "publisher": "iNaturalist",
            "license": "http://creativecommons.org/licenses/by-nc/4.0/",
            "rightsHolder": "Landon"
          }
        ]
      }
    },
    {
      "type": "Feature",
      "geometry": {
        "type": "Point",
        "coordinates": [
          -84.003954,
          10.431597
        ]
      },
      "properties": {
        "gbifID": "2901587303",
        "species": "Witheringia meiantha",
        "genus": "Witheringia",
        "family": "Solanaceae",
        "scientificName": "Witheringia meiantha (Donn.Sm.) Hunz.",
        "coordinateUncertaintyInMeters": "",
        "basisOfRecord": "HUMAN_OBSERVATION",
        "eventDate": "2016-03-11",
        "country": null,
        "datasetName": "iNaturalist research-grade observations",
        "publisher": "iNaturalist.org",
        "license": "CC_BY_NC_4_0",
        "issues": [
          "CONTINENT_DERIVED_FROM_COORDINATES",
          "TAXON_ID_NOT_FOUND"
        ],
        "media": [
          {
            "url": "https://inaturalist-open-data.s3.amazonaws.com/photos/3264414/original.JPG",
            "references": "https://www.inaturalist.org/photos/3264414",
            "title": null,
            "creator": "Lena Struwe",
            "publisher": "iNaturalist",
            "license": "http://creativecommons.org/licenses/by-sa/4.0/",
            "rightsHolder": "Lena Struwe"
          },
          {
            "url": "https://inaturalist-open-data.s3.amazonaws.com/photos/3264415/original.JPG",
            "references": "https://www.inaturalist.org/photos/3264415",
            "title": null,
            "creator": "Lena Struwe",
            "publisher": "iNaturalist",
            "license": "http://creativecommons.org/licenses/by-sa/4.0/",
            "rightsHolder": "Lena Struwe"
          }
        ]
      }
    },
    {
      "type": "Feature",
      "geometry": {
        "type": "Point",
        "coordinates": [
          -84.796327,
          10.303006
        ]
      },
      "properties": {
        "gbifID": "1098895558",
        "species": "Witheringia meiantha",
        "genus": "Witheringia",
        "family": "Solanaceae",
        "scientificName": "Witheringia meiantha (Donn.Sm.) Hunz.",
        "coordinateUncertaintyInMeters": "",
        "basisOfRecord": "HUMAN_OBSERVATION",
        "eventDate": "2015-03-10",
        "country": null,
        "datasetName": "iNaturalist research-grade observations",
        "publisher": "iNaturalist.org",
        "license": "CC_BY_NC_4_0",
        "issues": [
          "CONTINENT_DERIVED_FROM_COORDINATES",
          "TAXON_ID_NOT_FOUND"
        ],
        "media": [
          {
            "url": "https://inaturalist-open-data.s3.amazonaws.com/photos/1735880/original.jpg",
            "references": "https://www.flickr.com/photos/vilseskogen/16999778170/",
            "title": null,
            "creator": "Vilseskogen",
            "publisher": "iNaturalist",
            "license": "http://creativecommons.org/licenses/by-sa/4.0/",
            "rightsHolder": "Vilseskogen"
          }
        ]
      }
    },
    {
      "type": "Feature",
      "geometry": {
        "type": "Point",
        "coordinates": [
          -84.790601,
          10.303016
        ]
      },
      "properties": {
        "gbifID": "5176750573",
        "species": "Witheringia meiantha",
        "genus": "Witheringia",
        "family": "Solanaceae",
        "scientificName": "Witheringia meiantha (Donn.Sm.) Hunz.",
        "coordinateUncertaintyInMeters": "257.0",
        "basisOfRecord": "HUMAN_OBSERVATION",
        "eventDate": "2024-08-27T15:20",
        "country": null,
        "datasetName": "iNaturalist research-grade observations",
        "publisher": "iNaturalist.org",
        "license": "CC_BY_NC_4_0",
        "issues": [
          "COORDINATE_ROUNDED",
          "CONTINENT_DERIVED_FROM_COORDINATES",
          "TAXON_ID_NOT_FOUND"
        ],
        "media": [
          {
            "url": "https://inaturalist-open-data.s3.amazonaws.com/photos/509224292/original.jpg",
            "references": "https://www.inaturalist.org/photos/509224292",
            "title": null,
            "creator": "T. Haberl",
            "publisher": "iNaturalist",
            "license": "http://creativecommons.org/licenses/by-nc/4.0/",
            "rightsHolder": "T. Haberl"
          }
        ]
      }
    },
    {
      "type": "Feature",
      "geometry": {
        "type": "Point",
        "coordinates": [
          -92.970525,
          16.755972
        ]
      },
      "properties": {
        "gbifID": "1586920905",
        "species": "Witheringia meiantha",
        "genus": "Witheringia",
        "family": "Solanaceae",
        "scientificName": "Witheringia meiantha (Donn.Sm.) Hunz.",
        "coordinateUncertaintyInMeters": "15.0",
        "basisOfRecord": "HUMAN_OBSERVATION",
        "eventDate": "2017-06-17T09:57",
        "country": null,
        "datasetName": "iNaturalist research-grade observations",
        "publisher": "iNaturalist.org",
        "license": "CC_BY_NC_4_0",
        "issues": [
          "COORDINATE_ROUNDED",
          "CONTINENT_DERIVED_FROM_COORDINATES",
          "TAXON_ID_NOT_FOUND"
        ],
        "media": [
          {
            "url": "https://inaturalist-open-data.s3.amazonaws.com/photos/8535872/original.jpg",
            "references": "https://www.inaturalist.org/photos/8535872",
            "title": null,
            "creator": "Neptalí Ramírez Marcial",
            "publisher": "iNaturalist",
            "license": "http://creativecommons.org/licenses/by/4.0/",
            "rightsHolder": "Neptalí Ramírez Marcial"
          },
          {
            "url": "https://inaturalist-open-data.s3.amazonaws.com/photos/8535874/original.jpg",
            "references": "https://www.inaturalist.org/photos/8535874",
            "title": null,
            "creator": "Neptalí Ramírez Marcial",
            "publisher": "iNaturalist",
            "license": "http://creativecommons.org/licenses/by/4.0/",
            "rightsHolder": "Neptalí Ramírez Marcial"
          }
        ]
      }
    },
    {
      "type": "Feature",
      "geometry": {
        "type": "Point",
        "coordinates": [
          -84.784471,
          10.304875
        ]
      },
      "properties": {
        "gbifID": "1563418101",
        "species": "Witheringia meiantha",
        "genus": "Witheringia",
        "family": "Solanaceae",
        "scientificName": "Witheringia meiantha (Donn.Sm.) Hunz.",
        "coordinateUncertaintyInMeters": "1582.0",
        "basisOfRecord": "HUMAN_OBSERVATION",
        "eventDate": "2017-03-06T10:49",
        "country": null,
        "datasetName": "iNaturalist research-grade observations",
        "publisher": "iNaturalist.org",
        "license": "CC_BY_NC_4_0",
        "issues": [
          "COORDINATE_ROUNDED",
          "CONTINENT_DERIVED_FROM_COORDINATES",
          "TAXON_ID_NOT_FOUND"
        ],
        "media": [
          {
            "url": "https://inaturalist-open-data.s3.amazonaws.com/photos/7474584/original.jpeg",
            "references": "https://www.inaturalist.org/photos/7474584",
            "title": null,
            "creator": "Lena Struwe",
            "publisher": "iNaturalist",
            "license": "http://creativecommons.org/licenses/by-sa/4.0/",
            "rightsHolder": "Lena Struwe"
          }
        ]
      }
    },
    {
      "type": "Feature",
      "geometry": {
        "type": "Point",
        "coordinates": [
          -92.819714,
          17.475572
        ]
      },
      "properties": {
        "gbifID": "5167667474",
        "species": "Witheringia meiantha",
        "genus": "Witheringia",
        "family": "Solanaceae",
        "scientificName": "Witheringia meiantha (Donn.Sm.) Hunz.",
        "coordinateUncertaintyInMeters": "152.0",
        "basisOfRecord": "HUMAN_OBSERVATION",
        "eventDate": "2025-05-17T13:28",
        "country": null,
        "datasetName": "iNaturalist research-grade observations",
        "publisher": "iNaturalist.org",
        "license": "CC_BY_NC_4_0",
        "issues": [
          "COORDINATE_ROUNDED",
          "CONTINENT_DERIVED_FROM_COORDINATES",
          "TAXON_ID_NOT_FOUND"
        ],
        "media": [
          {
            "url": "https://inaturalist-open-data.s3.amazonaws.com/photos/507935668/original.jpg",
            "references": "https://www.inaturalist.org/photos/507935668",
            "title": null,
            "creator": "Ubaldo Edgar García López",
            "publisher": "iNaturalist",
            "license": "http://creativecommons.org/licenses/by-nc/4.0/",
            "rightsHolder": "Ubaldo Edgar García López"
          },
          {
            "url": "https://inaturalist-open-data.s3.amazonaws.com/photos/507935667/original.jpg",
            "references": "https://www.inaturalist.org/photos/507935667",
            "title": null,
            "creator": "Ubaldo Edgar García López",
            "publisher": "iNaturalist",
            "license": "http://creativecommons.org/licenses/by-nc/4.0/",
            "rightsHolder": "Ubaldo Edgar García López"
          }
        ]
      }
    },
    {
      "type": "Feature",
      "geometry": {
        "type": "Point",
        "coordinates": [
          -83.085391,
          9.118778
        ]
      },
      "properties": {
        "gbifID": "1253865017",
        "species": "Witheringia meiantha",
        "genus": "Witheringia",
        "family": "Solanaceae",
        "scientificName": "Witheringia meiantha (Donn.Sm.) Hunz.",
        "coordinateUncertaintyInMeters": "",
        "basisOfRecord": "PRESERVED_SPECIMEN",
        "eventDate": "2008-02-24",
        "country": null,
        "datasetName": "Atta",
        "publisher": "Instituto Nacional de Biodiversidad (INBio), Costa Rica",
        "license": "CC0_1_0",
        "issues": [
          "IDENTIFIED_DATE_INVALID",
          "COORDINATE_ROUNDED",
          "CONTINENT_DERIVED_FROM_COORDINATES",
          "CONTINENT_INVALID",
          "INSTITUTION_MATCH_FUZZY",
          "COLLECTION_MATCH_NONE",
          "TAXON_ID_NOT_FOUND"
        ],
        "fallback_media": {
          "url": "http://www.boldsystems.org/pics/MHPAC/BioBot11319-BB048377+1281634066.JPG",
          "references": "http://bins.boldsystems.org/index.php/Public_RecordView?processid=MHPAF813-11",
          "title": "MHPAF813-11 Fruit",
          "creator": null,
          "publisher": null,
          "license": "http://creativecommons.org/licenses/by-nc-sa/4.0/",
          "rightsHolder": null
        }
      }
    },
    {
      "type": "Feature",
      "geometry": {
        "type": "Point",
        "coordinates": [
          -83.096268,
          9.107413
        ]
      },
      "properties": {
        "gbifID": "1253866715",
        "species": "Witheringia meiantha",
        "genus": "Witheringia",
        "family": "Solanaceae",
        "scientificName": "Witheringia meiantha (Donn.Sm.) Hunz.",
        "coordinateUncertaintyInMeters": "",
        "basisOfRecord": "PRESERVED_SPECIMEN",
        "eventDate": "2008-02-20",
        "country": null,
        "datasetName": "Atta",
        "publisher": "Instituto Nacional de Biodiversidad (INBio), Costa Rica",
        "license": "CC0_1_0",
        "issues": [
          "IDENTIFIED_DATE_INVALID",
          "COORDINATE_ROUNDED",
          "CONTINENT_DERIVED_FROM_COORDINATES",
          "CONTINENT_INVALID",
          "INSTITUTION_MATCH_FUZZY",
          "COLLECTION_MATCH_NONE",
          "TAXON_ID_NOT_FOUND"
        ],
        "fallback_media": {
          "url": "http://www.boldsystems.org/pics/MHPAC/BioBot11319-BB048377+1281634066.JPG",
          "references": "http://bins.boldsystems.org/index.php/Public_RecordView?processid=MHPAF813-11",
          "title": "MHPAF813-11 Fruit",
          "creator": null,
          "publisher": null,
          "license": "http://creativecommons.org/licenses/by-nc-sa/4.0/",
          "rightsHolder": null
        }
      }
    },
    {
      "type": "Feature",
      "geometry": {
        "type": "Point",
        "coordinates": [
          -83.089512,
          9.117811
        ]
      },
      "properties": {
        "gbifID": "1253866895",
        "species": "Witheringia meiantha",
        "genus": "Witheringia",
        "family": "Solanaceae",
        "scientificName": "Witheringia meiantha (Donn.Sm.) Hunz.",
        "coordinateUncertaintyInMeters": "",
        "basisOfRecord": "PRESERVED_SPECIMEN",
        "eventDate": "2008-02-22",
        "country": null,
        "datasetName": "Atta",
        "publisher": "Instituto Nacional de Biodiversidad (INBio), Costa Rica",
        "license": "CC0_1_0",
        "issues": [
          "IDENTIFIED_DATE_INVALID",
          "COORDINATE_ROUNDED",
          "CONTINENT_DERIVED_FROM_COORDINATES",
          "CONTINENT_INVALID",
          "INSTITUTION_MATCH_FUZZY",
          "COLLECTION_MATCH_NONE",
          "TAXON_ID_NOT_FOUND"
        ],
        "fallback_media": {
          "url": "http://www.boldsystems.org/pics/MHPAC/BioBot11319-BB048377+1281634066.JPG",
          "references": "http://bins.boldsystems.org/index.php/Public_RecordView?processid=MHPAF813-11",
          "title": "MHPAF813-11 Fruit",
          "creator": null,
          "publisher": null,
          "license": "http://creativecommons.org/licenses/by-nc-sa/4.0/",
          "rightsHolder": null
        }
      }
    },
    {
      "type": "Feature",
      "geometry": {
        "type": "Point",
        "coordinates": [
          -83.923308,
          9.686833
        ]
      },
      "properties": {
        "gbifID": "1253899726",
        "species": "Witheringia meiantha",
        "genus": "Witheringia",
        "family": "Solanaceae",
        "scientificName": "Witheringia meiantha (Donn.Sm.) Hunz.",
        "coordinateUncertaintyInMeters": "",
        "basisOfRecord": "PRESERVED_SPECIMEN",
        "eventDate": "2010-11-16/2010-11-17",
        "country": null,
        "datasetName": "Atta",
        "publisher": "Instituto Nacional de Biodiversidad (INBio), Costa Rica",
        "license": "CC0_1_0",
        "issues": [
          "IDENTIFIED_DATE_INVALID",
          "COORDINATE_ROUNDED",
          "CONTINENT_DERIVED_FROM_COORDINATES",
          "CONTINENT_INVALID",
          "INSTITUTION_MATCH_FUZZY",
          "COLLECTION_MATCH_NONE",
          "TAXON_ID_NOT_FOUND"
        ],
        "fallback_media": {
          "url": "http://www.boldsystems.org/pics/MHPAC/BioBot11319-BB048377+1281634066.JPG",
          "references": "http://bins.boldsystems.org/index.php/Public_RecordView?processid=MHPAF813-11",
          "title": "MHPAF813-11 Fruit",
          "creator": null,
          "publisher": null,
          "license": "http://creativecommons.org/licenses/by-nc-sa/4.0/",
          "rightsHolder": null
        }
      }
    },
    {
      "type": "Feature",
      "geometry": {
        "type": "Point",
        "coordinates": [
          -84.987587,
          10.579924
        ]
      },
      "properties": {
        "gbifID": "1253732371",
        "species": "Witheringia meiantha",
        "genus": "Witheringia",
        "family": "Solanaceae",
        "scientificName": "Witheringia meiantha (Donn.Sm.) Hunz.",
        "coordinateUncertaintyInMeters": "",
        "basisOfRecord": "PRESERVED_SPECIMEN",
        "eventDate": "2000-11-07",
        "country": null,
        "datasetName": "Atta",
        "publisher": "Instituto Nacional de Biodiversidad (INBio), Costa Rica",
        "license": "CC0_1_0",
        "issues": [
          "IDENTIFIED_DATE_INVALID",
          "COORDINATE_ROUNDED",
          "CONTINENT_DERIVED_FROM_COORDINATES",
          "CONTINENT_INVALID",
          "INSTITUTION_MATCH_FUZZY",
          "COLLECTION_MATCH_NONE",
          "TAXON_ID_NOT_FOUND"
        ],
        "fallback_media": {
          "url": "http://www.boldsystems.org/pics/MHPAC/BioBot11319-BB048377+1281634066.JPG",
          "references": "http://bins.boldsystems.org/index.php/Public_RecordView?processid=MHPAF813-11",
          "title": "MHPAF813-11 Fruit",
          "creator": null,
          "publisher": null,
          "license": "http://creativecommons.org/licenses/by-nc-sa/4.0/",
          "rightsHolder": null
        }
      }
    },
    {
      "type": "Feature",
      "geometry": {
        "type": "Point",
        "coordinates": [
          -83.690278,
          9.477778
        ]
      },
      "properties": {
        "gbifID": "1253795108",
        "species": "Witheringia meiantha",
        "genus": "Witheringia",
        "family": "Solanaceae",
        "scientificName": "Witheringia meiantha (Donn.Sm.) Hunz.",
        "coordinateUncertaintyInMeters": "",
        "basisOfRecord": "PRESERVED_SPECIMEN",
        "eventDate": "2003-06-03",
        "country": null,
        "datasetName": "Atta",
        "publisher": "Instituto Nacional de Biodiversidad (INBio), Costa Rica",
        "license": "CC0_1_0",
        "issues": [
          "IDENTIFIED_DATE_INVALID",
          "COORDINATE_ROUNDED",
          "CONTINENT_DERIVED_FROM_COORDINATES",
          "CONTINENT_INVALID",
          "INSTITUTION_MATCH_FUZZY",
          "COLLECTION_MATCH_NONE",
          "TAXON_ID_NOT_FOUND"
        ],
        "fallback_media": {
          "url": "http://www.boldsystems.org/pics/MHPAC/BioBot11319-BB048377+1281634066.JPG",
          "references": "http://bins.boldsystems.org/index.php/Public_RecordView?processid=MHPAF813-11",
          "title": "MHPAF813-11 Fruit",
          "creator": null,
          "publisher": null,
          "license": "http://creativecommons.org/licenses/by-nc-sa/4.0/",
          "rightsHolder": null
        }
      }
    },
    {
      "type": "Feature",
      "geometry": {
        "type": "Point",
        "coordinates": [
          -83.21185,
          9.3927
        ]
      },
      "properties": {
        "gbifID": "1253845436",
        "species": "Witheringia meiantha",
        "genus": "Witheringia",
        "family": "Solanaceae",
        "scientificName": "Witheringia meiantha (Donn.Sm.) Hunz.",
        "coordinateUncertaintyInMeters": "",
        "basisOfRecord": "PRESERVED_SPECIMEN",
        "eventDate": "2007-03-02",
        "country": null,
        "datasetName": "Atta",
        "publisher": "Instituto Nacional de Biodiversidad (INBio), Costa Rica",
        "license": "CC0_1_0",
        "issues": [
          "IDENTIFIED_DATE_INVALID",
          "CONTINENT_DERIVED_FROM_COORDINATES",
          "CONTINENT_INVALID",
          "INSTITUTION_MATCH_FUZZY",
          "COLLECTION_MATCH_NONE",
          "TAXON_ID_NOT_FOUND"
        ],
        "fallback_media": {
          "url": "http://www.boldsystems.org/pics/MHPAC/BioBot11319-BB048377+1281634066.JPG",
          "references": "http://bins.boldsystems.org/index.php/Public_RecordView?processid=MHPAF813-11",
          "title": "MHPAF813-11 Fruit",
          "creator": null,
          "publisher": null,
          "license": "http://creativecommons.org/licenses/by-nc-sa/4.0/",
          "rightsHolder": null
        }
      }
    },
    {
      "type": "Feature",
      "geometry": {
        "type": "Point",
        "coordinates": [
          -84.121657,
          10.11198
        ]
      },
      "properties": {
        "gbifID": "1253736412",
        "species": "Witheringia meiantha",
        "genus": "Witheringia",
        "family": "Solanaceae",
        "scientificName": "Witheringia meiantha (Donn.Sm.) Hunz.",
        "coordinateUncertaintyInMeters": "",
        "basisOfRecord": "PRESERVED_SPECIMEN",
        "eventDate": "2000-02-09",
        "country": null,
        "datasetName": "Atta",
        "publisher": "Instituto Nacional de Biodiversidad (INBio), Costa Rica",
        "license": "CC0_1_0",
        "issues": [
          "IDENTIFIED_DATE_INVALID",
          "COORDINATE_ROUNDED",
          "CONTINENT_DERIVED_FROM_COORDINATES",
          "CONTINENT_INVALID",
          "INSTITUTION_MATCH_FUZZY",
          "COLLECTION_MATCH_NONE",
          "TAXON_ID_NOT_FOUND"
        ],
        "fallback_media": {
          "url": "http://www.boldsystems.org/pics/MHPAC/BioBot11319-BB048377+1281634066.JPG",
          "references": "http://bins.boldsystems.org/index.php/Public_RecordView?processid=MHPAF813-11",
          "title": "MHPAF813-11 Fruit",
          "creator": null,
          "publisher": null,
          "license": "http://creativecommons.org/licenses/by-nc-sa/4.0/",
          "rightsHolder": null
        }
      }
    },
    {
      "type": "Feature",
      "geometry": {
        "type": "Point",
        "coordinates": [
          -84.01667,
          10.433333
        ]
      },
      "properties": {
        "gbifID": "1253596420",
        "species": "Witheringia meiantha",
        "genus": "Witheringia",
        "family": "Solanaceae",
        "scientificName": "Witheringia meiantha (Donn.Sm.) Hunz.",
        "coordinateUncertaintyInMeters": "",
        "basisOfRecord": "PRESERVED_SPECIMEN",
        "eventDate": "1991-03-27",
        "country": null,
        "datasetName": "Atta",
        "publisher": "Instituto Nacional de Biodiversidad (INBio), Costa Rica",
        "license": "CC0_1_0",
        "issues": [
          "IDENTIFIED_DATE_INVALID",
          "COORDINATE_ROUNDED",
          "CONTINENT_DERIVED_FROM_COORDINATES",
          "CONTINENT_INVALID",
          "INSTITUTION_MATCH_FUZZY",
          "COLLECTION_MATCH_NONE",
          "TAXON_ID_NOT_FOUND"
        ],
        "fallback_media": {
          "url": "http://www.boldsystems.org/pics/MHPAC/BioBot11319-BB048377+1281634066.JPG",
          "references": "http://bins.boldsystems.org/index.php/Public_RecordView?processid=MHPAF813-11",
          "title": "MHPAF813-11 Fruit",
          "creator": null,
          "publisher": null,
          "license": "http://creativecommons.org/licenses/by-nc-sa/4.0/",
          "rightsHolder": null
        }
      }
    },
    {
      "type": "Feature",
      "geometry": {
        "type": "Point",
        "coordinates": [
          -84.75,
          10.294444
        ]
      },
      "properties": {
        "gbifID": "1253614975",
        "species": "Witheringia meiantha",
        "genus": "Witheringia",
        "family": "Solanaceae",
        "scientificName": "Witheringia meiantha (Donn.Sm.) Hunz.",
        "coordinateUncertaintyInMeters": "",
        "basisOfRecord": "PRESERVED_SPECIMEN",
        "eventDate": "1992-03-23",
        "country": null,
        "datasetName": "Atta",
        "publisher": "Instituto Nacional de Biodiversidad (INBio), Costa Rica",
        "license": "CC0_1_0",
        "issues": [
          "IDENTIFIED_DATE_INVALID",
          "COORDINATE_ROUNDED",
          "CONTINENT_DERIVED_FROM_COORDINATES",
          "CONTINENT_INVALID",
          "INSTITUTION_MATCH_FUZZY",
          "COLLECTION_MATCH_NONE",
          "TAXON_ID_NOT_FOUND"
        ],
        "fallback_media": {
          "url": "http://www.boldsystems.org/pics/MHPAC/BioBot11319-BB048377+1281634066.JPG",
          "references": "http://bins.boldsystems.org/index.php/Public_RecordView?processid=MHPAF813-11",
          "title": "MHPAF813-11 Fruit",
          "creator": null,
          "publisher": null,
          "license": "http://creativecommons.org/licenses/by-nc-sa/4.0/",
          "rightsHolder": null
        }
      }
    },
    {
      "type": "Feature",
      "geometry": {
        "type": "Point",
        "coordinates": [
          -85.316667,
          10.766667
        ]
      },
      "properties": {
        "gbifID": "1253642696",
        "species": "Witheringia meiantha",
        "genus": "Witheringia",
        "family": "Solanaceae",
        "scientificName": "Witheringia meiantha (Donn.Sm.) Hunz.",
        "coordinateUncertaintyInMeters": "",
        "basisOfRecord": "PRESERVED_SPECIMEN",
        "eventDate": "1987-11-27",
        "country": null,
        "datasetName": "Atta",
        "publisher": "Instituto Nacional de Biodiversidad (INBio), Costa Rica",
        "license": "CC0_1_0",
        "issues": [
          "IDENTIFIED_DATE_INVALID",
          "COORDINATE_ROUNDED",
          "CONTINENT_DERIVED_FROM_COORDINATES",
          "CONTINENT_INVALID",
          "INSTITUTION_MATCH_FUZZY",
          "COLLECTION_MATCH_NONE",
          "TAXON_ID_NOT_FOUND"
        ],
        "fallback_media": {
          "url": "http://www.boldsystems.org/pics/MHPAC/BioBot11319-BB048377+1281634066.JPG",
          "references": "http://bins.boldsystems.org/index.php/Public_RecordView?processid=MHPAF813-11",
          "title": "MHPAF813-11 Fruit",
          "creator": null,
          "publisher": null,
          "license": "http://creativecommons.org/licenses/by-nc-sa/4.0/",
          "rightsHolder": null
        }
      }
    },
    {
      "type": "Feature",
      "geometry": {
        "type": "Point",
        "coordinates": [
          -85.117671,
          10.709184
        ]
      },
      "properties": {
        "gbifID": "1253668952",
        "species": "Witheringia meiantha",
        "genus": "Witheringia",
        "family": "Solanaceae",
        "scientificName": "Witheringia meiantha (Donn.Sm.) Hunz.",
        "coordinateUncertaintyInMeters": "",
        "basisOfRecord": "PRESERVED_SPECIMEN",
        "eventDate": "2000-03-08",
        "country": null,
        "datasetName": "Atta",
        "publisher": "Instituto Nacional de Biodiversidad (INBio), Costa Rica",
        "license": "CC0_1_0",
        "issues": [
          "IDENTIFIED_DATE_INVALID",
          "COORDINATE_ROUNDED",
          "CONTINENT_DERIVED_FROM_COORDINATES",
          "CONTINENT_INVALID",
          "INSTITUTION_MATCH_FUZZY",
          "COLLECTION_MATCH_NONE",
          "TAXON_ID_NOT_FOUND"
        ],
        "fallback_media": {
          "url": "http://www.boldsystems.org/pics/MHPAC/BioBot11319-BB048377+1281634066.JPG",
          "references": "http://bins.boldsystems.org/index.php/Public_RecordView?processid=MHPAF813-11",
          "title": "MHPAF813-11 Fruit",
          "creator": null,
          "publisher": null,
          "license": "http://creativecommons.org/licenses/by-nc-sa/4.0/",
          "rightsHolder": null
        }
      }
    },
    {
      "type": "Feature",
      "geometry": {
        "type": "Point",
        "coordinates": [
          -83.2305,
          9.35727
        ]
      },
      "properties": {
        "gbifID": "1253847893",
        "species": "Witheringia meiantha",
        "genus": "Witheringia",
        "family": "Solanaceae",
        "scientificName": "Witheringia meiantha (Donn.Sm.) Hunz.",
        "coordinateUncertaintyInMeters": "",
        "basisOfRecord": "PRESERVED_SPECIMEN",
        "eventDate": "2007-03-02",
        "country": null,
        "datasetName": "Atta",
        "publisher": "Instituto Nacional de Biodiversidad (INBio), Costa Rica",
        "license": "CC0_1_0",
        "issues": [
          "IDENTIFIED_DATE_INVALID",
          "CONTINENT_DERIVED_FROM_COORDINATES",
          "CONTINENT_INVALID",
          "INSTITUTION_MATCH_FUZZY",
          "COLLECTION_MATCH_NONE",
          "TAXON_ID_NOT_FOUND"
        ],
        "fallback_media": {
          "url": "http://www.boldsystems.org/pics/MHPAC/BioBot11319-BB048377+1281634066.JPG",
          "references": "http://bins.boldsystems.org/index.php/Public_RecordView?processid=MHPAF813-11",
          "title": "MHPAF813-11 Fruit",
          "creator": null,
          "publisher": null,
          "license": "http://creativecommons.org/licenses/by-nc-sa/4.0/",
          "rightsHolder": null
        }
      }
    },
    {
      "type": "Feature",
      "geometry": {
        "type": "Point",
        "coordinates": [
          -83.86,
          10.192806
        ]
      },
      "properties": {
        "gbifID": "1253901849",
        "species": "Witheringia meiantha",
        "genus": "Witheringia",
        "family": "Solanaceae",
        "scientificName": "Witheringia meiantha (Donn.Sm.) Hunz.",
        "coordinateUncertaintyInMeters": "",
        "basisOfRecord": "PRESERVED_SPECIMEN",
        "eventDate": "2007-06-01",
        "country": null,
        "datasetName": "Atta",
        "publisher": "Instituto Nacional de Biodiversidad (INBio), Costa Rica",
        "license": "CC0_1_0",
        "issues": [
          "IDENTIFIED_DATE_INVALID",
          "COORDINATE_ROUNDED",
          "CONTINENT_DERIVED_FROM_COORDINATES",
          "CONTINENT_INVALID",
          "INSTITUTION_MATCH_FUZZY",
          "COLLECTION_MATCH_NONE",
          "TAXON_ID_NOT_FOUND"
        ],
        "fallback_media": {
          "url": "http://www.boldsystems.org/pics/MHPAC/BioBot11319-BB048377+1281634066.JPG",
          "references": "http://bins.boldsystems.org/index.php/Public_RecordView?processid=MHPAF813-11",
          "title": "MHPAF813-11 Fruit",
          "creator": null,
          "publisher": null,
          "license": "http://creativecommons.org/licenses/by-nc-sa/4.0/",
          "rightsHolder": null
        }
      }
    },
    {
      "type": "Feature",
      "geometry": {
        "type": "Point",
        "coordinates": [
          -85.033333,
          10.716667
        ]
      },
      "properties": {
        "gbifID": "1253666250",
        "species": "Witheringia meiantha",
        "genus": "Witheringia",
        "family": "Solanaceae",
        "scientificName": "Witheringia meiantha (Donn.Sm.) Hunz.",
        "coordinateUncertaintyInMeters": "",
        "basisOfRecord": "PRESERVED_SPECIMEN",
        "eventDate": "2000-02-09",
        "country": null,
        "datasetName": "Atta",
        "publisher": "Instituto Nacional de Biodiversidad (INBio), Costa Rica",
        "license": "CC0_1_0",
        "issues": [
          "IDENTIFIED_DATE_INVALID",
          "COORDINATE_ROUNDED",
          "CONTINENT_DERIVED_FROM_COORDINATES",
          "CONTINENT_INVALID",
          "INSTITUTION_MATCH_FUZZY",
          "COLLECTION_MATCH_NONE",
          "TAXON_ID_NOT_FOUND"
        ],
        "fallback_media": {
          "url": "http://www.boldsystems.org/pics/MHPAC/BioBot11319-BB048377+1281634066.JPG",
          "references": "http://bins.boldsystems.org/index.php/Public_RecordView?processid=MHPAF813-11",
          "title": "MHPAF813-11 Fruit",
          "creator": null,
          "publisher": null,
          "license": "http://creativecommons.org/licenses/by-nc-sa/4.0/",
          "rightsHolder": null
        }
      }
    },
    {
      "type": "Feature",
      "geometry": {
        "type": "Point",
        "coordinates": [
          -82.952016,
          9.137677
        ]
      },
      "properties": {
        "gbifID": "1253734314",
        "species": "Witheringia meiantha",
        "genus": "Witheringia",
        "family": "Solanaceae",
        "scientificName": "Witheringia meiantha (Donn.Sm.) Hunz.",
        "coordinateUncertaintyInMeters": "",
        "basisOfRecord": "PRESERVED_SPECIMEN",
        "eventDate": "2000-10-10",
        "country": null,
        "datasetName": "Atta",
        "publisher": "Instituto Nacional de Biodiversidad (INBio), Costa Rica",
        "license": "CC0_1_0",
        "issues": [
          "IDENTIFIED_DATE_INVALID",
          "COORDINATE_ROUNDED",
          "CONTINENT_DERIVED_FROM_COORDINATES",
          "CONTINENT_INVALID",
          "INSTITUTION_MATCH_FUZZY",
          "COLLECTION_MATCH_NONE",
          "TAXON_ID_NOT_FOUND"
        ],
        "fallback_media": {
          "url": "http://www.boldsystems.org/pics/MHPAC/BioBot11319-BB048377+1281634066.JPG",
          "references": "http://bins.boldsystems.org/index.php/Public_RecordView?processid=MHPAF813-11",
          "title": "MHPAF813-11 Fruit",
          "creator": null,
          "publisher": null,
          "license": "http://creativecommons.org/licenses/by-nc-sa/4.0/",
          "rightsHolder": null
        }
      }
    },
    {
      "type": "Feature",
      "geometry": {
        "type": "Point",
        "coordinates": [
          -84.244944,
          10.141528
        ]
      },
      "properties": {
        "gbifID": "1253894175",
        "species": "Witheringia meiantha",
        "genus": "Witheringia",
        "family": "Solanaceae",
        "scientificName": "Witheringia meiantha (Donn.Sm.) Hunz.",
        "coordinateUncertaintyInMeters": "",
        "basisOfRecord": "PRESERVED_SPECIMEN",
        "eventDate": "2010-04-22",
        "country": null,
        "datasetName": "Atta",
        "publisher": "Instituto Nacional de Biodiversidad (INBio), Costa Rica",
        "license": "CC0_1_0",
        "issues": [
          "IDENTIFIED_DATE_INVALID",
          "COORDINATE_ROUNDED",
          "CONTINENT_DERIVED_FROM_COORDINATES",
          "CONTINENT_INVALID",
          "INSTITUTION_MATCH_FUZZY",
          "COLLECTION_MATCH_NONE",
          "TAXON_ID_NOT_FOUND"
        ],
        "fallback_media": {
          "url": "http://www.boldsystems.org/pics/MHPAC/BioBot11319-BB048377+1281634066.JPG",
          "references": "http://bins.boldsystems.org/index.php/Public_RecordView?processid=MHPAF813-11",
          "title": "MHPAF813-11 Fruit",
          "creator": null,
          "publisher": null,
          "license": "http://creativecommons.org/licenses/by-nc-sa/4.0/",
          "rightsHolder": null
        }
      }
    },
    {
      "type": "Feature",
      "geometry": {
        "type": "Point",
        "coordinates": [
          -84.113889,
          10.094444
        ]
      },
      "properties": {
        "gbifID": "1253642745",
        "species": "Witheringia meiantha",
        "genus": "Witheringia",
        "family": "Solanaceae",
        "scientificName": "Witheringia meiantha (Donn.Sm.) Hunz.",
        "coordinateUncertaintyInMeters": "",
        "basisOfRecord": "PRESERVED_SPECIMEN",
        "eventDate": "1990-05-26",
        "country": null,
        "datasetName": "Atta",
        "publisher": "Instituto Nacional de Biodiversidad (INBio), Costa Rica",
        "license": "CC0_1_0",
        "issues": [
          "IDENTIFIED_DATE_INVALID",
          "COORDINATE_ROUNDED",
          "CONTINENT_DERIVED_FROM_COORDINATES",
          "CONTINENT_INVALID",
          "INSTITUTION_MATCH_FUZZY",
          "COLLECTION_MATCH_NONE",
          "TAXON_ID_NOT_FOUND"
        ],
        "fallback_media": {
          "url": "http://www.boldsystems.org/pics/MHPAC/BioBot11319-BB048377+1281634066.JPG",
          "references": "http://bins.boldsystems.org/index.php/Public_RecordView?processid=MHPAF813-11",
          "title": "MHPAF813-11 Fruit",
          "creator": null,
          "publisher": null,
          "license": "http://creativecommons.org/licenses/by-nc-sa/4.0/",
          "rightsHolder": null
        }
      }
    },
    {
      "type": "Feature",
      "geometry": {
        "type": "Point",
        "coordinates": [
          -83.973611,
          10.388333
        ]
      },
      "properties": {
        "gbifID": "1253823567",
        "species": "Witheringia meiantha",
        "genus": "Witheringia",
        "family": "Solanaceae",
        "scientificName": "Witheringia meiantha (Donn.Sm.) Hunz.",
        "coordinateUncertaintyInMeters": "",
        "basisOfRecord": "PRESERVED_SPECIMEN",
        "eventDate": "2006-10-19",
        "country": null,
        "datasetName": "Atta",
        "publisher": "Instituto Nacional de Biodiversidad (INBio), Costa Rica",
        "license": "CC0_1_0",
        "issues": [
          "IDENTIFIED_DATE_INVALID",
          "COORDINATE_ROUNDED",
          "CONTINENT_DERIVED_FROM_COORDINATES",
          "CONTINENT_INVALID",
          "INSTITUTION_MATCH_FUZZY",
          "COLLECTION_MATCH_NONE",
          "TAXON_ID_NOT_FOUND"
        ],
        "fallback_media": {
          "url": "http://www.boldsystems.org/pics/MHPAC/BioBot11319-BB048377+1281634066.JPG",
          "references": "http://bins.boldsystems.org/index.php/Public_RecordView?processid=MHPAF813-11",
          "title": "MHPAF813-11 Fruit",
          "creator": null,
          "publisher": null,
          "license": "http://creativecommons.org/licenses/by-nc-sa/4.0/",
          "rightsHolder": null
        }
      }
    },
    {
      "type": "Feature",
      "geometry": {
        "type": "Point",
        "coordinates": [
          -83.234444,
          9.354167
        ]
      },
      "properties": {
        "gbifID": "1253847227",
        "species": "Witheringia meiantha",
        "genus": "Witheringia",
        "family": "Solanaceae",
        "scientificName": "Witheringia meiantha (Donn.Sm.) Hunz.",
        "coordinateUncertaintyInMeters": "",
        "basisOfRecord": "PRESERVED_SPECIMEN",
        "eventDate": "2007-02-20",
        "country": null,
        "datasetName": "Atta",
        "publisher": "Instituto Nacional de Biodiversidad (INBio), Costa Rica",
        "license": "CC0_1_0",
        "issues": [
          "IDENTIFIED_DATE_INVALID",
          "COORDINATE_ROUNDED",
          "CONTINENT_DERIVED_FROM_COORDINATES",
          "CONTINENT_INVALID",
          "INSTITUTION_MATCH_FUZZY",
          "COLLECTION_MATCH_NONE",
          "TAXON_ID_NOT_FOUND"
        ],
        "fallback_media": {
          "url": "http://www.boldsystems.org/pics/MHPAC/BioBot11319-BB048377+1281634066.JPG",
          "references": "http://bins.boldsystems.org/index.php/Public_RecordView?processid=MHPAF813-11",
          "title": "MHPAF813-11 Fruit",
          "creator": null,
          "publisher": null,
          "license": "http://creativecommons.org/licenses/by-nc-sa/4.0/",
          "rightsHolder": null
        }
      }
    },
    {
      "type": "Feature",
      "geometry": {
        "type": "Point",
        "coordinates": [
          -82.836111,
          8.954167
        ]
      },
      "properties": {
        "gbifID": "1253662626",
        "species": "Witheringia meiantha",
        "genus": "Witheringia",
        "family": "Solanaceae",
        "scientificName": "Witheringia meiantha (Donn.Sm.) Hunz.",
        "coordinateUncertaintyInMeters": "",
        "basisOfRecord": "PRESERVED_SPECIMEN",
        "eventDate": "1999-06-27",
        "country": null,
        "datasetName": "Atta",
        "publisher": "Instituto Nacional de Biodiversidad (INBio), Costa Rica",
        "license": "CC0_1_0",
        "issues": [
          "IDENTIFIED_DATE_INVALID",
          "COORDINATE_ROUNDED",
          "CONTINENT_DERIVED_FROM_COORDINATES",
          "CONTINENT_INVALID",
          "INSTITUTION_MATCH_FUZZY",
          "COLLECTION_MATCH_NONE",
          "TAXON_ID_NOT_FOUND"
        ],
        "fallback_media": {
          "url": "http://www.boldsystems.org/pics/MHPAC/BioBot11319-BB048377+1281634066.JPG",
          "references": "http://bins.boldsystems.org/index.php/Public_RecordView?processid=MHPAF813-11",
          "title": "MHPAF813-11 Fruit",
          "creator": null,
          "publisher": null,
          "license": "http://creativecommons.org/licenses/by-nc-sa/4.0/",
          "rightsHolder": null
        }
      }
    },
    {
      "type": "Feature",
      "geometry": {
        "type": "Point",
        "coordinates": [
          -83.278758,
          9.622819
        ]
      },
      "properties": {
        "gbifID": "1253853996",
        "species": "Witheringia meiantha",
        "genus": "Witheringia",
        "family": "Solanaceae",
        "scientificName": "Witheringia meiantha (Donn.Sm.) Hunz.",
        "coordinateUncertaintyInMeters": "",
        "basisOfRecord": "PRESERVED_SPECIMEN",
        "eventDate": "2007-07-27",
        "country": null,
        "datasetName": "Atta",
        "publisher": "Instituto Nacional de Biodiversidad (INBio), Costa Rica",
        "license": "CC0_1_0",
        "issues": [
          "IDENTIFIED_DATE_INVALID",
          "COORDINATE_ROUNDED",
          "CONTINENT_DERIVED_FROM_COORDINATES",
          "CONTINENT_INVALID",
          "INSTITUTION_MATCH_FUZZY",
          "COLLECTION_MATCH_NONE",
          "TAXON_ID_NOT_FOUND"
        ],
        "fallback_media": {
          "url": "http://www.boldsystems.org/pics/MHPAC/BioBot11319-BB048377+1281634066.JPG",
          "references": "http://bins.boldsystems.org/index.php/Public_RecordView?processid=MHPAF813-11",
          "title": "MHPAF813-11 Fruit",
          "creator": null,
          "publisher": null,
          "license": "http://creativecommons.org/licenses/by-nc-sa/4.0/",
          "rightsHolder": null
        }
      }
    },
    {
      "type": "Feature",
      "geometry": {
        "type": "Point",
        "coordinates": [
          -83.437874,
          9.928915
        ]
      },
      "properties": {
        "gbifID": "1253726011",
        "species": "Witheringia meiantha",
        "genus": "Witheringia",
        "family": "Solanaceae",
        "scientificName": "Witheringia meiantha (Donn.Sm.) Hunz.",
        "coordinateUncertaintyInMeters": "",
        "basisOfRecord": "PRESERVED_SPECIMEN",
        "eventDate": "2000-09-22",
        "country": null,
        "datasetName": "Atta",
        "publisher": "Instituto Nacional de Biodiversidad (INBio), Costa Rica",
        "license": "CC0_1_0",
        "issues": [
          "IDENTIFIED_DATE_INVALID",
          "COORDINATE_ROUNDED",
          "CONTINENT_DERIVED_FROM_COORDINATES",
          "CONTINENT_INVALID",
          "INSTITUTION_MATCH_FUZZY",
          "COLLECTION_MATCH_NONE",
          "TAXON_ID_NOT_FOUND"
        ],
        "fallback_media": {
          "url": "http://www.boldsystems.org/pics/MHPAC/BioBot11319-BB048377+1281634066.JPG",
          "references": "http://bins.boldsystems.org/index.php/Public_RecordView?processid=MHPAF813-11",
          "title": "MHPAF813-11 Fruit",
          "creator": null,
          "publisher": null,
          "license": "http://creativecommons.org/licenses/by-nc-sa/4.0/",
          "rightsHolder": null
        }
      }
    },
    {
      "type": "Feature",
      "geometry": {
        "type": "Point",
        "coordinates": [
          -85.401389,
          10.880556
        ]
      },
      "properties": {
        "gbifID": "1253633394",
        "species": "Witheringia meiantha",
        "genus": "Witheringia",
        "family": "Solanaceae",
        "scientificName": "Witheringia meiantha (Donn.Sm.) Hunz.",
        "coordinateUncertaintyInMeters": "",
        "basisOfRecord": "PRESERVED_SPECIMEN",
        "eventDate": "1995-01-30",
        "country": null,
        "datasetName": "Atta",
        "publisher": "Instituto Nacional de Biodiversidad (INBio), Costa Rica",
        "license": "CC0_1_0",
        "issues": [
          "IDENTIFIED_DATE_INVALID",
          "COORDINATE_ROUNDED",
          "CONTINENT_DERIVED_FROM_COORDINATES",
          "CONTINENT_INVALID",
          "INSTITUTION_MATCH_FUZZY",
          "COLLECTION_MATCH_NONE",
          "TAXON_ID_NOT_FOUND"
        ],
        "fallback_media": {
          "url": "http://www.boldsystems.org/pics/MHPAC/BioBot11319-BB048377+1281634066.JPG",
          "references": "http://bins.boldsystems.org/index.php/Public_RecordView?processid=MHPAF813-11",
          "title": "MHPAF813-11 Fruit",
          "creator": null,
          "publisher": null,
          "license": "http://creativecommons.org/licenses/by-nc-sa/4.0/",
          "rightsHolder": null
        }
      }
    },
    {
      "type": "Feature",
      "geometry": {
        "type": "Point",
        "coordinates": [
          -84.766667,
          10.246111
        ]
      },
      "properties": {
        "gbifID": "1253615069",
        "species": "Witheringia meiantha",
        "genus": "Witheringia",
        "family": "Solanaceae",
        "scientificName": "Witheringia meiantha (Donn.Sm.) Hunz.",
        "coordinateUncertaintyInMeters": "",
        "basisOfRecord": "PRESERVED_SPECIMEN",
        "eventDate": "1993-08-24",
        "country": null,
        "datasetName": "Atta",
        "publisher": "Instituto Nacional de Biodiversidad (INBio), Costa Rica",
        "license": "CC0_1_0",
        "issues": [
          "IDENTIFIED_DATE_INVALID",
          "COORDINATE_ROUNDED",
          "CONTINENT_DERIVED_FROM_COORDINATES",
          "CONTINENT_INVALID",
          "INSTITUTION_MATCH_FUZZY",
          "COLLECTION_MATCH_NONE",
          "TAXON_ID_NOT_FOUND"
        ],
        "fallback_media": {
          "url": "http://www.boldsystems.org/pics/MHPAC/BioBot11319-BB048377+1281634066.JPG",
          "references": "http://bins.boldsystems.org/index.php/Public_RecordView?processid=MHPAF813-11",
          "title": "MHPAF813-11 Fruit",
          "creator": null,
          "publisher": null,
          "license": "http://creativecommons.org/licenses/by-nc-sa/4.0/",
          "rightsHolder": null
        }
      }
    },
    {
      "type": "Feature",
      "geometry": {
        "type": "Point",
        "coordinates": [
          -83.316667,
          9.75
        ]
      },
      "properties": {
        "gbifID": "1253635471",
        "species": "Witheringia meiantha",
        "genus": "Witheringia",
        "family": "Solanaceae",
        "scientificName": "Witheringia meiantha (Donn.Sm.) Hunz.",
        "coordinateUncertaintyInMeters": "",
        "basisOfRecord": "PRESERVED_SPECIMEN",
        "eventDate": "1995-08-16",
        "country": null,
        "datasetName": "Atta",
        "publisher": "Instituto Nacional de Biodiversidad (INBio), Costa Rica",
        "license": "CC0_1_0",
        "issues": [
          "IDENTIFIED_DATE_INVALID",
          "COORDINATE_ROUNDED",
          "CONTINENT_DERIVED_FROM_COORDINATES",
          "CONTINENT_INVALID",
          "INSTITUTION_MATCH_FUZZY",
          "COLLECTION_MATCH_NONE",
          "TAXON_ID_NOT_FOUND"
        ],
        "fallback_media": {
          "url": "http://www.boldsystems.org/pics/MHPAC/BioBot11319-BB048377+1281634066.JPG",
          "references": "http://bins.boldsystems.org/index.php/Public_RecordView?processid=MHPAF813-11",
          "title": "MHPAF813-11 Fruit",
          "creator": null,
          "publisher": null,
          "license": "http://creativecommons.org/licenses/by-nc-sa/4.0/",
          "rightsHolder": null
        }
      }
    },
    {
      "type": "Feature",
      "geometry": {
        "type": "Point",
        "coordinates": [
          -84.106111,
          10.089444
        ]
      },
      "properties": {
        "gbifID": "1253790411",
        "species": "Witheringia meiantha",
        "genus": "Witheringia",
        "family": "Solanaceae",
        "scientificName": "Witheringia meiantha (Donn.Sm.) Hunz.",
        "coordinateUncertaintyInMeters": "",
        "basisOfRecord": "PRESERVED_SPECIMEN",
        "eventDate": "2003-02-23",
        "country": null,
        "datasetName": "Atta",
        "publisher": "Instituto Nacional de Biodiversidad (INBio), Costa Rica",
        "license": "CC0_1_0",
        "issues": [
          "IDENTIFIED_DATE_INVALID",
          "COORDINATE_ROUNDED",
          "CONTINENT_DERIVED_FROM_COORDINATES",
          "CONTINENT_INVALID",
          "INSTITUTION_MATCH_FUZZY",
          "COLLECTION_MATCH_NONE",
          "TAXON_ID_NOT_FOUND"
        ],
        "fallback_media": {
          "url": "http://www.boldsystems.org/pics/MHPAC/BioBot11319-BB048377+1281634066.JPG",
          "references": "http://bins.boldsystems.org/index.php/Public_RecordView?processid=MHPAF813-11",
          "title": "MHPAF813-11 Fruit",
          "creator": null,
          "publisher": null,
          "license": "http://creativecommons.org/licenses/by-nc-sa/4.0/",
          "rightsHolder": null
        }
      }
    },
    {
      "type": "Feature",
      "geometry": {
        "type": "Point",
        "coordinates": [
          -85.474,
          10.883
        ]
      },
      "properties": {
        "gbifID": "2250947548",
        "species": "Witheringia meiantha",
        "genus": "Witheringia",
        "family": "Solanaceae",
        "scientificName": "Witheringia meiantha (Donn.Sm.) Hunz.",
        "coordinateUncertaintyInMeters": "",
        "basisOfRecord": "MATERIAL_SAMPLE",
        "eventDate": "2010-07-31",
        "country": null,
        "datasetName": "",
        "publisher": "The International Barcode of Life Consortium",
        "license": "CC_BY_4_0",
        "issues": [
          "COUNTRY_DERIVED_FROM_COORDINATES",
          "GEODETIC_DATUM_ASSUMED_WGS84",
          "CONTINENT_DERIVED_FROM_COORDINATES",
          "INSTITUTION_MATCH_NONE"
        ],
        "media": [
          {
            "url": "http://www.boldsystems.org/pics/MHPAC/BioBot11319-BB048377+1281634066.JPG",
            "references": "http://bins.boldsystems.org/index.php/Public_RecordView?processid=MHPAF813-11",
            "title": "MHPAF813-11 Fruit",
            "creator": null,
            "publisher": null,
            "license": "http://creativecommons.org/licenses/by-nc-sa/4.0/",
            "rightsHolder": null
          },
          {
            "url": "http://www.boldsystems.org/pics/MHPAC/BioBot11319-BB048378+1281634066.JPG",
            "references": "http://bins.boldsystems.org/index.php/Public_RecordView?processid=MHPAF813-11",
            "title": "MHPAF813-11 Fruit",
            "creator": null,
            "publisher": null,
            "license": "http://creativecommons.org/licenses/by-nc-sa/4.0/",
            "rightsHolder": null
          },
          {
            "url": "http://www.boldsystems.org/pics/MHPAC/BioBot11319-BB048375+1281634064.JPG",
            "references": "http://bins.boldsystems.org/index.php/Public_RecordView?processid=MHPAF813-11",
            "title": "MHPAF813-11 Leaf",
            "creator": null,
            "publisher": null,
            "license": "http://creativecommons.org/licenses/by-nc-sa/4.0/",
            "rightsHolder": null
          },
          {
            "url": "http://www.boldsystems.org/pics/MHPAC/BioBot11319-BB048376+1281634064.JPG",
            "references": "http://bins.boldsystems.org/index.php/Public_RecordView?processid=MHPAF813-11",
            "title": "MHPAF813-11 Leaf",
            "creator": null,
            "publisher": null,
            "license": "http://creativecommons.org/licenses/by-nc-sa/4.0/",
            "rightsHolder": null
          },
          {
            "url": "http://www.boldsystems.org/pics/MHPAC/BioBot11319-BB048374+1281634064.JPG",
            "references": "http://bins.boldsystems.org/index.php/Public_RecordView?processid=MHPAF813-11",
            "title": "MHPAF813-11 Stem",
            "creator": null,
            "publisher": null,
            "license": "http://creativecommons.org/licenses/by-nc-sa/4.0/",
            "rightsHolder": null
          },
          {
            "url": "http://www.boldsystems.org/pics/MHPAC/BioBot11319-BB048372+1280598600.JPG",
            "references": "http://bins.boldsystems.org/index.php/Public_RecordView?processid=MHPAF813-11",
            "title": "MHPAF813-11 Whole Specimen",
            "creator": null,
            "publisher": null,
            "license": "http://creativecommons.org/licenses/by-nc-sa/4.0/",
            "rightsHolder": null
          },
          {
            "url": "http://www.boldsystems.org/pics/MHPAC/BioBot11319-BB048373+1280598628.JPG",
            "references": "http://bins.boldsystems.org/index.php/Public_RecordView?processid=MHPAF813-11",
            "title": "MHPAF813-11 Whole Specimen",
            "creator": null,
            "publisher": null,
            "license": "http://creativecommons.org/licenses/by-nc-sa/4.0/",
            "rightsHolder": null
          }
        ]
      }
    },
    {
      "type": "Feature",
      "geometry": {
        "type": "Point",
        "coordinates": [
          -93.045556,
          15.821944
        ]
      },
      "properties": {
        "gbifID": "1426112419",
        "species": "Witheringia meiantha",
        "genus": "Witheringia",
        "family": "Solanaceae",
        "scientificName": "Witheringia meiantha (Donn.Sm.) Hunz.",
        "coordinateUncertaintyInMeters": "",
        "basisOfRecord": "PRESERVED_SPECIMEN",
        "eventDate": "2005-07-17",
        "country": null,
        "datasetName": "",
        "publisher": "California Academy of Sciences",
        "license": "CC0_1_0",
        "issues": [
          "COORDINATE_ROUNDED",
          "GEODETIC_DATUM_ASSUMED_WGS84"
        ],
        "media": [
          {
            "url": "https://ibss-images.calacademy.org/static/botany/originals/d8/ea/d8ea1294-defa-4c21-bdf4-8cb4f0aead97.jpg",
            "references": null,
            "title": null,
            "creator": null,
            "publisher": null,
            "license": "http://creativecommons.org/publicdomain/zero/1.0/",
            "rightsHolder": null
          }
        ]
      }
    }
  ]
}
