{
  "type": "FeatureCollection",
  "metadata": {
    "host_taxon": {
      "canonical_name": "Solanum scuticum",
      "rank": "species",
      "family": "Solanaceae",
      "genus": "Solanum",
      "species": "Solanum scuticum",
      "slug": "species_solanum_scuticum",
      "resolvable_to_gbif": true,
      "use_for_default_download": true,
      "association_count": 3,
      "butterfly_taxa": [
        "Dircenna dero",
        "Mechanitis polymnia"
      ],
      "confidence_counts": {
        "medium": 2,
        "high": 1
      },
      "occurrence_file": "occurrences/species_solanum_scuticum.geojson",
      "gbif_resolution": {
        "query": "Solanum scuticum",
        "rank": "species",
        "status": "resolved",
        "gbif_taxon_key": 2932130,
        "accepted_usage_key": null,
        "scientific_name": "Solanum scuticum M.Nee",
        "canonical_name": "Solanum scuticum",
        "gbif_rank": "SPECIES",
        "taxonomic_status": "ACCEPTED",
        "match_type": "EXACT",
        "confidence": 100,
        "kingdom": "Plantae",
        "family": "Solanaceae",
        "genus": "Solanum",
        "resolved_at": "2026-05-21T04:00:45+00:00"
      },
      "gbif_taxon_key": 2932130,
      "gbif_status": "resolved",
      "occurrence_count": 0,
      "occurrence_mode": "not_generated",
      "occurrence_cap": null
    },
    "gbif_resolution": {
      "query": "Solanum scuticum",
      "rank": "species",
      "status": "resolved",
      "gbif_taxon_key": 2932130,
      "accepted_usage_key": null,
      "scientific_name": "Solanum scuticum M.Nee",
      "canonical_name": "Solanum scuticum",
      "gbif_rank": "SPECIES",
      "taxonomic_status": "ACCEPTED",
      "match_type": "EXACT",
      "confidence": 100,
      "kingdom": "Plantae",
      "family": "Solanaceae",
      "genus": "Solanum",
      "resolved_at": "2026-05-21T04:00:45+00:00"
    },
    "occurrence_query": {
      "method": "gbif_download_api",
      "download_key": "0004690-260519110011954",
      "download_doi": "10.15468/dl.s2gcc3",
      "download_doi_url": "https://doi.org/10.15468/dl.s2gcc3",
      "limit": null,
      "dedupe": "Exact duplicate coordinates removed per taxon after DWCA download.",
      "filters": "GBIF Download API DWCA with TAXON_KEY, HAS_COORDINATE=true, HAS_GEOSPATIAL_ISSUE=false, OCCURRENCE_STATUS=PRESENT; app study extent and coordinate uncertainty <=100km applied locally.",
      "returned_unique_coordinate_records": 280
    },
    "scientific_caveat": "GBIF plant occurrences are sampling-biased context records and do not prove local host use or ecological availability for the butterfly.",
    "generated_at": "2026-05-21T15:57:24+00:00"
  },
  "features": [
    {
      "type": "Feature",
      "geometry": {
        "type": "Point",
        "coordinates": [
          -45.0,
          -20.0
        ]
      },
      "properties": {
        "gbifID": "1089191350",
        "species": "Solanum scuticum",
        "genus": "Solanum",
        "family": "Solanaceae",
        "scientificName": "Solanum scuticum M.Nee",
        "coordinateUncertaintyInMeters": "",
        "basisOfRecord": "PRESERVED_SPECIMEN",
        "eventDate": "2006-07-11",
        "country": null,
        "datasetName": "",
        "publisher": "Universidade Federal da Paraíba",
        "license": "CC_BY_4_0",
        "issues": [
          "INSTITUTION_MATCH_FUZZY",
          "INSTITUTION_COLLECTION_MISMATCH"
        ],
        "fallback_media": {
          "url": "https://inaturalist-open-data.s3.amazonaws.com/photos/262858447/original.jpeg",
          "references": "https://www.inaturalist.org/photos/262858447",
          "title": null,
          "creator": "Rony Ristow",
          "publisher": "iNaturalist",
          "license": "http://creativecommons.org/licenses/by/4.0/",
          "rightsHolder": "Rony Ristow"
        }
      }
    },
    {
      "type": "Feature",
      "geometry": {
        "type": "Point",
        "coordinates": [
          -62.45,
          -16.266667
        ]
      },
      "properties": {
        "gbifID": "4031483777",
        "species": "Solanum scuticum",
        "genus": "Solanum",
        "family": "Solanaceae",
        "scientificName": "Solanum scuticum M.Nee",
        "coordinateUncertaintyInMeters": "",
        "basisOfRecord": "PRESERVED_SPECIMEN",
        "eventDate": "1990-12-01",
        "country": null,
        "datasetName": "Tropicos",
        "publisher": "Missouri Botanical Garden",
        "license": "CC_BY_4_0",
        "issues": [
          "OCCURRENCE_STATUS_INFERRED_FROM_INDIVIDUAL_COUNT",
          "COORDINATE_ROUNDED",
          "GEODETIC_DATUM_ASSUMED_WGS84",
          "INSTITUTION_MATCH_FUZZY",
          "COLLECTION_MATCH_NONE",
          "TAXON_ID_NOT_FOUND"
        ],
        "fallback_media": {
          "url": "https://inaturalist-open-data.s3.amazonaws.com/photos/262858447/original.jpeg",
          "references": "https://www.inaturalist.org/photos/262858447",
          "title": null,
          "creator": "Rony Ristow",
          "publisher": "iNaturalist",
          "license": "http://creativecommons.org/licenses/by/4.0/",
          "rightsHolder": "Rony Ristow"
        }
      }
    },
    {
      "type": "Feature",
      "geometry": {
        "type": "Point",
        "coordinates": [
          -62.05,
          -16.13333
        ]
      },
      "properties": {
        "gbifID": "1258760433",
        "species": "Solanum scuticum",
        "genus": "Solanum",
        "family": "Solanaceae",
        "scientificName": "Solanum scuticum M.Nee",
        "coordinateUncertaintyInMeters": "",
        "basisOfRecord": "PRESERVED_SPECIMEN",
        "eventDate": "1986-12-28",
        "country": null,
        "datasetName": "Tropicos",
        "publisher": "Missouri Botanical Garden",
        "license": "CC_BY_4_0",
        "issues": [
          "GEODETIC_DATUM_ASSUMED_WGS84",
          "INSTITUTION_MATCH_FUZZY",
          "COLLECTION_MATCH_NONE",
          "TAXON_ID_NOT_FOUND"
        ],
        "fallback_media": {
          "url": "https://inaturalist-open-data.s3.amazonaws.com/photos/262858447/original.jpeg",
          "references": "https://www.inaturalist.org/photos/262858447",
          "title": null,
          "creator": "Rony Ristow",
          "publisher": "iNaturalist",
          "license": "http://creativecommons.org/licenses/by/4.0/",
          "rightsHolder": "Rony Ristow"
        }
      }
    },
    {
      "type": "Feature",
      "geometry": {
        "type": "Point",
        "coordinates": [
          -62.35,
          -16.28333
        ]
      },
      "properties": {
        "gbifID": "4031459479",
        "species": "Solanum scuticum",
        "genus": "Solanum",
        "family": "Solanaceae",
        "scientificName": "Solanum scuticum M.Nee",
        "coordinateUncertaintyInMeters": "",
        "basisOfRecord": "PRESERVED_SPECIMEN",
        "eventDate": "1995-02-22",
        "country": null,
        "datasetName": "Tropicos",
        "publisher": "Missouri Botanical Garden",
        "license": "CC_BY_4_0",
        "issues": [
          "GEODETIC_DATUM_ASSUMED_WGS84",
          "INSTITUTION_MATCH_FUZZY",
          "COLLECTION_MATCH_NONE",
          "TAXON_ID_NOT_FOUND"
        ],
        "fallback_media": {
          "url": "https://inaturalist-open-data.s3.amazonaws.com/photos/262858447/original.jpeg",
          "references": "https://www.inaturalist.org/photos/262858447",
          "title": null,
          "creator": "Rony Ristow",
          "publisher": "iNaturalist",
          "license": "http://creativecommons.org/licenses/by/4.0/",
          "rightsHolder": "Rony Ristow"
        }
      }
    },
    {
      "type": "Feature",
      "geometry": {
        "type": "Point",
        "coordinates": [
          -47.934137,
          -22.662983
        ]
      },
      "properties": {
        "gbifID": "4031790879",
        "species": "Solanum scuticum",
        "genus": "Solanum",
        "family": "Solanaceae",
        "scientificName": "Solanum scuticum M.Nee",
        "coordinateUncertaintyInMeters": "",
        "basisOfRecord": "PRESERVED_SPECIMEN",
        "eventDate": "2016-07-20",
        "country": null,
        "datasetName": "Tropicos",
        "publisher": "Missouri Botanical Garden",
        "license": "CC_BY_4_0",
        "issues": [
          "OCCURRENCE_STATUS_INFERRED_FROM_INDIVIDUAL_COUNT",
          "COORDINATE_ROUNDED",
          "GEODETIC_DATUM_ASSUMED_WGS84",
          "INSTITUTION_MATCH_FUZZY",
          "COLLECTION_MATCH_NONE",
          "TAXON_ID_NOT_FOUND"
        ],
        "fallback_media": {
          "url": "https://inaturalist-open-data.s3.amazonaws.com/photos/262858447/original.jpeg",
          "references": "https://www.inaturalist.org/photos/262858447",
          "title": null,
          "creator": "Rony Ristow",
          "publisher": "iNaturalist",
          "license": "http://creativecommons.org/licenses/by/4.0/",
          "rightsHolder": "Rony Ristow"
        }
      }
    },
    {
      "type": "Feature",
      "geometry": {
        "type": "Point",
        "coordinates": [
          -70.86583,
          -8.51805
        ]
      },
      "properties": {
        "gbifID": "1260363809",
        "species": "Solanum scuticum",
        "genus": "Solanum",
        "family": "Solanaceae",
        "scientificName": "Solanum scuticum M.Nee",
        "coordinateUncertaintyInMeters": "",
        "basisOfRecord": "PRESERVED_SPECIMEN",
        "eventDate": "1995-11-30",
        "country": null,
        "datasetName": "Tropicos",
        "publisher": "Missouri Botanical Garden",
        "license": "CC_BY_4_0",
        "issues": [
          "GEODETIC_DATUM_ASSUMED_WGS84",
          "INSTITUTION_MATCH_FUZZY",
          "COLLECTION_MATCH_NONE",
          "TAXON_ID_NOT_FOUND"
        ],
        "media": [
          {
            "url": "https://images.mobot.org/tropicosimages3/detailimages/TropicosImageVol3/100449000/653450DD-3BE7-4EF3-ACC9-84FE0901D7FD.jpg",
            "references": "https://www.tropicos.org/ImageFullView.aspx?imageid=100449813",
            "title": "Oliveira - 684 - Brazil",
            "creator": "MBG",
            "publisher": null,
            "license": "http://creativecommons.org/licenses/by-nc-sa/3.0/",
            "rightsHolder": "MBG"
          }
        ]
      }
    },
    {
      "type": "Feature",
      "geometry": {
        "type": "Point",
        "coordinates": [
          -48.33333,
          -15.5
        ]
      },
      "properties": {
        "gbifID": "1260368739",
        "species": "Solanum scuticum",
        "genus": "Solanum",
        "family": "Solanaceae",
        "scientificName": "Solanum scuticum M.Nee",
        "coordinateUncertaintyInMeters": "",
        "basisOfRecord": "PRESERVED_SPECIMEN",
        "eventDate": "1990-08-21",
        "country": null,
        "datasetName": "Tropicos",
        "publisher": "Missouri Botanical Garden",
        "license": "CC_BY_4_0",
        "issues": [
          "GEODETIC_DATUM_ASSUMED_WGS84",
          "INSTITUTION_MATCH_FUZZY",
          "COLLECTION_MATCH_NONE",
          "TAXON_ID_NOT_FOUND"
        ],
        "media": [
          {
            "url": "https://images.mobot.org/tropicosimages3/detailimages/TropicosImageVol3/100449000/FE359F4F-D583-407A-AB17-5E320A5B64D3.jpg",
            "references": "https://www.tropicos.org/ImageFullView.aspx?imageid=100449814",
            "title": "Vieira - 419 - Brazil",
            "creator": "MBG",
            "publisher": null,
            "license": "http://creativecommons.org/licenses/by-nc-sa/3.0/",
            "rightsHolder": "MBG"
          }
        ]
      }
    },
    {
      "type": "Feature",
      "geometry": {
        "type": "Point",
        "coordinates": [
          -42.61666,
          -19.73333
        ]
      },
      "properties": {
        "gbifID": "1260372820",
        "species": "Solanum scuticum",
        "genus": "Solanum",
        "family": "Solanaceae",
        "scientificName": "Solanum scuticum M.Nee",
        "coordinateUncertaintyInMeters": "",
        "basisOfRecord": "PRESERVED_SPECIMEN",
        "eventDate": "1975-09-24",
        "country": null,
        "datasetName": "Tropicos",
        "publisher": "Missouri Botanical Garden",
        "license": "CC_BY_4_0",
        "issues": [
          "GEODETIC_DATUM_ASSUMED_WGS84",
          "INSTITUTION_MATCH_FUZZY",
          "COLLECTION_MATCH_NONE",
          "TAXON_ID_NOT_FOUND"
        ],
        "media": [
          {
            "url": "https://images.mobot.org/tropicosimages3/detailimages/TropicosImageVol3/100449000/3BE1B7AC-B7AF-4E84-8C36-97F7744BA2C7.jpg",
            "references": "https://www.tropicos.org/ImageFullView.aspx?imageid=100449921",
            "title": "Heringer - 15211 - Brazil",
            "creator": "MBG",
            "publisher": null,
            "license": "http://creativecommons.org/licenses/by-nc-sa/3.0/",
            "rightsHolder": "MBG"
          }
        ]
      }
    },
    {
      "type": "Feature",
      "geometry": {
        "type": "Point",
        "coordinates": [
          -58.46555,
          -18.965
        ]
      },
      "properties": {
        "gbifID": "4031983376",
        "species": "Solanum scuticum",
        "genus": "Solanum",
        "family": "Solanaceae",
        "scientificName": "Solanum scuticum M.Nee",
        "coordinateUncertaintyInMeters": "",
        "basisOfRecord": "PRESERVED_SPECIMEN",
        "eventDate": "1998-11-10",
        "country": null,
        "datasetName": "Tropicos",
        "publisher": "Missouri Botanical Garden",
        "license": "CC_BY_4_0",
        "issues": [
          "GEODETIC_DATUM_ASSUMED_WGS84",
          "INSTITUTION_MATCH_FUZZY",
          "COLLECTION_MATCH_NONE",
          "TAXON_ID_NOT_FOUND"
        ],
        "fallback_media": {
          "url": "https://inaturalist-open-data.s3.amazonaws.com/photos/262858447/original.jpeg",
          "references": "https://www.inaturalist.org/photos/262858447",
          "title": null,
          "creator": "Rony Ristow",
          "publisher": "iNaturalist",
          "license": "http://creativecommons.org/licenses/by/4.0/",
          "rightsHolder": "Rony Ristow"
        }
      }
    },
    {
      "type": "Feature",
      "geometry": {
        "type": "Point",
        "coordinates": [
          -56.719,
          -21.1181
        ]
      },
      "properties": {
        "gbifID": "1702825786",
        "species": "Solanum scuticum",
        "genus": "Solanum",
        "family": "Solanaceae",
        "scientificName": "Solanum scuticum M.Nee",
        "coordinateUncertaintyInMeters": "",
        "basisOfRecord": "PRESERVED_SPECIMEN",
        "eventDate": "2017-08-29",
        "country": null,
        "datasetName": "NMNH Extant Biology",
        "publisher": "National Museum of Natural History, Smithsonian Institution",
        "license": "CC0_1_0",
        "issues": [
          "OCCURRENCE_STATUS_INFERRED_FROM_INDIVIDUAL_COUNT",
          "GEODETIC_DATUM_ASSUMED_WGS84"
        ],
        "media": [
          {
            "url": "https://collections.nmnh.si.edu/media/?i=14219508&h=2000",
            "references": null,
            "title": "03456308.tif",
            "creator": "Ingrid P. Lin",
            "publisher": "Smithsonian Institution, NMNH, Botany",
            "license": "http://creativecommons.org/publicdomain/zero/1.0/",
            "rightsHolder": null
          },
          {
            "url": "https://collections.nmnh.si.edu/media/?i=12674531&h=2000",
            "references": null,
            "title": "Acevedo 16537 (4)",
            "creator": "Acevedo, P.",
            "publisher": "Smithsonian Institution, NMNH, Botany",
            "license": "http://creativecommons.org/publicdomain/zero/1.0/",
            "rightsHolder": null
          },
          {
            "url": "https://collections.nmnh.si.edu/media/?i=12674528&h=2000",
            "references": null,
            "title": "Acevedo 16537",
            "creator": "Acevedo, P.",
            "publisher": "Smithsonian Institution, NMNH, Botany",
            "license": "http://creativecommons.org/publicdomain/zero/1.0/",
            "rightsHolder": null
          },
          {
            "url": "https://collections.nmnh.si.edu/media/?i=12674530&h=2000",
            "references": null,
            "title": "Acevedo 16537 (2)",
            "creator": "Acevedo, P.",
            "publisher": "Smithsonian Institution, NMNH, Botany",
            "license": "http://creativecommons.org/publicdomain/zero/1.0/",
            "rightsHolder": null
          }
        ]
      }
    },
    {
      "type": "Feature",
      "geometry": {
        "type": "Point",
        "coordinates": [
          -58.250833,
          -9.920833
        ]
      },
      "properties": {
        "gbifID": "4162765545",
        "species": "Solanum scuticum",
        "genus": "Solanum",
        "family": "Solanaceae",
        "scientificName": "Solanum scuticum M.Nee",
        "coordinateUncertaintyInMeters": "",
        "basisOfRecord": "PRESERVED_SPECIMEN",
        "eventDate": "2015-12-21",
        "country": null,
        "datasetName": "",
        "publisher": "Instituto de Pesquisas Jardim Botanico do Rio de Janeiro",
        "license": "CC_BY_4_0",
        "issues": [
          "IDENTIFIED_DATE_INVALID",
          "COORDINATE_ROUNDED",
          "GEODETIC_DATUM_ASSUMED_WGS84",
          "CONTINENT_DERIVED_FROM_COORDINATES",
          "INSTITUTION_MATCH_FUZZY",
          "COLLECTION_MATCH_FUZZY"
        ],
        "fallback_media": {
          "url": "https://inaturalist-open-data.s3.amazonaws.com/photos/262858447/original.jpeg",
          "references": "https://www.inaturalist.org/photos/262858447",
          "title": null,
          "creator": "Rony Ristow",
          "publisher": "iNaturalist",
          "license": "http://creativecommons.org/licenses/by/4.0/",
          "rightsHolder": "Rony Ristow"
        }
      }
    },
    {
      "type": "Feature",
      "geometry": {
        "type": "Point",
        "coordinates": [
          -43.900278,
          -19.949167
        ]
      },
      "properties": {
        "gbifID": "4162765956",
        "species": "Solanum scuticum",
        "genus": "Solanum",
        "family": "Solanaceae",
        "scientificName": "Solanum scuticum M.Nee",
        "coordinateUncertaintyInMeters": "",
        "basisOfRecord": "PRESERVED_SPECIMEN",
        "eventDate": "2005-05-25",
        "country": null,
        "datasetName": "",
        "publisher": "Instituto de Pesquisas Jardim Botanico do Rio de Janeiro",
        "license": "CC_BY_4_0",
        "issues": [
          "COORDINATE_ROUNDED",
          "GEODETIC_DATUM_ASSUMED_WGS84",
          "CONTINENT_DERIVED_FROM_COORDINATES",
          "INSTITUTION_MATCH_FUZZY",
          "COLLECTION_MATCH_FUZZY"
        ],
        "fallback_media": {
          "url": "https://inaturalist-open-data.s3.amazonaws.com/photos/262858447/original.jpeg",
          "references": "https://www.inaturalist.org/photos/262858447",
          "title": null,
          "creator": "Rony Ristow",
          "publisher": "iNaturalist",
          "license": "http://creativecommons.org/licenses/by/4.0/",
          "rightsHolder": "Rony Ristow"
        }
      }
    },
    {
      "type": "Feature",
      "geometry": {
        "type": "Point",
        "coordinates": [
          -48.011111,
          -15.906389
        ]
      },
      "properties": {
        "gbifID": "4162767223",
        "species": "Solanum scuticum",
        "genus": "Solanum",
        "family": "Solanaceae",
        "scientificName": "Solanum scuticum M.Nee",
        "coordinateUncertaintyInMeters": "",
        "basisOfRecord": "PRESERVED_SPECIMEN",
        "eventDate": "1965-08-11",
        "country": null,
        "datasetName": "",
        "publisher": "Instituto de Pesquisas Jardim Botanico do Rio de Janeiro",
        "license": "CC_BY_4_0",
        "issues": [
          "RECORDED_DATE_INVALID",
          "COORDINATE_ROUNDED",
          "GEODETIC_DATUM_ASSUMED_WGS84",
          "CONTINENT_DERIVED_FROM_COORDINATES",
          "INSTITUTION_MATCH_FUZZY",
          "COLLECTION_MATCH_FUZZY"
        ],
        "fallback_media": {
          "url": "https://inaturalist-open-data.s3.amazonaws.com/photos/262858447/original.jpeg",
          "references": "https://www.inaturalist.org/photos/262858447",
          "title": null,
          "creator": "Rony Ristow",
          "publisher": "iNaturalist",
          "license": "http://creativecommons.org/licenses/by/4.0/",
          "rightsHolder": "Rony Ristow"
        }
      }
    },
    {
      "type": "Feature",
      "geometry": {
        "type": "Point",
        "coordinates": [
          -46.631667,
          -23.913333
        ]
      },
      "properties": {
        "gbifID": "4162767877",
        "species": "Solanum scuticum",
        "genus": "Solanum",
        "family": "Solanaceae",
        "scientificName": "Solanum scuticum M.Nee",
        "coordinateUncertaintyInMeters": "",
        "basisOfRecord": "PRESERVED_SPECIMEN",
        "eventDate": "2009-01-05",
        "country": null,
        "datasetName": "",
        "publisher": "Instituto de Pesquisas Jardim Botanico do Rio de Janeiro",
        "license": "CC_BY_4_0",
        "issues": [
          "RECORDED_DATE_INVALID",
          "IDENTIFIED_DATE_INVALID",
          "COORDINATE_ROUNDED",
          "GEODETIC_DATUM_ASSUMED_WGS84",
          "CONTINENT_DERIVED_FROM_COORDINATES",
          "INSTITUTION_MATCH_FUZZY",
          "COLLECTION_MATCH_FUZZY"
        ],
        "fallback_media": {
          "url": "https://inaturalist-open-data.s3.amazonaws.com/photos/262858447/original.jpeg",
          "references": "https://www.inaturalist.org/photos/262858447",
          "title": null,
          "creator": "Rony Ristow",
          "publisher": "iNaturalist",
          "license": "http://creativecommons.org/licenses/by/4.0/",
          "rightsHolder": "Rony Ristow"
        }
      }
    },
    {
      "type": "Feature",
      "geometry": {
        "type": "Point",
        "coordinates": [
          -41.111389,
          -20.516111
        ]
      },
      "properties": {
        "gbifID": "4439767808",
        "species": "Solanum scuticum",
        "genus": "Solanum",
        "family": "Solanaceae",
        "scientificName": "Solanum scuticum M.Nee",
        "coordinateUncertaintyInMeters": "",
        "basisOfRecord": "PRESERVED_SPECIMEN",
        "eventDate": "2008-07-19",
        "country": null,
        "datasetName": "",
        "publisher": "Instituto de Pesquisas Jardim Botanico do Rio de Janeiro",
        "license": "CC_BY_4_0",
        "issues": [
          "COORDINATE_ROUNDED",
          "GEODETIC_DATUM_ASSUMED_WGS84",
          "CONTINENT_DERIVED_FROM_COORDINATES",
          "INSTITUTION_MATCH_FUZZY",
          "COLLECTION_MATCH_FUZZY"
        ],
        "fallback_media": {
          "url": "https://inaturalist-open-data.s3.amazonaws.com/photos/262858447/original.jpeg",
          "references": "https://www.inaturalist.org/photos/262858447",
          "title": null,
          "creator": "Rony Ristow",
          "publisher": "iNaturalist",
          "license": "http://creativecommons.org/licenses/by/4.0/",
          "rightsHolder": "Rony Ristow"
        }
      }
    },
    {
      "type": "Feature",
      "geometry": {
        "type": "Point",
        "coordinates": [
          -56.916667,
          -17.25
        ]
      },
      "properties": {
        "gbifID": "1094279102",
        "species": "Solanum scuticum",
        "genus": "Solanum",
        "family": "Solanaceae",
        "scientificName": "Solanum scuticum M.Nee",
        "coordinateUncertaintyInMeters": "",
        "basisOfRecord": "PRESERVED_SPECIMEN",
        "eventDate": "1985-10-26",
        "country": null,
        "datasetName": "",
        "publisher": "Centro de Ensino São Lucas",
        "license": "CC_BY_4_0",
        "issues": [
          "INSTITUTION_MATCH_FUZZY",
          "INSTITUTION_COLLECTION_MISMATCH"
        ],
        "fallback_media": {
          "url": "https://inaturalist-open-data.s3.amazonaws.com/photos/262858447/original.jpeg",
          "references": "https://www.inaturalist.org/photos/262858447",
          "title": null,
          "creator": "Rony Ristow",
          "publisher": "iNaturalist",
          "license": "http://creativecommons.org/licenses/by/4.0/",
          "rightsHolder": "Rony Ristow"
        }
      }
    },
    {
      "type": "Feature",
      "geometry": {
        "type": "Point",
        "coordinates": [
          -51.717222,
          -17.923056
        ]
      },
      "properties": {
        "gbifID": "4439738357",
        "species": "Solanum scuticum",
        "genus": "Solanum",
        "family": "Solanaceae",
        "scientificName": "Solanum scuticum M.Nee",
        "coordinateUncertaintyInMeters": "",
        "basisOfRecord": "PRESERVED_SPECIMEN",
        "eventDate": "2001-11-16",
        "country": null,
        "datasetName": "",
        "publisher": "Instituto de Pesquisas Jardim Botanico do Rio de Janeiro",
        "license": "CC_BY_4_0",
        "issues": [
          "IDENTIFIED_DATE_INVALID",
          "COORDINATE_ROUNDED",
          "GEODETIC_DATUM_ASSUMED_WGS84",
          "CONTINENT_DERIVED_FROM_COORDINATES",
          "INSTITUTION_MATCH_FUZZY",
          "COLLECTION_MATCH_FUZZY"
        ],
        "fallback_media": {
          "url": "https://inaturalist-open-data.s3.amazonaws.com/photos/262858447/original.jpeg",
          "references": "https://www.inaturalist.org/photos/262858447",
          "title": null,
          "creator": "Rony Ristow",
          "publisher": "iNaturalist",
          "license": "http://creativecommons.org/licenses/by/4.0/",
          "rightsHolder": "Rony Ristow"
        }
      }
    },
    {
      "type": "Feature",
      "geometry": {
        "type": "Point",
        "coordinates": [
          -51.711944,
          -17.900278
        ]
      },
      "properties": {
        "gbifID": "4439743600",
        "species": "Solanum scuticum",
        "genus": "Solanum",
        "family": "Solanaceae",
        "scientificName": "Solanum scuticum M.Nee",
        "coordinateUncertaintyInMeters": "",
        "basisOfRecord": "PRESERVED_SPECIMEN",
        "eventDate": "2001-12-14",
        "country": null,
        "datasetName": "",
        "publisher": "Instituto de Pesquisas Jardim Botanico do Rio de Janeiro",
        "license": "CC_BY_4_0",
        "issues": [
          "IDENTIFIED_DATE_INVALID",
          "COORDINATE_ROUNDED",
          "GEODETIC_DATUM_ASSUMED_WGS84",
          "CONTINENT_DERIVED_FROM_COORDINATES",
          "INSTITUTION_MATCH_FUZZY",
          "COLLECTION_MATCH_FUZZY"
        ],
        "fallback_media": {
          "url": "https://inaturalist-open-data.s3.amazonaws.com/photos/262858447/original.jpeg",
          "references": "https://www.inaturalist.org/photos/262858447",
          "title": null,
          "creator": "Rony Ristow",
          "publisher": "iNaturalist",
          "license": "http://creativecommons.org/licenses/by/4.0/",
          "rightsHolder": "Rony Ristow"
        }
      }
    },
    {
      "type": "Feature",
      "geometry": {
        "type": "Point",
        "coordinates": [
          -51.714444,
          -17.881389
        ]
      },
      "properties": {
        "gbifID": "4439740990",
        "species": "Solanum scuticum",
        "genus": "Solanum",
        "family": "Solanaceae",
        "scientificName": "Solanum scuticum M.Nee",
        "coordinateUncertaintyInMeters": "",
        "basisOfRecord": "PRESERVED_SPECIMEN",
        "eventDate": "1998-09-23",
        "country": null,
        "datasetName": "",
        "publisher": "Instituto de Pesquisas Jardim Botanico do Rio de Janeiro",
        "license": "CC_BY_4_0",
        "issues": [
          "IDENTIFIED_DATE_INVALID",
          "COORDINATE_ROUNDED",
          "GEODETIC_DATUM_ASSUMED_WGS84",
          "CONTINENT_DERIVED_FROM_COORDINATES",
          "INSTITUTION_MATCH_FUZZY",
          "COLLECTION_MATCH_FUZZY"
        ],
        "fallback_media": {
          "url": "https://inaturalist-open-data.s3.amazonaws.com/photos/262858447/original.jpeg",
          "references": "https://www.inaturalist.org/photos/262858447",
          "title": null,
          "creator": "Rony Ristow",
          "publisher": "iNaturalist",
          "license": "http://creativecommons.org/licenses/by/4.0/",
          "rightsHolder": "Rony Ristow"
        }
      }
    },
    {
      "type": "Feature",
      "geometry": {
        "type": "Point",
        "coordinates": [
          -46.780556,
          -11.804722
        ]
      },
      "properties": {
        "gbifID": "4439741244",
        "species": "Solanum scuticum",
        "genus": "Solanum",
        "family": "Solanaceae",
        "scientificName": "Solanum scuticum M.Nee",
        "coordinateUncertaintyInMeters": "",
        "basisOfRecord": "PRESERVED_SPECIMEN",
        "eventDate": "2009-02-09",
        "country": null,
        "datasetName": "",
        "publisher": "Instituto de Pesquisas Jardim Botanico do Rio de Janeiro",
        "license": "CC_BY_4_0",
        "issues": [
          "RECORDED_DATE_INVALID",
          "IDENTIFIED_DATE_INVALID",
          "COORDINATE_ROUNDED",
          "GEODETIC_DATUM_ASSUMED_WGS84",
          "CONTINENT_DERIVED_FROM_COORDINATES",
          "INSTITUTION_MATCH_FUZZY",
          "COLLECTION_MATCH_FUZZY"
        ],
        "fallback_media": {
          "url": "https://inaturalist-open-data.s3.amazonaws.com/photos/262858447/original.jpeg",
          "references": "https://www.inaturalist.org/photos/262858447",
          "title": null,
          "creator": "Rony Ristow",
          "publisher": "iNaturalist",
          "license": "http://creativecommons.org/licenses/by/4.0/",
          "rightsHolder": "Rony Ristow"
        }
      }
    },
    {
      "type": "Feature",
      "geometry": {
        "type": "Point",
        "coordinates": [
          -52.381944,
          -24.054167
        ]
      },
      "properties": {
        "gbifID": "2996410764",
        "species": "Solanum scuticum",
        "genus": "Solanum",
        "family": "Solanaceae",
        "scientificName": "Solanum scuticum M.Nee",
        "coordinateUncertaintyInMeters": "",
        "basisOfRecord": "PRESERVED_SPECIMEN",
        "eventDate": "2011-10-24",
        "country": null,
        "datasetName": "",
        "publisher": "Instituto de Pesquisas Jardim Botanico do Rio de Janeiro",
        "license": "CC_BY_4_0",
        "issues": [
          "COORDINATE_ROUNDED",
          "GEODETIC_DATUM_ASSUMED_WGS84",
          "CONTINENT_DERIVED_FROM_COORDINATES",
          "INSTITUTION_MATCH_FUZZY",
          "COLLECTION_MATCH_FUZZY"
        ],
        "fallback_media": {
          "url": "https://inaturalist-open-data.s3.amazonaws.com/photos/262858447/original.jpeg",
          "references": "https://www.inaturalist.org/photos/262858447",
          "title": null,
          "creator": "Rony Ristow",
          "publisher": "iNaturalist",
          "license": "http://creativecommons.org/licenses/by/4.0/",
          "rightsHolder": "Rony Ristow"
        }
      }
    },
    {
      "type": "Feature",
      "geometry": {
        "type": "Point",
        "coordinates": [
          -51.946389,
          -24.373889
        ]
      },
      "properties": {
        "gbifID": "2996399433",
        "species": "Solanum scuticum",
        "genus": "Solanum",
        "family": "Solanaceae",
        "scientificName": "Solanum scuticum M.Nee",
        "coordinateUncertaintyInMeters": "",
        "basisOfRecord": "PRESERVED_SPECIMEN",
        "eventDate": "2015-12-02",
        "country": null,
        "datasetName": "",
        "publisher": "Instituto de Pesquisas Jardim Botanico do Rio de Janeiro",
        "license": "CC_BY_4_0",
        "issues": [
          "RECORDED_DATE_INVALID",
          "COORDINATE_ROUNDED",
          "GEODETIC_DATUM_ASSUMED_WGS84",
          "CONTINENT_DERIVED_FROM_COORDINATES",
          "INSTITUTION_MATCH_FUZZY",
          "COLLECTION_MATCH_FUZZY"
        ],
        "fallback_media": {
          "url": "https://inaturalist-open-data.s3.amazonaws.com/photos/262858447/original.jpeg",
          "references": "https://www.inaturalist.org/photos/262858447",
          "title": null,
          "creator": "Rony Ristow",
          "publisher": "iNaturalist",
          "license": "http://creativecommons.org/licenses/by/4.0/",
          "rightsHolder": "Rony Ristow"
        }
      }
    },
    {
      "type": "Feature",
      "geometry": {
        "type": "Point",
        "coordinates": [
          -46.253889,
          -20.813889
        ]
      },
      "properties": {
        "gbifID": "2996408767",
        "species": "Solanum scuticum",
        "genus": "Solanum",
        "family": "Solanaceae",
        "scientificName": "Solanum scuticum M.Nee",
        "coordinateUncertaintyInMeters": "",
        "basisOfRecord": "PRESERVED_SPECIMEN",
        "eventDate": "2013-08-16",
        "country": null,
        "datasetName": "",
        "publisher": "Instituto de Pesquisas Jardim Botanico do Rio de Janeiro",
        "license": "CC_BY_4_0",
        "issues": [
          "COORDINATE_ROUNDED",
          "GEODETIC_DATUM_ASSUMED_WGS84",
          "CONTINENT_DERIVED_FROM_COORDINATES",
          "INSTITUTION_MATCH_FUZZY",
          "COLLECTION_MATCH_FUZZY"
        ],
        "fallback_media": {
          "url": "https://inaturalist-open-data.s3.amazonaws.com/photos/262858447/original.jpeg",
          "references": "https://www.inaturalist.org/photos/262858447",
          "title": null,
          "creator": "Rony Ristow",
          "publisher": "iNaturalist",
          "license": "http://creativecommons.org/licenses/by/4.0/",
          "rightsHolder": "Rony Ristow"
        }
      }
    },
    {
      "type": "Feature",
      "geometry": {
        "type": "Point",
        "coordinates": [
          -52.844167,
          -24.4275
        ]
      },
      "properties": {
        "gbifID": "2996404844",
        "species": "Solanum scuticum",
        "genus": "Solanum",
        "family": "Solanaceae",
        "scientificName": "Solanum scuticum M.Nee",
        "coordinateUncertaintyInMeters": "",
        "basisOfRecord": "PRESERVED_SPECIMEN",
        "eventDate": "2015-04-10",
        "country": null,
        "datasetName": "",
        "publisher": "Instituto de Pesquisas Jardim Botanico do Rio de Janeiro",
        "license": "CC_BY_4_0",
        "issues": [
          "RECORDED_DATE_INVALID",
          "COORDINATE_ROUNDED",
          "GEODETIC_DATUM_ASSUMED_WGS84",
          "CONTINENT_DERIVED_FROM_COORDINATES",
          "INSTITUTION_MATCH_FUZZY",
          "COLLECTION_MATCH_FUZZY"
        ],
        "fallback_media": {
          "url": "https://inaturalist-open-data.s3.amazonaws.com/photos/262858447/original.jpeg",
          "references": "https://www.inaturalist.org/photos/262858447",
          "title": null,
          "creator": "Rony Ristow",
          "publisher": "iNaturalist",
          "license": "http://creativecommons.org/licenses/by/4.0/",
          "rightsHolder": "Rony Ristow"
        }
      }
    },
    {
      "type": "Feature",
      "geometry": {
        "type": "Point",
        "coordinates": [
          -54.334167,
          -24.86
        ]
      },
      "properties": {
        "gbifID": "4999796015",
        "species": "Solanum scuticum",
        "genus": "Solanum",
        "family": "Solanaceae",
        "scientificName": "Solanum scuticum M.Nee",
        "coordinateUncertaintyInMeters": "",
        "basisOfRecord": "PRESERVED_SPECIMEN",
        "eventDate": "2021-08-04",
        "country": null,
        "datasetName": "",
        "publisher": "Instituto de Pesquisas Jardim Botanico do Rio de Janeiro",
        "license": "CC_BY_4_0",
        "issues": [
          "RECORDED_DATE_INVALID",
          "IDENTIFIED_DATE_INVALID",
          "COORDINATE_ROUNDED",
          "GEODETIC_DATUM_ASSUMED_WGS84",
          "CONTINENT_DERIVED_FROM_COORDINATES",
          "INSTITUTION_MATCH_FUZZY",
          "COLLECTION_MATCH_FUZZY"
        ],
        "fallback_media": {
          "url": "https://inaturalist-open-data.s3.amazonaws.com/photos/262858447/original.jpeg",
          "references": "https://www.inaturalist.org/photos/262858447",
          "title": null,
          "creator": "Rony Ristow",
          "publisher": "iNaturalist",
          "license": "http://creativecommons.org/licenses/by/4.0/",
          "rightsHolder": "Rony Ristow"
        }
      }
    },
    {
      "type": "Feature",
      "geometry": {
        "type": "Point",
        "coordinates": [
          -42.622222,
          -19.560278
        ]
      },
      "properties": {
        "gbifID": "4999798208",
        "species": "Solanum scuticum",
        "genus": "Solanum",
        "family": "Solanaceae",
        "scientificName": "Solanum scuticum M.Nee",
        "coordinateUncertaintyInMeters": "",
        "basisOfRecord": "PRESERVED_SPECIMEN",
        "eventDate": "",
        "country": null,
        "datasetName": "",
        "publisher": "Instituto de Pesquisas Jardim Botanico do Rio de Janeiro",
        "license": "CC_BY_4_0",
        "issues": [
          "IDENTIFIED_DATE_INVALID",
          "COORDINATE_ROUNDED",
          "GEODETIC_DATUM_ASSUMED_WGS84",
          "CONTINENT_DERIVED_FROM_COORDINATES",
          "INSTITUTION_MATCH_FUZZY",
          "COLLECTION_MATCH_FUZZY"
        ],
        "fallback_media": {
          "url": "https://inaturalist-open-data.s3.amazonaws.com/photos/262858447/original.jpeg",
          "references": "https://www.inaturalist.org/photos/262858447",
          "title": null,
          "creator": "Rony Ristow",
          "publisher": "iNaturalist",
          "license": "http://creativecommons.org/licenses/by/4.0/",
          "rightsHolder": "Rony Ristow"
        }
      }
    },
    {
      "type": "Feature",
      "geometry": {
        "type": "Point",
        "coordinates": [
          -53.248333,
          -23.234167
        ]
      },
      "properties": {
        "gbifID": "2996406328",
        "species": "Solanum scuticum",
        "genus": "Solanum",
        "family": "Solanaceae",
        "scientificName": "Solanum scuticum M.Nee",
        "coordinateUncertaintyInMeters": "",
        "basisOfRecord": "PRESERVED_SPECIMEN",
        "eventDate": "2012-03-02",
        "country": null,
        "datasetName": "",
        "publisher": "Instituto de Pesquisas Jardim Botanico do Rio de Janeiro",
        "license": "CC_BY_4_0",
        "issues": [
          "RECORDED_DATE_INVALID",
          "COORDINATE_ROUNDED",
          "GEODETIC_DATUM_ASSUMED_WGS84",
          "CONTINENT_DERIVED_FROM_COORDINATES",
          "INSTITUTION_MATCH_FUZZY",
          "COLLECTION_MATCH_FUZZY"
        ],
        "fallback_media": {
          "url": "https://inaturalist-open-data.s3.amazonaws.com/photos/262858447/original.jpeg",
          "references": "https://www.inaturalist.org/photos/262858447",
          "title": null,
          "creator": "Rony Ristow",
          "publisher": "iNaturalist",
          "license": "http://creativecommons.org/licenses/by/4.0/",
          "rightsHolder": "Rony Ristow"
        }
      }
    },
    {
      "type": "Feature",
      "geometry": {
        "type": "Point",
        "coordinates": [
          -43.127222,
          -20.264444
        ]
      },
      "properties": {
        "gbifID": "2996410793",
        "species": "Solanum scuticum",
        "genus": "Solanum",
        "family": "Solanaceae",
        "scientificName": "Solanum scuticum M.Nee",
        "coordinateUncertaintyInMeters": "",
        "basisOfRecord": "PRESERVED_SPECIMEN",
        "eventDate": "2018-10-09",
        "country": null,
        "datasetName": "",
        "publisher": "Instituto de Pesquisas Jardim Botanico do Rio de Janeiro",
        "license": "CC_BY_4_0",
        "issues": [
          "RECORDED_DATE_INVALID",
          "COORDINATE_ROUNDED",
          "GEODETIC_DATUM_ASSUMED_WGS84",
          "CONTINENT_DERIVED_FROM_COORDINATES",
          "INSTITUTION_MATCH_FUZZY",
          "COLLECTION_MATCH_FUZZY"
        ],
        "fallback_media": {
          "url": "https://inaturalist-open-data.s3.amazonaws.com/photos/262858447/original.jpeg",
          "references": "https://www.inaturalist.org/photos/262858447",
          "title": null,
          "creator": "Rony Ristow",
          "publisher": "iNaturalist",
          "license": "http://creativecommons.org/licenses/by/4.0/",
          "rightsHolder": "Rony Ristow"
        }
      }
    },
    {
      "type": "Feature",
      "geometry": {
        "type": "Point",
        "coordinates": [
          -47.837222,
          -24.885278
        ]
      },
      "properties": {
        "gbifID": "2996413742",
        "species": "Solanum scuticum",
        "genus": "Solanum",
        "family": "Solanaceae",
        "scientificName": "Solanum scuticum M.Nee",
        "coordinateUncertaintyInMeters": "",
        "basisOfRecord": "PRESERVED_SPECIMEN",
        "eventDate": "2012-04-30",
        "country": null,
        "datasetName": "",
        "publisher": "Instituto de Pesquisas Jardim Botanico do Rio de Janeiro",
        "license": "CC_BY_4_0",
        "issues": [
          "COORDINATE_ROUNDED",
          "GEODETIC_DATUM_ASSUMED_WGS84",
          "CONTINENT_DERIVED_FROM_COORDINATES",
          "INSTITUTION_MATCH_FUZZY",
          "COLLECTION_MATCH_FUZZY"
        ],
        "fallback_media": {
          "url": "https://inaturalist-open-data.s3.amazonaws.com/photos/262858447/original.jpeg",
          "references": "https://www.inaturalist.org/photos/262858447",
          "title": null,
          "creator": "Rony Ristow",
          "publisher": "iNaturalist",
          "license": "http://creativecommons.org/licenses/by/4.0/",
          "rightsHolder": "Rony Ristow"
        }
      }
    },
    {
      "type": "Feature",
      "geometry": {
        "type": "Point",
        "coordinates": [
          -48.387222,
          -25.176667
        ]
      },
      "properties": {
        "gbifID": "2996395178",
        "species": "Solanum scuticum",
        "genus": "Solanum",
        "family": "Solanaceae",
        "scientificName": "Solanum scuticum M.Nee",
        "coordinateUncertaintyInMeters": "",
        "basisOfRecord": "PRESERVED_SPECIMEN",
        "eventDate": "2014-03-24",
        "country": null,
        "datasetName": "",
        "publisher": "Instituto de Pesquisas Jardim Botanico do Rio de Janeiro",
        "license": "CC_BY_4_0",
        "issues": [
          "COORDINATE_ROUNDED",
          "GEODETIC_DATUM_ASSUMED_WGS84",
          "CONTINENT_DERIVED_FROM_COORDINATES",
          "INSTITUTION_MATCH_FUZZY",
          "COLLECTION_MATCH_FUZZY"
        ],
        "fallback_media": {
          "url": "https://inaturalist-open-data.s3.amazonaws.com/photos/262858447/original.jpeg",
          "references": "https://www.inaturalist.org/photos/262858447",
          "title": null,
          "creator": "Rony Ristow",
          "publisher": "iNaturalist",
          "license": "http://creativecommons.org/licenses/by/4.0/",
          "rightsHolder": "Rony Ristow"
        }
      }
    },
    {
      "type": "Feature",
      "geometry": {
        "type": "Point",
        "coordinates": [
          -52.391944,
          -24.026389
        ]
      },
      "properties": {
        "gbifID": "2996401638",
        "species": "Solanum scuticum",
        "genus": "Solanum",
        "family": "Solanaceae",
        "scientificName": "Solanum scuticum M.Nee",
        "coordinateUncertaintyInMeters": "",
        "basisOfRecord": "PRESERVED_SPECIMEN",
        "eventDate": "2017-10-01",
        "country": null,
        "datasetName": "",
        "publisher": "Instituto de Pesquisas Jardim Botanico do Rio de Janeiro",
        "license": "CC_BY_4_0",
        "issues": [
          "RECORDED_DATE_INVALID",
          "IDENTIFIED_DATE_INVALID",
          "COORDINATE_ROUNDED",
          "GEODETIC_DATUM_ASSUMED_WGS84",
          "CONTINENT_DERIVED_FROM_COORDINATES",
          "INSTITUTION_MATCH_FUZZY",
          "COLLECTION_MATCH_FUZZY"
        ],
        "fallback_media": {
          "url": "https://inaturalist-open-data.s3.amazonaws.com/photos/262858447/original.jpeg",
          "references": "https://www.inaturalist.org/photos/262858447",
          "title": null,
          "creator": "Rony Ristow",
          "publisher": "iNaturalist",
          "license": "http://creativecommons.org/licenses/by/4.0/",
          "rightsHolder": "Rony Ristow"
        }
      }
    },
    {
      "type": "Feature",
      "geometry": {
        "type": "Point",
        "coordinates": [
          -48.469444,
          -25.676944
        ]
      },
      "properties": {
        "gbifID": "2996413343",
        "species": "Solanum scuticum",
        "genus": "Solanum",
        "family": "Solanaceae",
        "scientificName": "Solanum scuticum M.Nee",
        "coordinateUncertaintyInMeters": "",
        "basisOfRecord": "PRESERVED_SPECIMEN",
        "eventDate": "2012-05-19",
        "country": null,
        "datasetName": "",
        "publisher": "Instituto de Pesquisas Jardim Botanico do Rio de Janeiro",
        "license": "CC_BY_4_0",
        "issues": [
          "COORDINATE_ROUNDED",
          "GEODETIC_DATUM_ASSUMED_WGS84",
          "CONTINENT_DERIVED_FROM_COORDINATES",
          "INSTITUTION_MATCH_FUZZY",
          "COLLECTION_MATCH_FUZZY"
        ],
        "fallback_media": {
          "url": "https://inaturalist-open-data.s3.amazonaws.com/photos/262858447/original.jpeg",
          "references": "https://www.inaturalist.org/photos/262858447",
          "title": null,
          "creator": "Rony Ristow",
          "publisher": "iNaturalist",
          "license": "http://creativecommons.org/licenses/by/4.0/",
          "rightsHolder": "Rony Ristow"
        }
      }
    },
    {
      "type": "Feature",
      "geometry": {
        "type": "Point",
        "coordinates": [
          -50.809722,
          -23.887222
        ]
      },
      "properties": {
        "gbifID": "2996415733",
        "species": "Solanum scuticum",
        "genus": "Solanum",
        "family": "Solanaceae",
        "scientificName": "Solanum scuticum M.Nee",
        "coordinateUncertaintyInMeters": "",
        "basisOfRecord": "PRESERVED_SPECIMEN",
        "eventDate": "2014-09-18",
        "country": null,
        "datasetName": "",
        "publisher": "Instituto de Pesquisas Jardim Botanico do Rio de Janeiro",
        "license": "CC_BY_4_0",
        "issues": [
          "COORDINATE_ROUNDED",
          "GEODETIC_DATUM_ASSUMED_WGS84",
          "CONTINENT_DERIVED_FROM_COORDINATES",
          "INSTITUTION_MATCH_FUZZY",
          "COLLECTION_MATCH_FUZZY"
        ],
        "fallback_media": {
          "url": "https://inaturalist-open-data.s3.amazonaws.com/photos/262858447/original.jpeg",
          "references": "https://www.inaturalist.org/photos/262858447",
          "title": null,
          "creator": "Rony Ristow",
          "publisher": "iNaturalist",
          "license": "http://creativecommons.org/licenses/by/4.0/",
          "rightsHolder": "Rony Ristow"
        }
      }
    },
    {
      "type": "Feature",
      "geometry": {
        "type": "Point",
        "coordinates": [
          -43.195278,
          -23.070833
        ]
      },
      "properties": {
        "gbifID": "4526428872",
        "species": "Solanum scuticum",
        "genus": "Solanum",
        "family": "Solanaceae",
        "scientificName": "Solanum scuticum M.Nee",
        "coordinateUncertaintyInMeters": "",
        "basisOfRecord": "PRESERVED_SPECIMEN",
        "eventDate": "2012-03-06",
        "country": null,
        "datasetName": "",
        "publisher": "Instituto de Pesquisas Jardim Botanico do Rio de Janeiro",
        "license": "CC_BY_4_0",
        "issues": [
          "COORDINATE_ROUNDED",
          "GEODETIC_DATUM_ASSUMED_WGS84",
          "CONTINENT_DERIVED_FROM_COORDINATES",
          "INSTITUTION_MATCH_NONE",
          "TAXON_ID_NOT_FOUND"
        ],
        "fallback_media": {
          "url": "https://inaturalist-open-data.s3.amazonaws.com/photos/262858447/original.jpeg",
          "references": "https://www.inaturalist.org/photos/262858447",
          "title": null,
          "creator": "Rony Ristow",
          "publisher": "iNaturalist",
          "license": "http://creativecommons.org/licenses/by/4.0/",
          "rightsHolder": "Rony Ristow"
        }
      }
    },
    {
      "type": "Feature",
      "geometry": {
        "type": "Point",
        "coordinates": [
          -48.45,
          -14.603611
        ]
      },
      "properties": {
        "gbifID": "2997846206",
        "species": "Solanum scuticum",
        "genus": "Solanum",
        "family": "Solanaceae",
        "scientificName": "Solanum scuticum M.Nee",
        "coordinateUncertaintyInMeters": "",
        "basisOfRecord": "PRESERVED_SPECIMEN",
        "eventDate": "",
        "country": null,
        "datasetName": "",
        "publisher": "Instituto de Pesquisas Jardim Botanico do Rio de Janeiro",
        "license": "CC_BY_4_0",
        "issues": [
          "COORDINATE_ROUNDED",
          "GEODETIC_DATUM_ASSUMED_WGS84",
          "CONTINENT_DERIVED_FROM_COORDINATES",
          "INSTITUTION_MATCH_FUZZY",
          "COLLECTION_MATCH_FUZZY",
          "TAXON_MATCH_HIGHERRANK"
        ],
        "fallback_media": {
          "url": "https://inaturalist-open-data.s3.amazonaws.com/photos/262858447/original.jpeg",
          "references": "https://www.inaturalist.org/photos/262858447",
          "title": null,
          "creator": "Rony Ristow",
          "publisher": "iNaturalist",
          "license": "http://creativecommons.org/licenses/by/4.0/",
          "rightsHolder": "Rony Ristow"
        }
      }
    },
    {
      "type": "Feature",
      "geometry": {
        "type": "Point",
        "coordinates": [
          -63.45,
          -12.07
        ]
      },
      "properties": {
        "gbifID": "2997370192",
        "species": "Solanum scuticum",
        "genus": "Solanum",
        "family": "Solanaceae",
        "scientificName": "Solanum scuticum M.Nee",
        "coordinateUncertaintyInMeters": "",
        "basisOfRecord": "PRESERVED_SPECIMEN",
        "eventDate": "1987-03-26",
        "country": null,
        "datasetName": "",
        "publisher": "Instituto de Pesquisas Jardim Botanico do Rio de Janeiro",
        "license": "CC_BY_4_0",
        "issues": [
          "GEODETIC_DATUM_ASSUMED_WGS84",
          "CONTINENT_DERIVED_FROM_COORDINATES",
          "INSTITUTION_MATCH_FUZZY",
          "COLLECTION_MATCH_FUZZY",
          "TAXON_MATCH_HIGHERRANK"
        ],
        "fallback_media": {
          "url": "https://inaturalist-open-data.s3.amazonaws.com/photos/262858447/original.jpeg",
          "references": "https://www.inaturalist.org/photos/262858447",
          "title": null,
          "creator": "Rony Ristow",
          "publisher": "iNaturalist",
          "license": "http://creativecommons.org/licenses/by/4.0/",
          "rightsHolder": "Rony Ristow"
        }
      }
    },
    {
      "type": "Feature",
      "geometry": {
        "type": "Point",
        "coordinates": [
          -47.929444,
          -15.779722
        ]
      },
      "properties": {
        "gbifID": "2997865214",
        "species": "Solanum scuticum",
        "genus": "Solanum",
        "family": "Solanaceae",
        "scientificName": "Solanum scuticum M.Nee",
        "coordinateUncertaintyInMeters": "",
        "basisOfRecord": "PRESERVED_SPECIMEN",
        "eventDate": "",
        "country": null,
        "datasetName": "",
        "publisher": "Instituto de Pesquisas Jardim Botanico do Rio de Janeiro",
        "license": "CC_BY_4_0",
        "issues": [
          "COORDINATE_ROUNDED",
          "GEODETIC_DATUM_ASSUMED_WGS84",
          "CONTINENT_DERIVED_FROM_COORDINATES",
          "INSTITUTION_MATCH_FUZZY",
          "COLLECTION_MATCH_FUZZY",
          "TAXON_MATCH_HIGHERRANK"
        ],
        "fallback_media": {
          "url": "https://inaturalist-open-data.s3.amazonaws.com/photos/262858447/original.jpeg",
          "references": "https://www.inaturalist.org/photos/262858447",
          "title": null,
          "creator": "Rony Ristow",
          "publisher": "iNaturalist",
          "license": "http://creativecommons.org/licenses/by/4.0/",
          "rightsHolder": "Rony Ristow"
        }
      }
    },
    {
      "type": "Feature",
      "geometry": {
        "type": "Point",
        "coordinates": [
          -48.661667,
          -26.908056
        ]
      },
      "properties": {
        "gbifID": "2998014939",
        "species": "Solanum scuticum",
        "genus": "Solanum",
        "family": "Solanaceae",
        "scientificName": "Solanum scuticum M.Nee",
        "coordinateUncertaintyInMeters": "",
        "basisOfRecord": "PRESERVED_SPECIMEN",
        "eventDate": "",
        "country": null,
        "datasetName": "",
        "publisher": "Instituto de Pesquisas Jardim Botanico do Rio de Janeiro",
        "license": "CC_BY_4_0",
        "issues": [
          "COORDINATE_ROUNDED",
          "GEODETIC_DATUM_ASSUMED_WGS84",
          "CONTINENT_DERIVED_FROM_COORDINATES",
          "INSTITUTION_MATCH_FUZZY",
          "COLLECTION_MATCH_FUZZY",
          "TAXON_MATCH_HIGHERRANK"
        ],
        "fallback_media": {
          "url": "https://inaturalist-open-data.s3.amazonaws.com/photos/262858447/original.jpeg",
          "references": "https://www.inaturalist.org/photos/262858447",
          "title": null,
          "creator": "Rony Ristow",
          "publisher": "iNaturalist",
          "license": "http://creativecommons.org/licenses/by/4.0/",
          "rightsHolder": "Rony Ristow"
        }
      }
    },
    {
      "type": "Feature",
      "geometry": {
        "type": "Point",
        "coordinates": [
          -48.509167,
          -25.520278
        ]
      },
      "properties": {
        "gbifID": "2997381321",
        "species": "Solanum scuticum",
        "genus": "Solanum",
        "family": "Solanaceae",
        "scientificName": "Solanum scuticum M.Nee",
        "coordinateUncertaintyInMeters": "",
        "basisOfRecord": "PRESERVED_SPECIMEN",
        "eventDate": "",
        "country": null,
        "datasetName": "",
        "publisher": "Instituto de Pesquisas Jardim Botanico do Rio de Janeiro",
        "license": "CC_BY_4_0",
        "issues": [
          "COORDINATE_ROUNDED",
          "GEODETIC_DATUM_ASSUMED_WGS84",
          "CONTINENT_DERIVED_FROM_COORDINATES",
          "INSTITUTION_MATCH_FUZZY",
          "COLLECTION_MATCH_FUZZY",
          "TAXON_MATCH_HIGHERRANK"
        ],
        "fallback_media": {
          "url": "https://inaturalist-open-data.s3.amazonaws.com/photos/262858447/original.jpeg",
          "references": "https://www.inaturalist.org/photos/262858447",
          "title": null,
          "creator": "Rony Ristow",
          "publisher": "iNaturalist",
          "license": "http://creativecommons.org/licenses/by/4.0/",
          "rightsHolder": "Rony Ristow"
        }
      }
    },
    {
      "type": "Feature",
      "geometry": {
        "type": "Point",
        "coordinates": [
          -42.881667,
          -20.754167
        ]
      },
      "properties": {
        "gbifID": "2997850209",
        "species": "Solanum scuticum",
        "genus": "Solanum",
        "family": "Solanaceae",
        "scientificName": "Solanum scuticum M.Nee",
        "coordinateUncertaintyInMeters": "",
        "basisOfRecord": "PRESERVED_SPECIMEN",
        "eventDate": "",
        "country": null,
        "datasetName": "",
        "publisher": "Instituto de Pesquisas Jardim Botanico do Rio de Janeiro",
        "license": "CC_BY_4_0",
        "issues": [
          "COORDINATE_ROUNDED",
          "GEODETIC_DATUM_ASSUMED_WGS84",
          "CONTINENT_DERIVED_FROM_COORDINATES",
          "INSTITUTION_MATCH_FUZZY",
          "COLLECTION_MATCH_FUZZY",
          "TAXON_MATCH_HIGHERRANK"
        ],
        "fallback_media": {
          "url": "https://inaturalist-open-data.s3.amazonaws.com/photos/262858447/original.jpeg",
          "references": "https://www.inaturalist.org/photos/262858447",
          "title": null,
          "creator": "Rony Ristow",
          "publisher": "iNaturalist",
          "license": "http://creativecommons.org/licenses/by/4.0/",
          "rightsHolder": "Rony Ristow"
        }
      }
    },
    {
      "type": "Feature",
      "geometry": {
        "type": "Point",
        "coordinates": [
          -49.273056,
          -25.428056
        ]
      },
      "properties": {
        "gbifID": "2997378344",
        "species": "Solanum scuticum",
        "genus": "Solanum",
        "family": "Solanaceae",
        "scientificName": "Solanum scuticum M.Nee",
        "coordinateUncertaintyInMeters": "",
        "basisOfRecord": "PRESERVED_SPECIMEN",
        "eventDate": "1996-10-02",
        "country": null,
        "datasetName": "",
        "publisher": "Instituto de Pesquisas Jardim Botanico do Rio de Janeiro",
        "license": "CC_BY_4_0",
        "issues": [
          "RECORDED_DATE_INVALID",
          "COORDINATE_ROUNDED",
          "GEODETIC_DATUM_ASSUMED_WGS84",
          "CONTINENT_DERIVED_FROM_COORDINATES",
          "INSTITUTION_MATCH_FUZZY",
          "COLLECTION_MATCH_FUZZY",
          "TAXON_MATCH_HIGHERRANK"
        ],
        "fallback_media": {
          "url": "https://inaturalist-open-data.s3.amazonaws.com/photos/262858447/original.jpeg",
          "references": "https://www.inaturalist.org/photos/262858447",
          "title": null,
          "creator": "Rony Ristow",
          "publisher": "iNaturalist",
          "license": "http://creativecommons.org/licenses/by/4.0/",
          "rightsHolder": "Rony Ristow"
        }
      }
    },
    {
      "type": "Feature",
      "geometry": {
        "type": "Point",
        "coordinates": [
          -48.33,
          -15.5
        ]
      },
      "properties": {
        "gbifID": "2997478772",
        "species": "Solanum scuticum",
        "genus": "Solanum",
        "family": "Solanaceae",
        "scientificName": "Solanum scuticum M.Nee",
        "coordinateUncertaintyInMeters": "",
        "basisOfRecord": "PRESERVED_SPECIMEN",
        "eventDate": "1990-08-21",
        "country": null,
        "datasetName": "",
        "publisher": "Instituto de Pesquisas Jardim Botanico do Rio de Janeiro",
        "license": "CC_BY_4_0",
        "issues": [
          "COORDINATE_ROUNDED",
          "GEODETIC_DATUM_ASSUMED_WGS84",
          "CONTINENT_DERIVED_FROM_COORDINATES",
          "INSTITUTION_MATCH_FUZZY",
          "COLLECTION_MATCH_FUZZY",
          "TAXON_MATCH_HIGHERRANK"
        ],
        "fallback_media": {
          "url": "https://inaturalist-open-data.s3.amazonaws.com/photos/262858447/original.jpeg",
          "references": "https://www.inaturalist.org/photos/262858447",
          "title": null,
          "creator": "Rony Ristow",
          "publisher": "iNaturalist",
          "license": "http://creativecommons.org/licenses/by/4.0/",
          "rightsHolder": "Rony Ristow"
        }
      }
    },
    {
      "type": "Feature",
      "geometry": {
        "type": "Point",
        "coordinates": [
          -40.419167,
          -19.250278
        ]
      },
      "properties": {
        "gbifID": "2997372313",
        "species": "Solanum scuticum",
        "genus": "Solanum",
        "family": "Solanaceae",
        "scientificName": "Solanum scuticum M.Nee",
        "coordinateUncertaintyInMeters": "",
        "basisOfRecord": "PRESERVED_SPECIMEN",
        "eventDate": "2012-06-10",
        "country": null,
        "datasetName": "",
        "publisher": "Instituto de Pesquisas Jardim Botanico do Rio de Janeiro",
        "license": "CC_BY_4_0",
        "issues": [
          "RECORDED_DATE_INVALID",
          "COORDINATE_ROUNDED",
          "GEODETIC_DATUM_ASSUMED_WGS84",
          "CONTINENT_DERIVED_FROM_COORDINATES",
          "INSTITUTION_MATCH_FUZZY",
          "COLLECTION_MATCH_FUZZY",
          "TAXON_MATCH_HIGHERRANK"
        ],
        "fallback_media": {
          "url": "https://inaturalist-open-data.s3.amazonaws.com/photos/262858447/original.jpeg",
          "references": "https://www.inaturalist.org/photos/262858447",
          "title": null,
          "creator": "Rony Ristow",
          "publisher": "iNaturalist",
          "license": "http://creativecommons.org/licenses/by/4.0/",
          "rightsHolder": "Rony Ristow"
        }
      }
    },
    {
      "type": "Feature",
      "geometry": {
        "type": "Point",
        "coordinates": [
          -43.937778,
          -19.920833
        ]
      },
      "properties": {
        "gbifID": "2997495823",
        "species": "Solanum scuticum",
        "genus": "Solanum",
        "family": "Solanaceae",
        "scientificName": "Solanum scuticum M.Nee",
        "coordinateUncertaintyInMeters": "",
        "basisOfRecord": "PRESERVED_SPECIMEN",
        "eventDate": "",
        "country": null,
        "datasetName": "",
        "publisher": "Instituto de Pesquisas Jardim Botanico do Rio de Janeiro",
        "license": "CC_BY_4_0",
        "issues": [
          "COORDINATE_ROUNDED",
          "GEODETIC_DATUM_ASSUMED_WGS84",
          "CONTINENT_DERIVED_FROM_COORDINATES",
          "INSTITUTION_MATCH_FUZZY",
          "COLLECTION_MATCH_FUZZY",
          "TAXON_MATCH_HIGHERRANK"
        ],
        "fallback_media": {
          "url": "https://inaturalist-open-data.s3.amazonaws.com/photos/262858447/original.jpeg",
          "references": "https://www.inaturalist.org/photos/262858447",
          "title": null,
          "creator": "Rony Ristow",
          "publisher": "iNaturalist",
          "license": "http://creativecommons.org/licenses/by/4.0/",
          "rightsHolder": "Rony Ristow"
        }
      }
    },
    {
      "type": "Feature",
      "geometry": {
        "type": "Point",
        "coordinates": [
          -51.278056,
          -23.275833
        ]
      },
      "properties": {
        "gbifID": "2997981956",
        "species": "Solanum scuticum",
        "genus": "Solanum",
        "family": "Solanaceae",
        "scientificName": "Solanum scuticum M.Nee",
        "coordinateUncertaintyInMeters": "",
        "basisOfRecord": "PRESERVED_SPECIMEN",
        "eventDate": "1986-11-14",
        "country": null,
        "datasetName": "",
        "publisher": "Instituto de Pesquisas Jardim Botanico do Rio de Janeiro",
        "license": "CC_BY_4_0",
        "issues": [
          "COORDINATE_ROUNDED",
          "GEODETIC_DATUM_ASSUMED_WGS84",
          "CONTINENT_DERIVED_FROM_COORDINATES",
          "INSTITUTION_MATCH_FUZZY",
          "COLLECTION_MATCH_FUZZY",
          "TAXON_MATCH_HIGHERRANK"
        ],
        "fallback_media": {
          "url": "https://inaturalist-open-data.s3.amazonaws.com/photos/262858447/original.jpeg",
          "references": "https://www.inaturalist.org/photos/262858447",
          "title": null,
          "creator": "Rony Ristow",
          "publisher": "iNaturalist",
          "license": "http://creativecommons.org/licenses/by/4.0/",
          "rightsHolder": "Rony Ristow"
        }
      }
    },
    {
      "type": "Feature",
      "geometry": {
        "type": "Point",
        "coordinates": [
          -48.98,
          -14.7
        ]
      },
      "properties": {
        "gbifID": "2997493771",
        "species": "Solanum scuticum",
        "genus": "Solanum",
        "family": "Solanaceae",
        "scientificName": "Solanum scuticum M.Nee",
        "coordinateUncertaintyInMeters": "",
        "basisOfRecord": "PRESERVED_SPECIMEN",
        "eventDate": "1996-06-25",
        "country": null,
        "datasetName": "",
        "publisher": "Instituto de Pesquisas Jardim Botanico do Rio de Janeiro",
        "license": "CC_BY_4_0",
        "issues": [
          "COORDINATE_ROUNDED",
          "GEODETIC_DATUM_ASSUMED_WGS84",
          "CONTINENT_DERIVED_FROM_COORDINATES",
          "INSTITUTION_MATCH_FUZZY",
          "COLLECTION_MATCH_FUZZY",
          "TAXON_MATCH_HIGHERRANK"
        ],
        "fallback_media": {
          "url": "https://inaturalist-open-data.s3.amazonaws.com/photos/262858447/original.jpeg",
          "references": "https://www.inaturalist.org/photos/262858447",
          "title": null,
          "creator": "Rony Ristow",
          "publisher": "iNaturalist",
          "license": "http://creativecommons.org/licenses/by/4.0/",
          "rightsHolder": "Rony Ristow"
        }
      }
    },
    {
      "type": "Feature",
      "geometry": {
        "type": "Point",
        "coordinates": [
          -49.705556,
          -24.251111
        ]
      },
      "properties": {
        "gbifID": "2997493902",
        "species": "Solanum scuticum",
        "genus": "Solanum",
        "family": "Solanaceae",
        "scientificName": "Solanum scuticum M.Nee",
        "coordinateUncertaintyInMeters": "",
        "basisOfRecord": "PRESERVED_SPECIMEN",
        "eventDate": "1914-08-12",
        "country": null,
        "datasetName": "",
        "publisher": "Instituto de Pesquisas Jardim Botanico do Rio de Janeiro",
        "license": "CC_BY_4_0",
        "issues": [
          "RECORDED_DATE_INVALID",
          "COORDINATE_ROUNDED",
          "GEODETIC_DATUM_ASSUMED_WGS84",
          "CONTINENT_DERIVED_FROM_COORDINATES",
          "INSTITUTION_MATCH_FUZZY",
          "COLLECTION_MATCH_FUZZY",
          "TAXON_MATCH_HIGHERRANK"
        ],
        "fallback_media": {
          "url": "https://inaturalist-open-data.s3.amazonaws.com/photos/262858447/original.jpeg",
          "references": "https://www.inaturalist.org/photos/262858447",
          "title": null,
          "creator": "Rony Ristow",
          "publisher": "iNaturalist",
          "license": "http://creativecommons.org/licenses/by/4.0/",
          "rightsHolder": "Rony Ristow"
        }
      }
    },
    {
      "type": "Feature",
      "geometry": {
        "type": "Point",
        "coordinates": [
          -42.106389,
          -19.374167
        ]
      },
      "properties": {
        "gbifID": "2997849221",
        "species": "Solanum scuticum",
        "genus": "Solanum",
        "family": "Solanaceae",
        "scientificName": "Solanum scuticum M.Nee",
        "coordinateUncertaintyInMeters": "",
        "basisOfRecord": "PRESERVED_SPECIMEN",
        "eventDate": "1963-10-07",
        "country": null,
        "datasetName": "",
        "publisher": "Instituto de Pesquisas Jardim Botanico do Rio de Janeiro",
        "license": "CC_BY_4_0",
        "issues": [
          "RECORDED_DATE_INVALID",
          "COORDINATE_ROUNDED",
          "GEODETIC_DATUM_ASSUMED_WGS84",
          "CONTINENT_DERIVED_FROM_COORDINATES",
          "INSTITUTION_MATCH_FUZZY",
          "COLLECTION_MATCH_FUZZY",
          "TAXON_MATCH_HIGHERRANK"
        ],
        "fallback_media": {
          "url": "https://inaturalist-open-data.s3.amazonaws.com/photos/262858447/original.jpeg",
          "references": "https://www.inaturalist.org/photos/262858447",
          "title": null,
          "creator": "Rony Ristow",
          "publisher": "iNaturalist",
          "license": "http://creativecommons.org/licenses/by/4.0/",
          "rightsHolder": "Rony Ristow"
        }
      }
    },
    {
      "type": "Feature",
      "geometry": {
        "type": "Point",
        "coordinates": [
          -52.45,
          -23.4
        ]
      },
      "properties": {
        "gbifID": "2998008967",
        "species": "Solanum scuticum",
        "genus": "Solanum",
        "family": "Solanaceae",
        "scientificName": "Solanum scuticum M.Nee",
        "coordinateUncertaintyInMeters": "",
        "basisOfRecord": "PRESERVED_SPECIMEN",
        "eventDate": "1995-09-19",
        "country": null,
        "datasetName": "",
        "publisher": "Instituto de Pesquisas Jardim Botanico do Rio de Janeiro",
        "license": "CC_BY_4_0",
        "issues": [
          "GEODETIC_DATUM_ASSUMED_WGS84",
          "CONTINENT_DERIVED_FROM_COORDINATES",
          "INSTITUTION_MATCH_FUZZY",
          "COLLECTION_MATCH_FUZZY",
          "TAXON_MATCH_HIGHERRANK"
        ],
        "fallback_media": {
          "url": "https://inaturalist-open-data.s3.amazonaws.com/photos/262858447/original.jpeg",
          "references": "https://www.inaturalist.org/photos/262858447",
          "title": null,
          "creator": "Rony Ristow",
          "publisher": "iNaturalist",
          "license": "http://creativecommons.org/licenses/by/4.0/",
          "rightsHolder": "Rony Ristow"
        }
      }
    },
    {
      "type": "Feature",
      "geometry": {
        "type": "Point",
        "coordinates": [
          -46.68,
          -22.680278
        ]
      },
      "properties": {
        "gbifID": "2997487926",
        "species": "Solanum scuticum",
        "genus": "Solanum",
        "family": "Solanaceae",
        "scientificName": "Solanum scuticum M.Nee",
        "coordinateUncertaintyInMeters": "",
        "basisOfRecord": "PRESERVED_SPECIMEN",
        "eventDate": "1949-07-28",
        "country": null,
        "datasetName": "",
        "publisher": "Instituto de Pesquisas Jardim Botanico do Rio de Janeiro",
        "license": "CC_BY_4_0",
        "issues": [
          "COORDINATE_ROUNDED",
          "GEODETIC_DATUM_ASSUMED_WGS84",
          "CONTINENT_DERIVED_FROM_COORDINATES",
          "INSTITUTION_MATCH_FUZZY",
          "COLLECTION_MATCH_FUZZY",
          "TAXON_MATCH_HIGHERRANK"
        ],
        "fallback_media": {
          "url": "https://inaturalist-open-data.s3.amazonaws.com/photos/262858447/original.jpeg",
          "references": "https://www.inaturalist.org/photos/262858447",
          "title": null,
          "creator": "Rony Ristow",
          "publisher": "iNaturalist",
          "license": "http://creativecommons.org/licenses/by/4.0/",
          "rightsHolder": "Rony Ristow"
        }
      }
    },
    {
      "type": "Feature",
      "geometry": {
        "type": "Point",
        "coordinates": [
          -47.334167,
          -15.537222
        ]
      },
      "properties": {
        "gbifID": "2997367207",
        "species": "Solanum scuticum",
        "genus": "Solanum",
        "family": "Solanaceae",
        "scientificName": "Solanum scuticum M.Nee",
        "coordinateUncertaintyInMeters": "",
        "basisOfRecord": "PRESERVED_SPECIMEN",
        "eventDate": "",
        "country": null,
        "datasetName": "",
        "publisher": "Instituto de Pesquisas Jardim Botanico do Rio de Janeiro",
        "license": "CC_BY_4_0",
        "issues": [
          "COORDINATE_ROUNDED",
          "GEODETIC_DATUM_ASSUMED_WGS84",
          "CONTINENT_DERIVED_FROM_COORDINATES",
          "INSTITUTION_MATCH_FUZZY",
          "COLLECTION_MATCH_FUZZY",
          "TAXON_MATCH_HIGHERRANK"
        ],
        "fallback_media": {
          "url": "https://inaturalist-open-data.s3.amazonaws.com/photos/262858447/original.jpeg",
          "references": "https://www.inaturalist.org/photos/262858447",
          "title": null,
          "creator": "Rony Ristow",
          "publisher": "iNaturalist",
          "license": "http://creativecommons.org/licenses/by/4.0/",
          "rightsHolder": "Rony Ristow"
        }
      }
    },
    {
      "type": "Feature",
      "geometry": {
        "type": "Point",
        "coordinates": [
          -48.283889,
          -15.160556
        ]
      },
      "properties": {
        "gbifID": "2997493770",
        "species": "Solanum scuticum",
        "genus": "Solanum",
        "family": "Solanaceae",
        "scientificName": "Solanum scuticum M.Nee",
        "coordinateUncertaintyInMeters": "",
        "basisOfRecord": "PRESERVED_SPECIMEN",
        "eventDate": "1986-07-18",
        "country": null,
        "datasetName": "",
        "publisher": "Instituto de Pesquisas Jardim Botanico do Rio de Janeiro",
        "license": "CC_BY_4_0",
        "issues": [
          "COORDINATE_ROUNDED",
          "GEODETIC_DATUM_ASSUMED_WGS84",
          "CONTINENT_DERIVED_FROM_COORDINATES",
          "INSTITUTION_MATCH_FUZZY",
          "COLLECTION_MATCH_FUZZY",
          "TAXON_MATCH_HIGHERRANK"
        ],
        "fallback_media": {
          "url": "https://inaturalist-open-data.s3.amazonaws.com/photos/262858447/original.jpeg",
          "references": "https://www.inaturalist.org/photos/262858447",
          "title": null,
          "creator": "Rony Ristow",
          "publisher": "iNaturalist",
          "license": "http://creativecommons.org/licenses/by/4.0/",
          "rightsHolder": "Rony Ristow"
        }
      }
    },
    {
      "type": "Feature",
      "geometry": {
        "type": "Point",
        "coordinates": [
          -49.150556,
          -16.036667
        ]
      },
      "properties": {
        "gbifID": "2997438897",
        "species": "Solanum scuticum",
        "genus": "Solanum",
        "family": "Solanaceae",
        "scientificName": "Solanum scuticum M.Nee",
        "coordinateUncertaintyInMeters": "",
        "basisOfRecord": "PRESERVED_SPECIMEN",
        "eventDate": "2005-03-30",
        "country": null,
        "datasetName": "",
        "publisher": "Instituto de Pesquisas Jardim Botanico do Rio de Janeiro",
        "license": "CC_BY_4_0",
        "issues": [
          "COORDINATE_ROUNDED",
          "GEODETIC_DATUM_ASSUMED_WGS84",
          "CONTINENT_DERIVED_FROM_COORDINATES",
          "INSTITUTION_MATCH_FUZZY",
          "COLLECTION_MATCH_FUZZY",
          "TAXON_MATCH_HIGHERRANK"
        ],
        "fallback_media": {
          "url": "https://inaturalist-open-data.s3.amazonaws.com/photos/262858447/original.jpeg",
          "references": "https://www.inaturalist.org/photos/262858447",
          "title": null,
          "creator": "Rony Ristow",
          "publisher": "iNaturalist",
          "license": "http://creativecommons.org/licenses/by/4.0/",
          "rightsHolder": "Rony Ristow"
        }
      }
    },
    {
      "type": "Feature",
      "geometry": {
        "type": "Point",
        "coordinates": [
          -46.621944,
          -23.654444
        ]
      },
      "properties": {
        "gbifID": "2997984974",
        "species": "Solanum scuticum",
        "genus": "Solanum",
        "family": "Solanaceae",
        "scientificName": "Solanum scuticum M.Nee",
        "coordinateUncertaintyInMeters": "",
        "basisOfRecord": "PRESERVED_SPECIMEN",
        "eventDate": "1984-01-05",
        "country": null,
        "datasetName": "",
        "publisher": "Instituto de Pesquisas Jardim Botanico do Rio de Janeiro",
        "license": "CC_BY_4_0",
        "issues": [
          "RECORDED_DATE_INVALID",
          "COORDINATE_ROUNDED",
          "GEODETIC_DATUM_ASSUMED_WGS84",
          "CONTINENT_DERIVED_FROM_COORDINATES",
          "INSTITUTION_MATCH_FUZZY",
          "COLLECTION_MATCH_FUZZY",
          "TAXON_MATCH_HIGHERRANK"
        ],
        "fallback_media": {
          "url": "https://inaturalist-open-data.s3.amazonaws.com/photos/262858447/original.jpeg",
          "references": "https://www.inaturalist.org/photos/262858447",
          "title": null,
          "creator": "Rony Ristow",
          "publisher": "iNaturalist",
          "license": "http://creativecommons.org/licenses/by/4.0/",
          "rightsHolder": "Rony Ristow"
        }
      }
    },
    {
      "type": "Feature",
      "geometry": {
        "type": "Point",
        "coordinates": [
          -49.591667,
          -28.015
        ]
      },
      "properties": {
        "gbifID": "2997987987",
        "species": "Solanum scuticum",
        "genus": "Solanum",
        "family": "Solanaceae",
        "scientificName": "Solanum scuticum M.Nee",
        "coordinateUncertaintyInMeters": "",
        "basisOfRecord": "PRESERVED_SPECIMEN",
        "eventDate": "1964-11-12",
        "country": null,
        "datasetName": "",
        "publisher": "Instituto de Pesquisas Jardim Botanico do Rio de Janeiro",
        "license": "CC_BY_4_0",
        "issues": [
          "RECORDED_DATE_INVALID",
          "COORDINATE_ROUNDED",
          "GEODETIC_DATUM_ASSUMED_WGS84",
          "CONTINENT_DERIVED_FROM_COORDINATES",
          "INSTITUTION_MATCH_FUZZY",
          "COLLECTION_MATCH_FUZZY",
          "TAXON_MATCH_HIGHERRANK"
        ],
        "fallback_media": {
          "url": "https://inaturalist-open-data.s3.amazonaws.com/photos/262858447/original.jpeg",
          "references": "https://www.inaturalist.org/photos/262858447",
          "title": null,
          "creator": "Rony Ristow",
          "publisher": "iNaturalist",
          "license": "http://creativecommons.org/licenses/by/4.0/",
          "rightsHolder": "Rony Ristow"
        }
      }
    },
    {
      "type": "Feature",
      "geometry": {
        "type": "Point",
        "coordinates": [
          -48.834167,
          -25.476944
        ]
      },
      "properties": {
        "gbifID": "2997380343",
        "species": "Solanum scuticum",
        "genus": "Solanum",
        "family": "Solanaceae",
        "scientificName": "Solanum scuticum M.Nee",
        "coordinateUncertaintyInMeters": "",
        "basisOfRecord": "PRESERVED_SPECIMEN",
        "eventDate": "1912-08-01",
        "country": null,
        "datasetName": "",
        "publisher": "Instituto de Pesquisas Jardim Botanico do Rio de Janeiro",
        "license": "CC_BY_4_0",
        "issues": [
          "RECORDED_DATE_INVALID",
          "COORDINATE_ROUNDED",
          "GEODETIC_DATUM_ASSUMED_WGS84",
          "CONTINENT_DERIVED_FROM_COORDINATES",
          "INSTITUTION_MATCH_FUZZY",
          "COLLECTION_MATCH_FUZZY",
          "TAXON_MATCH_HIGHERRANK"
        ],
        "fallback_media": {
          "url": "https://inaturalist-open-data.s3.amazonaws.com/photos/262858447/original.jpeg",
          "references": "https://www.inaturalist.org/photos/262858447",
          "title": null,
          "creator": "Rony Ristow",
          "publisher": "iNaturalist",
          "license": "http://creativecommons.org/licenses/by/4.0/",
          "rightsHolder": "Rony Ristow"
        }
      }
    },
    {
      "type": "Feature",
      "geometry": {
        "type": "Point",
        "coordinates": [
          -49.63,
          -22.89
        ]
      },
      "properties": {
        "gbifID": "2997511916",
        "species": "Solanum scuticum",
        "genus": "Solanum",
        "family": "Solanaceae",
        "scientificName": "Solanum scuticum M.Nee",
        "coordinateUncertaintyInMeters": "",
        "basisOfRecord": "PRESERVED_SPECIMEN",
        "eventDate": "1959-07-14",
        "country": null,
        "datasetName": "",
        "publisher": "Instituto de Pesquisas Jardim Botanico do Rio de Janeiro",
        "license": "CC_BY_4_0",
        "issues": [
          "GEODETIC_DATUM_ASSUMED_WGS84",
          "CONTINENT_DERIVED_FROM_COORDINATES",
          "INSTITUTION_MATCH_FUZZY",
          "COLLECTION_MATCH_FUZZY",
          "TAXON_MATCH_HIGHERRANK"
        ],
        "fallback_media": {
          "url": "https://inaturalist-open-data.s3.amazonaws.com/photos/262858447/original.jpeg",
          "references": "https://www.inaturalist.org/photos/262858447",
          "title": null,
          "creator": "Rony Ristow",
          "publisher": "iNaturalist",
          "license": "http://creativecommons.org/licenses/by/4.0/",
          "rightsHolder": "Rony Ristow"
        }
      }
    },
    {
      "type": "Feature",
      "geometry": {
        "type": "Point",
        "coordinates": [
          -47.06,
          -22.9
        ]
      },
      "properties": {
        "gbifID": "2997379331",
        "species": "Solanum scuticum",
        "genus": "Solanum",
        "family": "Solanaceae",
        "scientificName": "Solanum scuticum M.Nee",
        "coordinateUncertaintyInMeters": "",
        "basisOfRecord": "PRESERVED_SPECIMEN",
        "eventDate": "1995-07-21",
        "country": null,
        "datasetName": "",
        "publisher": "Instituto de Pesquisas Jardim Botanico do Rio de Janeiro",
        "license": "CC_BY_4_0",
        "issues": [
          "COORDINATE_ROUNDED",
          "GEODETIC_DATUM_ASSUMED_WGS84",
          "CONTINENT_DERIVED_FROM_COORDINATES",
          "INSTITUTION_MATCH_FUZZY",
          "COLLECTION_MATCH_FUZZY",
          "TAXON_MATCH_HIGHERRANK"
        ],
        "fallback_media": {
          "url": "https://inaturalist-open-data.s3.amazonaws.com/photos/262858447/original.jpeg",
          "references": "https://www.inaturalist.org/photos/262858447",
          "title": null,
          "creator": "Rony Ristow",
          "publisher": "iNaturalist",
          "license": "http://creativecommons.org/licenses/by/4.0/",
          "rightsHolder": "Rony Ristow"
        }
      }
    },
    {
      "type": "Feature",
      "geometry": {
        "type": "Point",
        "coordinates": [
          -48.929444,
          -26.454444
        ]
      },
      "properties": {
        "gbifID": "4999777611",
        "species": "Solanum scuticum",
        "genus": "Solanum",
        "family": "Solanaceae",
        "scientificName": "Solanum scuticum M.Nee",
        "coordinateUncertaintyInMeters": "",
        "basisOfRecord": "PRESERVED_SPECIMEN",
        "eventDate": "2008-01-14",
        "country": null,
        "datasetName": "",
        "publisher": "Instituto de Pesquisas Jardim Botanico do Rio de Janeiro",
        "license": "CC_BY_4_0",
        "issues": [
          "IDENTIFIED_DATE_INVALID",
          "COORDINATE_ROUNDED",
          "GEODETIC_DATUM_ASSUMED_WGS84",
          "CONTINENT_DERIVED_FROM_COORDINATES",
          "INSTITUTION_MATCH_FUZZY",
          "COLLECTION_MATCH_FUZZY"
        ],
        "fallback_media": {
          "url": "https://inaturalist-open-data.s3.amazonaws.com/photos/262858447/original.jpeg",
          "references": "https://www.inaturalist.org/photos/262858447",
          "title": null,
          "creator": "Rony Ristow",
          "publisher": "iNaturalist",
          "license": "http://creativecommons.org/licenses/by/4.0/",
          "rightsHolder": "Rony Ristow"
        }
      }
    },
    {
      "type": "Feature",
      "geometry": {
        "type": "Point",
        "coordinates": [
          -48.821111,
          -26.448056
        ]
      },
      "properties": {
        "gbifID": "4999777616",
        "species": "Solanum scuticum",
        "genus": "Solanum",
        "family": "Solanaceae",
        "scientificName": "Solanum scuticum M.Nee",
        "coordinateUncertaintyInMeters": "",
        "basisOfRecord": "PRESERVED_SPECIMEN",
        "eventDate": "2008-04-01",
        "country": null,
        "datasetName": "",
        "publisher": "Instituto de Pesquisas Jardim Botanico do Rio de Janeiro",
        "license": "CC_BY_4_0",
        "issues": [
          "RECORDED_DATE_INVALID",
          "IDENTIFIED_DATE_INVALID",
          "COORDINATE_ROUNDED",
          "GEODETIC_DATUM_ASSUMED_WGS84",
          "CONTINENT_DERIVED_FROM_COORDINATES",
          "INSTITUTION_MATCH_FUZZY",
          "COLLECTION_MATCH_FUZZY"
        ],
        "fallback_media": {
          "url": "https://inaturalist-open-data.s3.amazonaws.com/photos/262858447/original.jpeg",
          "references": "https://www.inaturalist.org/photos/262858447",
          "title": null,
          "creator": "Rony Ristow",
          "publisher": "iNaturalist",
          "license": "http://creativecommons.org/licenses/by/4.0/",
          "rightsHolder": "Rony Ristow"
        }
      }
    },
    {
      "type": "Feature",
      "geometry": {
        "type": "Point",
        "coordinates": [
          -48.929167,
          -26.454167
        ]
      },
      "properties": {
        "gbifID": "2996169671",
        "species": "Solanum scuticum",
        "genus": "Solanum",
        "family": "Solanaceae",
        "scientificName": "Solanum scuticum M.Nee",
        "coordinateUncertaintyInMeters": "",
        "basisOfRecord": "PRESERVED_SPECIMEN",
        "eventDate": "2008-01-14",
        "country": null,
        "datasetName": "",
        "publisher": "Instituto de Pesquisas Jardim Botanico do Rio de Janeiro",
        "license": "CC_BY_4_0",
        "issues": [
          "IDENTIFIED_DATE_INVALID",
          "COORDINATE_ROUNDED",
          "GEODETIC_DATUM_ASSUMED_WGS84",
          "CONTINENT_DERIVED_FROM_COORDINATES",
          "INSTITUTION_MATCH_FUZZY",
          "COLLECTION_MATCH_FUZZY"
        ],
        "fallback_media": {
          "url": "https://inaturalist-open-data.s3.amazonaws.com/photos/262858447/original.jpeg",
          "references": "https://www.inaturalist.org/photos/262858447",
          "title": null,
          "creator": "Rony Ristow",
          "publisher": "iNaturalist",
          "license": "http://creativecommons.org/licenses/by/4.0/",
          "rightsHolder": "Rony Ristow"
        }
      }
    },
    {
      "type": "Feature",
      "geometry": {
        "type": "Point",
        "coordinates": [
          -49.383056,
          -26.905556
        ]
      },
      "properties": {
        "gbifID": "2996140419",
        "species": "Solanum scuticum",
        "genus": "Solanum",
        "family": "Solanaceae",
        "scientificName": "Solanum scuticum M.Nee",
        "coordinateUncertaintyInMeters": "",
        "basisOfRecord": "PRESERVED_SPECIMEN",
        "eventDate": "2014-08-30",
        "country": null,
        "datasetName": "",
        "publisher": "Instituto de Pesquisas Jardim Botanico do Rio de Janeiro",
        "license": "CC_BY_4_0",
        "issues": [
          "COORDINATE_ROUNDED",
          "GEODETIC_DATUM_ASSUMED_WGS84",
          "CONTINENT_DERIVED_FROM_COORDINATES",
          "INSTITUTION_MATCH_FUZZY",
          "COLLECTION_MATCH_FUZZY"
        ],
        "fallback_media": {
          "url": "https://inaturalist-open-data.s3.amazonaws.com/photos/262858447/original.jpeg",
          "references": "https://www.inaturalist.org/photos/262858447",
          "title": null,
          "creator": "Rony Ristow",
          "publisher": "iNaturalist",
          "license": "http://creativecommons.org/licenses/by/4.0/",
          "rightsHolder": "Rony Ristow"
        }
      }
    },
    {
      "type": "Feature",
      "geometry": {
        "type": "Point",
        "coordinates": [
          -43.02,
          -21.06
        ]
      },
      "properties": {
        "gbifID": "6184281438",
        "species": "Solanum scuticum",
        "genus": "Solanum",
        "family": "Solanaceae",
        "scientificName": "Solanum scuticum M.Nee",
        "coordinateUncertaintyInMeters": "",
        "basisOfRecord": "PRESERVED_SPECIMEN",
        "eventDate": "2025-03-05",
        "country": null,
        "datasetName": "RB - Rio de Janeiro Botanical Garden Herbarium Collection",
        "publisher": "Instituto de Pesquisas Jardim Botanico do Rio de Janeiro",
        "license": "CC_BY_4_0",
        "issues": [
          "GEODETIC_DATUM_ASSUMED_WGS84",
          "CONTINENT_DERIVED_FROM_COORDINATES",
          "INSTITUTION_MATCH_FUZZY",
          "COLLECTION_MATCH_FUZZY"
        ],
        "fallback_media": {
          "url": "https://inaturalist-open-data.s3.amazonaws.com/photos/262858447/original.jpeg",
          "references": "https://www.inaturalist.org/photos/262858447",
          "title": null,
          "creator": "Rony Ristow",
          "publisher": "iNaturalist",
          "license": "http://creativecommons.org/licenses/by/4.0/",
          "rightsHolder": "Rony Ristow"
        }
      }
    },
    {
      "type": "Feature",
      "geometry": {
        "type": "Point",
        "coordinates": [
          -48.3,
          -13.983333
        ]
      },
      "properties": {
        "gbifID": "1424196176",
        "species": "Solanum scuticum",
        "genus": "Solanum",
        "family": "Solanaceae",
        "scientificName": "Solanum scuticum M.Nee",
        "coordinateUncertaintyInMeters": "",
        "basisOfRecord": "PRESERVED_SPECIMEN",
        "eventDate": "1995-07-21",
        "country": null,
        "datasetName": "RB - Rio de Janeiro Botanical Garden Herbarium Collection",
        "publisher": "Instituto de Pesquisas Jardim Botanico do Rio de Janeiro",
        "license": "CC_BY_4_0",
        "issues": [
          "COORDINATE_ROUNDED",
          "GEODETIC_DATUM_ASSUMED_WGS84",
          "CONTINENT_DERIVED_FROM_COORDINATES",
          "INSTITUTION_MATCH_FUZZY",
          "COLLECTION_MATCH_FUZZY"
        ],
        "media": [
          {
            "url": "http://jbrj-public-img.s3-sa-east-1.amazonaws.com/JPG/rb/0/46/76/99/00467699.jpg",
            "references": null,
            "title": null,
            "creator": null,
            "publisher": null,
            "license": null,
            "rightsHolder": null
          }
        ]
      }
    },
    {
      "type": "Feature",
      "geometry": {
        "type": "Point",
        "coordinates": [
          -43.290555,
          -22.476111
        ]
      },
      "properties": {
        "gbifID": "1424274783",
        "species": "Solanum scuticum",
        "genus": "Solanum",
        "family": "Solanaceae",
        "scientificName": "Solanum scuticum M.Nee",
        "coordinateUncertaintyInMeters": "",
        "basisOfRecord": "PRESERVED_SPECIMEN",
        "eventDate": "2006-10",
        "country": null,
        "datasetName": "RB - Rio de Janeiro Botanical Garden Herbarium Collection",
        "publisher": "Instituto de Pesquisas Jardim Botanico do Rio de Janeiro",
        "license": "CC_BY_4_0",
        "issues": [
          "COORDINATE_ROUNDED",
          "GEODETIC_DATUM_ASSUMED_WGS84",
          "CONTINENT_DERIVED_FROM_COORDINATES",
          "INSTITUTION_MATCH_FUZZY",
          "COLLECTION_MATCH_FUZZY"
        ],
        "media": [
          {
            "url": "http://jbrj-public-img.s3-sa-east-1.amazonaws.com/JPG/rb/0/56/7/98/00560798.jpg",
            "references": null,
            "title": null,
            "creator": null,
            "publisher": null,
            "license": null,
            "rightsHolder": null
          }
        ]
      }
    },
    {
      "type": "Feature",
      "geometry": {
        "type": "Point",
        "coordinates": [
          -42.016667,
          -20.716667
        ]
      },
      "properties": {
        "gbifID": "1423922595",
        "species": "Solanum scuticum",
        "genus": "Solanum",
        "family": "Solanaceae",
        "scientificName": "Solanum scuticum M.Nee",
        "coordinateUncertaintyInMeters": "",
        "basisOfRecord": "PRESERVED_SPECIMEN",
        "eventDate": "1988-09-23",
        "country": null,
        "datasetName": "RB - Rio de Janeiro Botanical Garden Herbarium Collection",
        "publisher": "Instituto de Pesquisas Jardim Botanico do Rio de Janeiro",
        "license": "CC_BY_4_0",
        "issues": [
          "COORDINATE_ROUNDED",
          "GEODETIC_DATUM_ASSUMED_WGS84",
          "CONTINENT_DERIVED_FROM_COORDINATES",
          "INSTITUTION_MATCH_FUZZY",
          "COLLECTION_MATCH_FUZZY"
        ],
        "media": [
          {
            "url": "http://jbrj-public-img.s3-sa-east-1.amazonaws.com/JPG/rb/1/15/91/23/01159123.jpg",
            "references": null,
            "title": null,
            "creator": null,
            "publisher": null,
            "license": null,
            "rightsHolder": null
          }
        ]
      }
    },
    {
      "type": "Feature",
      "geometry": {
        "type": "Point",
        "coordinates": [
          -47.661944,
          -22.654722
        ]
      },
      "properties": {
        "gbifID": "1424506307",
        "species": "Solanum scuticum",
        "genus": "Solanum",
        "family": "Solanaceae",
        "scientificName": "Solanum scuticum M.Nee",
        "coordinateUncertaintyInMeters": "",
        "basisOfRecord": "PRESERVED_SPECIMEN",
        "eventDate": "1993-03-24",
        "country": null,
        "datasetName": "RB - Rio de Janeiro Botanical Garden Herbarium Collection",
        "publisher": "Instituto de Pesquisas Jardim Botanico do Rio de Janeiro",
        "license": "CC_BY_4_0",
        "issues": [
          "COORDINATE_ROUNDED",
          "GEODETIC_DATUM_ASSUMED_WGS84",
          "CONTINENT_DERIVED_FROM_COORDINATES",
          "INSTITUTION_MATCH_FUZZY",
          "COLLECTION_MATCH_FUZZY"
        ],
        "media": [
          {
            "url": "http://jbrj-public-img.s3-sa-east-1.amazonaws.com/JPG/rb/0/93/71/25/00937125.jpg",
            "references": null,
            "title": null,
            "creator": null,
            "publisher": null,
            "license": null,
            "rightsHolder": null
          }
        ]
      }
    },
    {
      "type": "Feature",
      "geometry": {
        "type": "Point",
        "coordinates": [
          -42.984722,
          -22.448889
        ]
      },
      "properties": {
        "gbifID": "1424274744",
        "species": "Solanum scuticum",
        "genus": "Solanum",
        "family": "Solanaceae",
        "scientificName": "Solanum scuticum M.Nee",
        "coordinateUncertaintyInMeters": "",
        "basisOfRecord": "PRESERVED_SPECIMEN",
        "eventDate": "2006-11",
        "country": null,
        "datasetName": "RB - Rio de Janeiro Botanical Garden Herbarium Collection",
        "publisher": "Instituto de Pesquisas Jardim Botanico do Rio de Janeiro",
        "license": "CC_BY_4_0",
        "issues": [
          "COORDINATE_ROUNDED",
          "GEODETIC_DATUM_ASSUMED_WGS84",
          "CONTINENT_DERIVED_FROM_COORDINATES",
          "INSTITUTION_MATCH_FUZZY",
          "COLLECTION_MATCH_FUZZY"
        ],
        "media": [
          {
            "url": "http://jbrj-public-img.s3-sa-east-1.amazonaws.com/JPG/rb/0/56/7/96/00560796.jpg",
            "references": null,
            "title": null,
            "creator": null,
            "publisher": null,
            "license": null,
            "rightsHolder": null
          }
        ]
      }
    },
    {
      "type": "Feature",
      "geometry": {
        "type": "Point",
        "coordinates": [
          -42.479444,
          -19.618056
        ]
      },
      "properties": {
        "gbifID": "3014253322",
        "species": "Solanum scuticum",
        "genus": "Solanum",
        "family": "Solanaceae",
        "scientificName": "Solanum scuticum M.Nee",
        "coordinateUncertaintyInMeters": "",
        "basisOfRecord": "PRESERVED_SPECIMEN",
        "eventDate": "2008-12-21",
        "country": null,
        "datasetName": "RB - Rio de Janeiro Botanical Garden Herbarium Collection",
        "publisher": "Instituto de Pesquisas Jardim Botanico do Rio de Janeiro",
        "license": "CC_BY_4_0",
        "issues": [
          "COORDINATE_ROUNDED",
          "GEODETIC_DATUM_ASSUMED_WGS84",
          "CONTINENT_DERIVED_FROM_COORDINATES",
          "INSTITUTION_MATCH_FUZZY",
          "COLLECTION_MATCH_FUZZY"
        ],
        "media": [
          {
            "url": "http://jbrj-public-img.s3-sa-east-1.amazonaws.com/JPG/rb/1/43/48/27/01434827.jpg",
            "references": null,
            "title": null,
            "creator": null,
            "publisher": null,
            "license": null,
            "rightsHolder": null
          }
        ]
      }
    },
    {
      "type": "Feature",
      "geometry": {
        "type": "Point",
        "coordinates": [
          -48.15,
          -13.65
        ]
      },
      "properties": {
        "gbifID": "1424196185",
        "species": "Solanum scuticum",
        "genus": "Solanum",
        "family": "Solanaceae",
        "scientificName": "Solanum scuticum M.Nee",
        "coordinateUncertaintyInMeters": "",
        "basisOfRecord": "PRESERVED_SPECIMEN",
        "eventDate": "1995-09-07",
        "country": null,
        "datasetName": "RB - Rio de Janeiro Botanical Garden Herbarium Collection",
        "publisher": "Instituto de Pesquisas Jardim Botanico do Rio de Janeiro",
        "license": "CC_BY_4_0",
        "issues": [
          "GEODETIC_DATUM_ASSUMED_WGS84",
          "CONTINENT_DERIVED_FROM_COORDINATES",
          "INSTITUTION_MATCH_FUZZY",
          "COLLECTION_MATCH_FUZZY"
        ],
        "media": [
          {
            "url": "http://jbrj-public-img.s3-sa-east-1.amazonaws.com/JPG/rb/0/46/77/18/00467718.jpg",
            "references": null,
            "title": null,
            "creator": null,
            "publisher": null,
            "license": null,
            "rightsHolder": null
          }
        ]
      }
    },
    {
      "type": "Feature",
      "geometry": {
        "type": "Point",
        "coordinates": [
          -60.275278,
          -14.4
        ]
      },
      "properties": {
        "gbifID": "1424416156",
        "species": "Solanum scuticum",
        "genus": "Solanum",
        "family": "Solanaceae",
        "scientificName": "Solanum scuticum M.Nee",
        "coordinateUncertaintyInMeters": "",
        "basisOfRecord": "PRESERVED_SPECIMEN",
        "eventDate": "2011-03-08",
        "country": null,
        "datasetName": "RB - Rio de Janeiro Botanical Garden Herbarium Collection",
        "publisher": "Instituto de Pesquisas Jardim Botanico do Rio de Janeiro",
        "license": "CC_BY_4_0",
        "issues": [
          "COORDINATE_ROUNDED",
          "GEODETIC_DATUM_ASSUMED_WGS84",
          "CONTINENT_DERIVED_FROM_COORDINATES",
          "INSTITUTION_MATCH_FUZZY",
          "COLLECTION_MATCH_FUZZY"
        ],
        "media": [
          {
            "url": "http://jbrj-public-img.s3-sa-east-1.amazonaws.com/JPG/rb/0/71/65/7/00716507.jpg",
            "references": null,
            "title": null,
            "creator": null,
            "publisher": null,
            "license": null,
            "rightsHolder": null
          }
        ]
      }
    },
    {
      "type": "Feature",
      "geometry": {
        "type": "Point",
        "coordinates": [
          -48.983333,
          -14.45
        ]
      },
      "properties": {
        "gbifID": "1424196276",
        "species": "Solanum scuticum",
        "genus": "Solanum",
        "family": "Solanaceae",
        "scientificName": "Solanum scuticum M.Nee",
        "coordinateUncertaintyInMeters": "",
        "basisOfRecord": "PRESERVED_SPECIMEN",
        "eventDate": "1992-08-04",
        "country": null,
        "datasetName": "RB - Rio de Janeiro Botanical Garden Herbarium Collection",
        "publisher": "Instituto de Pesquisas Jardim Botanico do Rio de Janeiro",
        "license": "CC_BY_4_0",
        "issues": [
          "COORDINATE_ROUNDED",
          "GEODETIC_DATUM_ASSUMED_WGS84",
          "CONTINENT_DERIVED_FROM_COORDINATES",
          "INSTITUTION_MATCH_FUZZY",
          "COLLECTION_MATCH_FUZZY"
        ],
        "media": [
          {
            "url": "http://jbrj-public-img.s3-sa-east-1.amazonaws.com/JPG/rb/0/46/76/81/00467681.jpg",
            "references": null,
            "title": null,
            "creator": null,
            "publisher": null,
            "license": null,
            "rightsHolder": null
          }
        ]
      }
    },
    {
      "type": "Feature",
      "geometry": {
        "type": "Point",
        "coordinates": [
          -45.669167,
          -20.371111
        ]
      },
      "properties": {
        "gbifID": "1424196240",
        "species": "Solanum scuticum",
        "genus": "Solanum",
        "family": "Solanaceae",
        "scientificName": "Solanum scuticum M.Nee",
        "coordinateUncertaintyInMeters": "",
        "basisOfRecord": "PRESERVED_SPECIMEN",
        "eventDate": "2006-07-11",
        "country": null,
        "datasetName": "RB - Rio de Janeiro Botanical Garden Herbarium Collection",
        "publisher": "Instituto de Pesquisas Jardim Botanico do Rio de Janeiro",
        "license": "CC_BY_4_0",
        "issues": [
          "COORDINATE_ROUNDED",
          "GEODETIC_DATUM_ASSUMED_WGS84",
          "CONTINENT_DERIVED_FROM_COORDINATES",
          "INSTITUTION_MATCH_FUZZY",
          "COLLECTION_MATCH_FUZZY"
        ],
        "media": [
          {
            "url": "http://jbrj-public-img.s3-sa-east-1.amazonaws.com/JPG/rb/0/46/76/25/00467625.jpg",
            "references": null,
            "title": null,
            "creator": null,
            "publisher": null,
            "license": null,
            "rightsHolder": null
          }
        ]
      }
    },
    {
      "type": "Feature",
      "geometry": {
        "type": "Point",
        "coordinates": [
          -42.741944,
          -20.0525
        ]
      },
      "properties": {
        "gbifID": "3345581806",
        "species": "Solanum scuticum",
        "genus": "Solanum",
        "family": "Solanaceae",
        "scientificName": "Solanum scuticum M.Nee",
        "coordinateUncertaintyInMeters": "",
        "basisOfRecord": "PRESERVED_SPECIMEN",
        "eventDate": "2018-11-15",
        "country": null,
        "datasetName": "",
        "publisher": "Instituto de Pesquisas Jardim Botanico do Rio de Janeiro",
        "license": "CC_BY_4_0",
        "issues": [
          "COORDINATE_ROUNDED",
          "GEODETIC_DATUM_ASSUMED_WGS84",
          "CONTINENT_DERIVED_FROM_COORDINATES",
          "ELEVATION_MIN_MAX_SWAPPED",
          "INSTITUTION_MATCH_FUZZY",
          "COLLECTION_MATCH_FUZZY"
        ],
        "fallback_media": {
          "url": "https://inaturalist-open-data.s3.amazonaws.com/photos/262858447/original.jpeg",
          "references": "https://www.inaturalist.org/photos/262858447",
          "title": null,
          "creator": "Rony Ristow",
          "publisher": "iNaturalist",
          "license": "http://creativecommons.org/licenses/by/4.0/",
          "rightsHolder": "Rony Ristow"
        }
      }
    },
    {
      "type": "Feature",
      "geometry": {
        "type": "Point",
        "coordinates": [
          -41.841667,
          -18.861944
        ]
      },
      "properties": {
        "gbifID": "3345581813",
        "species": "Solanum scuticum",
        "genus": "Solanum",
        "family": "Solanaceae",
        "scientificName": "Solanum scuticum M.Nee",
        "coordinateUncertaintyInMeters": "",
        "basisOfRecord": "PRESERVED_SPECIMEN",
        "eventDate": "2018-11-28",
        "country": null,
        "datasetName": "",
        "publisher": "Instituto de Pesquisas Jardim Botanico do Rio de Janeiro",
        "license": "CC_BY_4_0",
        "issues": [
          "COORDINATE_ROUNDED",
          "GEODETIC_DATUM_ASSUMED_WGS84",
          "CONTINENT_DERIVED_FROM_COORDINATES",
          "ELEVATION_MIN_MAX_SWAPPED",
          "INSTITUTION_MATCH_FUZZY",
          "COLLECTION_MATCH_FUZZY"
        ],
        "fallback_media": {
          "url": "https://inaturalist-open-data.s3.amazonaws.com/photos/262858447/original.jpeg",
          "references": "https://www.inaturalist.org/photos/262858447",
          "title": null,
          "creator": "Rony Ristow",
          "publisher": "iNaturalist",
          "license": "http://creativecommons.org/licenses/by/4.0/",
          "rightsHolder": "Rony Ristow"
        }
      }
    },
    {
      "type": "Feature",
      "geometry": {
        "type": "Point",
        "coordinates": [
          -46.736944,
          -22.893056
        ]
      },
      "properties": {
        "gbifID": "3345575710",
        "species": "Solanum scuticum",
        "genus": "Solanum",
        "family": "Solanaceae",
        "scientificName": "Solanum scuticum M.Nee",
        "coordinateUncertaintyInMeters": "",
        "basisOfRecord": "PRESERVED_SPECIMEN",
        "eventDate": "2015-08-20",
        "country": null,
        "datasetName": "",
        "publisher": "Instituto de Pesquisas Jardim Botanico do Rio de Janeiro",
        "license": "CC_BY_4_0",
        "issues": [
          "COORDINATE_ROUNDED",
          "GEODETIC_DATUM_ASSUMED_WGS84",
          "CONTINENT_DERIVED_FROM_COORDINATES",
          "INSTITUTION_MATCH_FUZZY",
          "COLLECTION_MATCH_FUZZY"
        ],
        "fallback_media": {
          "url": "https://inaturalist-open-data.s3.amazonaws.com/photos/262858447/original.jpeg",
          "references": "https://www.inaturalist.org/photos/262858447",
          "title": null,
          "creator": "Rony Ristow",
          "publisher": "iNaturalist",
          "license": "http://creativecommons.org/licenses/by/4.0/",
          "rightsHolder": "Rony Ristow"
        }
      }
    },
    {
      "type": "Feature",
      "geometry": {
        "type": "Point",
        "coordinates": [
          -48.983333,
          -14.7
        ]
      },
      "properties": {
        "gbifID": "1424196891",
        "species": "Solanum scuticum",
        "genus": "Solanum",
        "family": "Solanaceae",
        "scientificName": "Solanum scuticum M.Nee",
        "coordinateUncertaintyInMeters": "",
        "basisOfRecord": "PRESERVED_SPECIMEN",
        "eventDate": "1996-06-25",
        "country": null,
        "datasetName": "RB - Rio de Janeiro Botanical Garden Herbarium Collection",
        "publisher": "Instituto de Pesquisas Jardim Botanico do Rio de Janeiro",
        "license": "CC_BY_4_0",
        "issues": [
          "COORDINATE_ROUNDED",
          "GEODETIC_DATUM_ASSUMED_WGS84",
          "CONTINENT_DERIVED_FROM_COORDINATES",
          "INSTITUTION_MATCH_FUZZY",
          "COLLECTION_MATCH_FUZZY"
        ],
        "media": [
          {
            "url": "http://jbrj-public-img.s3-sa-east-1.amazonaws.com/JPG/rb/0/46/82/16/00468216.jpg",
            "references": null,
            "title": null,
            "creator": null,
            "publisher": null,
            "license": null,
            "rightsHolder": null
          }
        ]
      }
    },
    {
      "type": "Feature",
      "geometry": {
        "type": "Point",
        "coordinates": [
          -43.20617,
          -23.03878
        ]
      },
      "properties": {
        "gbifID": "1424430247",
        "species": "Solanum scuticum",
        "genus": "Solanum",
        "family": "Solanaceae",
        "scientificName": "Solanum scuticum M.Nee",
        "coordinateUncertaintyInMeters": "",
        "basisOfRecord": "PRESERVED_SPECIMEN",
        "eventDate": "2012-01-06",
        "country": null,
        "datasetName": "RB - Rio de Janeiro Botanical Garden Herbarium Collection",
        "publisher": "Instituto de Pesquisas Jardim Botanico do Rio de Janeiro",
        "license": "CC_BY_4_0",
        "issues": [
          "GEODETIC_DATUM_ASSUMED_WGS84",
          "CONTINENT_DERIVED_FROM_COORDINATES",
          "INSTITUTION_MATCH_FUZZY",
          "COLLECTION_MATCH_FUZZY"
        ],
        "media": [
          {
            "url": "http://jbrj-public-img.s3-sa-east-1.amazonaws.com/JPG/rb/0/73/91/37/00739137.jpg",
            "references": null,
            "title": null,
            "creator": null,
            "publisher": null,
            "license": null,
            "rightsHolder": null
          }
        ]
      }
    },
    {
      "type": "Feature",
      "geometry": {
        "type": "Point",
        "coordinates": [
          -46.63,
          -23.540278
        ]
      },
      "properties": {
        "gbifID": "1304594385",
        "species": "Solanum scuticum",
        "genus": "Solanum",
        "family": "Solanaceae",
        "scientificName": "Solanum scuticum M.Nee",
        "coordinateUncertaintyInMeters": "",
        "basisOfRecord": "OCCURRENCE",
        "eventDate": "1999-07-20",
        "country": null,
        "datasetName": "",
        "publisher": "Centro Internacional de Agricultura Tropical - CIAT",
        "license": "CC_BY_4_0",
        "issues": [
          "RECORDED_DATE_INVALID",
          "COORDINATE_ROUNDED",
          "GEODETIC_DATUM_ASSUMED_WGS84",
          "CONTINENT_DERIVED_FROM_COORDINATES"
        ],
        "fallback_media": {
          "url": "https://inaturalist-open-data.s3.amazonaws.com/photos/262858447/original.jpeg",
          "references": "https://www.inaturalist.org/photos/262858447",
          "title": null,
          "creator": "Rony Ristow",
          "publisher": "iNaturalist",
          "license": "http://creativecommons.org/licenses/by/4.0/",
          "rightsHolder": "Rony Ristow"
        }
      }
    },
    {
      "type": "Feature",
      "geometry": {
        "type": "Point",
        "coordinates": [
          -48.433333,
          -14.6
        ]
      },
      "properties": {
        "gbifID": "1304607311",
        "species": "Solanum scuticum",
        "genus": "Solanum",
        "family": "Solanaceae",
        "scientificName": "Solanum scuticum M.Nee",
        "coordinateUncertaintyInMeters": "",
        "basisOfRecord": "OCCURRENCE",
        "eventDate": "1972-01-23",
        "country": null,
        "datasetName": "",
        "publisher": "Centro Internacional de Agricultura Tropical - CIAT",
        "license": "CC_BY_4_0",
        "issues": [
          "RECORDED_DATE_INVALID",
          "COORDINATE_ROUNDED",
          "GEODETIC_DATUM_ASSUMED_WGS84",
          "CONTINENT_DERIVED_FROM_COORDINATES"
        ],
        "fallback_media": {
          "url": "https://inaturalist-open-data.s3.amazonaws.com/photos/262858447/original.jpeg",
          "references": "https://www.inaturalist.org/photos/262858447",
          "title": null,
          "creator": "Rony Ristow",
          "publisher": "iNaturalist",
          "license": "http://creativecommons.org/licenses/by/4.0/",
          "rightsHolder": "Rony Ristow"
        }
      }
    },
    {
      "type": "Feature",
      "geometry": {
        "type": "Point",
        "coordinates": [
          -48.333333,
          -15.5
        ]
      },
      "properties": {
        "gbifID": "1304583015",
        "species": "Solanum scuticum",
        "genus": "Solanum",
        "family": "Solanaceae",
        "scientificName": "Solanum scuticum M.Nee",
        "coordinateUncertaintyInMeters": "",
        "basisOfRecord": "OCCURRENCE",
        "eventDate": "1990-08-21",
        "country": null,
        "datasetName": "",
        "publisher": "Centro Internacional de Agricultura Tropical - CIAT",
        "license": "CC_BY_4_0",
        "issues": [
          "RECORDED_DATE_INVALID",
          "COORDINATE_ROUNDED",
          "GEODETIC_DATUM_ASSUMED_WGS84",
          "CONTINENT_DERIVED_FROM_COORDINATES"
        ],
        "fallback_media": {
          "url": "https://inaturalist-open-data.s3.amazonaws.com/photos/262858447/original.jpeg",
          "references": "https://www.inaturalist.org/photos/262858447",
          "title": null,
          "creator": "Rony Ristow",
          "publisher": "iNaturalist",
          "license": "http://creativecommons.org/licenses/by/4.0/",
          "rightsHolder": "Rony Ristow"
        }
      }
    },
    {
      "type": "Feature",
      "geometry": {
        "type": "Point",
        "coordinates": [
          -48.932778,
          -26.720833
        ]
      },
      "properties": {
        "gbifID": "1304591542",
        "species": "Solanum scuticum",
        "genus": "Solanum",
        "family": "Solanaceae",
        "scientificName": "Solanum scuticum M.Nee",
        "coordinateUncertaintyInMeters": "",
        "basisOfRecord": "OCCURRENCE",
        "eventDate": "1954-07-18",
        "country": null,
        "datasetName": "",
        "publisher": "Centro Internacional de Agricultura Tropical - CIAT",
        "license": "CC_BY_4_0",
        "issues": [
          "RECORDED_DATE_INVALID",
          "COORDINATE_ROUNDED",
          "GEODETIC_DATUM_ASSUMED_WGS84",
          "CONTINENT_DERIVED_FROM_COORDINATES"
        ],
        "fallback_media": {
          "url": "https://inaturalist-open-data.s3.amazonaws.com/photos/262858447/original.jpeg",
          "references": "https://www.inaturalist.org/photos/262858447",
          "title": null,
          "creator": "Rony Ristow",
          "publisher": "iNaturalist",
          "license": "http://creativecommons.org/licenses/by/4.0/",
          "rightsHolder": "Rony Ristow"
        }
      }
    },
    {
      "type": "Feature",
      "geometry": {
        "type": "Point",
        "coordinates": [
          -42.841389,
          -20.744167
        ]
      },
      "properties": {
        "gbifID": "1304598492",
        "species": "Solanum scuticum",
        "genus": "Solanum",
        "family": "Solanaceae",
        "scientificName": "Solanum scuticum M.Nee",
        "coordinateUncertaintyInMeters": "",
        "basisOfRecord": "OCCURRENCE",
        "eventDate": "1958-11-28",
        "country": null,
        "datasetName": "",
        "publisher": "Centro Internacional de Agricultura Tropical - CIAT",
        "license": "CC_BY_4_0",
        "issues": [
          "RECORDED_DATE_INVALID",
          "COORDINATE_ROUNDED",
          "GEODETIC_DATUM_ASSUMED_WGS84",
          "CONTINENT_DERIVED_FROM_COORDINATES"
        ],
        "fallback_media": {
          "url": "https://inaturalist-open-data.s3.amazonaws.com/photos/262858447/original.jpeg",
          "references": "https://www.inaturalist.org/photos/262858447",
          "title": null,
          "creator": "Rony Ristow",
          "publisher": "iNaturalist",
          "license": "http://creativecommons.org/licenses/by/4.0/",
          "rightsHolder": "Rony Ristow"
        }
      }
    },
    {
      "type": "Feature",
      "geometry": {
        "type": "Point",
        "coordinates": [
          -70.865833,
          -8.518056
        ]
      },
      "properties": {
        "gbifID": "1304588535",
        "species": "Solanum scuticum",
        "genus": "Solanum",
        "family": "Solanaceae",
        "scientificName": "Solanum scuticum M.Nee",
        "coordinateUncertaintyInMeters": "",
        "basisOfRecord": "OCCURRENCE",
        "eventDate": "1995-11-30",
        "country": null,
        "datasetName": "",
        "publisher": "Centro Internacional de Agricultura Tropical - CIAT",
        "license": "CC_BY_4_0",
        "issues": [
          "RECORDED_DATE_INVALID",
          "COORDINATE_ROUNDED",
          "GEODETIC_DATUM_ASSUMED_WGS84",
          "CONTINENT_DERIVED_FROM_COORDINATES"
        ],
        "fallback_media": {
          "url": "https://inaturalist-open-data.s3.amazonaws.com/photos/262858447/original.jpeg",
          "references": "https://www.inaturalist.org/photos/262858447",
          "title": null,
          "creator": "Rony Ristow",
          "publisher": "iNaturalist",
          "license": "http://creativecommons.org/licenses/by/4.0/",
          "rightsHolder": "Rony Ristow"
        }
      }
    },
    {
      "type": "Feature",
      "geometry": {
        "type": "Point",
        "coordinates": [
          -51.810278,
          -16.956944
        ]
      },
      "properties": {
        "gbifID": "1304594569",
        "species": "Solanum scuticum",
        "genus": "Solanum",
        "family": "Solanaceae",
        "scientificName": "Solanum scuticum M.Nee",
        "coordinateUncertaintyInMeters": "",
        "basisOfRecord": "OCCURRENCE",
        "eventDate": "1966-06-28",
        "country": null,
        "datasetName": "",
        "publisher": "Centro Internacional de Agricultura Tropical - CIAT",
        "license": "CC_BY_4_0",
        "issues": [
          "RECORDED_DATE_INVALID",
          "COORDINATE_ROUNDED",
          "GEODETIC_DATUM_ASSUMED_WGS84",
          "CONTINENT_DERIVED_FROM_COORDINATES"
        ],
        "fallback_media": {
          "url": "https://inaturalist-open-data.s3.amazonaws.com/photos/262858447/original.jpeg",
          "references": "https://www.inaturalist.org/photos/262858447",
          "title": null,
          "creator": "Rony Ristow",
          "publisher": "iNaturalist",
          "license": "http://creativecommons.org/licenses/by/4.0/",
          "rightsHolder": "Rony Ristow"
        }
      }
    },
    {
      "type": "Feature",
      "geometry": {
        "type": "Point",
        "coordinates": [
          -46.701389,
          -22.385
        ]
      },
      "properties": {
        "gbifID": "2996031732",
        "species": "Solanum scuticum",
        "genus": "Solanum",
        "family": "Solanaceae",
        "scientificName": "Solanum scuticum M.Nee",
        "coordinateUncertaintyInMeters": "",
        "basisOfRecord": "PRESERVED_SPECIMEN",
        "eventDate": "1994-01-22",
        "country": null,
        "datasetName": "",
        "publisher": "Instituto de Pesquisas Jardim Botanico do Rio de Janeiro",
        "license": "CC_BY_4_0",
        "issues": [
          "IDENTIFIED_DATE_INVALID",
          "COORDINATE_ROUNDED",
          "GEODETIC_DATUM_ASSUMED_WGS84",
          "CONTINENT_DERIVED_FROM_COORDINATES",
          "INSTITUTION_MATCH_FUZZY",
          "COLLECTION_MATCH_FUZZY",
          "MULTIMEDIA_URI_INVALID"
        ],
        "fallback_media": {
          "url": "https://inaturalist-open-data.s3.amazonaws.com/photos/262858447/original.jpeg",
          "references": "https://www.inaturalist.org/photos/262858447",
          "title": null,
          "creator": "Rony Ristow",
          "publisher": "iNaturalist",
          "license": "http://creativecommons.org/licenses/by/4.0/",
          "rightsHolder": "Rony Ristow"
        }
      }
    },
    {
      "type": "Feature",
      "geometry": {
        "type": "Point",
        "coordinates": [
          -48.15861,
          -13.40139
        ]
      },
      "properties": {
        "gbifID": "1305102885",
        "species": "Solanum scuticum",
        "genus": "Solanum",
        "family": "Solanaceae",
        "scientificName": "Solanum scuticum M.Nee",
        "coordinateUncertaintyInMeters": "",
        "basisOfRecord": "OCCURRENCE",
        "eventDate": "2001-07-10",
        "country": null,
        "datasetName": "",
        "publisher": "Centro Internacional de Agricultura Tropical - CIAT",
        "license": "CC_BY_4_0",
        "issues": [
          "GEODETIC_DATUM_ASSUMED_WGS84",
          "CONTINENT_DERIVED_FROM_COORDINATES"
        ],
        "fallback_media": {
          "url": "https://inaturalist-open-data.s3.amazonaws.com/photos/262858447/original.jpeg",
          "references": "https://www.inaturalist.org/photos/262858447",
          "title": null,
          "creator": "Rony Ristow",
          "publisher": "iNaturalist",
          "license": "http://creativecommons.org/licenses/by/4.0/",
          "rightsHolder": "Rony Ristow"
        }
      }
    },
    {
      "type": "Feature",
      "geometry": {
        "type": "Point",
        "coordinates": [
          -62.35,
          -16.283333
        ]
      },
      "properties": {
        "gbifID": "1304580891",
        "species": "Solanum scuticum",
        "genus": "Solanum",
        "family": "Solanaceae",
        "scientificName": "Solanum scuticum M.Nee",
        "coordinateUncertaintyInMeters": "",
        "basisOfRecord": "OCCURRENCE",
        "eventDate": "1995-02-22",
        "country": null,
        "datasetName": "",
        "publisher": "Centro Internacional de Agricultura Tropical - CIAT",
        "license": "CC_BY_4_0",
        "issues": [
          "RECORDED_DATE_INVALID",
          "COORDINATE_ROUNDED",
          "GEODETIC_DATUM_ASSUMED_WGS84",
          "CONTINENT_DERIVED_FROM_COORDINATES"
        ],
        "fallback_media": {
          "url": "https://inaturalist-open-data.s3.amazonaws.com/photos/262858447/original.jpeg",
          "references": "https://www.inaturalist.org/photos/262858447",
          "title": null,
          "creator": "Rony Ristow",
          "publisher": "iNaturalist",
          "license": "http://creativecommons.org/licenses/by/4.0/",
          "rightsHolder": "Rony Ristow"
        }
      }
    },
    {
      "type": "Feature",
      "geometry": {
        "type": "Point",
        "coordinates": [
          -62.05,
          -16.133333
        ]
      },
      "properties": {
        "gbifID": "1304605130",
        "species": "Solanum scuticum",
        "genus": "Solanum",
        "family": "Solanaceae",
        "scientificName": "Solanum scuticum M.Nee",
        "coordinateUncertaintyInMeters": "",
        "basisOfRecord": "OCCURRENCE",
        "eventDate": "1986-12-28",
        "country": null,
        "datasetName": "",
        "publisher": "Centro Internacional de Agricultura Tropical - CIAT",
        "license": "CC_BY_4_0",
        "issues": [
          "RECORDED_DATE_INVALID",
          "COORDINATE_ROUNDED",
          "GEODETIC_DATUM_ASSUMED_WGS84",
          "CONTINENT_DERIVED_FROM_COORDINATES"
        ],
        "fallback_media": {
          "url": "https://inaturalist-open-data.s3.amazonaws.com/photos/262858447/original.jpeg",
          "references": "https://www.inaturalist.org/photos/262858447",
          "title": null,
          "creator": "Rony Ristow",
          "publisher": "iNaturalist",
          "license": "http://creativecommons.org/licenses/by/4.0/",
          "rightsHolder": "Rony Ristow"
        }
      }
    },
    {
      "type": "Feature",
      "geometry": {
        "type": "Point",
        "coordinates": [
          -51.821944,
          -16.426944
        ]
      },
      "properties": {
        "gbifID": "1304597959",
        "species": "Solanum scuticum",
        "genus": "Solanum",
        "family": "Solanaceae",
        "scientificName": "Solanum scuticum M.Nee",
        "coordinateUncertaintyInMeters": "",
        "basisOfRecord": "OCCURRENCE",
        "eventDate": "1966-06-24",
        "country": null,
        "datasetName": "",
        "publisher": "Centro Internacional de Agricultura Tropical - CIAT",
        "license": "CC_BY_4_0",
        "issues": [
          "RECORDED_DATE_INVALID",
          "COORDINATE_ROUNDED",
          "GEODETIC_DATUM_ASSUMED_WGS84",
          "CONTINENT_DERIVED_FROM_COORDINATES"
        ],
        "fallback_media": {
          "url": "https://inaturalist-open-data.s3.amazonaws.com/photos/262858447/original.jpeg",
          "references": "https://www.inaturalist.org/photos/262858447",
          "title": null,
          "creator": "Rony Ristow",
          "publisher": "iNaturalist",
          "license": "http://creativecommons.org/licenses/by/4.0/",
          "rightsHolder": "Rony Ristow"
        }
      }
    },
    {
      "type": "Feature",
      "geometry": {
        "type": "Point",
        "coordinates": [
          -63.45,
          -12.066667
        ]
      },
      "properties": {
        "gbifID": "1304578724",
        "species": "Solanum scuticum",
        "genus": "Solanum",
        "family": "Solanaceae",
        "scientificName": "Solanum scuticum M.Nee",
        "coordinateUncertaintyInMeters": "",
        "basisOfRecord": "OCCURRENCE",
        "eventDate": "1987-03-26",
        "country": null,
        "datasetName": "",
        "publisher": "Centro Internacional de Agricultura Tropical - CIAT",
        "license": "CC_BY_4_0",
        "issues": [
          "RECORDED_DATE_INVALID",
          "COORDINATE_ROUNDED",
          "GEODETIC_DATUM_ASSUMED_WGS84",
          "CONTINENT_DERIVED_FROM_COORDINATES"
        ],
        "fallback_media": {
          "url": "https://inaturalist-open-data.s3.amazonaws.com/photos/262858447/original.jpeg",
          "references": "https://www.inaturalist.org/photos/262858447",
          "title": null,
          "creator": "Rony Ristow",
          "publisher": "iNaturalist",
          "license": "http://creativecommons.org/licenses/by/4.0/",
          "rightsHolder": "Rony Ristow"
        }
      }
    },
    {
      "type": "Feature",
      "geometry": {
        "type": "Point",
        "coordinates": [
          -48.98333,
          -14.7
        ]
      },
      "properties": {
        "gbifID": "1305102810",
        "species": "Solanum scuticum",
        "genus": "Solanum",
        "family": "Solanaceae",
        "scientificName": "Solanum scuticum M.Nee",
        "coordinateUncertaintyInMeters": "",
        "basisOfRecord": "OCCURRENCE",
        "eventDate": "1996-06-25",
        "country": null,
        "datasetName": "",
        "publisher": "Centro Internacional de Agricultura Tropical - CIAT",
        "license": "CC_BY_4_0",
        "issues": [
          "GEODETIC_DATUM_ASSUMED_WGS84",
          "CONTINENT_DERIVED_FROM_COORDINATES"
        ],
        "fallback_media": {
          "url": "https://inaturalist-open-data.s3.amazonaws.com/photos/262858447/original.jpeg",
          "references": "https://www.inaturalist.org/photos/262858447",
          "title": null,
          "creator": "Rony Ristow",
          "publisher": "iNaturalist",
          "license": "http://creativecommons.org/licenses/by/4.0/",
          "rightsHolder": "Rony Ristow"
        }
      }
    },
    {
      "type": "Feature",
      "geometry": {
        "type": "Point",
        "coordinates": [
          -49.203611,
          -18.732778
        ]
      },
      "properties": {
        "gbifID": "1304603954",
        "species": "Solanum scuticum",
        "genus": "Solanum",
        "family": "Solanaceae",
        "scientificName": "Solanum scuticum M.Nee",
        "coordinateUncertaintyInMeters": "",
        "basisOfRecord": "OCCURRENCE",
        "eventDate": "1998-09-07",
        "country": null,
        "datasetName": "",
        "publisher": "Centro Internacional de Agricultura Tropical - CIAT",
        "license": "CC_BY_4_0",
        "issues": [
          "RECORDED_DATE_INVALID",
          "COORDINATE_ROUNDED",
          "GEODETIC_DATUM_ASSUMED_WGS84",
          "CONTINENT_DERIVED_FROM_COORDINATES"
        ],
        "fallback_media": {
          "url": "https://inaturalist-open-data.s3.amazonaws.com/photos/262858447/original.jpeg",
          "references": "https://www.inaturalist.org/photos/262858447",
          "title": null,
          "creator": "Rony Ristow",
          "publisher": "iNaturalist",
          "license": "http://creativecommons.org/licenses/by/4.0/",
          "rightsHolder": "Rony Ristow"
        }
      }
    },
    {
      "type": "Feature",
      "geometry": {
        "type": "Point",
        "coordinates": [
          -56.733889,
          -21.111111
        ]
      },
      "properties": {
        "gbifID": "1424316184",
        "species": "Solanum scuticum",
        "genus": "Solanum",
        "family": "Solanaceae",
        "scientificName": "Solanum scuticum M.Nee",
        "coordinateUncertaintyInMeters": "",
        "basisOfRecord": "PRESERVED_SPECIMEN",
        "eventDate": "2010-12-05",
        "country": null,
        "datasetName": "RB - Rio de Janeiro Botanical Garden Herbarium Collection",
        "publisher": "Instituto de Pesquisas Jardim Botanico do Rio de Janeiro",
        "license": "CC_BY_4_0",
        "issues": [
          "COORDINATE_ROUNDED",
          "GEODETIC_DATUM_ASSUMED_WGS84",
          "CONTINENT_DERIVED_FROM_COORDINATES",
          "INSTITUTION_MATCH_FUZZY",
          "COLLECTION_MATCH_FUZZY"
        ],
        "media": [
          {
            "url": "http://jbrj-public-img.s3-sa-east-1.amazonaws.com/JPG/rb/0/60/58/13/00605813.jpg",
            "references": null,
            "title": null,
            "creator": null,
            "publisher": null,
            "license": null,
            "rightsHolder": null
          }
        ]
      }
    },
    {
      "type": "Feature",
      "geometry": {
        "type": "Point",
        "coordinates": [
          -48.675278,
          -24.557222
        ]
      },
      "properties": {
        "gbifID": "1424506330",
        "species": "Solanum scuticum",
        "genus": "Solanum",
        "family": "Solanaceae",
        "scientificName": "Solanum scuticum M.Nee",
        "coordinateUncertaintyInMeters": "",
        "basisOfRecord": "PRESERVED_SPECIMEN",
        "eventDate": "1994-06-15",
        "country": null,
        "datasetName": "RB - Rio de Janeiro Botanical Garden Herbarium Collection",
        "publisher": "Instituto de Pesquisas Jardim Botanico do Rio de Janeiro",
        "license": "CC_BY_4_0",
        "issues": [
          "COORDINATE_ROUNDED",
          "GEODETIC_DATUM_ASSUMED_WGS84",
          "CONTINENT_DERIVED_FROM_COORDINATES",
          "INSTITUTION_MATCH_FUZZY",
          "COLLECTION_MATCH_FUZZY"
        ],
        "media": [
          {
            "url": "http://jbrj-public-img.s3-sa-east-1.amazonaws.com/JPG/rb/0/93/71/28/00937128.jpg",
            "references": null,
            "title": null,
            "creator": null,
            "publisher": null,
            "license": null,
            "rightsHolder": null
          }
        ]
      }
    },
    {
      "type": "Feature",
      "geometry": {
        "type": "Point",
        "coordinates": [
          -47.273333,
          -20.153333
        ]
      },
      "properties": {
        "gbifID": "2997671375",
        "species": "Solanum scuticum",
        "genus": "Solanum",
        "family": "Solanaceae",
        "scientificName": "Solanum scuticum M.Nee",
        "coordinateUncertaintyInMeters": "",
        "basisOfRecord": "PRESERVED_SPECIMEN",
        "eventDate": "2003-12-13",
        "country": null,
        "datasetName": "",
        "publisher": "Instituto de Pesquisas Jardim Botanico do Rio de Janeiro",
        "license": "CC_BY_4_0",
        "issues": [
          "COORDINATE_ROUNDED",
          "GEODETIC_DATUM_ASSUMED_WGS84",
          "CONTINENT_DERIVED_FROM_COORDINATES",
          "ELEVATION_MIN_MAX_SWAPPED",
          "INSTITUTION_MATCH_FUZZY",
          "COLLECTION_MATCH_FUZZY"
        ],
        "fallback_media": {
          "url": "https://inaturalist-open-data.s3.amazonaws.com/photos/262858447/original.jpeg",
          "references": "https://www.inaturalist.org/photos/262858447",
          "title": null,
          "creator": "Rony Ristow",
          "publisher": "iNaturalist",
          "license": "http://creativecommons.org/licenses/by/4.0/",
          "rightsHolder": "Rony Ristow"
        }
      }
    },
    {
      "type": "Feature",
      "geometry": {
        "type": "Point",
        "coordinates": [
          -65.534722,
          -17.102222
        ]
      },
      "properties": {
        "gbifID": "2997861375",
        "species": "Solanum scuticum",
        "genus": "Solanum",
        "family": "Solanaceae",
        "scientificName": "Solanum scuticum M.Nee",
        "coordinateUncertaintyInMeters": "",
        "basisOfRecord": "PRESERVED_SPECIMEN",
        "eventDate": "2002-12-16",
        "country": null,
        "datasetName": "",
        "publisher": "Instituto de Pesquisas Jardim Botanico do Rio de Janeiro",
        "license": "CC_BY_4_0",
        "issues": [
          "IDENTIFIED_DATE_INVALID",
          "COORDINATE_ROUNDED",
          "GEODETIC_DATUM_ASSUMED_WGS84",
          "CONTINENT_DERIVED_FROM_COORDINATES",
          "ELEVATION_MIN_MAX_SWAPPED",
          "INSTITUTION_MATCH_FUZZY",
          "COLLECTION_MATCH_FUZZY"
        ],
        "fallback_media": {
          "url": "https://inaturalist-open-data.s3.amazonaws.com/photos/262858447/original.jpeg",
          "references": "https://www.inaturalist.org/photos/262858447",
          "title": null,
          "creator": "Rony Ristow",
          "publisher": "iNaturalist",
          "license": "http://creativecommons.org/licenses/by/4.0/",
          "rightsHolder": "Rony Ristow"
        }
      }
    },
    {
      "type": "Feature",
      "geometry": {
        "type": "Point",
        "coordinates": [
          -46.462222,
          -23.394722
        ]
      },
      "properties": {
        "gbifID": "2997857320",
        "species": "Solanum scuticum",
        "genus": "Solanum",
        "family": "Solanaceae",
        "scientificName": "Solanum scuticum M.Nee",
        "coordinateUncertaintyInMeters": "",
        "basisOfRecord": "PRESERVED_SPECIMEN",
        "eventDate": "1992-08-05",
        "country": null,
        "datasetName": "",
        "publisher": "Instituto de Pesquisas Jardim Botanico do Rio de Janeiro",
        "license": "CC_BY_4_0",
        "issues": [
          "RECORDED_DATE_INVALID",
          "COORDINATE_ROUNDED",
          "GEODETIC_DATUM_ASSUMED_WGS84",
          "CONTINENT_DERIVED_FROM_COORDINATES",
          "INSTITUTION_MATCH_FUZZY",
          "COLLECTION_MATCH_FUZZY"
        ],
        "fallback_media": {
          "url": "https://inaturalist-open-data.s3.amazonaws.com/photos/262858447/original.jpeg",
          "references": "https://www.inaturalist.org/photos/262858447",
          "title": null,
          "creator": "Rony Ristow",
          "publisher": "iNaturalist",
          "license": "http://creativecommons.org/licenses/by/4.0/",
          "rightsHolder": "Rony Ristow"
        }
      }
    },
    {
      "type": "Feature",
      "geometry": {
        "type": "Point",
        "coordinates": [
          -43.591389,
          -19.283889
        ]
      },
      "properties": {
        "gbifID": "2997853372",
        "species": "Solanum scuticum",
        "genus": "Solanum",
        "family": "Solanaceae",
        "scientificName": "Solanum scuticum M.Nee",
        "coordinateUncertaintyInMeters": "",
        "basisOfRecord": "PRESERVED_SPECIMEN",
        "eventDate": "2006-12-01",
        "country": null,
        "datasetName": "",
        "publisher": "Instituto de Pesquisas Jardim Botanico do Rio de Janeiro",
        "license": "CC_BY_4_0",
        "issues": [
          "RECORDED_DATE_INVALID",
          "COORDINATE_ROUNDED",
          "GEODETIC_DATUM_ASSUMED_WGS84",
          "CONTINENT_DERIVED_FROM_COORDINATES",
          "ELEVATION_MIN_MAX_SWAPPED",
          "INSTITUTION_MATCH_FUZZY",
          "COLLECTION_MATCH_FUZZY"
        ],
        "fallback_media": {
          "url": "https://inaturalist-open-data.s3.amazonaws.com/photos/262858447/original.jpeg",
          "references": "https://www.inaturalist.org/photos/262858447",
          "title": null,
          "creator": "Rony Ristow",
          "publisher": "iNaturalist",
          "license": "http://creativecommons.org/licenses/by/4.0/",
          "rightsHolder": "Rony Ristow"
        }
      }
    },
    {
      "type": "Feature",
      "geometry": {
        "type": "Point",
        "coordinates": [
          -48.491667,
          -26.265278
        ]
      },
      "properties": {
        "gbifID": "2997869429",
        "species": "Solanum scuticum",
        "genus": "Solanum",
        "family": "Solanaceae",
        "scientificName": "Solanum scuticum M.Nee",
        "coordinateUncertaintyInMeters": "",
        "basisOfRecord": "PRESERVED_SPECIMEN",
        "eventDate": "2007-12-20",
        "country": null,
        "datasetName": "",
        "publisher": "Instituto de Pesquisas Jardim Botanico do Rio de Janeiro",
        "license": "CC_BY_4_0",
        "issues": [
          "IDENTIFIED_DATE_INVALID",
          "COORDINATE_ROUNDED",
          "GEODETIC_DATUM_ASSUMED_WGS84",
          "CONTINENT_DERIVED_FROM_COORDINATES",
          "INSTITUTION_MATCH_FUZZY",
          "COLLECTION_MATCH_FUZZY"
        ],
        "fallback_media": {
          "url": "https://inaturalist-open-data.s3.amazonaws.com/photos/262858447/original.jpeg",
          "references": "https://www.inaturalist.org/photos/262858447",
          "title": null,
          "creator": "Rony Ristow",
          "publisher": "iNaturalist",
          "license": "http://creativecommons.org/licenses/by/4.0/",
          "rightsHolder": "Rony Ristow"
        }
      }
    },
    {
      "type": "Feature",
      "geometry": {
        "type": "Point",
        "coordinates": [
          -48.554444,
          -26.271667
        ]
      },
      "properties": {
        "gbifID": "2997870456",
        "species": "Solanum scuticum",
        "genus": "Solanum",
        "family": "Solanaceae",
        "scientificName": "Solanum scuticum M.Nee",
        "coordinateUncertaintyInMeters": "",
        "basisOfRecord": "PRESERVED_SPECIMEN",
        "eventDate": "2008-01-14",
        "country": null,
        "datasetName": "",
        "publisher": "Instituto de Pesquisas Jardim Botanico do Rio de Janeiro",
        "license": "CC_BY_4_0",
        "issues": [
          "IDENTIFIED_DATE_INVALID",
          "COORDINATE_ROUNDED",
          "GEODETIC_DATUM_ASSUMED_WGS84",
          "CONTINENT_DERIVED_FROM_COORDINATES",
          "INSTITUTION_MATCH_FUZZY",
          "COLLECTION_MATCH_FUZZY"
        ],
        "fallback_media": {
          "url": "https://inaturalist-open-data.s3.amazonaws.com/photos/262858447/original.jpeg",
          "references": "https://www.inaturalist.org/photos/262858447",
          "title": null,
          "creator": "Rony Ristow",
          "publisher": "iNaturalist",
          "license": "http://creativecommons.org/licenses/by/4.0/",
          "rightsHolder": "Rony Ristow"
        }
      }
    },
    {
      "type": "Feature",
      "geometry": {
        "type": "Point",
        "coordinates": [
          -50.949444,
          -24.208333
        ]
      },
      "properties": {
        "gbifID": "2998190605",
        "species": "Solanum scuticum",
        "genus": "Solanum",
        "family": "Solanaceae",
        "scientificName": "Solanum scuticum M.Nee",
        "coordinateUncertaintyInMeters": "",
        "basisOfRecord": "PRESERVED_SPECIMEN",
        "eventDate": "1989-07-12",
        "country": null,
        "datasetName": "",
        "publisher": "Instituto de Pesquisas Jardim Botanico do Rio de Janeiro",
        "license": "CC_BY_4_0",
        "issues": [
          "RECORDED_DATE_INVALID",
          "COORDINATE_ROUNDED",
          "GEODETIC_DATUM_ASSUMED_WGS84",
          "CONTINENT_DERIVED_FROM_COORDINATES",
          "INSTITUTION_MATCH_FUZZY",
          "COLLECTION_MATCH_FUZZY"
        ],
        "fallback_media": {
          "url": "https://inaturalist-open-data.s3.amazonaws.com/photos/262858447/original.jpeg",
          "references": "https://www.inaturalist.org/photos/262858447",
          "title": null,
          "creator": "Rony Ristow",
          "publisher": "iNaturalist",
          "license": "http://creativecommons.org/licenses/by/4.0/",
          "rightsHolder": "Rony Ristow"
        }
      }
    },
    {
      "type": "Feature",
      "geometry": {
        "type": "Point",
        "coordinates": [
          -45.383333,
          -22.3
        ]
      },
      "properties": {
        "gbifID": "4427183877",
        "species": "Solanum scuticum",
        "genus": "Solanum",
        "family": "Solanaceae",
        "scientificName": "Solanum scuticum M.Nee",
        "coordinateUncertaintyInMeters": "",
        "basisOfRecord": "PRESERVED_SPECIMEN",
        "eventDate": "1990-12-05",
        "country": null,
        "datasetName": "",
        "publisher": "Instituto de Pesquisas Jardim Botanico do Rio de Janeiro",
        "license": "CC_BY_4_0",
        "issues": [
          "RECORDED_DATE_INVALID",
          "IDENTIFIED_DATE_INVALID",
          "COORDINATE_ROUNDED",
          "GEODETIC_DATUM_ASSUMED_WGS84",
          "CONTINENT_DERIVED_FROM_COORDINATES",
          "INSTITUTION_MATCH_FUZZY",
          "COLLECTION_MATCH_FUZZY"
        ],
        "fallback_media": {
          "url": "https://inaturalist-open-data.s3.amazonaws.com/photos/262858447/original.jpeg",
          "references": "https://www.inaturalist.org/photos/262858447",
          "title": null,
          "creator": "Rony Ristow",
          "publisher": "iNaturalist",
          "license": "http://creativecommons.org/licenses/by/4.0/",
          "rightsHolder": "Rony Ristow"
        }
      }
    },
    {
      "type": "Feature",
      "geometry": {
        "type": "Point",
        "coordinates": [
          -48.483333,
          -17.55
        ]
      },
      "properties": {
        "gbifID": "2998751289",
        "species": "Solanum scuticum",
        "genus": "Solanum",
        "family": "Solanaceae",
        "scientificName": "Solanum scuticum M.Nee",
        "coordinateUncertaintyInMeters": "",
        "basisOfRecord": "PRESERVED_SPECIMEN",
        "eventDate": "1993-04-30",
        "country": null,
        "datasetName": "",
        "publisher": "Instituto de Pesquisas Jardim Botanico do Rio de Janeiro",
        "license": "CC_BY_4_0",
        "issues": [
          "IDENTIFIED_DATE_INVALID",
          "COORDINATE_ROUNDED",
          "GEODETIC_DATUM_ASSUMED_WGS84",
          "CONTINENT_DERIVED_FROM_COORDINATES",
          "INSTITUTION_MATCH_FUZZY",
          "INSTITUTION_COLLECTION_MISMATCH"
        ],
        "fallback_media": {
          "url": "https://inaturalist-open-data.s3.amazonaws.com/photos/262858447/original.jpeg",
          "references": "https://www.inaturalist.org/photos/262858447",
          "title": null,
          "creator": "Rony Ristow",
          "publisher": "iNaturalist",
          "license": "http://creativecommons.org/licenses/by/4.0/",
          "rightsHolder": "Rony Ristow"
        }
      }
    },
    {
      "type": "Feature",
      "geometry": {
        "type": "Point",
        "coordinates": [
          -48.161944,
          -13.657222
        ]
      },
      "properties": {
        "gbifID": "2998609078",
        "species": "Solanum scuticum",
        "genus": "Solanum",
        "family": "Solanaceae",
        "scientificName": "Solanum scuticum M.Nee",
        "coordinateUncertaintyInMeters": "",
        "basisOfRecord": "PRESERVED_SPECIMEN",
        "eventDate": "1995-09-07",
        "country": null,
        "datasetName": "",
        "publisher": "Instituto de Pesquisas Jardim Botanico do Rio de Janeiro",
        "license": "CC_BY_4_0",
        "issues": [
          "RECORDED_DATE_INVALID",
          "IDENTIFIED_DATE_INVALID",
          "COORDINATE_ROUNDED",
          "GEODETIC_DATUM_ASSUMED_WGS84",
          "CONTINENT_DERIVED_FROM_COORDINATES",
          "INSTITUTION_MATCH_FUZZY",
          "INSTITUTION_COLLECTION_MISMATCH"
        ],
        "fallback_media": {
          "url": "https://inaturalist-open-data.s3.amazonaws.com/photos/262858447/original.jpeg",
          "references": "https://www.inaturalist.org/photos/262858447",
          "title": null,
          "creator": "Rony Ristow",
          "publisher": "iNaturalist",
          "license": "http://creativecommons.org/licenses/by/4.0/",
          "rightsHolder": "Rony Ristow"
        }
      }
    },
    {
      "type": "Feature",
      "geometry": {
        "type": "Point",
        "coordinates": [
          -48.149722,
          -15.7425
        ]
      },
      "properties": {
        "gbifID": "2998629749",
        "species": "Solanum scuticum",
        "genus": "Solanum",
        "family": "Solanaceae",
        "scientificName": "Solanum scuticum M.Nee",
        "coordinateUncertaintyInMeters": "",
        "basisOfRecord": "PRESERVED_SPECIMEN",
        "eventDate": "2012-05-09",
        "country": null,
        "datasetName": "",
        "publisher": "Instituto de Pesquisas Jardim Botanico do Rio de Janeiro",
        "license": "CC_BY_4_0",
        "issues": [
          "RECORDED_DATE_INVALID",
          "IDENTIFIED_DATE_INVALID",
          "COORDINATE_ROUNDED",
          "GEODETIC_DATUM_ASSUMED_WGS84",
          "CONTINENT_DERIVED_FROM_COORDINATES",
          "INSTITUTION_MATCH_FUZZY",
          "INSTITUTION_COLLECTION_MISMATCH"
        ],
        "fallback_media": {
          "url": "https://inaturalist-open-data.s3.amazonaws.com/photos/262858447/original.jpeg",
          "references": "https://www.inaturalist.org/photos/262858447",
          "title": null,
          "creator": "Rony Ristow",
          "publisher": "iNaturalist",
          "license": "http://creativecommons.org/licenses/by/4.0/",
          "rightsHolder": "Rony Ristow"
        }
      }
    },
    {
      "type": "Feature",
      "geometry": {
        "type": "Point",
        "coordinates": [
          -48.387222,
          -25.176389
        ]
      },
      "properties": {
        "gbifID": "4427223702",
        "species": "Solanum scuticum",
        "genus": "Solanum",
        "family": "Solanaceae",
        "scientificName": "Solanum scuticum M.Nee",
        "coordinateUncertaintyInMeters": "",
        "basisOfRecord": "PRESERVED_SPECIMEN",
        "eventDate": "2014-03-24",
        "country": null,
        "datasetName": "",
        "publisher": "Instituto de Pesquisas Jardim Botanico do Rio de Janeiro",
        "license": "CC_BY_4_0",
        "issues": [
          "COORDINATE_ROUNDED",
          "GEODETIC_DATUM_ASSUMED_WGS84",
          "CONTINENT_DERIVED_FROM_COORDINATES",
          "ELEVATION_MIN_MAX_SWAPPED",
          "INSTITUTION_MATCH_FUZZY",
          "COLLECTION_MATCH_FUZZY"
        ],
        "fallback_media": {
          "url": "https://inaturalist-open-data.s3.amazonaws.com/photos/262858447/original.jpeg",
          "references": "https://www.inaturalist.org/photos/262858447",
          "title": null,
          "creator": "Rony Ristow",
          "publisher": "iNaturalist",
          "license": "http://creativecommons.org/licenses/by/4.0/",
          "rightsHolder": "Rony Ristow"
        }
      }
    },
    {
      "type": "Feature",
      "geometry": {
        "type": "Point",
        "coordinates": [
          -53.810833,
          -23.403611
        ]
      },
      "properties": {
        "gbifID": "2997637854",
        "species": "Solanum scuticum",
        "genus": "Solanum",
        "family": "Solanaceae",
        "scientificName": "Solanum scuticum M.Nee",
        "coordinateUncertaintyInMeters": "",
        "basisOfRecord": "PRESERVED_SPECIMEN",
        "eventDate": "2006-09-29",
        "country": null,
        "datasetName": "",
        "publisher": "Instituto de Pesquisas Jardim Botanico do Rio de Janeiro",
        "license": "CC_BY_4_0",
        "issues": [
          "IDENTIFIED_DATE_INVALID",
          "COORDINATE_ROUNDED",
          "GEODETIC_DATUM_ASSUMED_WGS84",
          "CONTINENT_DERIVED_FROM_COORDINATES",
          "INSTITUTION_MATCH_FUZZY",
          "COLLECTION_MATCH_FUZZY"
        ],
        "fallback_media": {
          "url": "https://inaturalist-open-data.s3.amazonaws.com/photos/262858447/original.jpeg",
          "references": "https://www.inaturalist.org/photos/262858447",
          "title": null,
          "creator": "Rony Ristow",
          "publisher": "iNaturalist",
          "license": "http://creativecommons.org/licenses/by/4.0/",
          "rightsHolder": "Rony Ristow"
        }
      }
    },
    {
      "type": "Feature",
      "geometry": {
        "type": "Point",
        "coordinates": [
          -50.975556,
          -23.540833
        ]
      },
      "properties": {
        "gbifID": "2997637845",
        "species": "Solanum scuticum",
        "genus": "Solanum",
        "family": "Solanaceae",
        "scientificName": "Solanum scuticum M.Nee",
        "coordinateUncertaintyInMeters": "",
        "basisOfRecord": "PRESERVED_SPECIMEN",
        "eventDate": "2003-03-07",
        "country": null,
        "datasetName": "",
        "publisher": "Instituto de Pesquisas Jardim Botanico do Rio de Janeiro",
        "license": "CC_BY_4_0",
        "issues": [
          "RECORDED_DATE_INVALID",
          "IDENTIFIED_DATE_INVALID",
          "COORDINATE_ROUNDED",
          "GEODETIC_DATUM_ASSUMED_WGS84",
          "CONTINENT_DERIVED_FROM_COORDINATES",
          "INSTITUTION_MATCH_FUZZY",
          "COLLECTION_MATCH_FUZZY"
        ],
        "fallback_media": {
          "url": "https://inaturalist-open-data.s3.amazonaws.com/photos/262858447/original.jpeg",
          "references": "https://www.inaturalist.org/photos/262858447",
          "title": null,
          "creator": "Rony Ristow",
          "publisher": "iNaturalist",
          "license": "http://creativecommons.org/licenses/by/4.0/",
          "rightsHolder": "Rony Ristow"
        }
      }
    },
    {
      "type": "Feature",
      "geometry": {
        "type": "Point",
        "coordinates": [
          -46.621883,
          -23.654505
        ]
      },
      "properties": {
        "gbifID": "1929924153",
        "species": "Solanum scuticum",
        "genus": "Solanum",
        "family": "Solanaceae",
        "scientificName": "Solanum scuticum M.Nee",
        "coordinateUncertaintyInMeters": "",
        "basisOfRecord": "PRESERVED_SPECIMEN",
        "eventDate": "1974-08-10",
        "country": null,
        "datasetName": "Vascular plants",
        "publisher": "The New York Botanical Garden",
        "license": "CC0_1_0",
        "issues": [
          "MODIFIED_DATE_INVALID"
        ],
        "media": [
          {
            "url": "http://sweetgum.nybg.org/images3/1617/565/00771062.jpg",
            "references": null,
            "title": null,
            "creator": "The New York Botanical Garden",
            "publisher": null,
            "license": "http://creativecommons.org/licenses/by/4.0/",
            "rightsHolder": "The New York Botanical Garden"
          }
        ]
      }
    },
    {
      "type": "Feature",
      "geometry": {
        "type": "Point",
        "coordinates": [
          -48.834767,
          -25.480785
        ]
      },
      "properties": {
        "gbifID": "1930429186",
        "species": "Solanum scuticum",
        "genus": "Solanum",
        "family": "Solanaceae",
        "scientificName": "Solanum scuticum M.Nee",
        "coordinateUncertaintyInMeters": "",
        "basisOfRecord": "PRESERVED_SPECIMEN",
        "eventDate": "1912-08-01",
        "country": null,
        "datasetName": "Vascular plants",
        "publisher": "The New York Botanical Garden",
        "license": "CC0_1_0",
        "issues": [
          "MODIFIED_DATE_INVALID",
          "COORDINATE_REPROJECTED"
        ],
        "media": [
          {
            "url": "http://sweetgum.nybg.org/images3/201/006/v-287-00771084.jpg",
            "references": null,
            "title": null,
            "creator": "The New York Botanical Garden",
            "publisher": null,
            "license": "http://creativecommons.org/licenses/by/4.0/",
            "rightsHolder": "The New York Botanical Garden"
          }
        ]
      }
    },
    {
      "type": "Feature",
      "geometry": {
        "type": "Point",
        "coordinates": [
          -49.592334,
          -28.018915
        ]
      },
      "properties": {
        "gbifID": "1929450918",
        "species": "Solanum scuticum",
        "genus": "Solanum",
        "family": "Solanaceae",
        "scientificName": "Solanum scuticum M.Nee",
        "coordinateUncertaintyInMeters": "",
        "basisOfRecord": "PRESERVED_SPECIMEN",
        "eventDate": "1964-11-12",
        "country": null,
        "datasetName": "Vascular plants",
        "publisher": "The New York Botanical Garden",
        "license": "CC0_1_0",
        "issues": [
          "MODIFIED_DATE_INVALID",
          "COORDINATE_REPROJECTED"
        ],
        "media": [
          {
            "url": "http://sweetgum.nybg.org/images3/1617/573/00771072.jpg",
            "references": null,
            "title": null,
            "creator": "The New York Botanical Garden",
            "publisher": null,
            "license": "http://creativecommons.org/licenses/by/4.0/",
            "rightsHolder": "The New York Botanical Garden"
          }
        ]
      }
    },
    {
      "type": "Feature",
      "geometry": {
        "type": "Point",
        "coordinates": [
          -49.15064,
          -16.03675
        ]
      },
      "properties": {
        "gbifID": "1931284383",
        "species": "Solanum scuticum",
        "genus": "Solanum",
        "family": "Solanaceae",
        "scientificName": "Solanum scuticum M.Nee",
        "coordinateUncertaintyInMeters": "",
        "basisOfRecord": "PRESERVED_SPECIMEN",
        "eventDate": "2005-03-30",
        "country": null,
        "datasetName": "Vascular plants",
        "publisher": "The New York Botanical Garden",
        "license": "CC0_1_0",
        "issues": [
          "MODIFIED_DATE_INVALID",
          "GEODETIC_DATUM_ASSUMED_WGS84"
        ],
        "media": [
          {
            "url": "http://sweetgum.nybg.org/images3/1618/510/01280952.jpg",
            "references": null,
            "title": null,
            "creator": "The New York Botanical Garden",
            "publisher": null,
            "license": "http://creativecommons.org/licenses/by/4.0/",
            "rightsHolder": "The New York Botanical Garden"
          }
        ]
      }
    },
    {
      "type": "Feature",
      "geometry": {
        "type": "Point",
        "coordinates": [
          -48.941177,
          -26.748537
        ]
      },
      "properties": {
        "gbifID": "1930757940",
        "species": "Solanum scuticum",
        "genus": "Solanum",
        "family": "Solanaceae",
        "scientificName": "Solanum scuticum M.Nee",
        "coordinateUncertaintyInMeters": "1711.57",
        "basisOfRecord": "PRESERVED_SPECIMEN",
        "eventDate": "1954-07-18",
        "country": null,
        "datasetName": "Vascular plants",
        "publisher": "The New York Botanical Garden",
        "license": "CC0_1_0",
        "issues": [
          "MODIFIED_DATE_INVALID"
        ],
        "media": [
          {
            "url": "http://sweetgum.nybg.org/images3/1617/577/00771077.jpg",
            "references": null,
            "title": null,
            "creator": "The New York Botanical Garden",
            "publisher": null,
            "license": "http://creativecommons.org/licenses/by/4.0/",
            "rightsHolder": "The New York Botanical Garden"
          }
        ]
      }
    },
    {
      "type": "Feature",
      "geometry": {
        "type": "Point",
        "coordinates": [
          -42.10649,
          -19.378
        ]
      },
      "properties": {
        "gbifID": "1930127567",
        "species": "Solanum scuticum",
        "genus": "Solanum",
        "family": "Solanaceae",
        "scientificName": "Solanum scuticum M.Nee",
        "coordinateUncertaintyInMeters": "",
        "basisOfRecord": "PRESERVED_SPECIMEN",
        "eventDate": "1963-10-07",
        "country": null,
        "datasetName": "Vascular plants",
        "publisher": "The New York Botanical Garden",
        "license": "CC0_1_0",
        "issues": [
          "MODIFIED_DATE_INVALID",
          "COORDINATE_REPROJECTED"
        ],
        "media": [
          {
            "url": "http://sweetgum.nybg.org/images3/200/869/v-287-00701303.jpg",
            "references": null,
            "title": null,
            "creator": "The New York Botanical Garden",
            "publisher": null,
            "license": "http://creativecommons.org/licenses/by/4.0/",
            "rightsHolder": "The New York Botanical Garden"
          }
        ]
      }
    },
    {
      "type": "Feature",
      "geometry": {
        "type": "Point",
        "coordinates": [
          -46.630406,
          -23.544164
        ]
      },
      "properties": {
        "gbifID": "1930992315",
        "species": "Solanum scuticum",
        "genus": "Solanum",
        "family": "Solanaceae",
        "scientificName": "Solanum scuticum M.Nee",
        "coordinateUncertaintyInMeters": "",
        "basisOfRecord": "PRESERVED_SPECIMEN",
        "eventDate": "1999-07-20",
        "country": null,
        "datasetName": "Vascular plants",
        "publisher": "The New York Botanical Garden",
        "license": "CC0_1_0",
        "issues": [
          "MODIFIED_DATE_INVALID",
          "COORDINATE_REPROJECTED"
        ],
        "media": [
          {
            "url": "http://sweetgum.nybg.org/images3/1617/574/00771073.jpg",
            "references": null,
            "title": null,
            "creator": "The New York Botanical Garden",
            "publisher": null,
            "license": "http://creativecommons.org/licenses/by/4.0/",
            "rightsHolder": "The New York Botanical Garden"
          }
        ]
      }
    },
    {
      "type": "Feature",
      "geometry": {
        "type": "Point",
        "coordinates": [
          -47.929873,
          -15.783421
        ]
      },
      "properties": {
        "gbifID": "1930857631",
        "species": "Solanum scuticum",
        "genus": "Solanum",
        "family": "Solanaceae",
        "scientificName": "Solanum scuticum M.Nee",
        "coordinateUncertaintyInMeters": "70570.0",
        "basisOfRecord": "PRESERVED_SPECIMEN",
        "eventDate": "1965-10-07",
        "country": null,
        "datasetName": "Vascular plants",
        "publisher": "The New York Botanical Garden",
        "license": "CC0_1_0",
        "issues": [
          "MODIFIED_DATE_INVALID",
          "COORDINATE_REPROJECTED"
        ],
        "media": [
          {
            "url": "http://sweetgum.nybg.org/images3/1617/432/00701306.jpg",
            "references": null,
            "title": null,
            "creator": "The New York Botanical Garden",
            "publisher": null,
            "license": "http://creativecommons.org/licenses/by/4.0/",
            "rightsHolder": "The New York Botanical Garden"
          }
        ]
      }
    },
    {
      "type": "Feature",
      "geometry": {
        "type": "Point",
        "coordinates": [
          -47.060434,
          -22.903853
        ]
      },
      "properties": {
        "gbifID": "1929680092",
        "species": "Solanum scuticum",
        "genus": "Solanum",
        "family": "Solanaceae",
        "scientificName": "Solanum scuticum M.Nee",
        "coordinateUncertaintyInMeters": "",
        "basisOfRecord": "PRESERVED_SPECIMEN",
        "eventDate": "1995-07-21",
        "country": null,
        "datasetName": "Vascular plants",
        "publisher": "The New York Botanical Garden",
        "license": "CC0_1_0",
        "issues": [
          "MODIFIED_DATE_INVALID",
          "COORDINATE_REPROJECTED"
        ],
        "media": [
          {
            "url": "http://sweetgum.nybg.org/images3/201/004/v-287-00771064.jpg",
            "references": null,
            "title": null,
            "creator": "The New York Botanical Garden",
            "publisher": null,
            "license": "http://creativecommons.org/licenses/by/4.0/",
            "rightsHolder": "The New York Botanical Garden"
          }
        ]
      }
    },
    {
      "type": "Feature",
      "geometry": {
        "type": "Point",
        "coordinates": [
          -62.35,
          -16.28
        ]
      },
      "properties": {
        "gbifID": "1928163799",
        "species": "Solanum scuticum",
        "genus": "Solanum",
        "family": "Solanaceae",
        "scientificName": "Solanum scuticum M.Nee",
        "coordinateUncertaintyInMeters": "",
        "basisOfRecord": "PRESERVED_SPECIMEN",
        "eventDate": "1995-02-22",
        "country": null,
        "datasetName": "Vascular plants",
        "publisher": "The New York Botanical Garden",
        "license": "CC0_1_0",
        "issues": [
          "MODIFIED_DATE_INVALID",
          "GEODETIC_DATUM_ASSUMED_WGS84"
        ],
        "media": [
          {
            "url": "http://sweetgum.nybg.org/images3/201/026/v-287-00825483.jpg",
            "references": null,
            "title": null,
            "creator": "The New York Botanical Garden",
            "publisher": null,
            "license": "http://creativecommons.org/licenses/by/4.0/",
            "rightsHolder": "The New York Botanical Garden"
          }
        ]
      }
    },
    {
      "type": "Feature",
      "geometry": {
        "type": "Point",
        "coordinates": [
          -42.881844,
          -20.758024
        ]
      },
      "properties": {
        "gbifID": "1930247364",
        "species": "Solanum scuticum",
        "genus": "Solanum",
        "family": "Solanaceae",
        "scientificName": "Solanum scuticum M.Nee",
        "coordinateUncertaintyInMeters": "13937.0",
        "basisOfRecord": "PRESERVED_SPECIMEN",
        "eventDate": "1930-09-13",
        "country": null,
        "datasetName": "Vascular plants",
        "publisher": "The New York Botanical Garden",
        "license": "CC0_1_0",
        "issues": [
          "MODIFIED_DATE_INVALID",
          "COORDINATE_REPROJECTED"
        ],
        "media": [
          {
            "url": "http://sweetgum.nybg.org/images3/1617/436/00701312.jpg",
            "references": null,
            "title": null,
            "creator": "The New York Botanical Garden",
            "publisher": null,
            "license": "http://creativecommons.org/licenses/by/4.0/",
            "rightsHolder": "The New York Botanical Garden"
          }
        ]
      }
    },
    {
      "type": "Feature",
      "geometry": {
        "type": "Point",
        "coordinates": [
          -62.45,
          -16.27
        ]
      },
      "properties": {
        "gbifID": "1928293684",
        "species": "Solanum scuticum",
        "genus": "Solanum",
        "family": "Solanaceae",
        "scientificName": "Solanum scuticum M.Nee",
        "coordinateUncertaintyInMeters": "",
        "basisOfRecord": "PRESERVED_SPECIMEN",
        "eventDate": "1990-12-01",
        "country": null,
        "datasetName": "Vascular plants",
        "publisher": "The New York Botanical Garden",
        "license": "CC0_1_0",
        "issues": [
          "MODIFIED_DATE_INVALID",
          "GEODETIC_DATUM_ASSUMED_WGS84"
        ],
        "media": [
          {
            "url": "http://sweetgum.nybg.org/images3/4468/553/00708689.jpg",
            "references": null,
            "title": null,
            "creator": "The New York Botanical Garden",
            "publisher": null,
            "license": "http://creativecommons.org/licenses/by/4.0/",
            "rightsHolder": "The New York Botanical Garden"
          }
        ]
      }
    },
    {
      "type": "Feature",
      "geometry": {
        "type": "Point",
        "coordinates": [
          -49.63061,
          -22.893844
        ]
      },
      "properties": {
        "gbifID": "1927957053",
        "species": "Solanum scuticum",
        "genus": "Solanum",
        "family": "Solanaceae",
        "scientificName": "Solanum scuticum M.Nee",
        "coordinateUncertaintyInMeters": "",
        "basisOfRecord": "PRESERVED_SPECIMEN",
        "eventDate": "1959-07-14",
        "country": null,
        "datasetName": "Vascular plants",
        "publisher": "The New York Botanical Garden",
        "license": "CC0_1_0",
        "issues": [
          "MODIFIED_DATE_INVALID",
          "COORDINATE_REPROJECTED"
        ],
        "media": [
          {
            "url": "http://sweetgum.nybg.org/images3/1617/580/00771080.jpg",
            "references": null,
            "title": null,
            "creator": "The New York Botanical Garden",
            "publisher": null,
            "license": "http://creativecommons.org/licenses/by/4.0/",
            "rightsHolder": "The New York Botanical Garden"
          }
        ]
      }
    },
    {
      "type": "Feature",
      "geometry": {
        "type": "Point",
        "coordinates": [
          -62.05,
          -16.13
        ]
      },
      "properties": {
        "gbifID": "1931347681",
        "species": "Solanum scuticum",
        "genus": "Solanum",
        "family": "Solanaceae",
        "scientificName": "Solanum scuticum M.Nee",
        "coordinateUncertaintyInMeters": "",
        "basisOfRecord": "PRESERVED_SPECIMEN",
        "eventDate": "1986-12-28",
        "country": null,
        "datasetName": "Vascular plants",
        "publisher": "The New York Botanical Garden",
        "license": "CC0_1_0",
        "issues": [
          "MODIFIED_DATE_INVALID",
          "GEODETIC_DATUM_ASSUMED_WGS84"
        ],
        "media": [
          {
            "url": "http://sweetgum.nybg.org/images3/108/091/v-287-00771088.jpg",
            "references": null,
            "title": null,
            "creator": "The New York Botanical Garden",
            "publisher": null,
            "license": "http://creativecommons.org/licenses/by/4.0/",
            "rightsHolder": "The New York Botanical Garden"
          }
        ]
      }
    },
    {
      "type": "Feature",
      "geometry": {
        "type": "Point",
        "coordinates": [
          -48.3,
          -13.98
        ]
      },
      "properties": {
        "gbifID": "1930708907",
        "species": "Solanum scuticum",
        "genus": "Solanum",
        "family": "Solanaceae",
        "scientificName": "Solanum scuticum M.Nee",
        "coordinateUncertaintyInMeters": "",
        "basisOfRecord": "PRESERVED_SPECIMEN",
        "eventDate": "1995-07-21",
        "country": null,
        "datasetName": "Vascular plants",
        "publisher": "The New York Botanical Garden",
        "license": "CC0_1_0",
        "issues": [
          "MODIFIED_DATE_INVALID",
          "GEODETIC_DATUM_ASSUMED_WGS84"
        ],
        "media": [
          {
            "url": "http://sweetgum.nybg.org/images3/200/875/v-287-00701316.jpg",
            "references": null,
            "title": null,
            "creator": "The New York Botanical Garden",
            "publisher": null,
            "license": "http://creativecommons.org/licenses/by/4.0/",
            "rightsHolder": "The New York Botanical Garden"
          }
        ]
      }
    },
    {
      "type": "Feature",
      "geometry": {
        "type": "Point",
        "coordinates": [
          -46.680407,
          -22.68415
        ]
      },
      "properties": {
        "gbifID": "1930075421",
        "species": "Solanum scuticum",
        "genus": "Solanum",
        "family": "Solanaceae",
        "scientificName": "Solanum scuticum M.Nee",
        "coordinateUncertaintyInMeters": "",
        "basisOfRecord": "PRESERVED_SPECIMEN",
        "eventDate": "1949-07-28",
        "country": null,
        "datasetName": "Vascular plants",
        "publisher": "The New York Botanical Garden",
        "license": "CC0_1_0",
        "issues": [
          "MODIFIED_DATE_INVALID",
          "COORDINATE_REPROJECTED"
        ],
        "media": [
          {
            "url": "http://sweetgum.nybg.org/images3/1617/568/00771066.jpg",
            "references": null,
            "title": null,
            "creator": "The New York Botanical Garden",
            "publisher": null,
            "license": "http://creativecommons.org/licenses/by/4.0/",
            "rightsHolder": "The New York Botanical Garden"
          }
        ]
      }
    },
    {
      "type": "Feature",
      "geometry": {
        "type": "Point",
        "coordinates": [
          -51.278824,
          -23.279643
        ]
      },
      "properties": {
        "gbifID": "1929180496",
        "species": "Solanum scuticum",
        "genus": "Solanum",
        "family": "Solanaceae",
        "scientificName": "Solanum scuticum M.Nee",
        "coordinateUncertaintyInMeters": "",
        "basisOfRecord": "PRESERVED_SPECIMEN",
        "eventDate": "1986-11-14",
        "country": null,
        "datasetName": "Vascular plants",
        "publisher": "The New York Botanical Garden",
        "license": "CC0_1_0",
        "issues": [
          "MODIFIED_DATE_INVALID",
          "COORDINATE_REPROJECTED"
        ],
        "media": [
          {
            "url": "http://sweetgum.nybg.org/images3/1617/570/00771069.jpg",
            "references": null,
            "title": null,
            "creator": "The New York Botanical Garden",
            "publisher": null,
            "license": "http://creativecommons.org/licenses/by/4.0/",
            "rightsHolder": "The New York Botanical Garden"
          }
        ]
      }
    },
    {
      "type": "Feature",
      "geometry": {
        "type": "Point",
        "coordinates": [
          -51.822629,
          -16.430623
        ]
      },
      "properties": {
        "gbifID": "1927860960",
        "species": "Solanum scuticum",
        "genus": "Solanum",
        "family": "Solanaceae",
        "scientificName": "Solanum scuticum M.Nee",
        "coordinateUncertaintyInMeters": "38194.0",
        "basisOfRecord": "PRESERVED_SPECIMEN",
        "eventDate": "1966-06-24",
        "country": null,
        "datasetName": "Vascular plants",
        "publisher": "The New York Botanical Garden",
        "license": "CC0_1_0",
        "issues": [
          "MODIFIED_DATE_INVALID",
          "COORDINATE_REPROJECTED"
        ],
        "media": [
          {
            "url": "http://sweetgum.nybg.org/images3/1617/423/00701291.jpg",
            "references": null,
            "title": null,
            "creator": "The New York Botanical Garden",
            "publisher": null,
            "license": "http://creativecommons.org/licenses/by/4.0/",
            "rightsHolder": "The New York Botanical Garden"
          }
        ]
      }
    },
    {
      "type": "Feature",
      "geometry": {
        "type": "Point",
        "coordinates": [
          -70.8658,
          -8.5181
        ]
      },
      "properties": {
        "gbifID": "1927963305",
        "species": "Solanum scuticum",
        "genus": "Solanum",
        "family": "Solanaceae",
        "scientificName": "Solanum scuticum M.Nee",
        "coordinateUncertaintyInMeters": "",
        "basisOfRecord": "PRESERVED_SPECIMEN",
        "eventDate": "1995-11-30",
        "country": null,
        "datasetName": "Vascular plants",
        "publisher": "The New York Botanical Garden",
        "license": "CC0_1_0",
        "issues": [
          "MODIFIED_DATE_INVALID",
          "GEODETIC_DATUM_ASSUMED_WGS84"
        ],
        "media": [
          {
            "url": "http://sweetgum.nybg.org/images3/236/597/v-287-00583568.jpg",
            "references": null,
            "title": null,
            "creator": "The New York Botanical Garden",
            "publisher": null,
            "license": "http://creativecommons.org/licenses/by/4.0/",
            "rightsHolder": "The New York Botanical Garden"
          },
          {
            "url": "http://sweetgum.nybg.org/images3/4472/416/00583568.jpg",
            "references": null,
            "title": null,
            "creator": "The New York Botanical Garden",
            "publisher": null,
            "license": "http://creativecommons.org/licenses/by/4.0/",
            "rightsHolder": "The New York Botanical Garden"
          }
        ]
      }
    },
    {
      "type": "Feature",
      "geometry": {
        "type": "Point",
        "coordinates": [
          -48.45,
          -14.60365
        ]
      },
      "properties": {
        "gbifID": "1930143445",
        "species": "Solanum scuticum",
        "genus": "Solanum",
        "family": "Solanaceae",
        "scientificName": "Solanum scuticum M.Nee",
        "coordinateUncertaintyInMeters": "10000.0",
        "basisOfRecord": "PRESERVED_SPECIMEN",
        "eventDate": "1972-01-23",
        "country": null,
        "datasetName": "Vascular plants",
        "publisher": "The New York Botanical Garden",
        "license": "CC0_1_0",
        "issues": [
          "MODIFIED_DATE_INVALID"
        ],
        "media": [
          {
            "url": "http://sweetgum.nybg.org/images3/200/868/v-287-00701294.jpg",
            "references": null,
            "title": null,
            "creator": "The New York Botanical Garden",
            "publisher": null,
            "license": "http://creativecommons.org/licenses/by/4.0/",
            "rightsHolder": "The New York Botanical Garden"
          }
        ]
      }
    },
    {
      "type": "Feature",
      "geometry": {
        "type": "Point",
        "coordinates": [
          -49.273697,
          -25.431983
        ]
      },
      "properties": {
        "gbifID": "1928287613",
        "species": "Solanum scuticum",
        "genus": "Solanum",
        "family": "Solanaceae",
        "scientificName": "Solanum scuticum M.Nee",
        "coordinateUncertaintyInMeters": "",
        "basisOfRecord": "PRESERVED_SPECIMEN",
        "eventDate": "1996-10-02",
        "country": null,
        "datasetName": "Vascular plants",
        "publisher": "The New York Botanical Garden",
        "license": "CC0_1_0",
        "issues": [
          "MODIFIED_DATE_INVALID",
          "COORDINATE_REPROJECTED"
        ],
        "media": [
          {
            "url": "http://sweetgum.nybg.org/images3/201/005/v-287-00771074.jpg",
            "references": null,
            "title": null,
            "creator": "The New York Botanical Garden",
            "publisher": null,
            "license": "http://creativecommons.org/licenses/by/4.0/",
            "rightsHolder": "The New York Botanical Garden"
          }
        ]
      }
    },
    {
      "type": "Feature",
      "geometry": {
        "type": "Point",
        "coordinates": [
          -40.4192,
          -19.2503
        ]
      },
      "properties": {
        "gbifID": "1927885880",
        "species": "Solanum scuticum",
        "genus": "Solanum",
        "family": "Solanaceae",
        "scientificName": "Solanum scuticum M.Nee",
        "coordinateUncertaintyInMeters": "",
        "basisOfRecord": "PRESERVED_SPECIMEN",
        "eventDate": "2012-06-10",
        "country": null,
        "datasetName": "Vascular plants",
        "publisher": "The New York Botanical Garden",
        "license": "CC0_1_0",
        "issues": [
          "MODIFIED_DATE_INVALID",
          "GEODETIC_DATUM_ASSUMED_WGS84"
        ],
        "media": [
          {
            "url": "http://sweetgum.nybg.org/images3/997/437/01801859.jpg",
            "references": null,
            "title": null,
            "creator": "The New York Botanical Garden",
            "publisher": null,
            "license": "http://creativecommons.org/licenses/by/4.0/",
            "rightsHolder": "The New York Botanical Garden"
          }
        ]
      }
    },
    {
      "type": "Feature",
      "geometry": {
        "type": "Point",
        "coordinates": [
          -51.811031,
          -16.960633
        ]
      },
      "properties": {
        "gbifID": "1929362768",
        "species": "Solanum scuticum",
        "genus": "Solanum",
        "family": "Solanaceae",
        "scientificName": "Solanum scuticum M.Nee",
        "coordinateUncertaintyInMeters": "77016.0",
        "basisOfRecord": "PRESERVED_SPECIMEN",
        "eventDate": "1966-06-28",
        "country": null,
        "datasetName": "Vascular plants",
        "publisher": "The New York Botanical Garden",
        "license": "CC0_1_0",
        "issues": [
          "MODIFIED_DATE_INVALID",
          "COORDINATE_REPROJECTED"
        ],
        "media": [
          {
            "url": "http://sweetgum.nybg.org/images3/1617/424/00701293.jpg",
            "references": null,
            "title": null,
            "creator": "The New York Botanical Garden",
            "publisher": null,
            "license": "http://creativecommons.org/licenses/by/4.0/",
            "rightsHolder": "The New York Botanical Garden"
          }
        ]
      }
    },
    {
      "type": "Feature",
      "geometry": {
        "type": "Point",
        "coordinates": [
          -48.509744,
          -25.524187
        ]
      },
      "properties": {
        "gbifID": "1931176374",
        "species": "Solanum scuticum",
        "genus": "Solanum",
        "family": "Solanaceae",
        "scientificName": "Solanum scuticum M.Nee",
        "coordinateUncertaintyInMeters": "24916.0",
        "basisOfRecord": "PRESERVED_SPECIMEN",
        "eventDate": "1993-10-05",
        "country": null,
        "datasetName": "Vascular plants",
        "publisher": "The New York Botanical Garden",
        "license": "CC0_1_0",
        "issues": [
          "MODIFIED_DATE_INVALID",
          "COORDINATE_REPROJECTED"
        ],
        "media": [
          {
            "url": "http://sweetgum.nybg.org/images3/201/003/v-287-00771061.jpg",
            "references": null,
            "title": null,
            "creator": "The New York Botanical Garden",
            "publisher": null,
            "license": "http://creativecommons.org/licenses/by/4.0/",
            "rightsHolder": "The New York Botanical Garden"
          }
        ]
      }
    },
    {
      "type": "Feature",
      "geometry": {
        "type": "Point",
        "coordinates": [
          -60.2753,
          -14.4
        ]
      },
      "properties": {
        "gbifID": "1928953453",
        "species": "Solanum scuticum",
        "genus": "Solanum",
        "family": "Solanaceae",
        "scientificName": "Solanum scuticum M.Nee",
        "coordinateUncertaintyInMeters": "",
        "basisOfRecord": "PRESERVED_SPECIMEN",
        "eventDate": "2011-03-08",
        "country": null,
        "datasetName": "Vascular plants",
        "publisher": "The New York Botanical Garden",
        "license": "CC0_1_0",
        "issues": [
          "MODIFIED_DATE_INVALID",
          "GEODETIC_DATUM_ASSUMED_WGS84"
        ],
        "media": [
          {
            "url": "http://sweetgum.nybg.org/images3/1172/776/01921600.jpg",
            "references": null,
            "title": null,
            "creator": "The New York Botanical Garden",
            "publisher": null,
            "license": "http://creativecommons.org/licenses/by/4.0/",
            "rightsHolder": "The New York Botanical Garden"
          }
        ]
      }
    },
    {
      "type": "Feature",
      "geometry": {
        "type": "Point",
        "coordinates": [
          -42.8415,
          -20.74411
        ]
      },
      "properties": {
        "gbifID": "1930169408",
        "species": "Solanum scuticum",
        "genus": "Solanum",
        "family": "Solanaceae",
        "scientificName": "Solanum scuticum M.Nee",
        "coordinateUncertaintyInMeters": "",
        "basisOfRecord": "PRESERVED_SPECIMEN",
        "eventDate": "1958-11-28",
        "country": null,
        "datasetName": "Vascular plants",
        "publisher": "The New York Botanical Garden",
        "license": "CC0_1_0",
        "issues": [
          "MODIFIED_DATE_INVALID"
        ],
        "media": [
          {
            "url": "http://sweetgum.nybg.org/images3/1617/434/00701309.jpg",
            "references": null,
            "title": null,
            "creator": "The New York Botanical Garden",
            "publisher": null,
            "license": "http://creativecommons.org/licenses/by/4.0/",
            "rightsHolder": "The New York Botanical Garden"
          }
        ]
      }
    },
    {
      "type": "Feature",
      "geometry": {
        "type": "Point",
        "coordinates": [
          -43.938015,
          -19.924608
        ]
      },
      "properties": {
        "gbifID": "1928922945",
        "species": "Solanum scuticum",
        "genus": "Solanum",
        "family": "Solanaceae",
        "scientificName": "Solanum scuticum M.Nee",
        "coordinateUncertaintyInMeters": "17082.0",
        "basisOfRecord": "PRESERVED_SPECIMEN",
        "eventDate": "1945-08-11",
        "country": null,
        "datasetName": "Vascular plants",
        "publisher": "The New York Botanical Garden",
        "license": "CC0_1_0",
        "issues": [
          "MODIFIED_DATE_INVALID",
          "COORDINATE_REPROJECTED"
        ],
        "media": [
          {
            "url": "http://sweetgum.nybg.org/images3/1617/426/00701296.jpg",
            "references": null,
            "title": null,
            "creator": "The New York Botanical Garden",
            "publisher": null,
            "license": "http://creativecommons.org/licenses/by/4.0/",
            "rightsHolder": "The New York Botanical Garden"
          }
        ]
      }
    },
    {
      "type": "Feature",
      "geometry": {
        "type": "Point",
        "coordinates": [
          -56.7189,
          -21.1181
        ]
      },
      "properties": {
        "gbifID": "2239548986",
        "species": "Solanum scuticum",
        "genus": "Solanum",
        "family": "Solanaceae",
        "scientificName": "Solanum scuticum M.Nee",
        "coordinateUncertaintyInMeters": "",
        "basisOfRecord": "PRESERVED_SPECIMEN",
        "eventDate": "2017-08-29",
        "country": null,
        "datasetName": "Vascular plants",
        "publisher": "The New York Botanical Garden",
        "license": "CC0_1_0",
        "issues": [
          "MODIFIED_DATE_INVALID",
          "GEODETIC_DATUM_ASSUMED_WGS84"
        ],
        "media": [
          {
            "url": "http://sweetgum.nybg.org/images3/3350/349/04034775.jpg",
            "references": null,
            "title": null,
            "creator": "The New York Botanical Garden",
            "publisher": null,
            "license": "http://creativecommons.org/licenses/by/4.0/",
            "rightsHolder": "The New York Botanical Garden"
          }
        ]
      }
    },
    {
      "type": "Feature",
      "geometry": {
        "type": "Point",
        "coordinates": [
          -48.284394,
          -15.164307
        ]
      },
      "properties": {
        "gbifID": "1928976899",
        "species": "Solanum scuticum",
        "genus": "Solanum",
        "family": "Solanaceae",
        "scientificName": "Solanum scuticum M.Nee",
        "coordinateUncertaintyInMeters": "",
        "basisOfRecord": "PRESERVED_SPECIMEN",
        "eventDate": "1986-07-18",
        "country": null,
        "datasetName": "Vascular plants",
        "publisher": "The New York Botanical Garden",
        "license": "CC0_1_0",
        "issues": [
          "MODIFIED_DATE_INVALID",
          "COORDINATE_REPROJECTED"
        ],
        "media": [
          {
            "url": "http://sweetgum.nybg.org/images3/1617/420/00701287.jpg",
            "references": null,
            "title": null,
            "creator": "The New York Botanical Garden",
            "publisher": null,
            "license": "http://creativecommons.org/licenses/by/4.0/",
            "rightsHolder": "The New York Botanical Garden"
          }
        ]
      }
    },
    {
      "type": "Feature",
      "geometry": {
        "type": "Point",
        "coordinates": [
          -48.777783,
          -24.687744
        ]
      },
      "properties": {
        "gbifID": "2452944118",
        "species": "Solanum scuticum",
        "genus": "Solanum",
        "family": "Solanaceae",
        "scientificName": "Solanum scuticum M.Nee",
        "coordinateUncertaintyInMeters": "",
        "basisOfRecord": "PRESERVED_SPECIMEN",
        "eventDate": "2013-07-28",
        "country": null,
        "datasetName": "",
        "publisher": "Instituto de Botânica, São Paulo",
        "license": "CC_BY_4_0",
        "issues": [
          "CONTINENT_DERIVED_FROM_COORDINATES",
          "INSTITUTION_MATCH_NONE"
        ],
        "fallback_media": {
          "url": "https://inaturalist-open-data.s3.amazonaws.com/photos/262858447/original.jpeg",
          "references": "https://www.inaturalist.org/photos/262858447",
          "title": null,
          "creator": "Rony Ristow",
          "publisher": "iNaturalist",
          "license": "http://creativecommons.org/licenses/by/4.0/",
          "rightsHolder": "Rony Ristow"
        }
      }
    },
    {
      "type": "Feature",
      "geometry": {
        "type": "Point",
        "coordinates": [
          -51.278333,
          -23.275833
        ]
      },
      "properties": {
        "gbifID": "1213627967",
        "species": "Solanum scuticum",
        "genus": "Solanum",
        "family": "Solanaceae",
        "scientificName": "Solanum scuticum M.Nee",
        "coordinateUncertaintyInMeters": "",
        "basisOfRecord": "PRESERVED_SPECIMEN",
        "eventDate": "1997-09-12",
        "country": null,
        "datasetName": "",
        "publisher": "Universidade de Brasília",
        "license": "CC_BY_4_0",
        "issues": [
          "COORDINATE_ROUNDED",
          "CONTINENT_DERIVED_FROM_COORDINATES",
          "INSTITUTION_MATCH_FUZZY",
          "INSTITUTION_COLLECTION_MISMATCH"
        ],
        "fallback_media": {
          "url": "https://inaturalist-open-data.s3.amazonaws.com/photos/262858447/original.jpeg",
          "references": "https://www.inaturalist.org/photos/262858447",
          "title": null,
          "creator": "Rony Ristow",
          "publisher": "iNaturalist",
          "license": "http://creativecommons.org/licenses/by/4.0/",
          "rightsHolder": "Rony Ristow"
        }
      }
    },
    {
      "type": "Feature",
      "geometry": {
        "type": "Point",
        "coordinates": [
          -48.459722,
          -14.473889
        ]
      },
      "properties": {
        "gbifID": "1213547386",
        "species": "Solanum scuticum",
        "genus": "Solanum",
        "family": "Solanaceae",
        "scientificName": "Solanum scuticum M.Nee",
        "coordinateUncertaintyInMeters": "",
        "basisOfRecord": "PRESERVED_SPECIMEN",
        "eventDate": "1995-07-21",
        "country": null,
        "datasetName": "",
        "publisher": "Universidade de Brasília",
        "license": "CC_BY_4_0",
        "issues": [
          "COORDINATE_ROUNDED",
          "CONTINENT_DERIVED_FROM_COORDINATES",
          "INSTITUTION_MATCH_FUZZY",
          "INSTITUTION_COLLECTION_MISMATCH"
        ],
        "fallback_media": {
          "url": "https://inaturalist-open-data.s3.amazonaws.com/photos/262858447/original.jpeg",
          "references": "https://www.inaturalist.org/photos/262858447",
          "title": null,
          "creator": "Rony Ristow",
          "publisher": "iNaturalist",
          "license": "http://creativecommons.org/licenses/by/4.0/",
          "rightsHolder": "Rony Ristow"
        }
      }
    },
    {
      "type": "Feature",
      "geometry": {
        "type": "Point",
        "coordinates": [
          -56.533333,
          -20.966667
        ]
      },
      "properties": {
        "gbifID": "1087230858",
        "species": "Solanum scuticum",
        "genus": "Solanum",
        "family": "Solanaceae",
        "scientificName": "Solanum scuticum M.Nee",
        "coordinateUncertaintyInMeters": "",
        "basisOfRecord": "PRESERVED_SPECIMEN",
        "eventDate": "1996-10-24",
        "country": null,
        "datasetName": "",
        "publisher": "Universidade de Brasília",
        "license": "CC_BY_4_0",
        "issues": [
          "COORDINATE_ROUNDED",
          "CONTINENT_DERIVED_FROM_COORDINATES",
          "INSTITUTION_MATCH_FUZZY",
          "INSTITUTION_COLLECTION_MISMATCH"
        ],
        "fallback_media": {
          "url": "https://inaturalist-open-data.s3.amazonaws.com/photos/262858447/original.jpeg",
          "references": "https://www.inaturalist.org/photos/262858447",
          "title": null,
          "creator": "Rony Ristow",
          "publisher": "iNaturalist",
          "license": "http://creativecommons.org/licenses/by/4.0/",
          "rightsHolder": "Rony Ristow"
        }
      }
    },
    {
      "type": "Feature",
      "geometry": {
        "type": "Point",
        "coordinates": [
          -49.253889,
          -16.678611
        ]
      },
      "properties": {
        "gbifID": "1213546813",
        "species": "Solanum scuticum",
        "genus": "Solanum",
        "family": "Solanaceae",
        "scientificName": "Solanum scuticum M.Nee",
        "coordinateUncertaintyInMeters": "",
        "basisOfRecord": "PRESERVED_SPECIMEN",
        "eventDate": "1981-08-20",
        "country": null,
        "datasetName": "",
        "publisher": "Universidade de Brasília",
        "license": "CC_BY_4_0",
        "issues": [
          "COORDINATE_ROUNDED",
          "CONTINENT_DERIVED_FROM_COORDINATES",
          "INSTITUTION_MATCH_FUZZY",
          "INSTITUTION_COLLECTION_MISMATCH"
        ],
        "fallback_media": {
          "url": "https://inaturalist-open-data.s3.amazonaws.com/photos/262858447/original.jpeg",
          "references": "https://www.inaturalist.org/photos/262858447",
          "title": null,
          "creator": "Rony Ristow",
          "publisher": "iNaturalist",
          "license": "http://creativecommons.org/licenses/by/4.0/",
          "rightsHolder": "Rony Ristow"
        }
      }
    },
    {
      "type": "Feature",
      "geometry": {
        "type": "Point",
        "coordinates": [
          -47.929722,
          -15.779722
        ]
      },
      "properties": {
        "gbifID": "1213547126",
        "species": "Solanum scuticum",
        "genus": "Solanum",
        "family": "Solanaceae",
        "scientificName": "Solanum scuticum M.Nee",
        "coordinateUncertaintyInMeters": "",
        "basisOfRecord": "PRESERVED_SPECIMEN",
        "eventDate": "1965-07-28",
        "country": null,
        "datasetName": "",
        "publisher": "Universidade de Brasília",
        "license": "CC_BY_4_0",
        "issues": [
          "COORDINATE_ROUNDED",
          "CONTINENT_DERIVED_FROM_COORDINATES",
          "INSTITUTION_MATCH_FUZZY",
          "INSTITUTION_COLLECTION_MISMATCH"
        ],
        "fallback_media": {
          "url": "https://inaturalist-open-data.s3.amazonaws.com/photos/262858447/original.jpeg",
          "references": "https://www.inaturalist.org/photos/262858447",
          "title": null,
          "creator": "Rony Ristow",
          "publisher": "iNaturalist",
          "license": "http://creativecommons.org/licenses/by/4.0/",
          "rightsHolder": "Rony Ristow"
        }
      }
    },
    {
      "type": "Feature",
      "geometry": {
        "type": "Point",
        "coordinates": [
          -48.808611,
          -15.923611
        ]
      },
      "properties": {
        "gbifID": "1213546825",
        "species": "Solanum scuticum",
        "genus": "Solanum",
        "family": "Solanaceae",
        "scientificName": "Solanum scuticum M.Nee",
        "coordinateUncertaintyInMeters": "",
        "basisOfRecord": "PRESERVED_SPECIMEN",
        "eventDate": "1976-06-05",
        "country": null,
        "datasetName": "",
        "publisher": "Universidade de Brasília",
        "license": "CC_BY_4_0",
        "issues": [
          "COORDINATE_ROUNDED",
          "CONTINENT_DERIVED_FROM_COORDINATES",
          "INSTITUTION_MATCH_FUZZY",
          "INSTITUTION_COLLECTION_MISMATCH"
        ],
        "fallback_media": {
          "url": "https://inaturalist-open-data.s3.amazonaws.com/photos/262858447/original.jpeg",
          "references": "https://www.inaturalist.org/photos/262858447",
          "title": null,
          "creator": "Rony Ristow",
          "publisher": "iNaturalist",
          "license": "http://creativecommons.org/licenses/by/4.0/",
          "rightsHolder": "Rony Ristow"
        }
      }
    },
    {
      "type": "Feature",
      "geometry": {
        "type": "Point",
        "coordinates": [
          -48.283333,
          -13.833333
        ]
      },
      "properties": {
        "gbifID": "1213546990",
        "species": "Solanum scuticum",
        "genus": "Solanum",
        "family": "Solanaceae",
        "scientificName": "Solanum scuticum M.Nee",
        "coordinateUncertaintyInMeters": "",
        "basisOfRecord": "PRESERVED_SPECIMEN",
        "eventDate": "1991-08-14",
        "country": null,
        "datasetName": "",
        "publisher": "Universidade de Brasília",
        "license": "CC_BY_4_0",
        "issues": [
          "COORDINATE_ROUNDED",
          "CONTINENT_DERIVED_FROM_COORDINATES",
          "INSTITUTION_MATCH_FUZZY",
          "INSTITUTION_COLLECTION_MISMATCH"
        ],
        "fallback_media": {
          "url": "https://inaturalist-open-data.s3.amazonaws.com/photos/262858447/original.jpeg",
          "references": "https://www.inaturalist.org/photos/262858447",
          "title": null,
          "creator": "Rony Ristow",
          "publisher": "iNaturalist",
          "license": "http://creativecommons.org/licenses/by/4.0/",
          "rightsHolder": "Rony Ristow"
        }
      }
    },
    {
      "type": "Feature",
      "geometry": {
        "type": "Point",
        "coordinates": [
          -47.883333,
          -15.583333
        ]
      },
      "properties": {
        "gbifID": "1213547363",
        "species": "Solanum scuticum",
        "genus": "Solanum",
        "family": "Solanaceae",
        "scientificName": "Solanum scuticum M.Nee",
        "coordinateUncertaintyInMeters": "",
        "basisOfRecord": "PRESERVED_SPECIMEN",
        "eventDate": "1986-11-10",
        "country": null,
        "datasetName": "",
        "publisher": "Universidade de Brasília",
        "license": "CC_BY_4_0",
        "issues": [
          "COORDINATE_ROUNDED",
          "CONTINENT_DERIVED_FROM_COORDINATES",
          "INSTITUTION_MATCH_FUZZY",
          "INSTITUTION_COLLECTION_MISMATCH"
        ],
        "fallback_media": {
          "url": "https://inaturalist-open-data.s3.amazonaws.com/photos/262858447/original.jpeg",
          "references": "https://www.inaturalist.org/photos/262858447",
          "title": null,
          "creator": "Rony Ristow",
          "publisher": "iNaturalist",
          "license": "http://creativecommons.org/licenses/by/4.0/",
          "rightsHolder": "Rony Ristow"
        }
      }
    },
    {
      "type": "Feature",
      "geometry": {
        "type": "Point",
        "coordinates": [
          -48.55,
          -17.85
        ]
      },
      "properties": {
        "gbifID": "1213547038",
        "species": "Solanum scuticum",
        "genus": "Solanum",
        "family": "Solanaceae",
        "scientificName": "Solanum scuticum M.Nee",
        "coordinateUncertaintyInMeters": "",
        "basisOfRecord": "PRESERVED_SPECIMEN",
        "eventDate": "1993-10-26",
        "country": null,
        "datasetName": "",
        "publisher": "Universidade de Brasília",
        "license": "CC_BY_4_0",
        "issues": [
          "CONTINENT_DERIVED_FROM_COORDINATES",
          "INSTITUTION_MATCH_FUZZY",
          "INSTITUTION_COLLECTION_MISMATCH"
        ],
        "fallback_media": {
          "url": "https://inaturalist-open-data.s3.amazonaws.com/photos/262858447/original.jpeg",
          "references": "https://www.inaturalist.org/photos/262858447",
          "title": null,
          "creator": "Rony Ristow",
          "publisher": "iNaturalist",
          "license": "http://creativecommons.org/licenses/by/4.0/",
          "rightsHolder": "Rony Ristow"
        }
      }
    },
    {
      "type": "Feature",
      "geometry": {
        "type": "Point",
        "coordinates": [
          -44.216667,
          -20.133333
        ]
      },
      "properties": {
        "gbifID": "1978401518",
        "species": "Solanum scuticum",
        "genus": "Solanum",
        "family": "Solanaceae",
        "scientificName": "Solanum scuticum M.Nee",
        "coordinateUncertaintyInMeters": "",
        "basisOfRecord": "PRESERVED_SPECIMEN",
        "eventDate": "1989-03-04",
        "country": null,
        "datasetName": "",
        "publisher": "Universidade de São Paulo",
        "license": "CC_BY_4_0",
        "issues": [
          "CONTINENT_DERIVED_FROM_COORDINATES",
          "INSTITUTION_MATCH_NONE"
        ],
        "fallback_media": {
          "url": "https://inaturalist-open-data.s3.amazonaws.com/photos/262858447/original.jpeg",
          "references": "https://www.inaturalist.org/photos/262858447",
          "title": null,
          "creator": "Rony Ristow",
          "publisher": "iNaturalist",
          "license": "http://creativecommons.org/licenses/by/4.0/",
          "rightsHolder": "Rony Ristow"
        }
      }
    },
    {
      "type": "Feature",
      "geometry": {
        "type": "Point",
        "coordinates": [
          -65.896667,
          -17.173056
        ]
      },
      "properties": {
        "gbifID": "1978403245",
        "species": "Solanum scuticum",
        "genus": "Solanum",
        "family": "Solanaceae",
        "scientificName": "Solanum scuticum M.Nee",
        "coordinateUncertaintyInMeters": "",
        "basisOfRecord": "PRESERVED_SPECIMEN",
        "eventDate": "2002-12-16",
        "country": null,
        "datasetName": "",
        "publisher": "Universidade de São Paulo",
        "license": "CC_BY_4_0",
        "issues": [
          "CONTINENT_DERIVED_FROM_COORDINATES",
          "INSTITUTION_MATCH_NONE"
        ],
        "fallback_media": {
          "url": "https://inaturalist-open-data.s3.amazonaws.com/photos/262858447/original.jpeg",
          "references": "https://www.inaturalist.org/photos/262858447",
          "title": null,
          "creator": "Rony Ristow",
          "publisher": "iNaturalist",
          "license": "http://creativecommons.org/licenses/by/4.0/",
          "rightsHolder": "Rony Ristow"
        }
      }
    },
    {
      "type": "Feature",
      "geometry": {
        "type": "Point",
        "coordinates": [
          -47.459167,
          -20.259167
        ]
      },
      "properties": {
        "gbifID": "1978403533",
        "species": "Solanum scuticum",
        "genus": "Solanum",
        "family": "Solanaceae",
        "scientificName": "Solanum scuticum M.Nee",
        "coordinateUncertaintyInMeters": "",
        "basisOfRecord": "PRESERVED_SPECIMEN",
        "eventDate": "2003-12-13",
        "country": null,
        "datasetName": "",
        "publisher": "Universidade de São Paulo",
        "license": "CC_BY_4_0",
        "issues": [
          "CONTINENT_DERIVED_FROM_COORDINATES",
          "INSTITUTION_MATCH_NONE"
        ],
        "fallback_media": {
          "url": "https://inaturalist-open-data.s3.amazonaws.com/photos/262858447/original.jpeg",
          "references": "https://www.inaturalist.org/photos/262858447",
          "title": null,
          "creator": "Rony Ristow",
          "publisher": "iNaturalist",
          "license": "http://creativecommons.org/licenses/by/4.0/",
          "rightsHolder": "Rony Ristow"
        }
      }
    },
    {
      "type": "Feature",
      "geometry": {
        "type": "Point",
        "coordinates": [
          -43.986917,
          -19.477167
        ]
      },
      "properties": {
        "gbifID": "1978403470",
        "species": "Solanum scuticum",
        "genus": "Solanum",
        "family": "Solanaceae",
        "scientificName": "Solanum scuticum M.Nee",
        "coordinateUncertaintyInMeters": "",
        "basisOfRecord": "PRESERVED_SPECIMEN",
        "eventDate": "2006-12-01",
        "country": null,
        "datasetName": "",
        "publisher": "Universidade de São Paulo",
        "license": "CC_BY_4_0",
        "issues": [
          "CONTINENT_DERIVED_FROM_COORDINATES",
          "INSTITUTION_MATCH_NONE"
        ],
        "fallback_media": {
          "url": "https://inaturalist-open-data.s3.amazonaws.com/photos/262858447/original.jpeg",
          "references": "https://www.inaturalist.org/photos/262858447",
          "title": null,
          "creator": "Rony Ristow",
          "publisher": "iNaturalist",
          "license": "http://creativecommons.org/licenses/by/4.0/",
          "rightsHolder": "Rony Ristow"
        }
      }
    },
    {
      "type": "Feature",
      "geometry": {
        "type": "Point",
        "coordinates": [
          -48.821139,
          -26.447972
        ]
      },
      "properties": {
        "gbifID": "1978404004",
        "species": "Solanum scuticum",
        "genus": "Solanum",
        "family": "Solanaceae",
        "scientificName": "Solanum scuticum M.Nee",
        "coordinateUncertaintyInMeters": "",
        "basisOfRecord": "PRESERVED_SPECIMEN",
        "eventDate": "2007-12-20",
        "country": null,
        "datasetName": "",
        "publisher": "Universidade de São Paulo",
        "license": "CC_BY_4_0",
        "issues": [
          "CONTINENT_DERIVED_FROM_COORDINATES",
          "INSTITUTION_MATCH_NONE"
        ],
        "fallback_media": {
          "url": "https://inaturalist-open-data.s3.amazonaws.com/photos/262858447/original.jpeg",
          "references": "https://www.inaturalist.org/photos/262858447",
          "title": null,
          "creator": "Rony Ristow",
          "publisher": "iNaturalist",
          "license": "http://creativecommons.org/licenses/by/4.0/",
          "rightsHolder": "Rony Ristow"
        }
      }
    },
    {
      "type": "Feature",
      "geometry": {
        "type": "Point",
        "coordinates": [
          -48.929333,
          -26.454361
        ]
      },
      "properties": {
        "gbifID": "1978404005",
        "species": "Solanum scuticum",
        "genus": "Solanum",
        "family": "Solanaceae",
        "scientificName": "Solanum scuticum M.Nee",
        "coordinateUncertaintyInMeters": "",
        "basisOfRecord": "PRESERVED_SPECIMEN",
        "eventDate": "2008-01-14",
        "country": null,
        "datasetName": "",
        "publisher": "Universidade de São Paulo",
        "license": "CC_BY_4_0",
        "issues": [
          "CONTINENT_DERIVED_FROM_COORDINATES",
          "INSTITUTION_MATCH_NONE"
        ],
        "fallback_media": {
          "url": "https://inaturalist-open-data.s3.amazonaws.com/photos/262858447/original.jpeg",
          "references": "https://www.inaturalist.org/photos/262858447",
          "title": null,
          "creator": "Rony Ristow",
          "publisher": "iNaturalist",
          "license": "http://creativecommons.org/licenses/by/4.0/",
          "rightsHolder": "Rony Ristow"
        }
      }
    },
    {
      "type": "Feature",
      "geometry": {
        "type": "Point",
        "coordinates": [
          -46.7725,
          -23.663056
        ]
      },
      "properties": {
        "gbifID": "1978402914",
        "species": "Solanum scuticum",
        "genus": "Solanum",
        "family": "Solanaceae",
        "scientificName": "Solanum scuticum M.Nee",
        "coordinateUncertaintyInMeters": "",
        "basisOfRecord": "PRESERVED_SPECIMEN",
        "eventDate": "1992-08-05",
        "country": null,
        "datasetName": "",
        "publisher": "Universidade de São Paulo",
        "license": "CC_BY_4_0",
        "issues": [
          "CONTINENT_DERIVED_FROM_COORDINATES",
          "INSTITUTION_MATCH_NONE"
        ],
        "fallback_media": {
          "url": "https://inaturalist-open-data.s3.amazonaws.com/photos/262858447/original.jpeg",
          "references": "https://www.inaturalist.org/photos/262858447",
          "title": null,
          "creator": "Rony Ristow",
          "publisher": "iNaturalist",
          "license": "http://creativecommons.org/licenses/by/4.0/",
          "rightsHolder": "Rony Ristow"
        }
      }
    },
    {
      "type": "Feature",
      "geometry": {
        "type": "Point",
        "coordinates": [
          -48.433333,
          -22.866667
        ]
      },
      "properties": {
        "gbifID": "1087509658",
        "species": "Solanum scuticum",
        "genus": "Solanum",
        "family": "Solanaceae",
        "scientificName": "Solanum scuticum M.Nee",
        "coordinateUncertaintyInMeters": "",
        "basisOfRecord": "PRESERVED_SPECIMEN",
        "eventDate": "2003-10-21",
        "country": null,
        "datasetName": "",
        "publisher": "Universidade Estadual Paulista",
        "license": "CC_BY_4_0",
        "issues": [
          "CONTINENT_DERIVED_FROM_COORDINATES",
          "CONTINENT_INVALID",
          "INSTITUTION_MATCH_NONE"
        ],
        "fallback_media": {
          "url": "https://inaturalist-open-data.s3.amazonaws.com/photos/262858447/original.jpeg",
          "references": "https://www.inaturalist.org/photos/262858447",
          "title": null,
          "creator": "Rony Ristow",
          "publisher": "iNaturalist",
          "license": "http://creativecommons.org/licenses/by/4.0/",
          "rightsHolder": "Rony Ristow"
        }
      }
    },
    {
      "type": "Feature",
      "geometry": {
        "type": "Point",
        "coordinates": [
          -54.566667,
          -20.466667
        ]
      },
      "properties": {
        "gbifID": "3424636360",
        "species": "Solanum scuticum",
        "genus": "Solanum",
        "family": "Solanaceae",
        "scientificName": "Solanum scuticum M.Nee",
        "coordinateUncertaintyInMeters": "",
        "basisOfRecord": "PRESERVED_SPECIMEN",
        "eventDate": "2021-10-28",
        "country": null,
        "datasetName": "",
        "publisher": "Universidade Federal de Mato Grosso do Sul",
        "license": "CC_BY_4_0",
        "issues": [
          "COORDINATE_ROUNDED",
          "CONTINENT_DERIVED_FROM_COORDINATES",
          "INSTITUTION_MATCH_NONE"
        ],
        "fallback_media": {
          "url": "https://inaturalist-open-data.s3.amazonaws.com/photos/262858447/original.jpeg",
          "references": "https://www.inaturalist.org/photos/262858447",
          "title": null,
          "creator": "Rony Ristow",
          "publisher": "iNaturalist",
          "license": "http://creativecommons.org/licenses/by/4.0/",
          "rightsHolder": "Rony Ristow"
        }
      }
    },
    {
      "type": "Feature",
      "geometry": {
        "type": "Point",
        "coordinates": [
          -54.612778,
          -20.507222
        ]
      },
      "properties": {
        "gbifID": "2273335073",
        "species": "Solanum scuticum",
        "genus": "Solanum",
        "family": "Solanaceae",
        "scientificName": "Solanum scuticum M.Nee",
        "coordinateUncertaintyInMeters": "",
        "basisOfRecord": "PRESERVED_SPECIMEN",
        "eventDate": "2008-04-02",
        "country": null,
        "datasetName": "",
        "publisher": "Universidade Federal de Mato Grosso do Sul",
        "license": "CC_BY_4_0",
        "issues": [
          "COORDINATE_ROUNDED",
          "CONTINENT_DERIVED_FROM_COORDINATES",
          "INSTITUTION_MATCH_NONE"
        ],
        "fallback_media": {
          "url": "https://inaturalist-open-data.s3.amazonaws.com/photos/262858447/original.jpeg",
          "references": "https://www.inaturalist.org/photos/262858447",
          "title": null,
          "creator": "Rony Ristow",
          "publisher": "iNaturalist",
          "license": "http://creativecommons.org/licenses/by/4.0/",
          "rightsHolder": "Rony Ristow"
        }
      }
    },
    {
      "type": "Feature",
      "geometry": {
        "type": "Point",
        "coordinates": [
          -47.928889,
          -22.511389
        ]
      },
      "properties": {
        "gbifID": "2464872893",
        "species": "Solanum scuticum",
        "genus": "Solanum",
        "family": "Solanaceae",
        "scientificName": "Solanum scuticum M.Nee",
        "coordinateUncertaintyInMeters": "",
        "basisOfRecord": "PRESERVED_SPECIMEN",
        "eventDate": "1944-05-24",
        "country": null,
        "datasetName": "",
        "publisher": "Universidade Estadual de Londrina",
        "license": "CC_BY_4_0",
        "issues": [
          "CONTINENT_DERIVED_FROM_COORDINATES",
          "INSTITUTION_MATCH_FUZZY",
          "COLLECTION_MATCH_FUZZY"
        ],
        "fallback_media": {
          "url": "https://inaturalist-open-data.s3.amazonaws.com/photos/262858447/original.jpeg",
          "references": "https://www.inaturalist.org/photos/262858447",
          "title": null,
          "creator": "Rony Ristow",
          "publisher": "iNaturalist",
          "license": "http://creativecommons.org/licenses/by/4.0/",
          "rightsHolder": "Rony Ristow"
        }
      }
    },
    {
      "type": "Feature",
      "geometry": {
        "type": "Point",
        "coordinates": [
          -58.291667,
          -16.368333
        ]
      },
      "properties": {
        "gbifID": "2575899447",
        "species": "Solanum scuticum",
        "genus": "Solanum",
        "family": "Solanaceae",
        "scientificName": "Solanum scuticum M.Nee",
        "coordinateUncertaintyInMeters": "",
        "basisOfRecord": "PRESERVED_SPECIMEN",
        "eventDate": "2010-07-10",
        "country": null,
        "datasetName": "",
        "publisher": "Universidade Federal de Santa Catarina",
        "license": "CC_BY_4_0",
        "issues": [
          "COORDINATE_ROUNDED",
          "CONTINENT_DERIVED_FROM_COORDINATES",
          "INSTITUTION_MATCH_NONE"
        ],
        "fallback_media": {
          "url": "https://inaturalist-open-data.s3.amazonaws.com/photos/262858447/original.jpeg",
          "references": "https://www.inaturalist.org/photos/262858447",
          "title": null,
          "creator": "Rony Ristow",
          "publisher": "iNaturalist",
          "license": "http://creativecommons.org/licenses/by/4.0/",
          "rightsHolder": "Rony Ristow"
        }
      }
    },
    {
      "type": "Feature",
      "geometry": {
        "type": "Point",
        "coordinates": [
          -47.433333,
          -20.216667
        ]
      },
      "properties": {
        "gbifID": "1086892289",
        "species": "Solanum scuticum",
        "genus": "Solanum",
        "family": "Solanaceae",
        "scientificName": "Solanum scuticum M.Nee",
        "coordinateUncertaintyInMeters": "",
        "basisOfRecord": "PRESERVED_SPECIMEN",
        "eventDate": "1997-10-06",
        "country": null,
        "datasetName": "",
        "publisher": "Instituto Florestal",
        "license": "CC_BY_4_0",
        "issues": [
          "COORDINATE_ROUNDED",
          "CONTINENT_DERIVED_FROM_COORDINATES",
          "INSTITUTION_MATCH_FUZZY",
          "INSTITUTION_COLLECTION_MISMATCH"
        ],
        "fallback_media": {
          "url": "https://inaturalist-open-data.s3.amazonaws.com/photos/262858447/original.jpeg",
          "references": "https://www.inaturalist.org/photos/262858447",
          "title": null,
          "creator": "Rony Ristow",
          "publisher": "iNaturalist",
          "license": "http://creativecommons.org/licenses/by/4.0/",
          "rightsHolder": "Rony Ristow"
        }
      }
    },
    {
      "type": "Feature",
      "geometry": {
        "type": "Point",
        "coordinates": [
          -45.07,
          -23.43
        ]
      },
      "properties": {
        "gbifID": "1086889749",
        "species": "Solanum scuticum",
        "genus": "Solanum",
        "family": "Solanaceae",
        "scientificName": "Solanum scuticum M.Nee",
        "coordinateUncertaintyInMeters": "",
        "basisOfRecord": "PRESERVED_SPECIMEN",
        "eventDate": "1996-11-17",
        "country": null,
        "datasetName": "",
        "publisher": "Instituto Florestal",
        "license": "CC_BY_4_0",
        "issues": [
          "CONTINENT_DERIVED_FROM_COORDINATES",
          "INSTITUTION_MATCH_FUZZY",
          "INSTITUTION_COLLECTION_MISMATCH"
        ],
        "fallback_media": {
          "url": "https://inaturalist-open-data.s3.amazonaws.com/photos/262858447/original.jpeg",
          "references": "https://www.inaturalist.org/photos/262858447",
          "title": null,
          "creator": "Rony Ristow",
          "publisher": "iNaturalist",
          "license": "http://creativecommons.org/licenses/by/4.0/",
          "rightsHolder": "Rony Ristow"
        }
      }
    },
    {
      "type": "Feature",
      "geometry": {
        "type": "Point",
        "coordinates": [
          -46.63,
          -23.54
        ]
      },
      "properties": {
        "gbifID": "1086892139",
        "species": "Solanum scuticum",
        "genus": "Solanum",
        "family": "Solanaceae",
        "scientificName": "Solanum scuticum M.Nee",
        "coordinateUncertaintyInMeters": "",
        "basisOfRecord": "PRESERVED_SPECIMEN",
        "eventDate": "1998-09-11",
        "country": null,
        "datasetName": "",
        "publisher": "Instituto Florestal",
        "license": "CC_BY_4_0",
        "issues": [
          "CONTINENT_DERIVED_FROM_COORDINATES",
          "INSTITUTION_MATCH_FUZZY",
          "INSTITUTION_COLLECTION_MISMATCH"
        ],
        "fallback_media": {
          "url": "https://inaturalist-open-data.s3.amazonaws.com/photos/262858447/original.jpeg",
          "references": "https://www.inaturalist.org/photos/262858447",
          "title": null,
          "creator": "Rony Ristow",
          "publisher": "iNaturalist",
          "license": "http://creativecommons.org/licenses/by/4.0/",
          "rightsHolder": "Rony Ristow"
        }
      }
    },
    {
      "type": "Feature",
      "geometry": {
        "type": "Point",
        "coordinates": [
          -48.1,
          -21.72
        ]
      },
      "properties": {
        "gbifID": "4953427774",
        "species": "Solanum scuticum",
        "genus": "Solanum",
        "family": "Solanaceae",
        "scientificName": "Solanum scuticum M.Nee",
        "coordinateUncertaintyInMeters": "",
        "basisOfRecord": "PRESERVED_SPECIMEN",
        "eventDate": "1947-06-13",
        "country": null,
        "datasetName": "",
        "publisher": "Instituto Florestal",
        "license": "CC_BY_4_0",
        "issues": [
          "CONTINENT_DERIVED_FROM_COORDINATES",
          "INSTITUTION_MATCH_FUZZY",
          "INSTITUTION_COLLECTION_MISMATCH"
        ],
        "fallback_media": {
          "url": "https://inaturalist-open-data.s3.amazonaws.com/photos/262858447/original.jpeg",
          "references": "https://www.inaturalist.org/photos/262858447",
          "title": null,
          "creator": "Rony Ristow",
          "publisher": "iNaturalist",
          "license": "http://creativecommons.org/licenses/by/4.0/",
          "rightsHolder": "Rony Ristow"
        }
      }
    },
    {
      "type": "Feature",
      "geometry": {
        "type": "Point",
        "coordinates": [
          -47.47,
          -20.25
        ]
      },
      "properties": {
        "gbifID": "1086890685",
        "species": "Solanum scuticum",
        "genus": "Solanum",
        "family": "Solanaceae",
        "scientificName": "Solanum scuticum M.Nee",
        "coordinateUncertaintyInMeters": "",
        "basisOfRecord": "PRESERVED_SPECIMEN",
        "eventDate": "1995-07-25",
        "country": null,
        "datasetName": "",
        "publisher": "Instituto Florestal",
        "license": "CC_BY_4_0",
        "issues": [
          "CONTINENT_DERIVED_FROM_COORDINATES",
          "INSTITUTION_MATCH_FUZZY",
          "INSTITUTION_COLLECTION_MISMATCH"
        ],
        "fallback_media": {
          "url": "https://inaturalist-open-data.s3.amazonaws.com/photos/262858447/original.jpeg",
          "references": "https://www.inaturalist.org/photos/262858447",
          "title": null,
          "creator": "Rony Ristow",
          "publisher": "iNaturalist",
          "license": "http://creativecommons.org/licenses/by/4.0/",
          "rightsHolder": "Rony Ristow"
        }
      }
    },
    {
      "type": "Feature",
      "geometry": {
        "type": "Point",
        "coordinates": [
          -48.1,
          -24.52
        ]
      },
      "properties": {
        "gbifID": "1086889291",
        "species": "Solanum scuticum",
        "genus": "Solanum",
        "family": "Solanaceae",
        "scientificName": "Solanum scuticum M.Nee",
        "coordinateUncertaintyInMeters": "",
        "basisOfRecord": "PRESERVED_SPECIMEN",
        "eventDate": "1996-05-13",
        "country": null,
        "datasetName": "",
        "publisher": "Instituto Florestal",
        "license": "CC_BY_4_0",
        "issues": [
          "CONTINENT_DERIVED_FROM_COORDINATES",
          "INSTITUTION_MATCH_FUZZY",
          "INSTITUTION_COLLECTION_MISMATCH"
        ],
        "fallback_media": {
          "url": "https://inaturalist-open-data.s3.amazonaws.com/photos/262858447/original.jpeg",
          "references": "https://www.inaturalist.org/photos/262858447",
          "title": null,
          "creator": "Rony Ristow",
          "publisher": "iNaturalist",
          "license": "http://creativecommons.org/licenses/by/4.0/",
          "rightsHolder": "Rony Ristow"
        }
      }
    },
    {
      "type": "Feature",
      "geometry": {
        "type": "Point",
        "coordinates": [
          -46.626944,
          -23.443333
        ]
      },
      "properties": {
        "gbifID": "1086911358",
        "species": "Solanum scuticum",
        "genus": "Solanum",
        "family": "Solanaceae",
        "scientificName": "Solanum scuticum M.Nee",
        "coordinateUncertaintyInMeters": "",
        "basisOfRecord": "PRESERVED_SPECIMEN",
        "eventDate": "2007-08-21",
        "country": null,
        "datasetName": "",
        "publisher": "Instituto Florestal",
        "license": "CC_BY_4_0",
        "issues": [
          "COORDINATE_ROUNDED",
          "CONTINENT_DERIVED_FROM_COORDINATES",
          "INSTITUTION_MATCH_FUZZY",
          "INSTITUTION_COLLECTION_MISMATCH"
        ],
        "fallback_media": {
          "url": "https://inaturalist-open-data.s3.amazonaws.com/photos/262858447/original.jpeg",
          "references": "https://www.inaturalist.org/photos/262858447",
          "title": null,
          "creator": "Rony Ristow",
          "publisher": "iNaturalist",
          "license": "http://creativecommons.org/licenses/by/4.0/",
          "rightsHolder": "Rony Ristow"
        }
      }
    },
    {
      "type": "Feature",
      "geometry": {
        "type": "Point",
        "coordinates": [
          -49.34,
          -24.11
        ]
      },
      "properties": {
        "gbifID": "1086891523",
        "species": "Solanum scuticum",
        "genus": "Solanum",
        "family": "Solanaceae",
        "scientificName": "Solanum scuticum M.Nee",
        "coordinateUncertaintyInMeters": "",
        "basisOfRecord": "PRESERVED_SPECIMEN",
        "eventDate": "1997-12-17",
        "country": null,
        "datasetName": "",
        "publisher": "Instituto Florestal",
        "license": "CC_BY_4_0",
        "issues": [
          "CONTINENT_DERIVED_FROM_COORDINATES",
          "INSTITUTION_MATCH_FUZZY",
          "INSTITUTION_COLLECTION_MISMATCH"
        ],
        "fallback_media": {
          "url": "https://inaturalist-open-data.s3.amazonaws.com/photos/262858447/original.jpeg",
          "references": "https://www.inaturalist.org/photos/262858447",
          "title": null,
          "creator": "Rony Ristow",
          "publisher": "iNaturalist",
          "license": "http://creativecommons.org/licenses/by/4.0/",
          "rightsHolder": "Rony Ristow"
        }
      }
    },
    {
      "type": "Feature",
      "geometry": {
        "type": "Point",
        "coordinates": [
          -44.290555,
          -21.044444
        ]
      },
      "properties": {
        "gbifID": "6219904367",
        "species": "Solanum scuticum",
        "genus": "Solanum",
        "family": "Solanaceae",
        "scientificName": "Solanum scuticum M.Nee",
        "coordinateUncertaintyInMeters": "",
        "basisOfRecord": "PRESERVED_SPECIMEN",
        "eventDate": "2010-10-06",
        "country": null,
        "datasetName": "",
        "publisher": "Universidade da Região de Joinville",
        "license": "CC_BY_4_0",
        "issues": [
          "COORDINATE_ROUNDED",
          "CONTINENT_DERIVED_FROM_COORDINATES",
          "INSTITUTION_MATCH_NONE"
        ],
        "fallback_media": {
          "url": "https://inaturalist-open-data.s3.amazonaws.com/photos/262858447/original.jpeg",
          "references": "https://www.inaturalist.org/photos/262858447",
          "title": null,
          "creator": "Rony Ristow",
          "publisher": "iNaturalist",
          "license": "http://creativecommons.org/licenses/by/4.0/",
          "rightsHolder": "Rony Ristow"
        }
      }
    },
    {
      "type": "Feature",
      "geometry": {
        "type": "Point",
        "coordinates": [
          -48.821111,
          -26.448055
        ]
      },
      "properties": {
        "gbifID": "4950976377",
        "species": "Solanum scuticum",
        "genus": "Solanum",
        "family": "Solanaceae",
        "scientificName": "Solanum scuticum M.Nee",
        "coordinateUncertaintyInMeters": "",
        "basisOfRecord": "PRESERVED_SPECIMEN",
        "eventDate": "2008-04-01",
        "country": null,
        "datasetName": "",
        "publisher": "Universidade da Região de Joinville",
        "license": "CC_BY_4_0",
        "issues": [
          "COORDINATE_ROUNDED",
          "CONTINENT_DERIVED_FROM_COORDINATES",
          "INSTITUTION_MATCH_NONE"
        ],
        "fallback_media": {
          "url": "https://inaturalist-open-data.s3.amazonaws.com/photos/262858447/original.jpeg",
          "references": "https://www.inaturalist.org/photos/262858447",
          "title": null,
          "creator": "Rony Ristow",
          "publisher": "iNaturalist",
          "license": "http://creativecommons.org/licenses/by/4.0/",
          "rightsHolder": "Rony Ristow"
        }
      }
    },
    {
      "type": "Feature",
      "geometry": {
        "type": "Point",
        "coordinates": [
          -45.0,
          -21.6
        ]
      },
      "properties": {
        "gbifID": "6219833345",
        "species": "Solanum scuticum",
        "genus": "Solanum",
        "family": "Solanaceae",
        "scientificName": "Solanum scuticum M.Nee",
        "coordinateUncertaintyInMeters": "",
        "basisOfRecord": "PRESERVED_SPECIMEN",
        "eventDate": "2025-07-21",
        "country": null,
        "datasetName": "",
        "publisher": "Museu Nacional / UFRJ",
        "license": "CC_BY_4_0",
        "issues": [
          "CONTINENT_DERIVED_FROM_COORDINATES",
          "INSTITUTION_MATCH_FUZZY",
          "INSTITUTION_COLLECTION_MISMATCH"
        ],
        "fallback_media": {
          "url": "https://inaturalist-open-data.s3.amazonaws.com/photos/262858447/original.jpeg",
          "references": "https://www.inaturalist.org/photos/262858447",
          "title": null,
          "creator": "Rony Ristow",
          "publisher": "iNaturalist",
          "license": "http://creativecommons.org/licenses/by/4.0/",
          "rightsHolder": "Rony Ristow"
        }
      }
    },
    {
      "type": "Feature",
      "geometry": {
        "type": "Point",
        "coordinates": [
          -52.844194,
          -24.427528
        ]
      },
      "properties": {
        "gbifID": "1095182621",
        "species": "Solanum scuticum",
        "genus": "Solanum",
        "family": "Solanaceae",
        "scientificName": "Solanum scuticum M.Nee",
        "coordinateUncertaintyInMeters": "",
        "basisOfRecord": "PRESERVED_SPECIMEN",
        "eventDate": "2015-04-10",
        "country": null,
        "datasetName": "",
        "publisher": "Universidade Tecnológica Federal do Paraná - Campus Campo Mourão",
        "license": "CC_BY_4_0",
        "issues": [
          "CONTINENT_DERIVED_FROM_COORDINATES",
          "INSTITUTION_MATCH_NONE"
        ],
        "fallback_media": {
          "url": "https://inaturalist-open-data.s3.amazonaws.com/photos/262858447/original.jpeg",
          "references": "https://www.inaturalist.org/photos/262858447",
          "title": null,
          "creator": "Rony Ristow",
          "publisher": "iNaturalist",
          "license": "http://creativecommons.org/licenses/by/4.0/",
          "rightsHolder": "Rony Ristow"
        }
      }
    },
    {
      "type": "Feature",
      "geometry": {
        "type": "Point",
        "coordinates": [
          -47.837167,
          -24.885222
        ]
      },
      "properties": {
        "gbifID": "1077475982",
        "species": "Solanum scuticum",
        "genus": "Solanum",
        "family": "Solanaceae",
        "scientificName": "Solanum scuticum M.Nee",
        "coordinateUncertaintyInMeters": "",
        "basisOfRecord": "PRESERVED_SPECIMEN",
        "eventDate": "2012-04-30",
        "country": null,
        "datasetName": "",
        "publisher": "Universidade Tecnológica Federal do Paraná - Campus Campo Mourão",
        "license": "CC_BY_4_0",
        "issues": [
          "CONTINENT_DERIVED_FROM_COORDINATES",
          "INSTITUTION_MATCH_NONE"
        ],
        "fallback_media": {
          "url": "https://inaturalist-open-data.s3.amazonaws.com/photos/262858447/original.jpeg",
          "references": "https://www.inaturalist.org/photos/262858447",
          "title": null,
          "creator": "Rony Ristow",
          "publisher": "iNaturalist",
          "license": "http://creativecommons.org/licenses/by/4.0/",
          "rightsHolder": "Rony Ristow"
        }
      }
    },
    {
      "type": "Feature",
      "geometry": {
        "type": "Point",
        "coordinates": [
          -50.809722,
          -23.887083
        ]
      },
      "properties": {
        "gbifID": "1077480268",
        "species": "Solanum scuticum",
        "genus": "Solanum",
        "family": "Solanaceae",
        "scientificName": "Solanum scuticum M.Nee",
        "coordinateUncertaintyInMeters": "",
        "basisOfRecord": "PRESERVED_SPECIMEN",
        "eventDate": "2014-09-18",
        "country": null,
        "datasetName": "",
        "publisher": "Universidade Tecnológica Federal do Paraná - Campus Campo Mourão",
        "license": "CC_BY_4_0",
        "issues": [
          "CONTINENT_DERIVED_FROM_COORDINATES",
          "INSTITUTION_MATCH_NONE"
        ],
        "fallback_media": {
          "url": "https://inaturalist-open-data.s3.amazonaws.com/photos/262858447/original.jpeg",
          "references": "https://www.inaturalist.org/photos/262858447",
          "title": null,
          "creator": "Rony Ristow",
          "publisher": "iNaturalist",
          "license": "http://creativecommons.org/licenses/by/4.0/",
          "rightsHolder": "Rony Ristow"
        }
      }
    },
    {
      "type": "Feature",
      "geometry": {
        "type": "Point",
        "coordinates": [
          -48.469583,
          -25.676972
        ]
      },
      "properties": {
        "gbifID": "1077476003",
        "species": "Solanum scuticum",
        "genus": "Solanum",
        "family": "Solanaceae",
        "scientificName": "Solanum scuticum M.Nee",
        "coordinateUncertaintyInMeters": "",
        "basisOfRecord": "PRESERVED_SPECIMEN",
        "eventDate": "2012-05-19",
        "country": null,
        "datasetName": "",
        "publisher": "Universidade Tecnológica Federal do Paraná - Campus Campo Mourão",
        "license": "CC_BY_4_0",
        "issues": [
          "CONTINENT_DERIVED_FROM_COORDINATES",
          "INSTITUTION_MATCH_NONE"
        ],
        "fallback_media": {
          "url": "https://inaturalist-open-data.s3.amazonaws.com/photos/262858447/original.jpeg",
          "references": "https://www.inaturalist.org/photos/262858447",
          "title": null,
          "creator": "Rony Ristow",
          "publisher": "iNaturalist",
          "license": "http://creativecommons.org/licenses/by/4.0/",
          "rightsHolder": "Rony Ristow"
        }
      }
    },
    {
      "type": "Feature",
      "geometry": {
        "type": "Point",
        "coordinates": [
          -48.387361,
          -25.176528
        ]
      },
      "properties": {
        "gbifID": "1077479073",
        "species": "Solanum scuticum",
        "genus": "Solanum",
        "family": "Solanaceae",
        "scientificName": "Solanum scuticum M.Nee",
        "coordinateUncertaintyInMeters": "",
        "basisOfRecord": "PRESERVED_SPECIMEN",
        "eventDate": "2014-03-24",
        "country": null,
        "datasetName": "",
        "publisher": "Universidade Tecnológica Federal do Paraná - Campus Campo Mourão",
        "license": "CC_BY_4_0",
        "issues": [
          "CONTINENT_DERIVED_FROM_COORDINATES",
          "INSTITUTION_MATCH_NONE"
        ],
        "fallback_media": {
          "url": "https://inaturalist-open-data.s3.amazonaws.com/photos/262858447/original.jpeg",
          "references": "https://www.inaturalist.org/photos/262858447",
          "title": null,
          "creator": "Rony Ristow",
          "publisher": "iNaturalist",
          "license": "http://creativecommons.org/licenses/by/4.0/",
          "rightsHolder": "Rony Ristow"
        }
      }
    },
    {
      "type": "Feature",
      "geometry": {
        "type": "Point",
        "coordinates": [
          -52.381861,
          -24.054139
        ]
      },
      "properties": {
        "gbifID": "1077475097",
        "species": "Solanum scuticum",
        "genus": "Solanum",
        "family": "Solanaceae",
        "scientificName": "Solanum scuticum M.Nee",
        "coordinateUncertaintyInMeters": "",
        "basisOfRecord": "PRESERVED_SPECIMEN",
        "eventDate": "2011-10-24",
        "country": null,
        "datasetName": "",
        "publisher": "Universidade Tecnológica Federal do Paraná - Campus Campo Mourão",
        "license": "CC_BY_4_0",
        "issues": [
          "CONTINENT_DERIVED_FROM_COORDINATES",
          "INSTITUTION_MATCH_NONE"
        ],
        "fallback_media": {
          "url": "https://inaturalist-open-data.s3.amazonaws.com/photos/262858447/original.jpeg",
          "references": "https://www.inaturalist.org/photos/262858447",
          "title": null,
          "creator": "Rony Ristow",
          "publisher": "iNaturalist",
          "license": "http://creativecommons.org/licenses/by/4.0/",
          "rightsHolder": "Rony Ristow"
        }
      }
    },
    {
      "type": "Feature",
      "geometry": {
        "type": "Point",
        "coordinates": [
          -53.248472,
          -23.234111
        ]
      },
      "properties": {
        "gbifID": "1077475679",
        "species": "Solanum scuticum",
        "genus": "Solanum",
        "family": "Solanaceae",
        "scientificName": "Solanum scuticum M.Nee",
        "coordinateUncertaintyInMeters": "",
        "basisOfRecord": "PRESERVED_SPECIMEN",
        "eventDate": "2012-03-02",
        "country": null,
        "datasetName": "",
        "publisher": "Universidade Tecnológica Federal do Paraná - Campus Campo Mourão",
        "license": "CC_BY_4_0",
        "issues": [
          "CONTINENT_DERIVED_FROM_COORDINATES",
          "INSTITUTION_MATCH_NONE"
        ],
        "fallback_media": {
          "url": "https://inaturalist-open-data.s3.amazonaws.com/photos/262858447/original.jpeg",
          "references": "https://www.inaturalist.org/photos/262858447",
          "title": null,
          "creator": "Rony Ristow",
          "publisher": "iNaturalist",
          "license": "http://creativecommons.org/licenses/by/4.0/",
          "rightsHolder": "Rony Ristow"
        }
      }
    },
    {
      "type": "Feature",
      "geometry": {
        "type": "Point",
        "coordinates": [
          -46.25375,
          -20.813861
        ]
      },
      "properties": {
        "gbifID": "1077477904",
        "species": "Solanum scuticum",
        "genus": "Solanum",
        "family": "Solanaceae",
        "scientificName": "Solanum scuticum M.Nee",
        "coordinateUncertaintyInMeters": "",
        "basisOfRecord": "PRESERVED_SPECIMEN",
        "eventDate": "2013-08-16",
        "country": null,
        "datasetName": "",
        "publisher": "Universidade Tecnológica Federal do Paraná - Campus Campo Mourão",
        "license": "CC_BY_4_0",
        "issues": [
          "CONTINENT_DERIVED_FROM_COORDINATES",
          "INSTITUTION_MATCH_NONE"
        ],
        "fallback_media": {
          "url": "https://inaturalist-open-data.s3.amazonaws.com/photos/262858447/original.jpeg",
          "references": "https://www.inaturalist.org/photos/262858447",
          "title": null,
          "creator": "Rony Ristow",
          "publisher": "iNaturalist",
          "license": "http://creativecommons.org/licenses/by/4.0/",
          "rightsHolder": "Rony Ristow"
        }
      }
    },
    {
      "type": "Feature",
      "geometry": {
        "type": "Point",
        "coordinates": [
          -51.946333,
          -24.373889
        ]
      },
      "properties": {
        "gbifID": "1252590040",
        "species": "Solanum scuticum",
        "genus": "Solanum",
        "family": "Solanaceae",
        "scientificName": "Solanum scuticum M.Nee",
        "coordinateUncertaintyInMeters": "",
        "basisOfRecord": "PRESERVED_SPECIMEN",
        "eventDate": "2015-12-02",
        "country": null,
        "datasetName": "",
        "publisher": "Universidade Tecnológica Federal do Paraná - Campus Campo Mourão",
        "license": "CC_BY_4_0",
        "issues": [
          "CONTINENT_DERIVED_FROM_COORDINATES",
          "INSTITUTION_MATCH_NONE"
        ],
        "fallback_media": {
          "url": "https://inaturalist-open-data.s3.amazonaws.com/photos/262858447/original.jpeg",
          "references": "https://www.inaturalist.org/photos/262858447",
          "title": null,
          "creator": "Rony Ristow",
          "publisher": "iNaturalist",
          "license": "http://creativecommons.org/licenses/by/4.0/",
          "rightsHolder": "Rony Ristow"
        }
      }
    },
    {
      "type": "Feature",
      "geometry": {
        "type": "Point",
        "coordinates": [
          -58.291389,
          -16.368056
        ]
      },
      "properties": {
        "gbifID": "1090669709",
        "species": "Solanum scuticum",
        "genus": "Solanum",
        "family": "Solanaceae",
        "scientificName": "Solanum scuticum M.Nee",
        "coordinateUncertaintyInMeters": "",
        "basisOfRecord": "PRESERVED_SPECIMEN",
        "eventDate": "2010-07-10",
        "country": null,
        "datasetName": "",
        "publisher": "Universidade do Estado de Mato Grosso",
        "license": "CC_BY_4_0",
        "issues": [
          "CONTINENT_DERIVED_FROM_COORDINATES",
          "CONTINENT_INVALID",
          "INSTITUTION_MATCH_NONE"
        ],
        "fallback_media": {
          "url": "https://inaturalist-open-data.s3.amazonaws.com/photos/262858447/original.jpeg",
          "references": "https://www.inaturalist.org/photos/262858447",
          "title": null,
          "creator": "Rony Ristow",
          "publisher": "iNaturalist",
          "license": "http://creativecommons.org/licenses/by/4.0/",
          "rightsHolder": "Rony Ristow"
        }
      }
    },
    {
      "type": "Feature",
      "geometry": {
        "type": "Point",
        "coordinates": [
          -51.370278,
          -23.328056
        ]
      },
      "properties": {
        "gbifID": "4952087549",
        "species": "Solanum scuticum",
        "genus": "Solanum",
        "family": "Solanaceae",
        "scientificName": "Solanum scuticum M.Nee",
        "coordinateUncertaintyInMeters": "",
        "basisOfRecord": "PRESERVED_SPECIMEN",
        "eventDate": "2023-07-08",
        "country": null,
        "datasetName": "",
        "publisher": "Universidade Tecnológica Federal do Paraná - Campus Santa Helena",
        "license": "CC_BY_4_0",
        "issues": [
          "CONTINENT_DERIVED_FROM_COORDINATES",
          "INSTITUTION_MATCH_NONE"
        ],
        "fallback_media": {
          "url": "https://inaturalist-open-data.s3.amazonaws.com/photos/262858447/original.jpeg",
          "references": "https://www.inaturalist.org/photos/262858447",
          "title": null,
          "creator": "Rony Ristow",
          "publisher": "iNaturalist",
          "license": "http://creativecommons.org/licenses/by/4.0/",
          "rightsHolder": "Rony Ristow"
        }
      }
    },
    {
      "type": "Feature",
      "geometry": {
        "type": "Point",
        "coordinates": [
          -48.681667,
          -23.521944
        ]
      },
      "properties": {
        "gbifID": "1096717660",
        "species": "Solanum scuticum",
        "genus": "Solanum",
        "family": "Solanaceae",
        "scientificName": "Solanum scuticum M.Nee",
        "coordinateUncertaintyInMeters": "",
        "basisOfRecord": "PRESERVED_SPECIMEN",
        "eventDate": "1915-09-26",
        "country": null,
        "datasetName": "",
        "publisher": "Swedish Museum of Natural History",
        "license": "CC_BY_4_0",
        "issues": [
          "GEODETIC_DATUM_ASSUMED_WGS84",
          "CONTINENT_DERIVED_FROM_COORDINATES",
          "AMBIGUOUS_COLLECTION"
        ],
        "fallback_media": {
          "url": "https://inaturalist-open-data.s3.amazonaws.com/photos/262858447/original.jpeg",
          "references": "https://www.inaturalist.org/photos/262858447",
          "title": null,
          "creator": "Rony Ristow",
          "publisher": "iNaturalist",
          "license": "http://creativecommons.org/licenses/by/4.0/",
          "rightsHolder": "Rony Ristow"
        }
      }
    },
    {
      "type": "Feature",
      "geometry": {
        "type": "Point",
        "coordinates": [
          -48.833611,
          -25.466944
        ]
      },
      "properties": {
        "gbifID": "1096717654",
        "species": "Solanum scuticum",
        "genus": "Solanum",
        "family": "Solanaceae",
        "scientificName": "Solanum scuticum M.Nee",
        "coordinateUncertaintyInMeters": "",
        "basisOfRecord": "PRESERVED_SPECIMEN",
        "eventDate": "1912-08-01",
        "country": null,
        "datasetName": "",
        "publisher": "Swedish Museum of Natural History",
        "license": "CC_BY_4_0",
        "issues": [
          "GEODETIC_DATUM_ASSUMED_WGS84",
          "CONTINENT_DERIVED_FROM_COORDINATES",
          "AMBIGUOUS_COLLECTION"
        ],
        "fallback_media": {
          "url": "https://inaturalist-open-data.s3.amazonaws.com/photos/262858447/original.jpeg",
          "references": "https://www.inaturalist.org/photos/262858447",
          "title": null,
          "creator": "Rony Ristow",
          "publisher": "iNaturalist",
          "license": "http://creativecommons.org/licenses/by/4.0/",
          "rightsHolder": "Rony Ristow"
        }
      }
    },
    {
      "type": "Feature",
      "geometry": {
        "type": "Point",
        "coordinates": [
          -51.185278,
          -30.0175
        ]
      },
      "properties": {
        "gbifID": "2243329292",
        "species": "Solanum scuticum",
        "genus": "Solanum",
        "family": "Solanaceae",
        "scientificName": "Solanum scuticum M.Nee",
        "coordinateUncertaintyInMeters": "",
        "basisOfRecord": "PRESERVED_SPECIMEN",
        "eventDate": "2018-11-10",
        "country": null,
        "datasetName": "",
        "publisher": "Fundação Zoobotânica do Rio Grande do Sul",
        "license": "CC_BY_4_0",
        "issues": [
          "CONTINENT_DERIVED_FROM_COORDINATES",
          "INSTITUTION_MATCH_FUZZY",
          "INSTITUTION_COLLECTION_MISMATCH"
        ],
        "fallback_media": {
          "url": "https://inaturalist-open-data.s3.amazonaws.com/photos/262858447/original.jpeg",
          "references": "https://www.inaturalist.org/photos/262858447",
          "title": null,
          "creator": "Rony Ristow",
          "publisher": "iNaturalist",
          "license": "http://creativecommons.org/licenses/by/4.0/",
          "rightsHolder": "Rony Ristow"
        }
      }
    },
    {
      "type": "Feature",
      "geometry": {
        "type": "Point",
        "coordinates": [
          -48.830278,
          -26.447778
        ]
      },
      "properties": {
        "gbifID": "1087518492",
        "species": "Solanum scuticum",
        "genus": "Solanum",
        "family": "Solanaceae",
        "scientificName": "Solanum scuticum M.Nee",
        "coordinateUncertaintyInMeters": "",
        "basisOfRecord": "PRESERVED_SPECIMEN",
        "eventDate": "2007-12-20",
        "country": null,
        "datasetName": "",
        "publisher": "Universidade da Região de Joinville",
        "license": "CC_BY_4_0",
        "issues": [
          "COORDINATE_ROUNDED",
          "CONTINENT_DERIVED_FROM_COORDINATES",
          "INSTITUTION_MATCH_NONE"
        ],
        "fallback_media": {
          "url": "https://inaturalist-open-data.s3.amazonaws.com/photos/262858447/original.jpeg",
          "references": "https://www.inaturalist.org/photos/262858447",
          "title": null,
          "creator": "Rony Ristow",
          "publisher": "iNaturalist",
          "license": "http://creativecommons.org/licenses/by/4.0/",
          "rightsHolder": "Rony Ristow"
        }
      }
    },
    {
      "type": "Feature",
      "geometry": {
        "type": "Point",
        "coordinates": [
          -48.931944,
          -26.454167
        ]
      },
      "properties": {
        "gbifID": "1087518510",
        "species": "Solanum scuticum",
        "genus": "Solanum",
        "family": "Solanaceae",
        "scientificName": "Solanum scuticum M.Nee",
        "coordinateUncertaintyInMeters": "",
        "basisOfRecord": "PRESERVED_SPECIMEN",
        "eventDate": "2008-01-14",
        "country": null,
        "datasetName": "",
        "publisher": "Universidade da Região de Joinville",
        "license": "CC_BY_4_0",
        "issues": [
          "COORDINATE_ROUNDED",
          "CONTINENT_DERIVED_FROM_COORDINATES",
          "INSTITUTION_MATCH_NONE"
        ],
        "fallback_media": {
          "url": "https://inaturalist-open-data.s3.amazonaws.com/photos/262858447/original.jpeg",
          "references": "https://www.inaturalist.org/photos/262858447",
          "title": null,
          "creator": "Rony Ristow",
          "publisher": "iNaturalist",
          "license": "http://creativecommons.org/licenses/by/4.0/",
          "rightsHolder": "Rony Ristow"
        }
      }
    },
    {
      "type": "Feature",
      "geometry": {
        "type": "Point",
        "coordinates": [
          -39.802528,
          -19.56085
        ]
      },
      "properties": {
        "gbifID": "1123819692",
        "species": "Solanum scuticum",
        "genus": "Solanum",
        "family": "Solanaceae",
        "scientificName": "Solanum scuticum M.Nee",
        "coordinateUncertaintyInMeters": "",
        "basisOfRecord": "PRESERVED_SPECIMEN",
        "eventDate": "2008-10-24",
        "country": null,
        "datasetName": "",
        "publisher": "Instituto Nacional da Mata Atlântica",
        "license": "CC_BY_4_0",
        "issues": [
          "CONTINENT_DERIVED_FROM_COORDINATES",
          "INSTITUTION_MATCH_NONE"
        ],
        "fallback_media": {
          "url": "https://inaturalist-open-data.s3.amazonaws.com/photos/262858447/original.jpeg",
          "references": "https://www.inaturalist.org/photos/262858447",
          "title": null,
          "creator": "Rony Ristow",
          "publisher": "iNaturalist",
          "license": "http://creativecommons.org/licenses/by/4.0/",
          "rightsHolder": "Rony Ristow"
        }
      }
    },
    {
      "type": "Feature",
      "geometry": {
        "type": "Point",
        "coordinates": [
          -44.209467,
          -2.5747
        ]
      },
      "properties": {
        "gbifID": "1095855552",
        "species": "Solanum scuticum",
        "genus": "Solanum",
        "family": "Solanaceae",
        "scientificName": "Solanum scuticum M.Nee",
        "coordinateUncertaintyInMeters": "",
        "basisOfRecord": "PRESERVED_SPECIMEN",
        "eventDate": "2014-05-06",
        "country": null,
        "datasetName": "",
        "publisher": "Universidade Estadual do Maranhão",
        "license": "CC_BY_4_0",
        "issues": [
          "CONTINENT_DERIVED_FROM_COORDINATES",
          "INSTITUTION_MATCH_NONE"
        ],
        "fallback_media": {
          "url": "https://inaturalist-open-data.s3.amazonaws.com/photos/262858447/original.jpeg",
          "references": "https://www.inaturalist.org/photos/262858447",
          "title": null,
          "creator": "Rony Ristow",
          "publisher": "iNaturalist",
          "license": "http://creativecommons.org/licenses/by/4.0/",
          "rightsHolder": "Rony Ristow"
        }
      }
    },
    {
      "type": "Feature",
      "geometry": {
        "type": "Point",
        "coordinates": [
          -44.251417,
          -21.12175
        ]
      },
      "properties": {
        "gbifID": "1090144710",
        "species": "Solanum scuticum",
        "genus": "Solanum",
        "family": "Solanaceae",
        "scientificName": "Solanum scuticum M.Nee",
        "coordinateUncertaintyInMeters": "",
        "basisOfRecord": "PRESERVED_SPECIMEN",
        "eventDate": "2012-10-17",
        "country": null,
        "datasetName": "",
        "publisher": "Universidade Federal de São João del-Rei",
        "license": "CC_BY_4_0",
        "issues": [
          "CONTINENT_DERIVED_FROM_COORDINATES",
          "INSTITUTION_MATCH_NONE"
        ],
        "fallback_media": {
          "url": "https://inaturalist-open-data.s3.amazonaws.com/photos/262858447/original.jpeg",
          "references": "https://www.inaturalist.org/photos/262858447",
          "title": null,
          "creator": "Rony Ristow",
          "publisher": "iNaturalist",
          "license": "http://creativecommons.org/licenses/by/4.0/",
          "rightsHolder": "Rony Ristow"
        }
      }
    },
    {
      "type": "Feature",
      "geometry": {
        "type": "Point",
        "coordinates": [
          -44.290417,
          -21.044389
        ]
      },
      "properties": {
        "gbifID": "1090142153",
        "species": "Solanum scuticum",
        "genus": "Solanum",
        "family": "Solanaceae",
        "scientificName": "Solanum scuticum M.Nee",
        "coordinateUncertaintyInMeters": "",
        "basisOfRecord": "PRESERVED_SPECIMEN",
        "eventDate": "2010-10-06",
        "country": null,
        "datasetName": "",
        "publisher": "Universidade Federal de São João del-Rei",
        "license": "CC_BY_4_0",
        "issues": [
          "CONTINENT_DERIVED_FROM_COORDINATES",
          "INSTITUTION_MATCH_NONE"
        ],
        "fallback_media": {
          "url": "https://inaturalist-open-data.s3.amazonaws.com/photos/262858447/original.jpeg",
          "references": "https://www.inaturalist.org/photos/262858447",
          "title": null,
          "creator": "Rony Ristow",
          "publisher": "iNaturalist",
          "license": "http://creativecommons.org/licenses/by/4.0/",
          "rightsHolder": "Rony Ristow"
        }
      }
    },
    {
      "type": "Feature",
      "geometry": {
        "type": "Point",
        "coordinates": [
          -48.98333,
          -14.45
        ]
      },
      "properties": {
        "gbifID": "1095200013",
        "species": "Solanum scuticum",
        "genus": "Solanum",
        "family": "Solanaceae",
        "scientificName": "Solanum scuticum M.Nee",
        "coordinateUncertaintyInMeters": "",
        "basisOfRecord": "PRESERVED_SPECIMEN",
        "eventDate": "1992-08-04",
        "country": null,
        "datasetName": "",
        "publisher": "Embrapa Cenargen",
        "license": "CC_BY_4_0",
        "issues": [
          "CONTINENT_DERIVED_FROM_COORDINATES",
          "INSTITUTION_MATCH_NONE"
        ],
        "fallback_media": {
          "url": "https://inaturalist-open-data.s3.amazonaws.com/photos/262858447/original.jpeg",
          "references": "https://www.inaturalist.org/photos/262858447",
          "title": null,
          "creator": "Rony Ristow",
          "publisher": "iNaturalist",
          "license": "http://creativecommons.org/licenses/by/4.0/",
          "rightsHolder": "Rony Ristow"
        }
      }
    },
    {
      "type": "Feature",
      "geometry": {
        "type": "Point",
        "coordinates": [
          -47.90667,
          -15.69972
        ]
      },
      "properties": {
        "gbifID": "1095225996",
        "species": "Solanum scuticum",
        "genus": "Solanum",
        "family": "Solanaceae",
        "scientificName": "Solanum scuticum M.Nee",
        "coordinateUncertaintyInMeters": "",
        "basisOfRecord": "PRESERVED_SPECIMEN",
        "eventDate": "2002-09-20",
        "country": null,
        "datasetName": "",
        "publisher": "Embrapa Cenargen",
        "license": "CC_BY_4_0",
        "issues": [
          "CONTINENT_DERIVED_FROM_COORDINATES",
          "INSTITUTION_MATCH_NONE"
        ],
        "fallback_media": {
          "url": "https://inaturalist-open-data.s3.amazonaws.com/photos/262858447/original.jpeg",
          "references": "https://www.inaturalist.org/photos/262858447",
          "title": null,
          "creator": "Rony Ristow",
          "publisher": "iNaturalist",
          "license": "http://creativecommons.org/licenses/by/4.0/",
          "rightsHolder": "Rony Ristow"
        }
      }
    },
    {
      "type": "Feature",
      "geometry": {
        "type": "Point",
        "coordinates": [
          -47.929166,
          -15.733611
        ]
      },
      "properties": {
        "gbifID": "5294539897",
        "species": "Solanum scuticum",
        "genus": "Solanum",
        "family": "Solanaceae",
        "scientificName": "Solanum scuticum M.Nee",
        "coordinateUncertaintyInMeters": "",
        "basisOfRecord": "PRESERVED_SPECIMEN",
        "eventDate": "2024-08-22",
        "country": null,
        "datasetName": "",
        "publisher": "Embrapa Cenargen",
        "license": "CC_BY_4_0",
        "issues": [
          "CONTINENT_DERIVED_FROM_COORDINATES",
          "INSTITUTION_MATCH_NONE"
        ],
        "fallback_media": {
          "url": "https://inaturalist-open-data.s3.amazonaws.com/photos/262858447/original.jpeg",
          "references": "https://www.inaturalist.org/photos/262858447",
          "title": null,
          "creator": "Rony Ristow",
          "publisher": "iNaturalist",
          "license": "http://creativecommons.org/licenses/by/4.0/",
          "rightsHolder": "Rony Ristow"
        }
      }
    },
    {
      "type": "Feature",
      "geometry": {
        "type": "Point",
        "coordinates": [
          -48.12833,
          -13.41139
        ]
      },
      "properties": {
        "gbifID": "1095222007",
        "species": "Solanum scuticum",
        "genus": "Solanum",
        "family": "Solanaceae",
        "scientificName": "Solanum scuticum M.Nee",
        "coordinateUncertaintyInMeters": "",
        "basisOfRecord": "PRESERVED_SPECIMEN",
        "eventDate": "2001-08-21",
        "country": null,
        "datasetName": "",
        "publisher": "Embrapa Cenargen",
        "license": "CC_BY_4_0",
        "issues": [
          "CONTINENT_DERIVED_FROM_COORDINATES",
          "INSTITUTION_MATCH_NONE"
        ],
        "fallback_media": {
          "url": "https://inaturalist-open-data.s3.amazonaws.com/photos/262858447/original.jpeg",
          "references": "https://www.inaturalist.org/photos/262858447",
          "title": null,
          "creator": "Rony Ristow",
          "publisher": "iNaturalist",
          "license": "http://creativecommons.org/licenses/by/4.0/",
          "rightsHolder": "Rony Ristow"
        }
      }
    },
    {
      "type": "Feature",
      "geometry": {
        "type": "Point",
        "coordinates": [
          -49.0,
          -18.0
        ]
      },
      "properties": {
        "gbifID": "1095201973",
        "species": "Solanum scuticum",
        "genus": "Solanum",
        "family": "Solanaceae",
        "scientificName": "Solanum scuticum M.Nee",
        "coordinateUncertaintyInMeters": "",
        "basisOfRecord": "PRESERVED_SPECIMEN",
        "eventDate": "1993-06-22",
        "country": null,
        "datasetName": "",
        "publisher": "Embrapa Cenargen",
        "license": "CC_BY_4_0",
        "issues": [
          "CONTINENT_DERIVED_FROM_COORDINATES",
          "INSTITUTION_MATCH_NONE"
        ],
        "fallback_media": {
          "url": "https://inaturalist-open-data.s3.amazonaws.com/photos/262858447/original.jpeg",
          "references": "https://www.inaturalist.org/photos/262858447",
          "title": null,
          "creator": "Rony Ristow",
          "publisher": "iNaturalist",
          "license": "http://creativecommons.org/licenses/by/4.0/",
          "rightsHolder": "Rony Ristow"
        }
      }
    },
    {
      "type": "Feature",
      "geometry": {
        "type": "Point",
        "coordinates": [
          -48.188055,
          -13.5975
        ]
      },
      "properties": {
        "gbifID": "1095206464",
        "species": "Solanum scuticum",
        "genus": "Solanum",
        "family": "Solanaceae",
        "scientificName": "Solanum scuticum M.Nee",
        "coordinateUncertaintyInMeters": "",
        "basisOfRecord": "PRESERVED_SPECIMEN",
        "eventDate": "1995-07-21",
        "country": null,
        "datasetName": "",
        "publisher": "Embrapa Cenargen",
        "license": "CC_BY_4_0",
        "issues": [
          "CONTINENT_DERIVED_FROM_COORDINATES",
          "INSTITUTION_MATCH_NONE"
        ],
        "fallback_media": {
          "url": "https://inaturalist-open-data.s3.amazonaws.com/photos/262858447/original.jpeg",
          "references": "https://www.inaturalist.org/photos/262858447",
          "title": null,
          "creator": "Rony Ristow",
          "publisher": "iNaturalist",
          "license": "http://creativecommons.org/licenses/by/4.0/",
          "rightsHolder": "Rony Ristow"
        }
      }
    },
    {
      "type": "Feature",
      "geometry": {
        "type": "Point",
        "coordinates": [
          -45.38333,
          -22.3
        ]
      },
      "properties": {
        "gbifID": "1095198400",
        "species": "Solanum scuticum",
        "genus": "Solanum",
        "family": "Solanaceae",
        "scientificName": "Solanum scuticum M.Nee",
        "coordinateUncertaintyInMeters": "",
        "basisOfRecord": "PRESERVED_SPECIMEN",
        "eventDate": "1990-12-05",
        "country": null,
        "datasetName": "",
        "publisher": "Embrapa Cenargen",
        "license": "CC_BY_4_0",
        "issues": [
          "CONTINENT_DERIVED_FROM_COORDINATES",
          "INSTITUTION_MATCH_NONE"
        ],
        "fallback_media": {
          "url": "https://inaturalist-open-data.s3.amazonaws.com/photos/262858447/original.jpeg",
          "references": "https://www.inaturalist.org/photos/262858447",
          "title": null,
          "creator": "Rony Ristow",
          "publisher": "iNaturalist",
          "license": "http://creativecommons.org/licenses/by/4.0/",
          "rightsHolder": "Rony Ristow"
        }
      }
    },
    {
      "type": "Feature",
      "geometry": {
        "type": "Point",
        "coordinates": [
          -48.011666,
          -15.906388
        ]
      },
      "properties": {
        "gbifID": "1095250297",
        "species": "Solanum scuticum",
        "genus": "Solanum",
        "family": "Solanaceae",
        "scientificName": "Solanum scuticum M.Nee",
        "coordinateUncertaintyInMeters": "",
        "basisOfRecord": "PRESERVED_SPECIMEN",
        "eventDate": "2010-02-24",
        "country": null,
        "datasetName": "",
        "publisher": "Embrapa Cenargen",
        "license": "CC_BY_4_0",
        "issues": [
          "CONTINENT_DERIVED_FROM_COORDINATES",
          "INSTITUTION_MATCH_NONE"
        ],
        "fallback_media": {
          "url": "https://inaturalist-open-data.s3.amazonaws.com/photos/262858447/original.jpeg",
          "references": "https://www.inaturalist.org/photos/262858447",
          "title": null,
          "creator": "Rony Ristow",
          "publisher": "iNaturalist",
          "license": "http://creativecommons.org/licenses/by/4.0/",
          "rightsHolder": "Rony Ristow"
        }
      }
    },
    {
      "type": "Feature",
      "geometry": {
        "type": "Point",
        "coordinates": [
          -47.0608,
          -22.9056
        ]
      },
      "properties": {
        "gbifID": "1090531846",
        "species": "Solanum scuticum",
        "genus": "Solanum",
        "family": "Solanaceae",
        "scientificName": "Solanum scuticum M.Nee",
        "coordinateUncertaintyInMeters": "",
        "basisOfRecord": "PRESERVED_SPECIMEN",
        "eventDate": "1937-02-15",
        "country": null,
        "datasetName": "",
        "publisher": "Instituto Agronômico (IAC)",
        "license": "CC_BY_4_0",
        "issues": [
          "CONTINENT_DERIVED_FROM_COORDINATES",
          "INSTITUTION_MATCH_FUZZY",
          "COLLECTION_MATCH_FUZZY"
        ],
        "fallback_media": {
          "url": "https://inaturalist-open-data.s3.amazonaws.com/photos/262858447/original.jpeg",
          "references": "https://www.inaturalist.org/photos/262858447",
          "title": null,
          "creator": "Rony Ristow",
          "publisher": "iNaturalist",
          "license": "http://creativecommons.org/licenses/by/4.0/",
          "rightsHolder": "Rony Ristow"
        }
      }
    },
    {
      "type": "Feature",
      "geometry": {
        "type": "Point",
        "coordinates": [
          -48.5044,
          -1.4558
        ]
      },
      "properties": {
        "gbifID": "1090540524",
        "species": "Solanum scuticum",
        "genus": "Solanum",
        "family": "Solanaceae",
        "scientificName": "Solanum scuticum M.Nee",
        "coordinateUncertaintyInMeters": "",
        "basisOfRecord": "PRESERVED_SPECIMEN",
        "eventDate": "",
        "country": null,
        "datasetName": "",
        "publisher": "Instituto Agronômico (IAC)",
        "license": "CC_BY_4_0",
        "issues": [
          "CONTINENT_DERIVED_FROM_COORDINATES",
          "INSTITUTION_MATCH_FUZZY",
          "COLLECTION_MATCH_FUZZY"
        ],
        "fallback_media": {
          "url": "https://inaturalist-open-data.s3.amazonaws.com/photos/262858447/original.jpeg",
          "references": "https://www.inaturalist.org/photos/262858447",
          "title": null,
          "creator": "Rony Ristow",
          "publisher": "iNaturalist",
          "license": "http://creativecommons.org/licenses/by/4.0/",
          "rightsHolder": "Rony Ristow"
        }
      }
    },
    {
      "type": "Feature",
      "geometry": {
        "type": "Point",
        "coordinates": [
          -47.065751,
          -22.9056
        ]
      },
      "properties": {
        "gbifID": "1090553088",
        "species": "Solanum scuticum",
        "genus": "Solanum",
        "family": "Solanaceae",
        "scientificName": "Solanum scuticum M.Nee",
        "coordinateUncertaintyInMeters": "",
        "basisOfRecord": "PRESERVED_SPECIMEN",
        "eventDate": "1980-02-22",
        "country": null,
        "datasetName": "",
        "publisher": "Instituto Agronômico (IAC)",
        "license": "CC_BY_4_0",
        "issues": [
          "CONTINENT_DERIVED_FROM_COORDINATES",
          "INSTITUTION_MATCH_FUZZY",
          "COLLECTION_MATCH_FUZZY"
        ],
        "fallback_media": {
          "url": "https://inaturalist-open-data.s3.amazonaws.com/photos/262858447/original.jpeg",
          "references": "https://www.inaturalist.org/photos/262858447",
          "title": null,
          "creator": "Rony Ristow",
          "publisher": "iNaturalist",
          "license": "http://creativecommons.org/licenses/by/4.0/",
          "rightsHolder": "Rony Ristow"
        }
      }
    },
    {
      "type": "Feature",
      "geometry": {
        "type": "Point",
        "coordinates": [
          -47.9267,
          -25.0147
        ]
      },
      "properties": {
        "gbifID": "1090555980",
        "species": "Solanum scuticum",
        "genus": "Solanum",
        "family": "Solanaceae",
        "scientificName": "Solanum scuticum M.Nee",
        "coordinateUncertaintyInMeters": "",
        "basisOfRecord": "PRESERVED_SPECIMEN",
        "eventDate": "1978-10-13",
        "country": null,
        "datasetName": "",
        "publisher": "Instituto Agronômico (IAC)",
        "license": "CC_BY_4_0",
        "issues": [
          "CONTINENT_DERIVED_FROM_COORDINATES",
          "INSTITUTION_MATCH_FUZZY",
          "COLLECTION_MATCH_FUZZY"
        ],
        "fallback_media": {
          "url": "https://inaturalist-open-data.s3.amazonaws.com/photos/262858447/original.jpeg",
          "references": "https://www.inaturalist.org/photos/262858447",
          "title": null,
          "creator": "Rony Ristow",
          "publisher": "iNaturalist",
          "license": "http://creativecommons.org/licenses/by/4.0/",
          "rightsHolder": "Rony Ristow"
        }
      }
    },
    {
      "type": "Feature",
      "geometry": {
        "type": "Point",
        "coordinates": [
          -49.8194,
          -22.2197
        ]
      },
      "properties": {
        "gbifID": "1090564102",
        "species": "Solanum scuticum",
        "genus": "Solanum",
        "family": "Solanaceae",
        "scientificName": "Solanum scuticum M.Nee",
        "coordinateUncertaintyInMeters": "",
        "basisOfRecord": "PRESERVED_SPECIMEN",
        "eventDate": "1998-08-18",
        "country": null,
        "datasetName": "",
        "publisher": "Instituto Agronômico (IAC)",
        "license": "CC_BY_4_0",
        "issues": [
          "CONTINENT_DERIVED_FROM_COORDINATES",
          "INSTITUTION_MATCH_FUZZY",
          "COLLECTION_MATCH_FUZZY"
        ],
        "fallback_media": {
          "url": "https://inaturalist-open-data.s3.amazonaws.com/photos/262858447/original.jpeg",
          "references": "https://www.inaturalist.org/photos/262858447",
          "title": null,
          "creator": "Rony Ristow",
          "publisher": "iNaturalist",
          "license": "http://creativecommons.org/licenses/by/4.0/",
          "rightsHolder": "Rony Ristow"
        }
      }
    },
    {
      "type": "Feature",
      "geometry": {
        "type": "Point",
        "coordinates": [
          -42.8642,
          -4.5858
        ]
      },
      "properties": {
        "gbifID": "1090536616",
        "species": "Solanum scuticum",
        "genus": "Solanum",
        "family": "Solanaceae",
        "scientificName": "Solanum scuticum M.Nee",
        "coordinateUncertaintyInMeters": "",
        "basisOfRecord": "PRESERVED_SPECIMEN",
        "eventDate": "1939-10-15",
        "country": null,
        "datasetName": "",
        "publisher": "Instituto Agronômico (IAC)",
        "license": "CC_BY_4_0",
        "issues": [
          "CONTINENT_DERIVED_FROM_COORDINATES",
          "INSTITUTION_MATCH_FUZZY",
          "COLLECTION_MATCH_FUZZY"
        ],
        "fallback_media": {
          "url": "https://inaturalist-open-data.s3.amazonaws.com/photos/262858447/original.jpeg",
          "references": "https://www.inaturalist.org/photos/262858447",
          "title": null,
          "creator": "Rony Ristow",
          "publisher": "iNaturalist",
          "license": "http://creativecommons.org/licenses/by/4.0/",
          "rightsHolder": "Rony Ristow"
        }
      }
    },
    {
      "type": "Feature",
      "geometry": {
        "type": "Point",
        "coordinates": [
          -47.077171,
          -22.870251
        ]
      },
      "properties": {
        "gbifID": "1090537291",
        "species": "Solanum scuticum",
        "genus": "Solanum",
        "family": "Solanaceae",
        "scientificName": "Solanum scuticum M.Nee",
        "coordinateUncertaintyInMeters": "",
        "basisOfRecord": "PRESERVED_SPECIMEN",
        "eventDate": "1943-02-03",
        "country": null,
        "datasetName": "",
        "publisher": "Instituto Agronômico (IAC)",
        "license": "CC_BY_4_0",
        "issues": [
          "CONTINENT_DERIVED_FROM_COORDINATES",
          "INSTITUTION_MATCH_FUZZY",
          "COLLECTION_MATCH_FUZZY"
        ],
        "fallback_media": {
          "url": "https://inaturalist-open-data.s3.amazonaws.com/photos/262858447/original.jpeg",
          "references": "https://www.inaturalist.org/photos/262858447",
          "title": null,
          "creator": "Rony Ristow",
          "publisher": "iNaturalist",
          "license": "http://creativecommons.org/licenses/by/4.0/",
          "rightsHolder": "Rony Ristow"
        }
      }
    },
    {
      "type": "Feature",
      "geometry": {
        "type": "Point",
        "coordinates": [
          -46.5289,
          -22.5914
        ]
      },
      "properties": {
        "gbifID": "1090548519",
        "species": "Solanum scuticum",
        "genus": "Solanum",
        "family": "Solanaceae",
        "scientificName": "Solanum scuticum M.Nee",
        "coordinateUncertaintyInMeters": "",
        "basisOfRecord": "PRESERVED_SPECIMEN",
        "eventDate": "1967-06-27",
        "country": null,
        "datasetName": "",
        "publisher": "Instituto Agronômico (IAC)",
        "license": "CC_BY_4_0",
        "issues": [
          "CONTINENT_DERIVED_FROM_COORDINATES",
          "INSTITUTION_MATCH_FUZZY",
          "COLLECTION_MATCH_FUZZY"
        ],
        "fallback_media": {
          "url": "https://inaturalist-open-data.s3.amazonaws.com/photos/262858447/original.jpeg",
          "references": "https://www.inaturalist.org/photos/262858447",
          "title": null,
          "creator": "Rony Ristow",
          "publisher": "iNaturalist",
          "license": "http://creativecommons.org/licenses/by/4.0/",
          "rightsHolder": "Rony Ristow"
        }
      }
    },
    {
      "type": "Feature",
      "geometry": {
        "type": "Point",
        "coordinates": [
          -48.0022,
          -24.6925
        ]
      },
      "properties": {
        "gbifID": "1090550647",
        "species": "Solanum scuticum",
        "genus": "Solanum",
        "family": "Solanaceae",
        "scientificName": "Solanum scuticum M.Nee",
        "coordinateUncertaintyInMeters": "",
        "basisOfRecord": "PRESERVED_SPECIMEN",
        "eventDate": "1971-08-10",
        "country": null,
        "datasetName": "",
        "publisher": "Instituto Agronômico (IAC)",
        "license": "CC_BY_4_0",
        "issues": [
          "CONTINENT_DERIVED_FROM_COORDINATES",
          "INSTITUTION_MATCH_FUZZY",
          "COLLECTION_MATCH_FUZZY"
        ],
        "fallback_media": {
          "url": "https://inaturalist-open-data.s3.amazonaws.com/photos/262858447/original.jpeg",
          "references": "https://www.inaturalist.org/photos/262858447",
          "title": null,
          "creator": "Rony Ristow",
          "publisher": "iNaturalist",
          "license": "http://creativecommons.org/licenses/by/4.0/",
          "rightsHolder": "Rony Ristow"
        }
      }
    },
    {
      "type": "Feature",
      "geometry": {
        "type": "Point",
        "coordinates": [
          -49.316389,
          -20.708056
        ]
      },
      "properties": {
        "gbifID": "1090577944",
        "species": "Solanum scuticum",
        "genus": "Solanum",
        "family": "Solanaceae",
        "scientificName": "Solanum scuticum M.Nee",
        "coordinateUncertaintyInMeters": "",
        "basisOfRecord": "PRESERVED_SPECIMEN",
        "eventDate": "2009-05-30",
        "country": null,
        "datasetName": "",
        "publisher": "Instituto Agronômico (IAC)",
        "license": "CC_BY_4_0",
        "issues": [
          "COORDINATE_ROUNDED",
          "CONTINENT_DERIVED_FROM_COORDINATES",
          "INSTITUTION_MATCH_FUZZY",
          "COLLECTION_MATCH_FUZZY"
        ],
        "fallback_media": {
          "url": "https://inaturalist-open-data.s3.amazonaws.com/photos/262858447/original.jpeg",
          "references": "https://www.inaturalist.org/photos/262858447",
          "title": null,
          "creator": "Rony Ristow",
          "publisher": "iNaturalist",
          "license": "http://creativecommons.org/licenses/by/4.0/",
          "rightsHolder": "Rony Ristow"
        }
      }
    },
    {
      "type": "Feature",
      "geometry": {
        "type": "Point",
        "coordinates": [
          -48.901072,
          -21.220292
        ]
      },
      "properties": {
        "gbifID": "1090579683",
        "species": "Solanum scuticum",
        "genus": "Solanum",
        "family": "Solanaceae",
        "scientificName": "Solanum scuticum M.Nee",
        "coordinateUncertaintyInMeters": "",
        "basisOfRecord": "PRESERVED_SPECIMEN",
        "eventDate": "2006-08-28",
        "country": null,
        "datasetName": "",
        "publisher": "Instituto Agronômico (IAC)",
        "license": "CC_BY_4_0",
        "issues": [
          "CONTINENT_DERIVED_FROM_COORDINATES",
          "INSTITUTION_MATCH_FUZZY",
          "COLLECTION_MATCH_FUZZY"
        ],
        "fallback_media": {
          "url": "https://inaturalist-open-data.s3.amazonaws.com/photos/262858447/original.jpeg",
          "references": "https://www.inaturalist.org/photos/262858447",
          "title": null,
          "creator": "Rony Ristow",
          "publisher": "iNaturalist",
          "license": "http://creativecommons.org/licenses/by/4.0/",
          "rightsHolder": "Rony Ristow"
        }
      }
    },
    {
      "type": "Feature",
      "geometry": {
        "type": "Point",
        "coordinates": [
          -47.2992,
          -23.2642
        ]
      },
      "properties": {
        "gbifID": "1090550692",
        "species": "Solanum scuticum",
        "genus": "Solanum",
        "family": "Solanaceae",
        "scientificName": "Solanum scuticum M.Nee",
        "coordinateUncertaintyInMeters": "",
        "basisOfRecord": "PRESERVED_SPECIMEN",
        "eventDate": "1971-08-20",
        "country": null,
        "datasetName": "",
        "publisher": "Instituto Agronômico (IAC)",
        "license": "CC_BY_4_0",
        "issues": [
          "CONTINENT_DERIVED_FROM_COORDINATES",
          "INSTITUTION_MATCH_FUZZY",
          "COLLECTION_MATCH_FUZZY"
        ],
        "fallback_media": {
          "url": "https://inaturalist-open-data.s3.amazonaws.com/photos/262858447/original.jpeg",
          "references": "https://www.inaturalist.org/photos/262858447",
          "title": null,
          "creator": "Rony Ristow",
          "publisher": "iNaturalist",
          "license": "http://creativecommons.org/licenses/by/4.0/",
          "rightsHolder": "Rony Ristow"
        }
      }
    },
    {
      "type": "Feature",
      "geometry": {
        "type": "Point",
        "coordinates": [
          -51.9386,
          -23.4253
        ]
      },
      "properties": {
        "gbifID": "1090553796",
        "species": "Solanum scuticum",
        "genus": "Solanum",
        "family": "Solanaceae",
        "scientificName": "Solanum scuticum M.Nee",
        "coordinateUncertaintyInMeters": "",
        "basisOfRecord": "PRESERVED_SPECIMEN",
        "eventDate": "1983-12-05",
        "country": null,
        "datasetName": "",
        "publisher": "Instituto Agronômico (IAC)",
        "license": "CC_BY_4_0",
        "issues": [
          "CONTINENT_DERIVED_FROM_COORDINATES",
          "INSTITUTION_MATCH_FUZZY",
          "COLLECTION_MATCH_FUZZY"
        ],
        "fallback_media": {
          "url": "https://inaturalist-open-data.s3.amazonaws.com/photos/262858447/original.jpeg",
          "references": "https://www.inaturalist.org/photos/262858447",
          "title": null,
          "creator": "Rony Ristow",
          "publisher": "iNaturalist",
          "license": "http://creativecommons.org/licenses/by/4.0/",
          "rightsHolder": "Rony Ristow"
        }
      }
    },
    {
      "type": "Feature",
      "geometry": {
        "type": "Point",
        "coordinates": [
          -40.516611,
          -15.805194
        ]
      },
      "properties": {
        "gbifID": "1087630935",
        "species": "Solanum scuticum",
        "genus": "Solanum",
        "family": "Solanaceae",
        "scientificName": "Solanum scuticum M.Nee",
        "coordinateUncertaintyInMeters": "",
        "basisOfRecord": "PRESERVED_SPECIMEN",
        "eventDate": "2003-10-04",
        "country": null,
        "datasetName": "",
        "publisher": "Universidade Federal de Minas Gerais",
        "license": "CC_BY_4_0",
        "issues": [
          "IDENTIFIED_DATE_INVALID",
          "CONTINENT_DERIVED_FROM_COORDINATES",
          "INSTITUTION_MATCH_NONE"
        ],
        "fallback_media": {
          "url": "https://inaturalist-open-data.s3.amazonaws.com/photos/262858447/original.jpeg",
          "references": "https://www.inaturalist.org/photos/262858447",
          "title": null,
          "creator": "Rony Ristow",
          "publisher": "iNaturalist",
          "license": "http://creativecommons.org/licenses/by/4.0/",
          "rightsHolder": "Rony Ristow"
        }
      }
    },
    {
      "type": "Feature",
      "geometry": {
        "type": "Point",
        "coordinates": [
          -43.707028,
          -20.103472
        ]
      },
      "properties": {
        "gbifID": "1087650702",
        "species": "Solanum scuticum",
        "genus": "Solanum",
        "family": "Solanaceae",
        "scientificName": "Solanum scuticum M.Nee",
        "coordinateUncertaintyInMeters": "",
        "basisOfRecord": "PRESERVED_SPECIMEN",
        "eventDate": "2010-06-18",
        "country": null,
        "datasetName": "",
        "publisher": "Universidade Federal de Minas Gerais",
        "license": "CC_BY_4_0",
        "issues": [
          "IDENTIFIED_DATE_INVALID",
          "CONTINENT_DERIVED_FROM_COORDINATES",
          "INSTITUTION_MATCH_NONE"
        ],
        "fallback_media": {
          "url": "https://inaturalist-open-data.s3.amazonaws.com/photos/262858447/original.jpeg",
          "references": "https://www.inaturalist.org/photos/262858447",
          "title": null,
          "creator": "Rony Ristow",
          "publisher": "iNaturalist",
          "license": "http://creativecommons.org/licenses/by/4.0/",
          "rightsHolder": "Rony Ristow"
        }
      }
    },
    {
      "type": "Feature",
      "geometry": {
        "type": "Point",
        "coordinates": [
          -56.780833,
          -20.68
        ]
      },
      "properties": {
        "gbifID": "1291011932",
        "species": "Solanum scuticum",
        "genus": "Solanum",
        "family": "Solanaceae",
        "scientificName": "Solanum scuticum M.Nee",
        "coordinateUncertaintyInMeters": "",
        "basisOfRecord": "PRESERVED_SPECIMEN",
        "eventDate": "2005-08-31",
        "country": null,
        "datasetName": "",
        "publisher": "Universidade Federal de Minas Gerais",
        "license": "CC_BY_4_0",
        "issues": [
          "CONTINENT_DERIVED_FROM_COORDINATES",
          "INSTITUTION_MATCH_NONE"
        ],
        "fallback_media": {
          "url": "https://inaturalist-open-data.s3.amazonaws.com/photos/262858447/original.jpeg",
          "references": "https://www.inaturalist.org/photos/262858447",
          "title": null,
          "creator": "Rony Ristow",
          "publisher": "iNaturalist",
          "license": "http://creativecommons.org/licenses/by/4.0/",
          "rightsHolder": "Rony Ristow"
        }
      }
    },
    {
      "type": "Feature",
      "geometry": {
        "type": "Point",
        "coordinates": [
          -56.833056,
          -20.991667
        ]
      },
      "properties": {
        "gbifID": "1291011937",
        "species": "Solanum scuticum",
        "genus": "Solanum",
        "family": "Solanaceae",
        "scientificName": "Solanum scuticum M.Nee",
        "coordinateUncertaintyInMeters": "",
        "basisOfRecord": "PRESERVED_SPECIMEN",
        "eventDate": "2002-11-15",
        "country": null,
        "datasetName": "",
        "publisher": "Universidade Federal de Minas Gerais",
        "license": "CC_BY_4_0",
        "issues": [
          "CONTINENT_DERIVED_FROM_COORDINATES",
          "INSTITUTION_MATCH_NONE"
        ],
        "fallback_media": {
          "url": "https://inaturalist-open-data.s3.amazonaws.com/photos/262858447/original.jpeg",
          "references": "https://www.inaturalist.org/photos/262858447",
          "title": null,
          "creator": "Rony Ristow",
          "publisher": "iNaturalist",
          "license": "http://creativecommons.org/licenses/by/4.0/",
          "rightsHolder": "Rony Ristow"
        }
      }
    },
    {
      "type": "Feature",
      "geometry": {
        "type": "Point",
        "coordinates": [
          -49.497222,
          -18.026111
        ]
      },
      "properties": {
        "gbifID": "1324593380",
        "species": "Solanum scuticum",
        "genus": "Solanum",
        "family": "Solanaceae",
        "scientificName": "Solanum scuticum M.Nee",
        "coordinateUncertaintyInMeters": "",
        "basisOfRecord": "PRESERVED_SPECIMEN",
        "eventDate": "2012-10-15",
        "country": null,
        "datasetName": "",
        "publisher": "Universidade Federal de Minas Gerais",
        "license": "CC_BY_4_0",
        "issues": [
          "IDENTIFIED_DATE_INVALID",
          "CONTINENT_DERIVED_FROM_COORDINATES",
          "INSTITUTION_MATCH_NONE"
        ],
        "fallback_media": {
          "url": "https://inaturalist-open-data.s3.amazonaws.com/photos/262858447/original.jpeg",
          "references": "https://www.inaturalist.org/photos/262858447",
          "title": null,
          "creator": "Rony Ristow",
          "publisher": "iNaturalist",
          "license": "http://creativecommons.org/licenses/by/4.0/",
          "rightsHolder": "Rony Ristow"
        }
      }
    },
    {
      "type": "Feature",
      "geometry": {
        "type": "Point",
        "coordinates": [
          -42.478889,
          -19.658333
        ]
      },
      "properties": {
        "gbifID": "1913569690",
        "species": "Solanum scuticum",
        "genus": "Solanum",
        "family": "Solanaceae",
        "scientificName": "Solanum scuticum M.Nee",
        "coordinateUncertaintyInMeters": "",
        "basisOfRecord": "PRESERVED_SPECIMEN",
        "eventDate": "2009-01-09",
        "country": null,
        "datasetName": "",
        "publisher": "Universidade Federal de Minas Gerais",
        "license": "CC_BY_4_0",
        "issues": [
          "CONTINENT_DERIVED_FROM_COORDINATES",
          "INSTITUTION_MATCH_NONE"
        ],
        "fallback_media": {
          "url": "https://inaturalist-open-data.s3.amazonaws.com/photos/262858447/original.jpeg",
          "references": "https://www.inaturalist.org/photos/262858447",
          "title": null,
          "creator": "Rony Ristow",
          "publisher": "iNaturalist",
          "license": "http://creativecommons.org/licenses/by/4.0/",
          "rightsHolder": "Rony Ristow"
        }
      }
    },
    {
      "type": "Feature",
      "geometry": {
        "type": "Point",
        "coordinates": [
          -47.934672,
          -22.671639
        ]
      },
      "properties": {
        "gbifID": "4508471517",
        "species": "Solanum scuticum",
        "genus": "Solanum",
        "family": "Solanaceae",
        "scientificName": "Solanum scuticum M.Nee",
        "coordinateUncertaintyInMeters": "",
        "basisOfRecord": "PRESERVED_SPECIMEN",
        "eventDate": "2016-07-20",
        "country": null,
        "datasetName": "",
        "publisher": "Universidade Federal de Minas Gerais",
        "license": "CC_BY_4_0",
        "issues": [
          "IDENTIFIED_DATE_INVALID",
          "CONTINENT_DERIVED_FROM_COORDINATES",
          "INSTITUTION_MATCH_NONE"
        ],
        "fallback_media": {
          "url": "https://inaturalist-open-data.s3.amazonaws.com/photos/262858447/original.jpeg",
          "references": "https://www.inaturalist.org/photos/262858447",
          "title": null,
          "creator": "Rony Ristow",
          "publisher": "iNaturalist",
          "license": "http://creativecommons.org/licenses/by/4.0/",
          "rightsHolder": "Rony Ristow"
        }
      }
    },
    {
      "type": "Feature",
      "geometry": {
        "type": "Point",
        "coordinates": [
          -64.323056,
          8.055556
        ]
      },
      "properties": {
        "gbifID": "1087632137",
        "species": "Solanum scuticum",
        "genus": "Solanum",
        "family": "Solanaceae",
        "scientificName": "Solanum scuticum M.Nee",
        "coordinateUncertaintyInMeters": "",
        "basisOfRecord": "PRESERVED_SPECIMEN",
        "eventDate": "1984-02-25",
        "country": null,
        "datasetName": "",
        "publisher": "Universidade Federal de Minas Gerais",
        "license": "CC_BY_4_0",
        "issues": [
          "IDENTIFIED_DATE_INVALID",
          "CONTINENT_DERIVED_FROM_COORDINATES",
          "INSTITUTION_MATCH_NONE"
        ],
        "fallback_media": {
          "url": "https://inaturalist-open-data.s3.amazonaws.com/photos/262858447/original.jpeg",
          "references": "https://www.inaturalist.org/photos/262858447",
          "title": null,
          "creator": "Rony Ristow",
          "publisher": "iNaturalist",
          "license": "http://creativecommons.org/licenses/by/4.0/",
          "rightsHolder": "Rony Ristow"
        }
      }
    },
    {
      "type": "Feature",
      "geometry": {
        "type": "Point",
        "coordinates": [
          -44.173056,
          -21.024444
        ]
      },
      "properties": {
        "gbifID": "1087654757",
        "species": "Solanum scuticum",
        "genus": "Solanum",
        "family": "Solanaceae",
        "scientificName": "Solanum scuticum M.Nee",
        "coordinateUncertaintyInMeters": "",
        "basisOfRecord": "PRESERVED_SPECIMEN",
        "eventDate": "2010-10-06",
        "country": null,
        "datasetName": "",
        "publisher": "Universidade Federal de Minas Gerais",
        "license": "CC_BY_4_0",
        "issues": [
          "IDENTIFIED_DATE_INVALID",
          "CONTINENT_DERIVED_FROM_COORDINATES",
          "INSTITUTION_MATCH_NONE"
        ],
        "fallback_media": {
          "url": "https://inaturalist-open-data.s3.amazonaws.com/photos/262858447/original.jpeg",
          "references": "https://www.inaturalist.org/photos/262858447",
          "title": null,
          "creator": "Rony Ristow",
          "publisher": "iNaturalist",
          "license": "http://creativecommons.org/licenses/by/4.0/",
          "rightsHolder": "Rony Ristow"
        }
      }
    },
    {
      "type": "Feature",
      "geometry": {
        "type": "Point",
        "coordinates": [
          -40.419167,
          -19.250139
        ]
      },
      "properties": {
        "gbifID": "1087656463",
        "species": "Solanum scuticum",
        "genus": "Solanum",
        "family": "Solanaceae",
        "scientificName": "Solanum scuticum M.Nee",
        "coordinateUncertaintyInMeters": "",
        "basisOfRecord": "PRESERVED_SPECIMEN",
        "eventDate": "2012-06-10",
        "country": null,
        "datasetName": "",
        "publisher": "Universidade Federal de Minas Gerais",
        "license": "CC_BY_4_0",
        "issues": [
          "IDENTIFIED_DATE_INVALID",
          "CONTINENT_DERIVED_FROM_COORDINATES",
          "INSTITUTION_MATCH_NONE"
        ],
        "fallback_media": {
          "url": "https://inaturalist-open-data.s3.amazonaws.com/photos/262858447/original.jpeg",
          "references": "https://www.inaturalist.org/photos/262858447",
          "title": null,
          "creator": "Rony Ristow",
          "publisher": "iNaturalist",
          "license": "http://creativecommons.org/licenses/by/4.0/",
          "rightsHolder": "Rony Ristow"
        }
      }
    },
    {
      "type": "Feature",
      "geometry": {
        "type": "Point",
        "coordinates": [
          -42.033056,
          -21.411667
        ]
      },
      "properties": {
        "gbifID": "3800730343",
        "species": "Solanum scuticum",
        "genus": "Solanum",
        "family": "Solanaceae",
        "scientificName": "Solanum scuticum M.Nee",
        "coordinateUncertaintyInMeters": "",
        "basisOfRecord": "PRESERVED_SPECIMEN",
        "eventDate": "2012-06-20",
        "country": null,
        "datasetName": "",
        "publisher": "Universidade Federal de Minas Gerais",
        "license": "CC_BY_4_0",
        "issues": [
          "IDENTIFIED_DATE_INVALID",
          "CONTINENT_DERIVED_FROM_COORDINATES",
          "INSTITUTION_MATCH_NONE"
        ],
        "fallback_media": {
          "url": "https://inaturalist-open-data.s3.amazonaws.com/photos/262858447/original.jpeg",
          "references": "https://www.inaturalist.org/photos/262858447",
          "title": null,
          "creator": "Rony Ristow",
          "publisher": "iNaturalist",
          "license": "http://creativecommons.org/licenses/by/4.0/",
          "rightsHolder": "Rony Ristow"
        }
      }
    },
    {
      "type": "Feature",
      "geometry": {
        "type": "Point",
        "coordinates": [
          -54.570833,
          -25.448889
        ]
      },
      "properties": {
        "gbifID": "3948555393",
        "species": "Solanum scuticum",
        "genus": "Solanum",
        "family": "Solanaceae",
        "scientificName": "Solanum scuticum M.Nee",
        "coordinateUncertaintyInMeters": "",
        "basisOfRecord": "PRESERVED_SPECIMEN",
        "eventDate": "2015-10-22",
        "country": null,
        "datasetName": "",
        "publisher": "Universidade Federal de Minas Gerais",
        "license": "CC_BY_4_0",
        "issues": [
          "IDENTIFIED_DATE_INVALID",
          "CONTINENT_DERIVED_FROM_COORDINATES",
          "INSTITUTION_MATCH_NONE"
        ],
        "fallback_media": {
          "url": "https://inaturalist-open-data.s3.amazonaws.com/photos/262858447/original.jpeg",
          "references": "https://www.inaturalist.org/photos/262858447",
          "title": null,
          "creator": "Rony Ristow",
          "publisher": "iNaturalist",
          "license": "http://creativecommons.org/licenses/by/4.0/",
          "rightsHolder": "Rony Ristow"
        }
      }
    },
    {
      "type": "Feature",
      "geometry": {
        "type": "Point",
        "coordinates": [
          -43.915972,
          -19.891611
        ]
      },
      "properties": {
        "gbifID": "1087645477",
        "species": "Solanum scuticum",
        "genus": "Solanum",
        "family": "Solanaceae",
        "scientificName": "Solanum scuticum M.Nee",
        "coordinateUncertaintyInMeters": "",
        "basisOfRecord": "PRESERVED_SPECIMEN",
        "eventDate": "",
        "country": null,
        "datasetName": "",
        "publisher": "Universidade Federal de Minas Gerais",
        "license": "CC_BY_4_0",
        "issues": [
          "RECORDED_DATE_INVALID",
          "IDENTIFIED_DATE_INVALID",
          "CONTINENT_DERIVED_FROM_COORDINATES",
          "INSTITUTION_MATCH_NONE"
        ],
        "fallback_media": {
          "url": "https://inaturalist-open-data.s3.amazonaws.com/photos/262858447/original.jpeg",
          "references": "https://www.inaturalist.org/photos/262858447",
          "title": null,
          "creator": "Rony Ristow",
          "publisher": "iNaturalist",
          "license": "http://creativecommons.org/licenses/by/4.0/",
          "rightsHolder": "Rony Ristow"
        }
      }
    },
    {
      "type": "Feature",
      "geometry": {
        "type": "Point",
        "coordinates": [
          -60.275306,
          -14.400056
        ]
      },
      "properties": {
        "gbifID": "1087654360",
        "species": "Solanum scuticum",
        "genus": "Solanum",
        "family": "Solanaceae",
        "scientificName": "Solanum scuticum M.Nee",
        "coordinateUncertaintyInMeters": "",
        "basisOfRecord": "PRESERVED_SPECIMEN",
        "eventDate": "2011-03-08",
        "country": null,
        "datasetName": "",
        "publisher": "Universidade Federal de Minas Gerais",
        "license": "CC_BY_4_0",
        "issues": [
          "IDENTIFIED_DATE_INVALID",
          "CONTINENT_DERIVED_FROM_COORDINATES",
          "INSTITUTION_MATCH_NONE"
        ],
        "fallback_media": {
          "url": "https://inaturalist-open-data.s3.amazonaws.com/photos/262858447/original.jpeg",
          "references": "https://www.inaturalist.org/photos/262858447",
          "title": null,
          "creator": "Rony Ristow",
          "publisher": "iNaturalist",
          "license": "http://creativecommons.org/licenses/by/4.0/",
          "rightsHolder": "Rony Ristow"
        }
      }
    },
    {
      "type": "Feature",
      "geometry": {
        "type": "Point",
        "coordinates": [
          -43.470056,
          -19.991694
        ]
      },
      "properties": {
        "gbifID": "1135820462",
        "species": "Solanum scuticum",
        "genus": "Solanum",
        "family": "Solanaceae",
        "scientificName": "Solanum scuticum M.Nee",
        "coordinateUncertaintyInMeters": "",
        "basisOfRecord": "PRESERVED_SPECIMEN",
        "eventDate": "2014-10-27",
        "country": null,
        "datasetName": "",
        "publisher": "Universidade Federal de Minas Gerais",
        "license": "CC_BY_4_0",
        "issues": [
          "CONTINENT_DERIVED_FROM_COORDINATES",
          "INSTITUTION_MATCH_NONE"
        ],
        "fallback_media": {
          "url": "https://inaturalist-open-data.s3.amazonaws.com/photos/262858447/original.jpeg",
          "references": "https://www.inaturalist.org/photos/262858447",
          "title": null,
          "creator": "Rony Ristow",
          "publisher": "iNaturalist",
          "license": "http://creativecommons.org/licenses/by/4.0/",
          "rightsHolder": "Rony Ristow"
        }
      }
    },
    {
      "type": "Feature",
      "geometry": {
        "type": "Point",
        "coordinates": [
          -50.681111,
          -16.966111
        ]
      },
      "properties": {
        "gbifID": "4165282373",
        "species": "Solanum scuticum",
        "genus": "Solanum",
        "family": "Solanaceae",
        "scientificName": "Solanum scuticum M.Nee",
        "coordinateUncertaintyInMeters": "",
        "basisOfRecord": "PRESERVED_SPECIMEN",
        "eventDate": "2019-07-05",
        "country": null,
        "datasetName": "",
        "publisher": "Universidade Federal de Minas Gerais",
        "license": "CC_BY_4_0",
        "issues": [
          "CONTINENT_DERIVED_FROM_COORDINATES",
          "INSTITUTION_MATCH_NONE"
        ],
        "fallback_media": {
          "url": "https://inaturalist-open-data.s3.amazonaws.com/photos/262858447/original.jpeg",
          "references": "https://www.inaturalist.org/photos/262858447",
          "title": null,
          "creator": "Rony Ristow",
          "publisher": "iNaturalist",
          "license": "http://creativecommons.org/licenses/by/4.0/",
          "rightsHolder": "Rony Ristow"
        }
      }
    },
    {
      "type": "Feature",
      "geometry": {
        "type": "Point",
        "coordinates": [
          -39.069167,
          -14.781944
        ]
      },
      "properties": {
        "gbifID": "1087637469",
        "species": "Solanum scuticum",
        "genus": "Solanum",
        "family": "Solanaceae",
        "scientificName": "Solanum scuticum M.Nee",
        "coordinateUncertaintyInMeters": "",
        "basisOfRecord": "PRESERVED_SPECIMEN",
        "eventDate": "1995-11-11",
        "country": null,
        "datasetName": "",
        "publisher": "Universidade Federal de Minas Gerais",
        "license": "CC_BY_4_0",
        "issues": [
          "IDENTIFIED_DATE_INVALID",
          "CONTINENT_DERIVED_FROM_COORDINATES",
          "INSTITUTION_MATCH_NONE"
        ],
        "fallback_media": {
          "url": "https://inaturalist-open-data.s3.amazonaws.com/photos/262858447/original.jpeg",
          "references": "https://www.inaturalist.org/photos/262858447",
          "title": null,
          "creator": "Rony Ristow",
          "publisher": "iNaturalist",
          "license": "http://creativecommons.org/licenses/by/4.0/",
          "rightsHolder": "Rony Ristow"
        }
      }
    },
    {
      "type": "Feature",
      "geometry": {
        "type": "Point",
        "coordinates": [
          -54.612778,
          -20.507083
        ]
      },
      "properties": {
        "gbifID": "1087657311",
        "species": "Solanum scuticum",
        "genus": "Solanum",
        "family": "Solanaceae",
        "scientificName": "Solanum scuticum M.Nee",
        "coordinateUncertaintyInMeters": "",
        "basisOfRecord": "PRESERVED_SPECIMEN",
        "eventDate": "2008-04-02",
        "country": null,
        "datasetName": "",
        "publisher": "Universidade Federal de Minas Gerais",
        "license": "CC_BY_4_0",
        "issues": [
          "CONTINENT_DERIVED_FROM_COORDINATES",
          "INSTITUTION_MATCH_NONE"
        ],
        "fallback_media": {
          "url": "https://inaturalist-open-data.s3.amazonaws.com/photos/262858447/original.jpeg",
          "references": "https://www.inaturalist.org/photos/262858447",
          "title": null,
          "creator": "Rony Ristow",
          "publisher": "iNaturalist",
          "license": "http://creativecommons.org/licenses/by/4.0/",
          "rightsHolder": "Rony Ristow"
        }
      }
    },
    {
      "type": "Feature",
      "geometry": {
        "type": "Point",
        "coordinates": [
          -44.251389,
          -21.121667
        ]
      },
      "properties": {
        "gbifID": "1087663084",
        "species": "Solanum scuticum",
        "genus": "Solanum",
        "family": "Solanaceae",
        "scientificName": "Solanum scuticum M.Nee",
        "coordinateUncertaintyInMeters": "",
        "basisOfRecord": "PRESERVED_SPECIMEN",
        "eventDate": "2012-10-17",
        "country": null,
        "datasetName": "",
        "publisher": "Universidade Federal de Minas Gerais",
        "license": "CC_BY_4_0",
        "issues": [
          "IDENTIFIED_DATE_INVALID",
          "CONTINENT_DERIVED_FROM_COORDINATES",
          "INSTITUTION_MATCH_NONE"
        ],
        "fallback_media": {
          "url": "https://inaturalist-open-data.s3.amazonaws.com/photos/262858447/original.jpeg",
          "references": "https://www.inaturalist.org/photos/262858447",
          "title": null,
          "creator": "Rony Ristow",
          "publisher": "iNaturalist",
          "license": "http://creativecommons.org/licenses/by/4.0/",
          "rightsHolder": "Rony Ristow"
        }
      }
    },
    {
      "type": "Feature",
      "geometry": {
        "type": "Point",
        "coordinates": [
          -44.195167,
          -19.358778
        ]
      },
      "properties": {
        "gbifID": "1087644484",
        "species": "Solanum scuticum",
        "genus": "Solanum",
        "family": "Solanaceae",
        "scientificName": "Solanum scuticum M.Nee",
        "coordinateUncertaintyInMeters": "",
        "basisOfRecord": "PRESERVED_SPECIMEN",
        "eventDate": "",
        "country": null,
        "datasetName": "",
        "publisher": "Universidade Federal de Minas Gerais",
        "license": "CC_BY_4_0",
        "issues": [
          "RECORDED_DATE_INVALID",
          "IDENTIFIED_DATE_INVALID",
          "CONTINENT_DERIVED_FROM_COORDINATES",
          "INSTITUTION_MATCH_NONE"
        ],
        "fallback_media": {
          "url": "https://inaturalist-open-data.s3.amazonaws.com/photos/262858447/original.jpeg",
          "references": "https://www.inaturalist.org/photos/262858447",
          "title": null,
          "creator": "Rony Ristow",
          "publisher": "iNaturalist",
          "license": "http://creativecommons.org/licenses/by/4.0/",
          "rightsHolder": "Rony Ristow"
        }
      }
    },
    {
      "type": "Feature",
      "geometry": {
        "type": "Point",
        "coordinates": [
          -46.626944,
          -23.443444
        ]
      },
      "properties": {
        "gbifID": "1087649106",
        "species": "Solanum scuticum",
        "genus": "Solanum",
        "family": "Solanaceae",
        "scientificName": "Solanum scuticum M.Nee",
        "coordinateUncertaintyInMeters": "",
        "basisOfRecord": "PRESERVED_SPECIMEN",
        "eventDate": "2007-08-21",
        "country": null,
        "datasetName": "",
        "publisher": "Universidade Federal de Minas Gerais",
        "license": "CC_BY_4_0",
        "issues": [
          "IDENTIFIED_DATE_INVALID",
          "CONTINENT_DERIVED_FROM_COORDINATES",
          "INSTITUTION_MATCH_NONE"
        ],
        "fallback_media": {
          "url": "https://inaturalist-open-data.s3.amazonaws.com/photos/262858447/original.jpeg",
          "references": "https://www.inaturalist.org/photos/262858447",
          "title": null,
          "creator": "Rony Ristow",
          "publisher": "iNaturalist",
          "license": "http://creativecommons.org/licenses/by/4.0/",
          "rightsHolder": "Rony Ristow"
        }
      }
    },
    {
      "type": "Feature",
      "geometry": {
        "type": "Point",
        "coordinates": [
          -42.844444,
          -20.793417
        ]
      },
      "properties": {
        "gbifID": "5000791647",
        "species": "Solanum scuticum",
        "genus": "Solanum",
        "family": "Solanaceae",
        "scientificName": "Solanum scuticum M.Nee",
        "coordinateUncertaintyInMeters": "",
        "basisOfRecord": "PRESERVED_SPECIMEN",
        "eventDate": "2010-04-22",
        "country": null,
        "datasetName": "",
        "publisher": "Universidade Federal de Minas Gerais",
        "license": "CC_BY_4_0",
        "issues": [
          "CONTINENT_DERIVED_FROM_COORDINATES",
          "INSTITUTION_MATCH_NONE"
        ],
        "fallback_media": {
          "url": "https://inaturalist-open-data.s3.amazonaws.com/photos/262858447/original.jpeg",
          "references": "https://www.inaturalist.org/photos/262858447",
          "title": null,
          "creator": "Rony Ristow",
          "publisher": "iNaturalist",
          "license": "http://creativecommons.org/licenses/by/4.0/",
          "rightsHolder": "Rony Ristow"
        }
      }
    },
    {
      "type": "Feature",
      "geometry": {
        "type": "Point",
        "coordinates": [
          -43.439444,
          -20.170556
        ]
      },
      "properties": {
        "gbifID": "1087656107",
        "species": "Solanum scuticum",
        "genus": "Solanum",
        "family": "Solanaceae",
        "scientificName": "Solanum scuticum M.Nee",
        "coordinateUncertaintyInMeters": "",
        "basisOfRecord": "PRESERVED_SPECIMEN",
        "eventDate": "2011-11-30",
        "country": null,
        "datasetName": "",
        "publisher": "Universidade Federal de Minas Gerais",
        "license": "CC_BY_4_0",
        "issues": [
          "IDENTIFIED_DATE_INVALID",
          "CONTINENT_DERIVED_FROM_COORDINATES",
          "INSTITUTION_MATCH_NONE"
        ],
        "fallback_media": {
          "url": "https://inaturalist-open-data.s3.amazonaws.com/photos/262858447/original.jpeg",
          "references": "https://www.inaturalist.org/photos/262858447",
          "title": null,
          "creator": "Rony Ristow",
          "publisher": "iNaturalist",
          "license": "http://creativecommons.org/licenses/by/4.0/",
          "rightsHolder": "Rony Ristow"
        }
      }
    },
    {
      "type": "Feature",
      "geometry": {
        "type": "Point",
        "coordinates": [
          -49.24,
          -25.446389
        ]
      },
      "properties": {
        "gbifID": "1499618668",
        "species": "Solanum scuticum",
        "genus": "Solanum",
        "family": "Solanaceae",
        "scientificName": "Solanum scuticum M.Nee",
        "coordinateUncertaintyInMeters": "",
        "basisOfRecord": "PRESERVED_SPECIMEN",
        "eventDate": "2016-12-04",
        "country": null,
        "datasetName": "",
        "publisher": "Universidade Federal de Minas Gerais",
        "license": "CC_BY_4_0",
        "issues": [
          "CONTINENT_DERIVED_FROM_COORDINATES",
          "INSTITUTION_MATCH_NONE"
        ],
        "fallback_media": {
          "url": "https://inaturalist-open-data.s3.amazonaws.com/photos/262858447/original.jpeg",
          "references": "https://www.inaturalist.org/photos/262858447",
          "title": null,
          "creator": "Rony Ristow",
          "publisher": "iNaturalist",
          "license": "http://creativecommons.org/licenses/by/4.0/",
          "rightsHolder": "Rony Ristow"
        }
      }
    },
    {
      "type": "Feature",
      "geometry": {
        "type": "Point",
        "coordinates": [
          -42.877111,
          -20.753639
        ]
      },
      "properties": {
        "gbifID": "4165282312",
        "species": "Solanum scuticum",
        "genus": "Solanum",
        "family": "Solanaceae",
        "scientificName": "Solanum scuticum M.Nee",
        "coordinateUncertaintyInMeters": "",
        "basisOfRecord": "PRESERVED_SPECIMEN",
        "eventDate": "2010-04-23",
        "country": null,
        "datasetName": "",
        "publisher": "Universidade Federal de Minas Gerais",
        "license": "CC_BY_4_0",
        "issues": [
          "IDENTIFIED_DATE_INVALID",
          "CONTINENT_DERIVED_FROM_COORDINATES",
          "INSTITUTION_MATCH_NONE"
        ],
        "fallback_media": {
          "url": "https://inaturalist-open-data.s3.amazonaws.com/photos/262858447/original.jpeg",
          "references": "https://www.inaturalist.org/photos/262858447",
          "title": null,
          "creator": "Rony Ristow",
          "publisher": "iNaturalist",
          "license": "http://creativecommons.org/licenses/by/4.0/",
          "rightsHolder": "Rony Ristow"
        }
      }
    },
    {
      "type": "Feature",
      "geometry": {
        "type": "Point",
        "coordinates": [
          -38.403889,
          -12.593611
        ]
      },
      "properties": {
        "gbifID": "1077198847",
        "species": "Solanum scuticum",
        "genus": "Solanum",
        "family": "Solanaceae",
        "scientificName": "Solanum scuticum M.Nee",
        "coordinateUncertaintyInMeters": "",
        "basisOfRecord": "PRESERVED_SPECIMEN",
        "eventDate": "1994-07-16",
        "country": null,
        "datasetName": "",
        "publisher": "Universidade Federal da Bahia",
        "license": "CC_BY_4_0",
        "issues": [
          "IDENTIFIED_DATE_INVALID",
          "CONTINENT_DERIVED_FROM_COORDINATES",
          "INSTITUTION_MATCH_NONE"
        ],
        "fallback_media": {
          "url": "https://inaturalist-open-data.s3.amazonaws.com/photos/262858447/original.jpeg",
          "references": "https://www.inaturalist.org/photos/262858447",
          "title": null,
          "creator": "Rony Ristow",
          "publisher": "iNaturalist",
          "license": "http://creativecommons.org/licenses/by/4.0/",
          "rightsHolder": "Rony Ristow"
        }
      }
    },
    {
      "type": "Feature",
      "geometry": {
        "type": "Point",
        "coordinates": [
          -56.094028,
          -13.597972
        ]
      },
      "properties": {
        "gbifID": "2618554826",
        "species": "Solanum scuticum",
        "genus": "Solanum",
        "family": "Solanaceae",
        "scientificName": "Solanum scuticum M.Nee",
        "coordinateUncertaintyInMeters": "",
        "basisOfRecord": "PRESERVED_SPECIMEN",
        "eventDate": "1902-12-01",
        "country": null,
        "datasetName": "",
        "publisher": "Swedish Museum of Natural History",
        "license": "CC_BY_4_0",
        "issues": [
          "GEODETIC_DATUM_ASSUMED_WGS84",
          "CONTINENT_DERIVED_FROM_COORDINATES",
          "AMBIGUOUS_COLLECTION"
        ],
        "fallback_media": {
          "url": "https://inaturalist-open-data.s3.amazonaws.com/photos/262858447/original.jpeg",
          "references": "https://www.inaturalist.org/photos/262858447",
          "title": null,
          "creator": "Rony Ristow",
          "publisher": "iNaturalist",
          "license": "http://creativecommons.org/licenses/by/4.0/",
          "rightsHolder": "Rony Ristow"
        }
      }
    },
    {
      "type": "Feature",
      "geometry": {
        "type": "Point",
        "coordinates": [
          -44.57137,
          -22.34613
        ]
      },
      "properties": {
        "gbifID": "4909438436",
        "species": "Solanum scuticum",
        "genus": "Solanum",
        "family": "Solanaceae",
        "scientificName": "Solanum scuticum M.Nee",
        "coordinateUncertaintyInMeters": "30.0",
        "basisOfRecord": "PRESERVED_SPECIMEN",
        "eventDate": "1936-06-22",
        "country": null,
        "datasetName": "",
        "publisher": "Biodiversity Data Journal",
        "license": "CC0_1_0",
        "issues": [
          "CONTINENT_DERIVED_FROM_COORDINATES",
          "INSTITUTION_MATCH_FUZZY",
          "COLLECTION_MATCH_NONE"
        ],
        "fallback_media": {
          "url": "https://inaturalist-open-data.s3.amazonaws.com/photos/262858447/original.jpeg",
          "references": "https://www.inaturalist.org/photos/262858447",
          "title": null,
          "creator": "Rony Ristow",
          "publisher": "iNaturalist",
          "license": "http://creativecommons.org/licenses/by/4.0/",
          "rightsHolder": "Rony Ristow"
        }
      }
    },
    {
      "type": "Feature",
      "geometry": {
        "type": "Point",
        "coordinates": [
          -48.0,
          -12.0
        ]
      },
      "properties": {
        "gbifID": "1228467012",
        "species": "Solanum scuticum",
        "genus": "Solanum",
        "family": "Solanaceae",
        "scientificName": "Solanum scuticum M.Nee",
        "coordinateUncertaintyInMeters": "",
        "basisOfRecord": "PRESERVED_SPECIMEN",
        "eventDate": "1966-06-28",
        "country": null,
        "datasetName": "seeds-22-sep-2023",
        "publisher": "Field Museum",
        "license": "CC0_1_0",
        "issues": [
          "GEODETIC_DATUM_ASSUMED_WGS84",
          "INSTITUTION_MATCH_FUZZY",
          "AMBIGUOUS_COLLECTION"
        ],
        "fallback_media": {
          "url": "https://inaturalist-open-data.s3.amazonaws.com/photos/262858447/original.jpeg",
          "references": "https://www.inaturalist.org/photos/262858447",
          "title": null,
          "creator": "Rony Ristow",
          "publisher": "iNaturalist",
          "license": "http://creativecommons.org/licenses/by/4.0/",
          "rightsHolder": "Rony Ristow"
        }
      }
    },
    {
      "type": "Feature",
      "geometry": {
        "type": "Point",
        "coordinates": [
          -51.0,
          -24.0
        ]
      },
      "properties": {
        "gbifID": "1228556142",
        "species": "Solanum scuticum",
        "genus": "Solanum",
        "family": "Solanaceae",
        "scientificName": "Solanum scuticum M.Nee",
        "coordinateUncertaintyInMeters": "",
        "basisOfRecord": "PRESERVED_SPECIMEN",
        "eventDate": "1914-08-12",
        "country": null,
        "datasetName": "seeds-22-sep-2023",
        "publisher": "Field Museum",
        "license": "CC0_1_0",
        "issues": [
          "GEODETIC_DATUM_ASSUMED_WGS84",
          "INSTITUTION_MATCH_FUZZY",
          "AMBIGUOUS_COLLECTION"
        ],
        "fallback_media": {
          "url": "https://inaturalist-open-data.s3.amazonaws.com/photos/262858447/original.jpeg",
          "references": "https://www.inaturalist.org/photos/262858447",
          "title": null,
          "creator": "Rony Ristow",
          "publisher": "iNaturalist",
          "license": "http://creativecommons.org/licenses/by/4.0/",
          "rightsHolder": "Rony Ristow"
        }
      }
    },
    {
      "type": "Feature",
      "geometry": {
        "type": "Point",
        "coordinates": [
          -49.0,
          -22.0
        ]
      },
      "properties": {
        "gbifID": "1228326018",
        "species": "Solanum scuticum",
        "genus": "Solanum",
        "family": "Solanaceae",
        "scientificName": "Solanum scuticum M.Nee",
        "coordinateUncertaintyInMeters": "",
        "basisOfRecord": "PRESERVED_SPECIMEN",
        "eventDate": "1941-06-25",
        "country": null,
        "datasetName": "seeds-22-sep-2023",
        "publisher": "Field Museum",
        "license": "CC0_1_0",
        "issues": [
          "GEODETIC_DATUM_ASSUMED_WGS84",
          "INSTITUTION_MATCH_FUZZY",
          "AMBIGUOUS_COLLECTION"
        ],
        "fallback_media": {
          "url": "https://inaturalist-open-data.s3.amazonaws.com/photos/262858447/original.jpeg",
          "references": "https://www.inaturalist.org/photos/262858447",
          "title": null,
          "creator": "Rony Ristow",
          "publisher": "iNaturalist",
          "license": "http://creativecommons.org/licenses/by/4.0/",
          "rightsHolder": "Rony Ristow"
        }
      }
    },
    {
      "type": "Feature",
      "geometry": {
        "type": "Point",
        "coordinates": [
          -44.0,
          -18.0
        ]
      },
      "properties": {
        "gbifID": "1228184027",
        "species": "Solanum scuticum",
        "genus": "Solanum",
        "family": "Solanaceae",
        "scientificName": "Solanum scuticum M.Nee",
        "coordinateUncertaintyInMeters": "",
        "basisOfRecord": "PRESERVED_SPECIMEN",
        "eventDate": "1958-11-28",
        "country": null,
        "datasetName": "seeds-22-sep-2023",
        "publisher": "Field Museum",
        "license": "CC0_1_0",
        "issues": [
          "GEODETIC_DATUM_ASSUMED_WGS84",
          "INSTITUTION_MATCH_FUZZY",
          "AMBIGUOUS_COLLECTION"
        ],
        "fallback_media": {
          "url": "https://inaturalist-open-data.s3.amazonaws.com/photos/262858447/original.jpeg",
          "references": "https://www.inaturalist.org/photos/262858447",
          "title": null,
          "creator": "Rony Ristow",
          "publisher": "iNaturalist",
          "license": "http://creativecommons.org/licenses/by/4.0/",
          "rightsHolder": "Rony Ristow"
        }
      }
    },
    {
      "type": "Feature",
      "geometry": {
        "type": "Point",
        "coordinates": [
          -47.75,
          -15.75
        ]
      },
      "properties": {
        "gbifID": "1228549483",
        "species": "Solanum scuticum",
        "genus": "Solanum",
        "family": "Solanaceae",
        "scientificName": "Solanum scuticum M.Nee",
        "coordinateUncertaintyInMeters": "",
        "basisOfRecord": "PRESERVED_SPECIMEN",
        "eventDate": "1964-08-21",
        "country": null,
        "datasetName": "seeds-22-sep-2023",
        "publisher": "Field Museum",
        "license": "CC0_1_0",
        "issues": [
          "GEODETIC_DATUM_ASSUMED_WGS84",
          "INSTITUTION_MATCH_FUZZY",
          "AMBIGUOUS_COLLECTION"
        ],
        "fallback_media": {
          "url": "https://inaturalist-open-data.s3.amazonaws.com/photos/262858447/original.jpeg",
          "references": "https://www.inaturalist.org/photos/262858447",
          "title": null,
          "creator": "Rony Ristow",
          "publisher": "iNaturalist",
          "license": "http://creativecommons.org/licenses/by/4.0/",
          "rightsHolder": "Rony Ristow"
        }
      }
    },
    {
      "type": "Feature",
      "geometry": {
        "type": "Point",
        "coordinates": [
          -57.0,
          -12.0
        ]
      },
      "properties": {
        "gbifID": "1228426113",
        "species": "Solanum scuticum",
        "genus": "Solanum",
        "family": "Solanaceae",
        "scientificName": "Solanum scuticum M.Nee",
        "coordinateUncertaintyInMeters": "",
        "basisOfRecord": "PRESERVED_SPECIMEN",
        "eventDate": "1973-08-07",
        "country": null,
        "datasetName": "seeds-22-sep-2023",
        "publisher": "Field Museum",
        "license": "CC0_1_0",
        "issues": [
          "GEODETIC_DATUM_ASSUMED_WGS84",
          "INSTITUTION_MATCH_FUZZY",
          "AMBIGUOUS_COLLECTION"
        ],
        "fallback_media": {
          "url": "https://inaturalist-open-data.s3.amazonaws.com/photos/262858447/original.jpeg",
          "references": "https://www.inaturalist.org/photos/262858447",
          "title": null,
          "creator": "Rony Ristow",
          "publisher": "iNaturalist",
          "license": "http://creativecommons.org/licenses/by/4.0/",
          "rightsHolder": "Rony Ristow"
        }
      }
    },
    {
      "type": "Feature",
      "geometry": {
        "type": "Point",
        "coordinates": [
          -52.7825,
          -24.141389
        ]
      },
      "properties": {
        "gbifID": "4455827674",
        "species": "Solanum scuticum",
        "genus": "Solanum",
        "family": "Solanaceae",
        "scientificName": "Solanum scuticum M.Nee",
        "coordinateUncertaintyInMeters": "",
        "basisOfRecord": "PRESERVED_SPECIMEN",
        "eventDate": "2005-05-11",
        "country": null,
        "datasetName": "",
        "publisher": "Instituto de Pesquisas Jardim Botanico do Rio de Janeiro",
        "license": "CC_BY_4_0",
        "issues": [
          "RECORDED_DATE_INVALID",
          "IDENTIFIED_DATE_INVALID",
          "COORDINATE_ROUNDED",
          "GEODETIC_DATUM_ASSUMED_WGS84",
          "CONTINENT_DERIVED_FROM_COORDINATES",
          "INSTITUTION_MATCH_FUZZY",
          "COLLECTION_MATCH_FUZZY"
        ],
        "fallback_media": {
          "url": "https://inaturalist-open-data.s3.amazonaws.com/photos/262858447/original.jpeg",
          "references": "https://www.inaturalist.org/photos/262858447",
          "title": null,
          "creator": "Rony Ristow",
          "publisher": "iNaturalist",
          "license": "http://creativecommons.org/licenses/by/4.0/",
          "rightsHolder": "Rony Ristow"
        }
      }
    },
    {
      "type": "Feature",
      "geometry": {
        "type": "Point",
        "coordinates": [
          -52.26,
          -23.811111
        ]
      },
      "properties": {
        "gbifID": "4455837716",
        "species": "Solanum scuticum",
        "genus": "Solanum",
        "family": "Solanaceae",
        "scientificName": "Solanum scuticum M.Nee",
        "coordinateUncertaintyInMeters": "",
        "basisOfRecord": "PRESERVED_SPECIMEN",
        "eventDate": "",
        "country": null,
        "datasetName": "",
        "publisher": "Instituto de Pesquisas Jardim Botanico do Rio de Janeiro",
        "license": "CC_BY_4_0",
        "issues": [
          "RECORDED_DATE_MISMATCH",
          "RECORDED_DATE_INVALID",
          "COORDINATE_ROUNDED",
          "GEODETIC_DATUM_ASSUMED_WGS84",
          "CONTINENT_DERIVED_FROM_COORDINATES",
          "INSTITUTION_MATCH_FUZZY",
          "COLLECTION_MATCH_FUZZY"
        ],
        "fallback_media": {
          "url": "https://inaturalist-open-data.s3.amazonaws.com/photos/262858447/original.jpeg",
          "references": "https://www.inaturalist.org/photos/262858447",
          "title": null,
          "creator": "Rony Ristow",
          "publisher": "iNaturalist",
          "license": "http://creativecommons.org/licenses/by/4.0/",
          "rightsHolder": "Rony Ristow"
        }
      }
    },
    {
      "type": "Feature",
      "geometry": {
        "type": "Point",
        "coordinates": [
          -48.810278,
          -15.927778
        ]
      },
      "properties": {
        "gbifID": "4455810675",
        "species": "Solanum scuticum",
        "genus": "Solanum",
        "family": "Solanaceae",
        "scientificName": "Solanum scuticum M.Nee",
        "coordinateUncertaintyInMeters": "",
        "basisOfRecord": "PRESERVED_SPECIMEN",
        "eventDate": "1976-06-05",
        "country": null,
        "datasetName": "",
        "publisher": "Instituto de Pesquisas Jardim Botanico do Rio de Janeiro",
        "license": "CC_BY_4_0",
        "issues": [
          "RECORDED_DATE_INVALID",
          "IDENTIFIED_DATE_INVALID",
          "COORDINATE_ROUNDED",
          "GEODETIC_DATUM_ASSUMED_WGS84",
          "CONTINENT_DERIVED_FROM_COORDINATES",
          "INSTITUTION_MATCH_FUZZY",
          "COLLECTION_MATCH_FUZZY"
        ],
        "fallback_media": {
          "url": "https://inaturalist-open-data.s3.amazonaws.com/photos/262858447/original.jpeg",
          "references": "https://www.inaturalist.org/photos/262858447",
          "title": null,
          "creator": "Rony Ristow",
          "publisher": "iNaturalist",
          "license": "http://creativecommons.org/licenses/by/4.0/",
          "rightsHolder": "Rony Ristow"
        }
      }
    },
    {
      "type": "Feature",
      "geometry": {
        "type": "Point",
        "coordinates": [
          -47.953889,
          -15.956111
        ]
      },
      "properties": {
        "gbifID": "4455837035",
        "species": "Solanum scuticum",
        "genus": "Solanum",
        "family": "Solanaceae",
        "scientificName": "Solanum scuticum M.Nee",
        "coordinateUncertaintyInMeters": "",
        "basisOfRecord": "PRESERVED_SPECIMEN",
        "eventDate": "1980-01-31",
        "country": null,
        "datasetName": "",
        "publisher": "Instituto de Pesquisas Jardim Botanico do Rio de Janeiro",
        "license": "CC_BY_4_0",
        "issues": [
          "IDENTIFIED_DATE_INVALID",
          "COORDINATE_ROUNDED",
          "GEODETIC_DATUM_ASSUMED_WGS84",
          "CONTINENT_DERIVED_FROM_COORDINATES",
          "INSTITUTION_MATCH_FUZZY",
          "COLLECTION_MATCH_FUZZY"
        ],
        "fallback_media": {
          "url": "https://inaturalist-open-data.s3.amazonaws.com/photos/262858447/original.jpeg",
          "references": "https://www.inaturalist.org/photos/262858447",
          "title": null,
          "creator": "Rony Ristow",
          "publisher": "iNaturalist",
          "license": "http://creativecommons.org/licenses/by/4.0/",
          "rightsHolder": "Rony Ristow"
        }
      }
    },
    {
      "type": "Feature",
      "geometry": {
        "type": "Point",
        "coordinates": [
          -47.868056,
          -15.946667
        ]
      },
      "properties": {
        "gbifID": "4455844067",
        "species": "Solanum scuticum",
        "genus": "Solanum",
        "family": "Solanaceae",
        "scientificName": "Solanum scuticum M.Nee",
        "coordinateUncertaintyInMeters": "",
        "basisOfRecord": "PRESERVED_SPECIMEN",
        "eventDate": "",
        "country": null,
        "datasetName": "",
        "publisher": "Instituto de Pesquisas Jardim Botanico do Rio de Janeiro",
        "license": "CC_BY_4_0",
        "issues": [
          "RECORDED_DATE_MISMATCH",
          "RECORDED_DATE_INVALID",
          "IDENTIFIED_DATE_INVALID",
          "COORDINATE_ROUNDED",
          "GEODETIC_DATUM_ASSUMED_WGS84",
          "CONTINENT_DERIVED_FROM_COORDINATES",
          "INSTITUTION_MATCH_FUZZY",
          "COLLECTION_MATCH_FUZZY"
        ],
        "fallback_media": {
          "url": "https://inaturalist-open-data.s3.amazonaws.com/photos/262858447/original.jpeg",
          "references": "https://www.inaturalist.org/photos/262858447",
          "title": null,
          "creator": "Rony Ristow",
          "publisher": "iNaturalist",
          "license": "http://creativecommons.org/licenses/by/4.0/",
          "rightsHolder": "Rony Ristow"
        }
      }
    },
    {
      "type": "Feature",
      "geometry": {
        "type": "Point",
        "coordinates": [
          -47.783889,
          -16.7975
        ]
      },
      "properties": {
        "gbifID": "4455846430",
        "species": "Solanum scuticum",
        "genus": "Solanum",
        "family": "Solanaceae",
        "scientificName": "Solanum scuticum M.Nee",
        "coordinateUncertaintyInMeters": "",
        "basisOfRecord": "PRESERVED_SPECIMEN",
        "eventDate": "1981-06-24",
        "country": null,
        "datasetName": "",
        "publisher": "Instituto de Pesquisas Jardim Botanico do Rio de Janeiro",
        "license": "CC_BY_4_0",
        "issues": [
          "IDENTIFIED_DATE_INVALID",
          "COORDINATE_ROUNDED",
          "GEODETIC_DATUM_ASSUMED_WGS84",
          "CONTINENT_DERIVED_FROM_COORDINATES",
          "INSTITUTION_MATCH_FUZZY",
          "COLLECTION_MATCH_FUZZY"
        ],
        "fallback_media": {
          "url": "https://inaturalist-open-data.s3.amazonaws.com/photos/262858447/original.jpeg",
          "references": "https://www.inaturalist.org/photos/262858447",
          "title": null,
          "creator": "Rony Ristow",
          "publisher": "iNaturalist",
          "license": "http://creativecommons.org/licenses/by/4.0/",
          "rightsHolder": "Rony Ristow"
        }
      }
    },
    {
      "type": "Feature",
      "geometry": {
        "type": "Point",
        "coordinates": [
          -47.937778,
          -15.956111
        ]
      },
      "properties": {
        "gbifID": "4455845547",
        "species": "Solanum scuticum",
        "genus": "Solanum",
        "family": "Solanaceae",
        "scientificName": "Solanum scuticum M.Nee",
        "coordinateUncertaintyInMeters": "",
        "basisOfRecord": "PRESERVED_SPECIMEN",
        "eventDate": "1980-02-19",
        "country": null,
        "datasetName": "",
        "publisher": "Instituto de Pesquisas Jardim Botanico do Rio de Janeiro",
        "license": "CC_BY_4_0",
        "issues": [
          "IDENTIFIED_DATE_INVALID",
          "COORDINATE_ROUNDED",
          "GEODETIC_DATUM_ASSUMED_WGS84",
          "CONTINENT_DERIVED_FROM_COORDINATES",
          "INSTITUTION_MATCH_FUZZY",
          "COLLECTION_MATCH_FUZZY"
        ],
        "fallback_media": {
          "url": "https://inaturalist-open-data.s3.amazonaws.com/photos/262858447/original.jpeg",
          "references": "https://www.inaturalist.org/photos/262858447",
          "title": null,
          "creator": "Rony Ristow",
          "publisher": "iNaturalist",
          "license": "http://creativecommons.org/licenses/by/4.0/",
          "rightsHolder": "Rony Ristow"
        }
      }
    },
    {
      "type": "Feature",
      "geometry": {
        "type": "Point",
        "coordinates": [
          -46.87472,
          -17.22222
        ]
      },
      "properties": {
        "gbifID": "1231097580",
        "species": "Solanum scuticum",
        "genus": "Solanum",
        "family": "Solanaceae",
        "scientificName": "Solanum scuticum M.Nee",
        "coordinateUncertaintyInMeters": "",
        "basisOfRecord": "PRESERVED_SPECIMEN",
        "eventDate": "",
        "country": null,
        "datasetName": "",
        "publisher": "Natural History Museum, Vienna",
        "license": "CC_BY_4_0",
        "issues": [
          "CONTINENT_DERIVED_FROM_COORDINATES",
          "INSTITUTION_MATCH_FUZZY",
          "COLLECTION_MATCH_FUZZY"
        ],
        "media": [
          {
            "url": "https://object.jacq.org/europeana/W/141922.jpg",
            "references": "https://api.jacq.org/v1/images/show/141922?withredirect=1",
            "title": null,
            "creator": null,
            "publisher": null,
            "license": "http://creativecommons.org/licenses/by/4.0/",
            "rightsHolder": null
          }
        ]
      }
    },
    {
      "type": "Feature",
      "geometry": {
        "type": "Point",
        "coordinates": [
          -40.24333,
          -3.55
        ]
      },
      "properties": {
        "gbifID": "1849001612",
        "species": "Solanum scuticum",
        "genus": "Solanum",
        "family": "Solanaceae",
        "scientificName": "Solanum scuticum M.Nee",
        "coordinateUncertaintyInMeters": "",
        "basisOfRecord": "PRESERVED_SPECIMEN",
        "eventDate": "",
        "country": null,
        "datasetName": "",
        "publisher": "Natural History Museum, Vienna",
        "license": "CC_BY_4_0",
        "issues": [
          "CONTINENT_DERIVED_FROM_COORDINATES",
          "INSTITUTION_MATCH_FUZZY",
          "COLLECTION_MATCH_FUZZY"
        ],
        "media": [
          {
            "url": "https://object.jacq.org/europeana/W/141901.jpg",
            "references": "https://api.jacq.org/v1/images/show/141901?withredirect=1",
            "title": null,
            "creator": null,
            "publisher": null,
            "license": "http://creativecommons.org/licenses/by/4.0/",
            "rightsHolder": null
          }
        ]
      }
    },
    {
      "type": "Feature",
      "geometry": {
        "type": "Point",
        "coordinates": [
          -42.45,
          -5.01667
        ]
      },
      "properties": {
        "gbifID": "1231097603",
        "species": "Solanum scuticum",
        "genus": "Solanum",
        "family": "Solanaceae",
        "scientificName": "Solanum scuticum M.Nee",
        "coordinateUncertaintyInMeters": "",
        "basisOfRecord": "PRESERVED_SPECIMEN",
        "eventDate": "",
        "country": null,
        "datasetName": "",
        "publisher": "Natural History Museum, Vienna",
        "license": "CC_BY_4_0",
        "issues": [
          "CONTINENT_DERIVED_FROM_COORDINATES",
          "INSTITUTION_MATCH_FUZZY",
          "COLLECTION_MATCH_FUZZY"
        ],
        "media": [
          {
            "url": "https://object.jacq.org/europeana/W/141930.jpg",
            "references": "https://api.jacq.org/v1/images/show/141930?withredirect=1",
            "title": null,
            "creator": null,
            "publisher": null,
            "license": "http://creativecommons.org/licenses/by/4.0/",
            "rightsHolder": null
          }
        ]
      }
    },
    {
      "type": "Feature",
      "geometry": {
        "type": "Point",
        "coordinates": [
          -49.237331,
          -25.442591
        ]
      },
      "properties": {
        "gbifID": "2270555515",
        "species": "Solanum scuticum",
        "genus": "Solanum",
        "family": "Solanaceae",
        "scientificName": "Solanum scuticum M.Nee",
        "coordinateUncertaintyInMeters": "25000.0",
        "basisOfRecord": "PRESERVED_SPECIMEN",
        "eventDate": "1996-10-02",
        "country": null,
        "datasetName": "",
        "publisher": "Arizona State University Biocollections",
        "license": "CC_BY_4_0",
        "issues": [
          "GEODETIC_DATUM_ASSUMED_WGS84",
          "CONTINENT_DERIVED_FROM_COORDINATES",
          "INSTITUTION_MATCH_FUZZY",
          "COLLECTION_MATCH_FUZZY",
          "TAXON_ID_NOT_FOUND"
        ],
        "media": [
          {
            "url": "https://media01.symbiota.org/media/h_seinet/seinet/ASU/ASU0051/ASU0051279_lg.jpg",
            "references": null,
            "title": null,
            "creator": null,
            "publisher": null,
            "license": null,
            "rightsHolder": "Arizona State University Vascular Plant Herbarium"
          }
        ]
      }
    },
    {
      "type": "Feature",
      "geometry": {
        "type": "Point",
        "coordinates": [
          -56.53,
          -20.966667
        ]
      },
      "properties": {
        "gbifID": "1042693806",
        "species": "Solanum scuticum",
        "genus": "Solanum",
        "family": "Solanaceae",
        "scientificName": "Solanum scuticum M.Nee",
        "coordinateUncertaintyInMeters": "",
        "basisOfRecord": "PRESERVED_SPECIMEN",
        "eventDate": "",
        "country": null,
        "datasetName": "Coleção Botânica, Instituto Nacional de Pesquisas da Amazônia (INPA)",
        "publisher": "Instituto Nacional de Pesquisas da Amazônia - INPA",
        "license": "CC_BY_NC_4_0",
        "issues": [
          "RECORDED_DATE_INVALID",
          "MODIFIED_DATE_INVALID",
          "GEODETIC_DATUM_ASSUMED_WGS84",
          "GEODETIC_DATUM_INVALID",
          "INSTITUTION_MATCH_NONE"
        ],
        "fallback_media": {
          "url": "https://inaturalist-open-data.s3.amazonaws.com/photos/262858447/original.jpeg",
          "references": "https://www.inaturalist.org/photos/262858447",
          "title": null,
          "creator": "Rony Ristow",
          "publisher": "iNaturalist",
          "license": "http://creativecommons.org/licenses/by/4.0/",
          "rightsHolder": "Rony Ristow"
        }
      }
    },
    {
      "type": "Feature",
      "geometry": {
        "type": "Point",
        "coordinates": [
          -56.92,
          -17.25
        ]
      },
      "properties": {
        "gbifID": "1042664728",
        "species": "Solanum scuticum",
        "genus": "Solanum",
        "family": "Solanaceae",
        "scientificName": "Solanum scuticum M.Nee",
        "coordinateUncertaintyInMeters": "",
        "basisOfRecord": "PRESERVED_SPECIMEN",
        "eventDate": "",
        "country": null,
        "datasetName": "Coleção Botânica, Instituto Nacional de Pesquisas da Amazônia (INPA)",
        "publisher": "Instituto Nacional de Pesquisas da Amazônia - INPA",
        "license": "CC_BY_NC_4_0",
        "issues": [
          "RECORDED_DATE_INVALID",
          "MODIFIED_DATE_INVALID",
          "GEODETIC_DATUM_ASSUMED_WGS84",
          "GEODETIC_DATUM_INVALID",
          "INSTITUTION_MATCH_NONE"
        ],
        "fallback_media": {
          "url": "https://inaturalist-open-data.s3.amazonaws.com/photos/262858447/original.jpeg",
          "references": "https://www.inaturalist.org/photos/262858447",
          "title": null,
          "creator": "Rony Ristow",
          "publisher": "iNaturalist",
          "license": "http://creativecommons.org/licenses/by/4.0/",
          "rightsHolder": "Rony Ristow"
        }
      }
    },
    {
      "type": "Feature",
      "geometry": {
        "type": "Point",
        "coordinates": [
          -67.13,
          -16.83
        ]
      },
      "properties": {
        "gbifID": "814374660",
        "species": "Solanum scuticum",
        "genus": "Solanum",
        "family": "Solanaceae",
        "scientificName": "Solanum scuticum M.Nee",
        "coordinateUncertaintyInMeters": "",
        "basisOfRecord": "PRESERVED_SPECIMEN",
        "eventDate": "",
        "country": null,
        "datasetName": "",
        "publisher": "Instituto de Botánica Darwinion - CONICET",
        "license": "CC_BY_4_0",
        "issues": [
          "GEODETIC_DATUM_ASSUMED_WGS84",
          "CONTINENT_DERIVED_FROM_COORDINATES",
          "INSTITUTION_MATCH_FUZZY",
          "INSTITUTION_COLLECTION_MISMATCH"
        ],
        "fallback_media": {
          "url": "https://inaturalist-open-data.s3.amazonaws.com/photos/262858447/original.jpeg",
          "references": "https://www.inaturalist.org/photos/262858447",
          "title": null,
          "creator": "Rony Ristow",
          "publisher": "iNaturalist",
          "license": "http://creativecommons.org/licenses/by/4.0/",
          "rightsHolder": "Rony Ristow"
        }
      }
    },
    {
      "type": "Feature",
      "geometry": {
        "type": "Point",
        "coordinates": [
          -53.531048,
          -25.768105
        ]
      },
      "properties": {
        "gbifID": "4076339510",
        "species": "Solanum scuticum",
        "genus": "Solanum",
        "family": "Solanaceae",
        "scientificName": "Solanum scuticum M.Nee",
        "coordinateUncertaintyInMeters": "4.0",
        "basisOfRecord": "HUMAN_OBSERVATION",
        "eventDate": "2023-03-25T16:27:01",
        "country": null,
        "datasetName": "iNaturalist research-grade observations",
        "publisher": "iNaturalist.org",
        "license": "CC_BY_4_0",
        "issues": [
          "COORDINATE_ROUNDED",
          "CONTINENT_DERIVED_FROM_COORDINATES",
          "TAXON_ID_NOT_FOUND"
        ],
        "media": [
          {
            "url": "https://inaturalist-open-data.s3.amazonaws.com/photos/262858447/original.jpeg",
            "references": "https://www.inaturalist.org/photos/262858447",
            "title": null,
            "creator": "Rony Ristow",
            "publisher": "iNaturalist",
            "license": "http://creativecommons.org/licenses/by/4.0/",
            "rightsHolder": "Rony Ristow"
          },
          {
            "url": "https://inaturalist-open-data.s3.amazonaws.com/photos/262858485/original.jpeg",
            "references": "https://www.inaturalist.org/photos/262858485",
            "title": null,
            "creator": "Rony Ristow",
            "publisher": "iNaturalist",
            "license": "http://creativecommons.org/licenses/by/4.0/",
            "rightsHolder": "Rony Ristow"
          },
          {
            "url": "https://inaturalist-open-data.s3.amazonaws.com/photos/262858528/original.jpeg",
            "references": "https://www.inaturalist.org/photos/262858528",
            "title": null,
            "creator": "Rony Ristow",
            "publisher": "iNaturalist",
            "license": "http://creativecommons.org/licenses/by/4.0/",
            "rightsHolder": "Rony Ristow"
          },
          {
            "url": "https://inaturalist-open-data.s3.amazonaws.com/photos/262858577/original.jpeg",
            "references": "https://www.inaturalist.org/photos/262858577",
            "title": null,
            "creator": "Rony Ristow",
            "publisher": "iNaturalist",
            "license": "http://creativecommons.org/licenses/by/4.0/",
            "rightsHolder": "Rony Ristow"
          },
          {
            "url": "https://inaturalist-open-data.s3.amazonaws.com/photos/262858617/original.jpeg",
            "references": "https://www.inaturalist.org/photos/262858617",
            "title": null,
            "creator": "Rony Ristow",
            "publisher": "iNaturalist",
            "license": "http://creativecommons.org/licenses/by/4.0/",
            "rightsHolder": "Rony Ristow"
          },
          {
            "url": "https://inaturalist-open-data.s3.amazonaws.com/photos/262858656/original.jpeg",
            "references": "https://www.inaturalist.org/photos/262858656",
            "title": null,
            "creator": "Rony Ristow",
            "publisher": "iNaturalist",
            "license": "http://creativecommons.org/licenses/by/4.0/",
            "rightsHolder": "Rony Ristow"
          },
          {
            "url": "https://inaturalist-open-data.s3.amazonaws.com/photos/262858686/original.jpeg",
            "references": "https://www.inaturalist.org/photos/262858686",
            "title": null,
            "creator": "Rony Ristow",
            "publisher": "iNaturalist",
            "license": "http://creativecommons.org/licenses/by/4.0/",
            "rightsHolder": "Rony Ristow"
          },
          {
            "url": "https://inaturalist-open-data.s3.amazonaws.com/photos/262858717/original.jpeg",
            "references": "https://www.inaturalist.org/photos/262858717",
            "title": null,
            "creator": "Rony Ristow",
            "publisher": "iNaturalist",
            "license": "http://creativecommons.org/licenses/by/4.0/",
            "rightsHolder": "Rony Ristow"
          },
          {
            "url": "https://inaturalist-open-data.s3.amazonaws.com/photos/262858745/original.jpeg",
            "references": "https://www.inaturalist.org/photos/262858745",
            "title": null,
            "creator": "Rony Ristow",
            "publisher": "iNaturalist",
            "license": "http://creativecommons.org/licenses/by/4.0/",
            "rightsHolder": "Rony Ristow"
          }
        ]
      }
    },
    {
      "type": "Feature",
      "geometry": {
        "type": "Point",
        "coordinates": [
          -47.908472,
          -19.76903
        ]
      },
      "properties": {
        "gbifID": "5292148860",
        "species": "Solanum scuticum",
        "genus": "Solanum",
        "family": "Solanaceae",
        "scientificName": "Solanum scuticum M.Nee",
        "coordinateUncertaintyInMeters": "5.0",
        "basisOfRecord": "HUMAN_OBSERVATION",
        "eventDate": "2024-09-14T12:25:41",
        "country": null,
        "datasetName": "iNaturalist research-grade observations",
        "publisher": "iNaturalist.org",
        "license": "CC_BY_NC_4_0",
        "issues": [
          "COORDINATE_ROUNDED",
          "CONTINENT_DERIVED_FROM_COORDINATES",
          "TAXON_ID_NOT_FOUND"
        ],
        "media": [
          {
            "url": "https://inaturalist-open-data.s3.amazonaws.com/photos/430775040/original.jpeg",
            "references": "https://www.inaturalist.org/photos/430775040",
            "title": null,
            "creator": "Edson Guilherme",
            "publisher": "iNaturalist",
            "license": "http://creativecommons.org/licenses/by-nc/4.0/",
            "rightsHolder": "Edson Guilherme"
          },
          {
            "url": "https://inaturalist-open-data.s3.amazonaws.com/photos/430775091/original.jpeg",
            "references": "https://www.inaturalist.org/photos/430775091",
            "title": null,
            "creator": "Edson Guilherme",
            "publisher": "iNaturalist",
            "license": "http://creativecommons.org/licenses/by-nc/4.0/",
            "rightsHolder": "Edson Guilherme"
          },
          {
            "url": "https://inaturalist-open-data.s3.amazonaws.com/photos/430775138/original.jpeg",
            "references": "https://www.inaturalist.org/photos/430775138",
            "title": null,
            "creator": "Edson Guilherme",
            "publisher": "iNaturalist",
            "license": "http://creativecommons.org/licenses/by-nc/4.0/",
            "rightsHolder": "Edson Guilherme"
          }
        ]
      }
    },
    {
      "type": "Feature",
      "geometry": {
        "type": "Point",
        "coordinates": [
          -47.675491,
          -15.800034
        ]
      },
      "properties": {
        "gbifID": "5292170494",
        "species": "Solanum scuticum",
        "genus": "Solanum",
        "family": "Solanaceae",
        "scientificName": "Solanum scuticum M.Nee",
        "coordinateUncertaintyInMeters": "",
        "basisOfRecord": "HUMAN_OBSERVATION",
        "eventDate": "2024-06-24T15:53:06",
        "country": null,
        "datasetName": "iNaturalist research-grade observations",
        "publisher": "iNaturalist.org",
        "license": "CC_BY_NC_4_0",
        "issues": [
          "CONTINENT_DERIVED_FROM_COORDINATES",
          "TAXON_ID_NOT_FOUND"
        ],
        "media": [
          {
            "url": "https://inaturalist-open-data.s3.amazonaws.com/photos/403040604/original.jpeg",
            "references": "https://www.inaturalist.org/photos/403040604",
            "title": null,
            "creator": "JAxworthy",
            "publisher": "iNaturalist",
            "license": "http://creativecommons.org/licenses/by-nc/4.0/",
            "rightsHolder": "JAxworthy"
          },
          {
            "url": "https://inaturalist-open-data.s3.amazonaws.com/photos/403040686/original.jpeg",
            "references": "https://www.inaturalist.org/photos/403040686",
            "title": null,
            "creator": "JAxworthy",
            "publisher": "iNaturalist",
            "license": "http://creativecommons.org/licenses/by-nc/4.0/",
            "rightsHolder": "JAxworthy"
          },
          {
            "url": "https://inaturalist-open-data.s3.amazonaws.com/photos/403040739/original.jpeg",
            "references": "https://www.inaturalist.org/photos/403040739",
            "title": null,
            "creator": "JAxworthy",
            "publisher": "iNaturalist",
            "license": "http://creativecommons.org/licenses/by-nc/4.0/",
            "rightsHolder": "JAxworthy"
          },
          {
            "url": "https://inaturalist-open-data.s3.amazonaws.com/photos/403040804/original.jpeg",
            "references": "https://www.inaturalist.org/photos/403040804",
            "title": null,
            "creator": "JAxworthy",
            "publisher": "iNaturalist",
            "license": "http://creativecommons.org/licenses/by-nc/4.0/",
            "rightsHolder": "JAxworthy"
          }
        ]
      }
    },
    {
      "type": "Feature",
      "geometry": {
        "type": "Point",
        "coordinates": [
          -42.15538,
          -20.832037
        ]
      },
      "properties": {
        "gbifID": "4014926621",
        "species": "Solanum scuticum",
        "genus": "Solanum",
        "family": "Solanaceae",
        "scientificName": "Solanum scuticum M.Nee",
        "coordinateUncertaintyInMeters": "2027.0",
        "basisOfRecord": "HUMAN_OBSERVATION",
        "eventDate": "2022-08-28T10:26",
        "country": null,
        "datasetName": "iNaturalist research-grade observations",
        "publisher": "iNaturalist.org",
        "license": "CC_BY_NC_4_0",
        "issues": [
          "COORDINATE_ROUNDED",
          "CONTINENT_DERIVED_FROM_COORDINATES",
          "TAXON_ID_NOT_FOUND"
        ],
        "media": [
          {
            "url": "https://inaturalist-open-data.s3.amazonaws.com/photos/226258825/original.jpg",
            "references": "https://www.inaturalist.org/photos/226258825",
            "title": null,
            "creator": "thiagolyra",
            "publisher": "iNaturalist",
            "license": "http://creativecommons.org/licenses/by-nc/4.0/",
            "rightsHolder": "thiagolyra"
          },
          {
            "url": "https://inaturalist-open-data.s3.amazonaws.com/photos/226259016/original.jpg",
            "references": "https://www.inaturalist.org/photos/226259016",
            "title": null,
            "creator": "thiagolyra",
            "publisher": "iNaturalist",
            "license": "http://creativecommons.org/licenses/by-nc/4.0/",
            "rightsHolder": "thiagolyra"
          },
          {
            "url": "https://inaturalist-open-data.s3.amazonaws.com/photos/226259018/original.jpg",
            "references": "https://www.inaturalist.org/photos/226259018",
            "title": null,
            "creator": "thiagolyra",
            "publisher": "iNaturalist",
            "license": "http://creativecommons.org/licenses/by-nc/4.0/",
            "rightsHolder": "thiagolyra"
          },
          {
            "url": "https://inaturalist-open-data.s3.amazonaws.com/photos/226259051/original.jpg",
            "references": "https://www.inaturalist.org/photos/226259051",
            "title": null,
            "creator": "thiagolyra",
            "publisher": "iNaturalist",
            "license": "http://creativecommons.org/licenses/by-nc/4.0/",
            "rightsHolder": "thiagolyra"
          }
        ]
      }
    },
    {
      "type": "Feature",
      "geometry": {
        "type": "Point",
        "coordinates": [
          -47.335265,
          -15.559155
        ]
      },
      "properties": {
        "gbifID": "4062889625",
        "species": "Solanum scuticum",
        "genus": "Solanum",
        "family": "Solanaceae",
        "scientificName": "Solanum scuticum M.Nee",
        "coordinateUncertaintyInMeters": "",
        "basisOfRecord": "HUMAN_OBSERVATION",
        "eventDate": "2023-03-03T08:21:48",
        "country": null,
        "datasetName": "iNaturalist research-grade observations",
        "publisher": "iNaturalist.org",
        "license": "CC_BY_NC_4_0",
        "issues": [
          "COORDINATE_ROUNDED",
          "CONTINENT_DERIVED_FROM_COORDINATES",
          "TAXON_ID_NOT_FOUND"
        ],
        "media": [
          {
            "url": "https://inaturalist-open-data.s3.amazonaws.com/photos/259599016/original.jpeg",
            "references": "https://www.inaturalist.org/photos/259599016",
            "title": null,
            "creator": "Vinícius Tirelli Pompermaier",
            "publisher": "iNaturalist",
            "license": "http://creativecommons.org/licenses/by-nc/4.0/",
            "rightsHolder": "Vinícius Tirelli Pompermaier"
          },
          {
            "url": "https://inaturalist-open-data.s3.amazonaws.com/photos/259599044/original.jpeg",
            "references": "https://www.inaturalist.org/photos/259599044",
            "title": null,
            "creator": "Vinícius Tirelli Pompermaier",
            "publisher": "iNaturalist",
            "license": "http://creativecommons.org/licenses/by-nc/4.0/",
            "rightsHolder": "Vinícius Tirelli Pompermaier"
          }
        ]
      }
    },
    {
      "type": "Feature",
      "geometry": {
        "type": "Point",
        "coordinates": [
          -47.134356,
          -22.960707
        ]
      },
      "properties": {
        "gbifID": "6184965799",
        "species": "Solanum scuticum",
        "genus": "Solanum",
        "family": "Solanaceae",
        "scientificName": "Solanum scuticum M.Nee",
        "coordinateUncertaintyInMeters": "8.0",
        "basisOfRecord": "HUMAN_OBSERVATION",
        "eventDate": "2024-10-12T17:47:30",
        "country": null,
        "datasetName": "iNaturalist research-grade observations",
        "publisher": "iNaturalist.org",
        "license": "CC0_1_0",
        "issues": [
          "COORDINATE_ROUNDED",
          "CONTINENT_DERIVED_FROM_COORDINATES",
          "TAXON_ID_NOT_FOUND"
        ],
        "fallback_media": {
          "url": "https://inaturalist-open-data.s3.amazonaws.com/photos/262858447/original.jpeg",
          "references": "https://www.inaturalist.org/photos/262858447",
          "title": null,
          "creator": "Rony Ristow",
          "publisher": "iNaturalist",
          "license": "http://creativecommons.org/licenses/by/4.0/",
          "rightsHolder": "Rony Ristow"
        }
      }
    },
    {
      "type": "Feature",
      "geometry": {
        "type": "Point",
        "coordinates": [
          -53.08982,
          -10.773109
        ]
      },
      "properties": {
        "gbifID": "1056631753",
        "species": "Solanum scuticum",
        "genus": "Solanum",
        "family": "Solanaceae",
        "scientificName": "Solanum scuticum M.Nee",
        "coordinateUncertaintyInMeters": "4364.0",
        "basisOfRecord": "PRESERVED_SPECIMEN",
        "eventDate": "",
        "country": null,
        "datasetName": "",
        "publisher": "Natural History Museum",
        "license": "CC0_1_0",
        "issues": [
          "GEODETIC_DATUM_ASSUMED_WGS84",
          "INSTITUTION_MATCH_FUZZY",
          "COLLECTION_MATCH_FUZZY"
        ],
        "media": [
          {
            "url": "https://data.nhm.ac.uk/media/8cddb983-99b1-4b0e-82b9-0dc61ecece9c",
            "references": null,
            "title": "BM000935599",
            "creator": null,
            "publisher": null,
            "license": "http://creativecommons.org/licenses/by/4.0/",
            "rightsHolder": "The Trustees of the Natural History Museum, London"
          }
        ]
      }
    },
    {
      "type": "Feature",
      "geometry": {
        "type": "Point",
        "coordinates": [
          -43.042,
          -22.651
        ]
      },
      "properties": {
        "gbifID": "1135479555",
        "species": "Solanum scuticum",
        "genus": "Solanum",
        "family": "Solanaceae",
        "scientificName": "Solanum scuticum M.Nee",
        "coordinateUncertaintyInMeters": "10.0",
        "basisOfRecord": "PRESERVED_SPECIMEN",
        "eventDate": "1837-03",
        "country": null,
        "datasetName": "",
        "publisher": "Natural History Museum",
        "license": "CC0_1_0",
        "issues": [
          "RECORDED_DATE_INVALID",
          "INSTITUTION_MATCH_FUZZY",
          "COLLECTION_MATCH_FUZZY"
        ],
        "media": [
          {
            "url": "https://data.nhm.ac.uk/media/df9122bc-2003-4e80-996f-0c9637b089bd",
            "references": null,
            "title": "BM000846158",
            "creator": null,
            "publisher": null,
            "license": "http://creativecommons.org/licenses/by/4.0/",
            "rightsHolder": "The Trustees of the Natural History Museum, London"
          }
        ]
      }
    },
    {
      "type": "Feature",
      "geometry": {
        "type": "Point",
        "coordinates": [
          -42.867955,
          -20.78244
        ]
      },
      "properties": {
        "gbifID": "6163285710",
        "species": "Solanum scuticum",
        "genus": "Solanum",
        "family": "Solanaceae",
        "scientificName": "Solanum scuticum M.Nee",
        "coordinateUncertaintyInMeters": "2.0",
        "basisOfRecord": "HUMAN_OBSERVATION",
        "eventDate": "2022-10-31",
        "country": null,
        "datasetName": "iNaturalist research-grade observations",
        "publisher": "iNaturalist.org",
        "license": "CC_BY_NC_4_0",
        "issues": [
          "COORDINATE_ROUNDED",
          "CONTINENT_DERIVED_FROM_COORDINATES",
          "TAXON_ID_NOT_FOUND"
        ],
        "media": [
          {
            "url": "https://inaturalist-open-data.s3.amazonaws.com/photos/587839553/original.jpg",
            "references": "https://www.inaturalist.org/photos/587839553",
            "title": null,
            "creator": "Otávio Verly",
            "publisher": "iNaturalist",
            "license": "http://creativecommons.org/licenses/by-nc/4.0/",
            "rightsHolder": "Otávio Verly"
          },
          {
            "url": "https://inaturalist-open-data.s3.amazonaws.com/photos/587839556/original.jpg",
            "references": "https://www.inaturalist.org/photos/587839556",
            "title": null,
            "creator": "Otávio Verly",
            "publisher": "iNaturalist",
            "license": "http://creativecommons.org/licenses/by-nc/4.0/",
            "rightsHolder": "Otávio Verly"
          },
          {
            "url": "https://inaturalist-open-data.s3.amazonaws.com/photos/587839548/original.jpg",
            "references": "https://www.inaturalist.org/photos/587839548",
            "title": null,
            "creator": "Otávio Verly",
            "publisher": "iNaturalist",
            "license": "http://creativecommons.org/licenses/by-nc/4.0/",
            "rightsHolder": "Otávio Verly"
          },
          {
            "url": "https://inaturalist-open-data.s3.amazonaws.com/photos/587839571/original.jpg",
            "references": "https://www.inaturalist.org/photos/587839571",
            "title": null,
            "creator": "Otávio Verly",
            "publisher": "iNaturalist",
            "license": "http://creativecommons.org/licenses/by-nc/4.0/",
            "rightsHolder": "Otávio Verly"
          },
          {
            "url": "https://inaturalist-open-data.s3.amazonaws.com/photos/587839574/original.jpg",
            "references": "https://www.inaturalist.org/photos/587839574",
            "title": null,
            "creator": "Otávio Verly",
            "publisher": "iNaturalist",
            "license": "http://creativecommons.org/licenses/by-nc/4.0/",
            "rightsHolder": "Otávio Verly"
          },
          {
            "url": "https://inaturalist-open-data.s3.amazonaws.com/photos/587839592/original.jpg",
            "references": "https://www.inaturalist.org/photos/587839592",
            "title": null,
            "creator": "Otávio Verly",
            "publisher": "iNaturalist",
            "license": "http://creativecommons.org/licenses/by-nc/4.0/",
            "rightsHolder": "Otávio Verly"
          },
          {
            "url": "https://inaturalist-open-data.s3.amazonaws.com/photos/587839573/original.jpg",
            "references": "https://www.inaturalist.org/photos/587839573",
            "title": null,
            "creator": "Otávio Verly",
            "publisher": "iNaturalist",
            "license": "http://creativecommons.org/licenses/by-nc/4.0/",
            "rightsHolder": "Otávio Verly"
          }
        ]
      }
    },
    {
      "type": "Feature",
      "geometry": {
        "type": "Point",
        "coordinates": [
          -46.536294,
          -23.65949
        ]
      },
      "properties": {
        "gbifID": "4014861552",
        "species": "Solanum scuticum",
        "genus": "Solanum",
        "family": "Solanaceae",
        "scientificName": "Solanum scuticum M.Nee",
        "coordinateUncertaintyInMeters": "8.0",
        "basisOfRecord": "HUMAN_OBSERVATION",
        "eventDate": "2022-06-02T11:14",
        "country": null,
        "datasetName": "iNaturalist research-grade observations",
        "publisher": "iNaturalist.org",
        "license": "CC_BY_NC_4_0",
        "issues": [
          "COORDINATE_ROUNDED",
          "CONTINENT_DERIVED_FROM_COORDINATES",
          "TAXON_ID_NOT_FOUND"
        ],
        "media": [
          {
            "url": "https://inaturalist-open-data.s3.amazonaws.com/photos/206660152/original.jpeg",
            "references": "https://www.inaturalist.org/photos/206660152",
            "title": null,
            "creator": "Paula Romano",
            "publisher": "iNaturalist",
            "license": "http://creativecommons.org/licenses/by-nc/4.0/",
            "rightsHolder": "Paula Romano"
          }
        ]
      }
    },
    {
      "type": "Feature",
      "geometry": {
        "type": "Point",
        "coordinates": [
          -43.926671,
          -19.953297
        ]
      },
      "properties": {
        "gbifID": "5292330266",
        "species": "Solanum scuticum",
        "genus": "Solanum",
        "family": "Solanaceae",
        "scientificName": "Solanum scuticum M.Nee",
        "coordinateUncertaintyInMeters": "71.0",
        "basisOfRecord": "HUMAN_OBSERVATION",
        "eventDate": "2021-08-13T17:03",
        "country": null,
        "datasetName": "iNaturalist research-grade observations",
        "publisher": "iNaturalist.org",
        "license": "CC_BY_NC_4_0",
        "issues": [
          "COORDINATE_ROUNDED",
          "CONTINENT_DERIVED_FROM_COORDINATES",
          "TAXON_ID_NOT_FOUND"
        ],
        "media": [
          {
            "url": "https://inaturalist-open-data.s3.amazonaws.com/photos/151536349/original.jpeg",
            "references": "https://www.inaturalist.org/photos/151536349",
            "title": null,
            "creator": "Paulo Gonçalves Carvalho",
            "publisher": "iNaturalist",
            "license": "http://creativecommons.org/licenses/by-nc/4.0/",
            "rightsHolder": "Paulo Gonçalves Carvalho"
          },
          {
            "url": "https://inaturalist-open-data.s3.amazonaws.com/photos/151536366/original.jpeg",
            "references": "https://www.inaturalist.org/photos/151536366",
            "title": null,
            "creator": "Paulo Gonçalves Carvalho",
            "publisher": "iNaturalist",
            "license": "http://creativecommons.org/licenses/by-nc/4.0/",
            "rightsHolder": "Paulo Gonçalves Carvalho"
          }
        ]
      }
    },
    {
      "type": "Feature",
      "geometry": {
        "type": "Point",
        "coordinates": [
          -42.042302,
          -20.962874
        ]
      },
      "properties": {
        "gbifID": "4018138746",
        "species": "Solanum scuticum",
        "genus": "Solanum",
        "family": "Solanaceae",
        "scientificName": "Solanum scuticum M.Nee",
        "coordinateUncertaintyInMeters": "1370.0",
        "basisOfRecord": "HUMAN_OBSERVATION",
        "eventDate": "2022-12-04T09:11",
        "country": null,
        "datasetName": "iNaturalist research-grade observations",
        "publisher": "iNaturalist.org",
        "license": "CC_BY_NC_4_0",
        "issues": [
          "COORDINATE_ROUNDED",
          "CONTINENT_DERIVED_FROM_COORDINATES",
          "TAXON_ID_NOT_FOUND"
        ],
        "media": [
          {
            "url": "https://inaturalist-open-data.s3.amazonaws.com/photos/247793353/original.jpg",
            "references": "https://www.inaturalist.org/photos/247793353",
            "title": null,
            "creator": "thiagolyra",
            "publisher": "iNaturalist",
            "license": "http://creativecommons.org/licenses/by-nc/4.0/",
            "rightsHolder": "thiagolyra"
          },
          {
            "url": "https://inaturalist-open-data.s3.amazonaws.com/photos/247793543/original.jpg",
            "references": "https://www.inaturalist.org/photos/247793543",
            "title": null,
            "creator": "thiagolyra",
            "publisher": "iNaturalist",
            "license": "http://creativecommons.org/licenses/by-nc/4.0/",
            "rightsHolder": "thiagolyra"
          }
        ]
      }
    },
    {
      "type": "Feature",
      "geometry": {
        "type": "Point",
        "coordinates": [
          -51.735123,
          -19.11563
        ]
      },
      "properties": {
        "gbifID": "4522676200",
        "species": "Solanum scuticum",
        "genus": "Solanum",
        "family": "Solanaceae",
        "scientificName": "Solanum scuticum M.Nee",
        "coordinateUncertaintyInMeters": "2758.0",
        "basisOfRecord": "HUMAN_OBSERVATION",
        "eventDate": "2024-02-04T11:17:19",
        "country": null,
        "datasetName": "iNaturalist research-grade observations",
        "publisher": "iNaturalist.org",
        "license": "CC_BY_NC_4_0",
        "issues": [
          "COORDINATE_ROUNDED",
          "CONTINENT_DERIVED_FROM_COORDINATES",
          "TAXON_ID_NOT_FOUND"
        ],
        "media": [
          {
            "url": "https://inaturalist-open-data.s3.amazonaws.com/photos/350348524/original.jpeg",
            "references": "https://www.inaturalist.org/photos/350348524",
            "title": null,
            "creator": "Giovana Pinheiro",
            "publisher": "iNaturalist",
            "license": "http://creativecommons.org/licenses/by-nc/4.0/",
            "rightsHolder": "Giovana Pinheiro"
          },
          {
            "url": "https://inaturalist-open-data.s3.amazonaws.com/photos/350348536/original.jpeg",
            "references": "https://www.inaturalist.org/photos/350348536",
            "title": null,
            "creator": "Giovana Pinheiro",
            "publisher": "iNaturalist",
            "license": "http://creativecommons.org/licenses/by-nc/4.0/",
            "rightsHolder": "Giovana Pinheiro"
          }
        ]
      }
    },
    {
      "type": "Feature",
      "geometry": {
        "type": "Point",
        "coordinates": [
          -50.868132,
          -20.448463
        ]
      },
      "properties": {
        "gbifID": "4910641197",
        "species": "Solanum scuticum",
        "genus": "Solanum",
        "family": "Solanaceae",
        "scientificName": "Solanum scuticum M.Nee",
        "coordinateUncertaintyInMeters": "47.0",
        "basisOfRecord": "HUMAN_OBSERVATION",
        "eventDate": "2024-07-20T17:30:12",
        "country": null,
        "datasetName": "iNaturalist research-grade observations",
        "publisher": "iNaturalist.org",
        "license": "CC_BY_NC_4_0",
        "issues": [
          "COORDINATE_ROUNDED",
          "CONTINENT_DERIVED_FROM_COORDINATES",
          "TAXON_ID_NOT_FOUND"
        ],
        "media": [
          {
            "url": "https://inaturalist-open-data.s3.amazonaws.com/photos/410059626/original.jpeg",
            "references": "https://www.inaturalist.org/photos/410059626",
            "title": null,
            "creator": "sr604",
            "publisher": "iNaturalist",
            "license": "http://creativecommons.org/licenses/by-nc/4.0/",
            "rightsHolder": "sr604"
          },
          {
            "url": "https://inaturalist-open-data.s3.amazonaws.com/photos/410059684/original.jpeg",
            "references": "https://www.inaturalist.org/photos/410059684",
            "title": null,
            "creator": "sr604",
            "publisher": "iNaturalist",
            "license": "http://creativecommons.org/licenses/by-nc/4.0/",
            "rightsHolder": "sr604"
          }
        ]
      }
    },
    {
      "type": "Feature",
      "geometry": {
        "type": "Point",
        "coordinates": [
          -46.641493,
          -23.555091
        ]
      },
      "properties": {
        "gbifID": "6171053725",
        "species": "Solanum scuticum",
        "genus": "Solanum",
        "family": "Solanaceae",
        "scientificName": "Solanum scuticum M.Nee",
        "coordinateUncertaintyInMeters": "20.0",
        "basisOfRecord": "HUMAN_OBSERVATION",
        "eventDate": "2026-02-13T10:02:18",
        "country": null,
        "datasetName": "iNaturalist research-grade observations",
        "publisher": "iNaturalist.org",
        "license": "CC_BY_NC_4_0",
        "issues": [
          "COORDINATE_ROUNDED",
          "CONTINENT_DERIVED_FROM_COORDINATES",
          "TAXON_ID_NOT_FOUND"
        ],
        "media": [
          {
            "url": "https://inaturalist-open-data.s3.amazonaws.com/photos/615496985/original.jpg",
            "references": "https://www.inaturalist.org/photos/615496985",
            "title": null,
            "creator": "henrycc",
            "publisher": "iNaturalist",
            "license": "http://creativecommons.org/licenses/by-nc/4.0/",
            "rightsHolder": "henrycc"
          },
          {
            "url": "https://inaturalist-open-data.s3.amazonaws.com/photos/615497000/original.jpg",
            "references": "https://www.inaturalist.org/photos/615497000",
            "title": null,
            "creator": "henrycc",
            "publisher": "iNaturalist",
            "license": "http://creativecommons.org/licenses/by-nc/4.0/",
            "rightsHolder": "henrycc"
          },
          {
            "url": "https://inaturalist-open-data.s3.amazonaws.com/photos/615497018/original.jpg",
            "references": "https://www.inaturalist.org/photos/615497018",
            "title": null,
            "creator": "henrycc",
            "publisher": "iNaturalist",
            "license": "http://creativecommons.org/licenses/by-nc/4.0/",
            "rightsHolder": "henrycc"
          }
        ]
      }
    },
    {
      "type": "Feature",
      "geometry": {
        "type": "Point",
        "coordinates": [
          -45.949608,
          -23.297422
        ]
      },
      "properties": {
        "gbifID": "5238014518",
        "species": "Solanum scuticum",
        "genus": "Solanum",
        "family": "Solanaceae",
        "scientificName": "Solanum scuticum M.Nee",
        "coordinateUncertaintyInMeters": "11.0",
        "basisOfRecord": "HUMAN_OBSERVATION",
        "eventDate": "2025-06-06T12:23:32",
        "country": null,
        "datasetName": "iNaturalist research-grade observations",
        "publisher": "iNaturalist.org",
        "license": "CC_BY_NC_4_0",
        "issues": [
          "COORDINATE_ROUNDED",
          "CONTINENT_DERIVED_FROM_COORDINATES",
          "TAXON_ID_NOT_FOUND"
        ],
        "media": [
          {
            "url": "https://inaturalist-open-data.s3.amazonaws.com/photos/516733808/original.jpg",
            "references": "https://www.inaturalist.org/photos/516733808",
            "title": null,
            "creator": "deborayuki",
            "publisher": "iNaturalist",
            "license": "http://creativecommons.org/licenses/by-nc/4.0/",
            "rightsHolder": "deborayuki"
          },
          {
            "url": "https://inaturalist-open-data.s3.amazonaws.com/photos/516733856/original.jpg",
            "references": "https://www.inaturalist.org/photos/516733856",
            "title": null,
            "creator": "deborayuki",
            "publisher": "iNaturalist",
            "license": "http://creativecommons.org/licenses/by-nc/4.0/",
            "rightsHolder": "deborayuki"
          },
          {
            "url": "https://inaturalist-open-data.s3.amazonaws.com/photos/516733893/original.jpg",
            "references": "https://www.inaturalist.org/photos/516733893",
            "title": null,
            "creator": "deborayuki",
            "publisher": "iNaturalist",
            "license": "http://creativecommons.org/licenses/by-nc/4.0/",
            "rightsHolder": "deborayuki"
          },
          {
            "url": "https://inaturalist-open-data.s3.amazonaws.com/photos/516733925/original.jpg",
            "references": "https://www.inaturalist.org/photos/516733925",
            "title": null,
            "creator": "deborayuki",
            "publisher": "iNaturalist",
            "license": "http://creativecommons.org/licenses/by-nc/4.0/",
            "rightsHolder": "deborayuki"
          },
          {
            "url": "https://inaturalist-open-data.s3.amazonaws.com/photos/516733960/original.jpg",
            "references": "https://www.inaturalist.org/photos/516733960",
            "title": null,
            "creator": "deborayuki",
            "publisher": "iNaturalist",
            "license": "http://creativecommons.org/licenses/by-nc/4.0/",
            "rightsHolder": "deborayuki"
          }
        ]
      }
    },
    {
      "type": "Feature",
      "geometry": {
        "type": "Point",
        "coordinates": [
          -46.60628,
          -23.709731
        ]
      },
      "properties": {
        "gbifID": "5828361231",
        "species": "Solanum scuticum",
        "genus": "Solanum",
        "family": "Solanaceae",
        "scientificName": "Solanum scuticum M.Nee",
        "coordinateUncertaintyInMeters": "61.0",
        "basisOfRecord": "HUMAN_OBSERVATION",
        "eventDate": "2025-08-30T09:46:29",
        "country": null,
        "datasetName": "iNaturalist research-grade observations",
        "publisher": "iNaturalist.org",
        "license": "CC_BY_NC_4_0",
        "issues": [
          "COORDINATE_ROUNDED",
          "CONTINENT_DERIVED_FROM_COORDINATES",
          "TAXON_ID_NOT_FOUND"
        ],
        "media": [
          {
            "url": "https://inaturalist-open-data.s3.amazonaws.com/photos/559854301/original.jpg",
            "references": "https://www.inaturalist.org/photos/559854301",
            "title": null,
            "creator": "Robin Serena",
            "publisher": "iNaturalist",
            "license": "http://creativecommons.org/licenses/by-nc/4.0/",
            "rightsHolder": "Robin Serena"
          },
          {
            "url": "https://inaturalist-open-data.s3.amazonaws.com/photos/559854381/original.jpg",
            "references": "https://www.inaturalist.org/photos/559854381",
            "title": null,
            "creator": "Robin Serena",
            "publisher": "iNaturalist",
            "license": "http://creativecommons.org/licenses/by-nc/4.0/",
            "rightsHolder": "Robin Serena"
          }
        ]
      }
    },
    {
      "type": "Feature",
      "geometry": {
        "type": "Point",
        "coordinates": [
          -54.355206,
          -11.524631
        ]
      },
      "properties": {
        "gbifID": "2250684775",
        "species": "Solanum scuticum",
        "genus": "Solanum",
        "family": "Solanaceae",
        "scientificName": "Solanum scuticum M.Nee",
        "coordinateUncertaintyInMeters": "",
        "basisOfRecord": "MATERIAL_SAMPLE",
        "eventDate": "",
        "country": null,
        "datasetName": "",
        "publisher": "The International Barcode of Life Consortium",
        "license": "CC_BY_4_0",
        "issues": [
          "COUNTRY_DERIVED_FROM_COORDINATES",
          "GEODETIC_DATUM_ASSUMED_WGS84",
          "CONTINENT_DERIVED_FROM_COORDINATES",
          "INSTITUTION_MATCH_NONE"
        ],
        "fallback_media": {
          "url": "https://inaturalist-open-data.s3.amazonaws.com/photos/262858447/original.jpeg",
          "references": "https://www.inaturalist.org/photos/262858447",
          "title": null,
          "creator": "Rony Ristow",
          "publisher": "iNaturalist",
          "license": "http://creativecommons.org/licenses/by/4.0/",
          "rightsHolder": "Rony Ristow"
        }
      }
    },
    {
      "type": "Feature",
      "geometry": {
        "type": "Point",
        "coordinates": [
          -46.741667,
          -23.573611
        ]
      },
      "properties": {
        "gbifID": "1427529923",
        "species": "Solanum scuticum",
        "genus": "Solanum",
        "family": "Solanaceae",
        "scientificName": "Solanum scuticum M.Nee",
        "coordinateUncertaintyInMeters": "",
        "basisOfRecord": "PRESERVED_SPECIMEN",
        "eventDate": "2014-05-23",
        "country": null,
        "datasetName": "",
        "publisher": "Universidade Estadual de Campinas",
        "license": "CC_BY_4_0",
        "issues": [
          "CONTINENT_DERIVED_FROM_COORDINATES",
          "INSTITUTION_MATCH_NONE"
        ],
        "fallback_media": {
          "url": "https://inaturalist-open-data.s3.amazonaws.com/photos/262858447/original.jpeg",
          "references": "https://www.inaturalist.org/photos/262858447",
          "title": null,
          "creator": "Rony Ristow",
          "publisher": "iNaturalist",
          "license": "http://creativecommons.org/licenses/by/4.0/",
          "rightsHolder": "Rony Ristow"
        }
      }
    },
    {
      "type": "Feature",
      "geometry": {
        "type": "Point",
        "coordinates": [
          -48.469458,
          -25.676947
        ]
      },
      "properties": {
        "gbifID": "3745854335",
        "species": "Solanum scuticum",
        "genus": "Solanum",
        "family": "Solanaceae",
        "scientificName": "Solanum scuticum M.Nee",
        "coordinateUncertaintyInMeters": "",
        "basisOfRecord": "PRESERVED_SPECIMEN",
        "eventDate": "2012-05-19",
        "country": null,
        "datasetName": "",
        "publisher": "Universidade Estadual de Campinas",
        "license": "CC_BY_4_0",
        "issues": [
          "CONTINENT_DERIVED_FROM_COORDINATES",
          "INSTITUTION_MATCH_NONE"
        ],
        "fallback_media": {
          "url": "https://inaturalist-open-data.s3.amazonaws.com/photos/262858447/original.jpeg",
          "references": "https://www.inaturalist.org/photos/262858447",
          "title": null,
          "creator": "Rony Ristow",
          "publisher": "iNaturalist",
          "license": "http://creativecommons.org/licenses/by/4.0/",
          "rightsHolder": "Rony Ristow"
        }
      }
    }
  ]
}
