{
  "type": "FeatureCollection",
  "metadata": {
    "host_taxon": {
      "canonical_name": "Solanum megalochiton",
      "rank": "species",
      "family": "Solanaceae",
      "genus": "Solanum",
      "species": "Solanum megalochiton",
      "slug": "species_solanum_megalochiton",
      "resolvable_to_gbif": true,
      "use_for_default_download": true,
      "association_count": 3,
      "butterfly_taxa": [
        "Dircenna dero",
        "Hypothyris ninonia",
        "Mechanitis polymnia"
      ],
      "confidence_counts": {
        "medium": 3
      },
      "occurrence_file": "occurrences/species_solanum_megalochiton.geojson",
      "gbif_resolution": {
        "query": "Solanum megalochiton",
        "rank": "species",
        "status": "resolved",
        "gbif_taxon_key": 2932021,
        "accepted_usage_key": null,
        "scientific_name": "Solanum megalochiton Mart.",
        "canonical_name": "Solanum megalochiton",
        "gbif_rank": "SPECIES",
        "taxonomic_status": "ACCEPTED",
        "match_type": "EXACT",
        "confidence": 100,
        "kingdom": "Plantae",
        "family": "Solanaceae",
        "genus": "Solanum",
        "resolved_at": "2026-05-21T04:00:07+00:00"
      },
      "gbif_taxon_key": 2932021,
      "gbif_status": "resolved",
      "occurrence_count": 0,
      "occurrence_mode": "not_generated",
      "occurrence_cap": null
    },
    "gbif_resolution": {
      "query": "Solanum megalochiton",
      "rank": "species",
      "status": "resolved",
      "gbif_taxon_key": 2932021,
      "accepted_usage_key": null,
      "scientific_name": "Solanum megalochiton Mart.",
      "canonical_name": "Solanum megalochiton",
      "gbif_rank": "SPECIES",
      "taxonomic_status": "ACCEPTED",
      "match_type": "EXACT",
      "confidence": 100,
      "kingdom": "Plantae",
      "family": "Solanaceae",
      "genus": "Solanum",
      "resolved_at": "2026-05-21T04:00:07+00:00"
    },
    "occurrence_query": {
      "method": "gbif_download_api",
      "download_key": "0004690-260519110011954",
      "download_doi": "10.15468/dl.s2gcc3",
      "download_doi_url": "https://doi.org/10.15468/dl.s2gcc3",
      "limit": null,
      "dedupe": "Exact duplicate coordinates removed per taxon after DWCA download.",
      "filters": "GBIF Download API DWCA with TAXON_KEY, HAS_COORDINATE=true, HAS_GEOSPATIAL_ISSUE=false, OCCURRENCE_STATUS=PRESENT; app study extent and coordinate uncertainty <=100km applied locally.",
      "returned_unique_coordinate_records": 251
    },
    "scientific_caveat": "GBIF plant occurrences are sampling-biased context records and do not prove local host use or ecological availability for the butterfly.",
    "generated_at": "2026-05-21T15:57:23+00:00"
  },
  "features": [
    {
      "type": "Feature",
      "geometry": {
        "type": "Point",
        "coordinates": [
          -41.814722,
          -12.854722
        ]
      },
      "properties": {
        "gbifID": "1089169465",
        "species": "Solanum megalochiton",
        "genus": "Solanum",
        "family": "Solanaceae",
        "scientificName": "Solanum megalochiton Mart.",
        "coordinateUncertaintyInMeters": "",
        "basisOfRecord": "PRESERVED_SPECIMEN",
        "eventDate": "2000-04-15",
        "country": null,
        "datasetName": "",
        "publisher": "Universidade Federal da Paraíba",
        "license": "CC_BY_4_0",
        "issues": [
          "INSTITUTION_MATCH_FUZZY",
          "INSTITUTION_COLLECTION_MISMATCH"
        ],
        "fallback_media": {
          "url": "https://data.nhm.ac.uk/media/b088a439-e20d-4075-bafe-91d8c4b60044",
          "references": null,
          "title": "BM000935480",
          "creator": null,
          "publisher": null,
          "license": "http://creativecommons.org/licenses/by/4.0/",
          "rightsHolder": "The Trustees of the Natural History Museum, London"
        }
      }
    },
    {
      "type": "Feature",
      "geometry": {
        "type": "Point",
        "coordinates": [
          -44.607778,
          -22.723889
        ]
      },
      "properties": {
        "gbifID": "1252588571",
        "species": "Solanum megalochiton",
        "genus": "Solanum",
        "family": "Solanaceae",
        "scientificName": "Solanum megalochiton Mart.",
        "coordinateUncertaintyInMeters": "",
        "basisOfRecord": "PRESERVED_SPECIMEN",
        "eventDate": "2014-06-03",
        "country": null,
        "datasetName": "",
        "publisher": "Universidade Federal da Paraíba",
        "license": "CC_BY_4_0",
        "issues": [
          "INSTITUTION_MATCH_FUZZY",
          "INSTITUTION_COLLECTION_MISMATCH"
        ],
        "fallback_media": {
          "url": "https://data.nhm.ac.uk/media/b088a439-e20d-4075-bafe-91d8c4b60044",
          "references": null,
          "title": "BM000935480",
          "creator": null,
          "publisher": null,
          "license": "http://creativecommons.org/licenses/by/4.0/",
          "rightsHolder": "The Trustees of the Natural History Museum, London"
        }
      }
    },
    {
      "type": "Feature",
      "geometry": {
        "type": "Point",
        "coordinates": [
          -48.416667,
          -23.45
        ]
      },
      "properties": {
        "gbifID": "1257530547",
        "species": "Solanum megalochiton",
        "genus": "Solanum",
        "family": "Solanaceae",
        "scientificName": "Solanum megalochiton Mart.",
        "coordinateUncertaintyInMeters": "",
        "basisOfRecord": "PRESERVED_SPECIMEN",
        "eventDate": "1983-11-23",
        "country": null,
        "datasetName": "Tropicos",
        "publisher": "Missouri Botanical Garden",
        "license": "CC_BY_4_0",
        "issues": [
          "OCCURRENCE_STATUS_INFERRED_FROM_INDIVIDUAL_COUNT",
          "COORDINATE_ROUNDED",
          "GEODETIC_DATUM_ASSUMED_WGS84",
          "INSTITUTION_MATCH_FUZZY",
          "COLLECTION_MATCH_NONE",
          "TAXON_ID_NOT_FOUND"
        ],
        "media": [
          {
            "url": "https://images.mobot.org/tropicosimages3/detailimages/TropicosImageVol3/100448000/EA720F08-83C9-4293-BEB7-E51E34E86C77.jpg",
            "references": "https://www.tropicos.org/ImageFullView.aspx?imageid=100448142",
            "title": "Ratter - 4971 - Brazil",
            "creator": "MBG",
            "publisher": null,
            "license": "http://creativecommons.org/licenses/by-nc-sa/3.0/",
            "rightsHolder": "MBG"
          }
        ]
      }
    },
    {
      "type": "Feature",
      "geometry": {
        "type": "Point",
        "coordinates": [
          -35.866667,
          -9.216667
        ]
      },
      "properties": {
        "gbifID": "1260346803",
        "species": "Solanum megalochiton",
        "genus": "Solanum",
        "family": "Solanaceae",
        "scientificName": "Solanum megalochiton Mart.",
        "coordinateUncertaintyInMeters": "",
        "basisOfRecord": "PRESERVED_SPECIMEN",
        "eventDate": "2001-05-14",
        "country": null,
        "datasetName": "Tropicos",
        "publisher": "Missouri Botanical Garden",
        "license": "CC_BY_4_0",
        "issues": [
          "OCCURRENCE_STATUS_INFERRED_FROM_INDIVIDUAL_COUNT",
          "COORDINATE_ROUNDED",
          "GEODETIC_DATUM_ASSUMED_WGS84",
          "INSTITUTION_MATCH_FUZZY",
          "COLLECTION_MATCH_NONE",
          "TAXON_ID_NOT_FOUND"
        ],
        "media": [
          {
            "url": "https://images.mobot.org/tropicosimages3/detailimages/TropicosImageVol3/100446000/1A3AA203-0728-4F60-B83A-3D1BB8058C84.jpg",
            "references": "https://www.tropicos.org/ImageFullView.aspx?imageid=100446708",
            "title": "Thomas - 12441 - Brazil",
            "creator": "MBG",
            "publisher": null,
            "license": "http://creativecommons.org/licenses/by-nc-sa/3.0/",
            "rightsHolder": "MBG"
          }
        ]
      }
    },
    {
      "type": "Feature",
      "geometry": {
        "type": "Point",
        "coordinates": [
          -39.066667,
          -15.1
        ]
      },
      "properties": {
        "gbifID": "1260341861",
        "species": "Solanum megalochiton",
        "genus": "Solanum",
        "family": "Solanaceae",
        "scientificName": "Solanum megalochiton Mart.",
        "coordinateUncertaintyInMeters": "",
        "basisOfRecord": "PRESERVED_SPECIMEN",
        "eventDate": "1993-05-10",
        "country": null,
        "datasetName": "Tropicos",
        "publisher": "Missouri Botanical Garden",
        "license": "CC_BY_4_0",
        "issues": [
          "OCCURRENCE_STATUS_INFERRED_FROM_INDIVIDUAL_COUNT",
          "COORDINATE_ROUNDED",
          "GEODETIC_DATUM_ASSUMED_WGS84",
          "INSTITUTION_MATCH_FUZZY",
          "COLLECTION_MATCH_NONE",
          "TAXON_ID_NOT_FOUND"
        ],
        "media": [
          {
            "url": "https://images.mobot.org/tropicosimages3/detailimages/TropicosImageVol3/100445000/2C3A8AFF-2A84-4FCE-89AE-20A03586BEE1.jpg",
            "references": "https://www.tropicos.org/ImageFullView.aspx?imageid=100445934",
            "title": "Thomas - 9845 - Brazil",
            "creator": "MBG",
            "publisher": null,
            "license": "http://creativecommons.org/licenses/by-nc-sa/3.0/",
            "rightsHolder": "MBG"
          }
        ]
      }
    },
    {
      "type": "Feature",
      "geometry": {
        "type": "Point",
        "coordinates": [
          -35.866667,
          -9.229722
        ]
      },
      "properties": {
        "gbifID": "1260315410",
        "species": "Solanum megalochiton",
        "genus": "Solanum",
        "family": "Solanaceae",
        "scientificName": "Solanum megalochiton Mart.",
        "coordinateUncertaintyInMeters": "",
        "basisOfRecord": "PRESERVED_SPECIMEN",
        "eventDate": "2002-03-16",
        "country": null,
        "datasetName": "Tropicos",
        "publisher": "Missouri Botanical Garden",
        "license": "CC_BY_4_0",
        "issues": [
          "OCCURRENCE_STATUS_INFERRED_FROM_INDIVIDUAL_COUNT",
          "COORDINATE_ROUNDED",
          "GEODETIC_DATUM_ASSUMED_WGS84",
          "INSTITUTION_MATCH_FUZZY",
          "COLLECTION_MATCH_NONE",
          "TAXON_ID_NOT_FOUND"
        ],
        "media": [
          {
            "url": "https://images.mobot.org/tropicosimages3/detailimages/TropicosImageVol3/100445000/014691DA-D578-4CE6-A143-077225AB5CCA.jpg",
            "references": "https://www.tropicos.org/ImageFullView.aspx?imageid=100445930",
            "title": "Carvalho - 7118 - Brazil",
            "creator": "MBG",
            "publisher": null,
            "license": "http://creativecommons.org/licenses/by-nc-sa/3.0/",
            "rightsHolder": "MBG"
          }
        ]
      }
    },
    {
      "type": "Feature",
      "geometry": {
        "type": "Point",
        "coordinates": [
          -39.533333,
          -12.75
        ]
      },
      "properties": {
        "gbifID": "1260337951",
        "species": "Solanum megalochiton",
        "genus": "Solanum",
        "family": "Solanaceae",
        "scientificName": "Solanum megalochiton Mart.",
        "coordinateUncertaintyInMeters": "",
        "basisOfRecord": "PRESERVED_SPECIMEN",
        "eventDate": "1984-06-06",
        "country": null,
        "datasetName": "Tropicos",
        "publisher": "Missouri Botanical Garden",
        "license": "CC_BY_4_0",
        "issues": [
          "OCCURRENCE_STATUS_INFERRED_FROM_INDIVIDUAL_COUNT",
          "COORDINATE_ROUNDED",
          "GEODETIC_DATUM_ASSUMED_WGS84",
          "INSTITUTION_MATCH_FUZZY",
          "COLLECTION_MATCH_NONE",
          "TAXON_ID_NOT_FOUND"
        ],
        "media": [
          {
            "url": "https://images.mobot.org/tropicosimages3/detailimages/TropicosImageVol3/100447000/58CCE31C-286B-4AAE-A7CA-88C1022D72D7.jpg",
            "references": "https://www.tropicos.org/ImageFullView.aspx?imageid=100447968",
            "title": "Noblick - 3331 - Brazil",
            "creator": "MBG",
            "publisher": null,
            "license": "http://creativecommons.org/licenses/by-nc-sa/3.0/",
            "rightsHolder": "MBG"
          }
        ]
      }
    },
    {
      "type": "Feature",
      "geometry": {
        "type": "Point",
        "coordinates": [
          -45.88333,
          -23.71667
        ]
      },
      "properties": {
        "gbifID": "2517149012",
        "species": "Solanum megalochiton",
        "genus": "Solanum",
        "family": "Solanaceae",
        "scientificName": "Solanum megalochiton Mart.",
        "coordinateUncertaintyInMeters": "",
        "basisOfRecord": "PRESERVED_SPECIMEN",
        "eventDate": "1983-08-30",
        "country": null,
        "datasetName": "",
        "publisher": "Naturalis Biodiversity Center",
        "license": "CC0_1_0",
        "issues": [],
        "media": [
          {
            "url": "https://medialib.naturalis.nl/file/id/U.1750806/format/large",
            "references": null,
            "title": null,
            "creator": null,
            "publisher": null,
            "license": "http://creativecommons.org/publicdomain/zero/1.0/",
            "rightsHolder": "Naturalis Biodiversity Center"
          }
        ]
      }
    },
    {
      "type": "Feature",
      "geometry": {
        "type": "Point",
        "coordinates": [
          -43.02,
          -22.45
        ]
      },
      "properties": {
        "gbifID": "1456137380",
        "species": "Solanum megalochiton",
        "genus": "Solanum",
        "family": "Solanaceae",
        "scientificName": "Solanum megalochiton Mart.",
        "coordinateUncertaintyInMeters": "",
        "basisOfRecord": "PRESERVED_SPECIMEN",
        "eventDate": "",
        "country": null,
        "datasetName": "NMNH Extant Biology",
        "publisher": "National Museum of Natural History, Smithsonian Institution",
        "license": "CC0_1_0",
        "issues": [
          "OCCURRENCE_STATUS_INFERRED_FROM_INDIVIDUAL_COUNT",
          "GEODETIC_DATUM_ASSUMED_WGS84"
        ],
        "media": [
          {
            "url": "https://collections.nmnh.si.edu/media/?i=12640985&h=2000",
            "references": null,
            "title": "01931816.tif",
            "creator": "Conveyor Belt",
            "publisher": "Smithsonian Institution, NMNH, Botany",
            "license": "Usage Conditions Apply",
            "rightsHolder": null
          },
          {
            "url": "https://collections.nmnh.si.edu/media/?i=11909550&h=2000",
            "references": null,
            "title": "01931816",
            "creator": "Reflora Team",
            "publisher": "Smithsonian Institution, NMNH, Botany",
            "license": "Usage Conditions Apply",
            "rightsHolder": null
          }
        ]
      }
    },
    {
      "type": "Feature",
      "geometry": {
        "type": "Point",
        "coordinates": [
          -42.4958,
          -22.4917
        ]
      },
      "properties": {
        "gbifID": "2284210319",
        "species": "Solanum megalochiton",
        "genus": "Solanum",
        "family": "Solanaceae",
        "scientificName": "Solanum megalochiton Mart.",
        "coordinateUncertaintyInMeters": "",
        "basisOfRecord": "PRESERVED_SPECIMEN",
        "eventDate": "",
        "country": null,
        "datasetName": "NMNH Extant Biology",
        "publisher": "National Museum of Natural History, Smithsonian Institution",
        "license": "CC0_1_0",
        "issues": [
          "OCCURRENCE_STATUS_INFERRED_FROM_INDIVIDUAL_COUNT",
          "GEODETIC_DATUM_ASSUMED_WGS84"
        ],
        "media": [
          {
            "url": "https://collections.nmnh.si.edu/media/?i=13588795&h=2000",
            "references": null,
            "title": "03272013.tif",
            "creator": "Conveyor Belt",
            "publisher": "Smithsonian Institution, NMNH, Botany",
            "license": "Usage Conditions Apply",
            "rightsHolder": null
          }
        ]
      }
    },
    {
      "type": "Feature",
      "geometry": {
        "type": "Point",
        "coordinates": [
          -50.355,
          -25.067222
        ]
      },
      "properties": {
        "gbifID": "4162763909",
        "species": "Solanum megalochiton",
        "genus": "Solanum",
        "family": "Solanaceae",
        "scientificName": "Solanum megalochiton Mart.",
        "coordinateUncertaintyInMeters": "",
        "basisOfRecord": "PRESERVED_SPECIMEN",
        "eventDate": "1995-07-22",
        "country": null,
        "datasetName": "",
        "publisher": "Instituto de Pesquisas Jardim Botanico do Rio de Janeiro",
        "license": "CC_BY_4_0",
        "issues": [
          "COORDINATE_ROUNDED",
          "GEODETIC_DATUM_ASSUMED_WGS84",
          "CONTINENT_DERIVED_FROM_COORDINATES",
          "INSTITUTION_MATCH_FUZZY",
          "COLLECTION_MATCH_FUZZY"
        ],
        "fallback_media": {
          "url": "https://data.nhm.ac.uk/media/b088a439-e20d-4075-bafe-91d8c4b60044",
          "references": null,
          "title": "BM000935480",
          "creator": null,
          "publisher": null,
          "license": "http://creativecommons.org/licenses/by/4.0/",
          "rightsHolder": "The Trustees of the Natural History Museum, London"
        }
      }
    },
    {
      "type": "Feature",
      "geometry": {
        "type": "Point",
        "coordinates": [
          -45.573333,
          -22.531667
        ]
      },
      "properties": {
        "gbifID": "4162768481",
        "species": "Solanum megalochiton",
        "genus": "Solanum",
        "family": "Solanaceae",
        "scientificName": "Solanum megalochiton Mart.",
        "coordinateUncertaintyInMeters": "",
        "basisOfRecord": "PRESERVED_SPECIMEN",
        "eventDate": "2009-03-24",
        "country": null,
        "datasetName": "",
        "publisher": "Instituto de Pesquisas Jardim Botanico do Rio de Janeiro",
        "license": "CC_BY_4_0",
        "issues": [
          "IDENTIFIED_DATE_INVALID",
          "COORDINATE_ROUNDED",
          "GEODETIC_DATUM_ASSUMED_WGS84",
          "CONTINENT_DERIVED_FROM_COORDINATES",
          "INSTITUTION_MATCH_FUZZY",
          "COLLECTION_MATCH_FUZZY"
        ],
        "fallback_media": {
          "url": "https://data.nhm.ac.uk/media/b088a439-e20d-4075-bafe-91d8c4b60044",
          "references": null,
          "title": "BM000935480",
          "creator": null,
          "publisher": null,
          "license": "http://creativecommons.org/licenses/by/4.0/",
          "rightsHolder": "The Trustees of the Natural History Museum, London"
        }
      }
    },
    {
      "type": "Feature",
      "geometry": {
        "type": "Point",
        "coordinates": [
          -49.37,
          -28.678056
        ]
      },
      "properties": {
        "gbifID": "2996465927",
        "species": "Solanum megalochiton",
        "genus": "Solanum",
        "family": "Solanaceae",
        "scientificName": "Solanum megalochiton Mart.",
        "coordinateUncertaintyInMeters": "",
        "basisOfRecord": "PRESERVED_SPECIMEN",
        "eventDate": "",
        "country": null,
        "datasetName": "",
        "publisher": "Instituto de Pesquisas Jardim Botanico do Rio de Janeiro",
        "license": "CC_BY_4_0",
        "issues": [
          "IDENTIFIED_DATE_INVALID",
          "COORDINATE_ROUNDED",
          "GEODETIC_DATUM_ASSUMED_WGS84",
          "CONTINENT_DERIVED_FROM_COORDINATES",
          "INSTITUTION_MATCH_FUZZY",
          "COLLECTION_MATCH_FUZZY"
        ],
        "fallback_media": {
          "url": "https://data.nhm.ac.uk/media/b088a439-e20d-4075-bafe-91d8c4b60044",
          "references": null,
          "title": "BM000935480",
          "creator": null,
          "publisher": null,
          "license": "http://creativecommons.org/licenses/by/4.0/",
          "rightsHolder": "The Trustees of the Natural History Museum, London"
        }
      }
    },
    {
      "type": "Feature",
      "geometry": {
        "type": "Point",
        "coordinates": [
          -49.298889,
          -28.285278
        ]
      },
      "properties": {
        "gbifID": "2996465952",
        "species": "Solanum megalochiton",
        "genus": "Solanum",
        "family": "Solanaceae",
        "scientificName": "Solanum megalochiton Mart.",
        "coordinateUncertaintyInMeters": "",
        "basisOfRecord": "PRESERVED_SPECIMEN",
        "eventDate": "1992-08-14",
        "country": null,
        "datasetName": "",
        "publisher": "Instituto de Pesquisas Jardim Botanico do Rio de Janeiro",
        "license": "CC_BY_4_0",
        "issues": [
          "IDENTIFIED_DATE_INVALID",
          "COORDINATE_ROUNDED",
          "GEODETIC_DATUM_ASSUMED_WGS84",
          "CONTINENT_DERIVED_FROM_COORDINATES",
          "INSTITUTION_MATCH_FUZZY",
          "COLLECTION_MATCH_FUZZY"
        ],
        "fallback_media": {
          "url": "https://data.nhm.ac.uk/media/b088a439-e20d-4075-bafe-91d8c4b60044",
          "references": null,
          "title": "BM000935480",
          "creator": null,
          "publisher": null,
          "license": "http://creativecommons.org/licenses/by/4.0/",
          "rightsHolder": "The Trustees of the Natural History Museum, London"
        }
      }
    },
    {
      "type": "Feature",
      "geometry": {
        "type": "Point",
        "coordinates": [
          -48.983333,
          -25.483333
        ]
      },
      "properties": {
        "gbifID": "1086660965",
        "species": "Solanum megalochiton",
        "genus": "Solanum",
        "family": "Solanaceae",
        "scientificName": "Solanum megalochiton Mart.",
        "coordinateUncertaintyInMeters": "",
        "basisOfRecord": "PRESERVED_SPECIMEN",
        "eventDate": "2005-08-06",
        "country": null,
        "datasetName": "",
        "publisher": "Universidade Federal do Paraná",
        "license": "CC_BY_4_0",
        "issues": [
          "COORDINATE_ROUNDED",
          "CONTINENT_DERIVED_FROM_COORDINATES",
          "INSTITUTION_MATCH_FUZZY",
          "COLLECTION_MATCH_FUZZY"
        ],
        "fallback_media": {
          "url": "https://data.nhm.ac.uk/media/b088a439-e20d-4075-bafe-91d8c4b60044",
          "references": null,
          "title": "BM000935480",
          "creator": null,
          "publisher": null,
          "license": "http://creativecommons.org/licenses/by/4.0/",
          "rightsHolder": "The Trustees of the Natural History Museum, London"
        }
      }
    },
    {
      "type": "Feature",
      "geometry": {
        "type": "Point",
        "coordinates": [
          -51.6,
          -26.416667
        ]
      },
      "properties": {
        "gbifID": "1086657372",
        "species": "Solanum megalochiton",
        "genus": "Solanum",
        "family": "Solanaceae",
        "scientificName": "Solanum megalochiton Mart.",
        "coordinateUncertaintyInMeters": "",
        "basisOfRecord": "PRESERVED_SPECIMEN",
        "eventDate": "2005-06-18",
        "country": null,
        "datasetName": "",
        "publisher": "Universidade Federal do Paraná",
        "license": "CC_BY_4_0",
        "issues": [
          "COORDINATE_ROUNDED",
          "CONTINENT_DERIVED_FROM_COORDINATES",
          "INSTITUTION_MATCH_FUZZY",
          "COLLECTION_MATCH_FUZZY"
        ],
        "fallback_media": {
          "url": "https://data.nhm.ac.uk/media/b088a439-e20d-4075-bafe-91d8c4b60044",
          "references": null,
          "title": "BM000935480",
          "creator": null,
          "publisher": null,
          "license": "http://creativecommons.org/licenses/by/4.0/",
          "rightsHolder": "The Trustees of the Natural History Museum, London"
        }
      }
    },
    {
      "type": "Feature",
      "geometry": {
        "type": "Point",
        "coordinates": [
          -49.682778,
          -25.978333
        ]
      },
      "properties": {
        "gbifID": "2997477905",
        "species": "Solanum megalochiton",
        "genus": "Solanum",
        "family": "Solanaceae",
        "scientificName": "Solanum megalochiton Mart.",
        "coordinateUncertaintyInMeters": "",
        "basisOfRecord": "PRESERVED_SPECIMEN",
        "eventDate": "1908-10-09",
        "country": null,
        "datasetName": "",
        "publisher": "Instituto de Pesquisas Jardim Botanico do Rio de Janeiro",
        "license": "CC_BY_4_0",
        "issues": [
          "RECORDED_DATE_INVALID",
          "COORDINATE_ROUNDED",
          "GEODETIC_DATUM_ASSUMED_WGS84",
          "CONTINENT_DERIVED_FROM_COORDINATES",
          "INSTITUTION_MATCH_FUZZY",
          "COLLECTION_MATCH_FUZZY"
        ],
        "fallback_media": {
          "url": "https://data.nhm.ac.uk/media/b088a439-e20d-4075-bafe-91d8c4b60044",
          "references": null,
          "title": "BM000935480",
          "creator": null,
          "publisher": null,
          "license": "http://creativecommons.org/licenses/by/4.0/",
          "rightsHolder": "The Trustees of the Natural History Museum, London"
        }
      }
    },
    {
      "type": "Feature",
      "geometry": {
        "type": "Point",
        "coordinates": [
          -40.593611,
          -19.909722
        ]
      },
      "properties": {
        "gbifID": "2997368407",
        "species": "Solanum megalochiton",
        "genus": "Solanum",
        "family": "Solanaceae",
        "scientificName": "Solanum megalochiton Mart.",
        "coordinateUncertaintyInMeters": "",
        "basisOfRecord": "PRESERVED_SPECIMEN",
        "eventDate": "2012-06-08",
        "country": null,
        "datasetName": "",
        "publisher": "Instituto de Pesquisas Jardim Botanico do Rio de Janeiro",
        "license": "CC_BY_4_0",
        "issues": [
          "RECORDED_DATE_INVALID",
          "IDENTIFIED_DATE_INVALID",
          "COORDINATE_ROUNDED",
          "GEODETIC_DATUM_ASSUMED_WGS84",
          "CONTINENT_DERIVED_FROM_COORDINATES",
          "INSTITUTION_MATCH_FUZZY",
          "COLLECTION_MATCH_FUZZY"
        ],
        "fallback_media": {
          "url": "https://data.nhm.ac.uk/media/b088a439-e20d-4075-bafe-91d8c4b60044",
          "references": null,
          "title": "BM000935480",
          "creator": null,
          "publisher": null,
          "license": "http://creativecommons.org/licenses/by/4.0/",
          "rightsHolder": "The Trustees of the Natural History Museum, London"
        }
      }
    },
    {
      "type": "Feature",
      "geometry": {
        "type": "Point",
        "coordinates": [
          -49.22,
          -25.37
        ]
      },
      "properties": {
        "gbifID": "2997477906",
        "species": "Solanum megalochiton",
        "genus": "Solanum",
        "family": "Solanaceae",
        "scientificName": "Solanum megalochiton Mart.",
        "coordinateUncertaintyInMeters": "",
        "basisOfRecord": "PRESERVED_SPECIMEN",
        "eventDate": "1985-09-13",
        "country": null,
        "datasetName": "",
        "publisher": "Instituto de Pesquisas Jardim Botanico do Rio de Janeiro",
        "license": "CC_BY_4_0",
        "issues": [
          "GEODETIC_DATUM_ASSUMED_WGS84",
          "CONTINENT_DERIVED_FROM_COORDINATES",
          "INSTITUTION_MATCH_FUZZY",
          "COLLECTION_MATCH_FUZZY"
        ],
        "fallback_media": {
          "url": "https://data.nhm.ac.uk/media/b088a439-e20d-4075-bafe-91d8c4b60044",
          "references": null,
          "title": "BM000935480",
          "creator": null,
          "publisher": null,
          "license": "http://creativecommons.org/licenses/by/4.0/",
          "rightsHolder": "The Trustees of the Natural History Museum, London"
        }
      }
    },
    {
      "type": "Feature",
      "geometry": {
        "type": "Point",
        "coordinates": [
          -50.011667,
          -24.791111
        ]
      },
      "properties": {
        "gbifID": "2997377322",
        "species": "Solanum megalochiton",
        "genus": "Solanum",
        "family": "Solanaceae",
        "scientificName": "Solanum megalochiton Mart.",
        "coordinateUncertaintyInMeters": "",
        "basisOfRecord": "PRESERVED_SPECIMEN",
        "eventDate": "1998-07-22",
        "country": null,
        "datasetName": "",
        "publisher": "Instituto de Pesquisas Jardim Botanico do Rio de Janeiro",
        "license": "CC_BY_4_0",
        "issues": [
          "COORDINATE_ROUNDED",
          "GEODETIC_DATUM_ASSUMED_WGS84",
          "CONTINENT_DERIVED_FROM_COORDINATES",
          "INSTITUTION_MATCH_FUZZY",
          "COLLECTION_MATCH_FUZZY"
        ],
        "fallback_media": {
          "url": "https://data.nhm.ac.uk/media/b088a439-e20d-4075-bafe-91d8c4b60044",
          "references": null,
          "title": "BM000935480",
          "creator": null,
          "publisher": null,
          "license": "http://creativecommons.org/licenses/by/4.0/",
          "rightsHolder": "The Trustees of the Natural History Museum, London"
        }
      }
    },
    {
      "type": "Feature",
      "geometry": {
        "type": "Point",
        "coordinates": [
          -48.667778,
          -27.645556
        ]
      },
      "properties": {
        "gbifID": "2997487903",
        "species": "Solanum megalochiton",
        "genus": "Solanum",
        "family": "Solanaceae",
        "scientificName": "Solanum megalochiton Mart.",
        "coordinateUncertaintyInMeters": "",
        "basisOfRecord": "PRESERVED_SPECIMEN",
        "eventDate": "",
        "country": null,
        "datasetName": "",
        "publisher": "Instituto de Pesquisas Jardim Botanico do Rio de Janeiro",
        "license": "CC_BY_4_0",
        "issues": [
          "COORDINATE_ROUNDED",
          "GEODETIC_DATUM_ASSUMED_WGS84",
          "CONTINENT_DERIVED_FROM_COORDINATES",
          "INSTITUTION_MATCH_FUZZY",
          "COLLECTION_MATCH_FUZZY"
        ],
        "fallback_media": {
          "url": "https://data.nhm.ac.uk/media/b088a439-e20d-4075-bafe-91d8c4b60044",
          "references": null,
          "title": "BM000935480",
          "creator": null,
          "publisher": null,
          "license": "http://creativecommons.org/licenses/by/4.0/",
          "rightsHolder": "The Trustees of the Natural History Museum, London"
        }
      }
    },
    {
      "type": "Feature",
      "geometry": {
        "type": "Point",
        "coordinates": [
          -49.055278,
          -25.305833
        ]
      },
      "properties": {
        "gbifID": "2997375327",
        "species": "Solanum megalochiton",
        "genus": "Solanum",
        "family": "Solanaceae",
        "scientificName": "Solanum megalochiton Mart.",
        "coordinateUncertaintyInMeters": "",
        "basisOfRecord": "PRESERVED_SPECIMEN",
        "eventDate": "1985-08-14",
        "country": null,
        "datasetName": "",
        "publisher": "Instituto de Pesquisas Jardim Botanico do Rio de Janeiro",
        "license": "CC_BY_4_0",
        "issues": [
          "COORDINATE_ROUNDED",
          "GEODETIC_DATUM_ASSUMED_WGS84",
          "CONTINENT_DERIVED_FROM_COORDINATES",
          "INSTITUTION_MATCH_FUZZY",
          "COLLECTION_MATCH_FUZZY"
        ],
        "fallback_media": {
          "url": "https://data.nhm.ac.uk/media/b088a439-e20d-4075-bafe-91d8c4b60044",
          "references": null,
          "title": "BM000935480",
          "creator": null,
          "publisher": null,
          "license": "http://creativecommons.org/licenses/by/4.0/",
          "rightsHolder": "The Trustees of the Natural History Museum, London"
        }
      }
    },
    {
      "type": "Feature",
      "geometry": {
        "type": "Point",
        "coordinates": [
          -47.5,
          -22.99
        ]
      },
      "properties": {
        "gbifID": "2997464887",
        "species": "Solanum megalochiton",
        "genus": "Solanum",
        "family": "Solanaceae",
        "scientificName": "Solanum megalochiton Mart.",
        "coordinateUncertaintyInMeters": "",
        "basisOfRecord": "PRESERVED_SPECIMEN",
        "eventDate": "1833-06",
        "country": null,
        "datasetName": "",
        "publisher": "Instituto de Pesquisas Jardim Botanico do Rio de Janeiro",
        "license": "CC_BY_4_0",
        "issues": [
          "RECORDED_DATE_INVALID",
          "IDENTIFIED_DATE_INVALID",
          "COORDINATE_ROUNDED",
          "GEODETIC_DATUM_ASSUMED_WGS84",
          "CONTINENT_DERIVED_FROM_COORDINATES",
          "INSTITUTION_MATCH_FUZZY",
          "COLLECTION_MATCH_FUZZY"
        ],
        "fallback_media": {
          "url": "https://data.nhm.ac.uk/media/b088a439-e20d-4075-bafe-91d8c4b60044",
          "references": null,
          "title": "BM000935480",
          "creator": null,
          "publisher": null,
          "license": "http://creativecommons.org/licenses/by/4.0/",
          "rightsHolder": "The Trustees of the Natural History Museum, London"
        }
      }
    },
    {
      "type": "Feature",
      "geometry": {
        "type": "Point",
        "coordinates": [
          -49.065833,
          -26.919444
        ]
      },
      "properties": {
        "gbifID": "2997984951",
        "species": "Solanum megalochiton",
        "genus": "Solanum",
        "family": "Solanaceae",
        "scientificName": "Solanum megalochiton Mart.",
        "coordinateUncertaintyInMeters": "",
        "basisOfRecord": "PRESERVED_SPECIMEN",
        "eventDate": "",
        "country": null,
        "datasetName": "",
        "publisher": "Instituto de Pesquisas Jardim Botanico do Rio de Janeiro",
        "license": "CC_BY_4_0",
        "issues": [
          "COORDINATE_ROUNDED",
          "GEODETIC_DATUM_ASSUMED_WGS84",
          "CONTINENT_DERIVED_FROM_COORDINATES",
          "INSTITUTION_MATCH_FUZZY",
          "COLLECTION_MATCH_FUZZY"
        ],
        "fallback_media": {
          "url": "https://data.nhm.ac.uk/media/b088a439-e20d-4075-bafe-91d8c4b60044",
          "references": null,
          "title": "BM000935480",
          "creator": null,
          "publisher": null,
          "license": "http://creativecommons.org/licenses/by/4.0/",
          "rightsHolder": "The Trustees of the Natural History Museum, London"
        }
      }
    },
    {
      "type": "Feature",
      "geometry": {
        "type": "Point",
        "coordinates": [
          -44.446667,
          -22.469167
        ]
      },
      "properties": {
        "gbifID": "2997382310",
        "species": "Solanum megalochiton",
        "genus": "Solanum",
        "family": "Solanaceae",
        "scientificName": "Solanum megalochiton Mart.",
        "coordinateUncertaintyInMeters": "",
        "basisOfRecord": "PRESERVED_SPECIMEN",
        "eventDate": "",
        "country": null,
        "datasetName": "",
        "publisher": "Instituto de Pesquisas Jardim Botanico do Rio de Janeiro",
        "license": "CC_BY_4_0",
        "issues": [
          "COORDINATE_ROUNDED",
          "GEODETIC_DATUM_ASSUMED_WGS84",
          "CONTINENT_DERIVED_FROM_COORDINATES",
          "INSTITUTION_MATCH_FUZZY",
          "COLLECTION_MATCH_FUZZY"
        ],
        "fallback_media": {
          "url": "https://data.nhm.ac.uk/media/b088a439-e20d-4075-bafe-91d8c4b60044",
          "references": null,
          "title": "BM000935480",
          "creator": null,
          "publisher": null,
          "license": "http://creativecommons.org/licenses/by/4.0/",
          "rightsHolder": "The Trustees of the Natural History Museum, London"
        }
      }
    },
    {
      "type": "Feature",
      "geometry": {
        "type": "Point",
        "coordinates": [
          -49.715556,
          -25.769722
        ]
      },
      "properties": {
        "gbifID": "2997376329",
        "species": "Solanum megalochiton",
        "genus": "Solanum",
        "family": "Solanaceae",
        "scientificName": "Solanum megalochiton Mart.",
        "coordinateUncertaintyInMeters": "",
        "basisOfRecord": "PRESERVED_SPECIMEN",
        "eventDate": "1982-08-13",
        "country": null,
        "datasetName": "",
        "publisher": "Instituto de Pesquisas Jardim Botanico do Rio de Janeiro",
        "license": "CC_BY_4_0",
        "issues": [
          "IDENTIFIED_DATE_INVALID",
          "COORDINATE_ROUNDED",
          "GEODETIC_DATUM_ASSUMED_WGS84",
          "CONTINENT_DERIVED_FROM_COORDINATES",
          "INSTITUTION_MATCH_FUZZY",
          "COLLECTION_MATCH_FUZZY"
        ],
        "fallback_media": {
          "url": "https://data.nhm.ac.uk/media/b088a439-e20d-4075-bafe-91d8c4b60044",
          "references": null,
          "title": "BM000935480",
          "creator": null,
          "publisher": null,
          "license": "http://creativecommons.org/licenses/by/4.0/",
          "rightsHolder": "The Trustees of the Natural History Museum, London"
        }
      }
    },
    {
      "type": "Feature",
      "geometry": {
        "type": "Point",
        "coordinates": [
          -45.875,
          -23.641944
        ]
      },
      "properties": {
        "gbifID": "2997493786",
        "species": "Solanum megalochiton",
        "genus": "Solanum",
        "family": "Solanaceae",
        "scientificName": "Solanum megalochiton Mart.",
        "coordinateUncertaintyInMeters": "",
        "basisOfRecord": "PRESERVED_SPECIMEN",
        "eventDate": "1983-08-30",
        "country": null,
        "datasetName": "",
        "publisher": "Instituto de Pesquisas Jardim Botanico do Rio de Janeiro",
        "license": "CC_BY_4_0",
        "issues": [
          "IDENTIFIED_DATE_INVALID",
          "COORDINATE_ROUNDED",
          "GEODETIC_DATUM_ASSUMED_WGS84",
          "CONTINENT_DERIVED_FROM_COORDINATES",
          "INSTITUTION_MATCH_FUZZY",
          "COLLECTION_MATCH_FUZZY"
        ],
        "fallback_media": {
          "url": "https://data.nhm.ac.uk/media/b088a439-e20d-4075-bafe-91d8c4b60044",
          "references": null,
          "title": "BM000935480",
          "creator": null,
          "publisher": null,
          "license": "http://creativecommons.org/licenses/by/4.0/",
          "rightsHolder": "The Trustees of the Natural History Museum, London"
        }
      }
    },
    {
      "type": "Feature",
      "geometry": {
        "type": "Point",
        "coordinates": [
          -43.178333,
          -22.505
        ]
      },
      "properties": {
        "gbifID": "2998014910",
        "species": "Solanum megalochiton",
        "genus": "Solanum",
        "family": "Solanaceae",
        "scientificName": "Solanum megalochiton Mart.",
        "coordinateUncertaintyInMeters": "",
        "basisOfRecord": "PRESERVED_SPECIMEN",
        "eventDate": "1952-07",
        "country": null,
        "datasetName": "",
        "publisher": "Instituto de Pesquisas Jardim Botanico do Rio de Janeiro",
        "license": "CC_BY_4_0",
        "issues": [
          "RECORDED_DATE_INVALID",
          "IDENTIFIED_DATE_INVALID",
          "COORDINATE_ROUNDED",
          "GEODETIC_DATUM_ASSUMED_WGS84",
          "CONTINENT_DERIVED_FROM_COORDINATES",
          "INSTITUTION_MATCH_FUZZY",
          "COLLECTION_MATCH_FUZZY"
        ],
        "fallback_media": {
          "url": "https://data.nhm.ac.uk/media/b088a439-e20d-4075-bafe-91d8c4b60044",
          "references": null,
          "title": "BM000935480",
          "creator": null,
          "publisher": null,
          "license": "http://creativecommons.org/licenses/by/4.0/",
          "rightsHolder": "The Trustees of the Natural History Museum, London"
        }
      }
    },
    {
      "type": "Feature",
      "geometry": {
        "type": "Point",
        "coordinates": [
          -44.609722,
          -22.331111
        ]
      },
      "properties": {
        "gbifID": "2998007864",
        "species": "Solanum megalochiton",
        "genus": "Solanum",
        "family": "Solanaceae",
        "scientificName": "Solanum megalochiton Mart.",
        "coordinateUncertaintyInMeters": "",
        "basisOfRecord": "PRESERVED_SPECIMEN",
        "eventDate": "1960-07-22",
        "country": null,
        "datasetName": "",
        "publisher": "Instituto de Pesquisas Jardim Botanico do Rio de Janeiro",
        "license": "CC_BY_4_0",
        "issues": [
          "COORDINATE_ROUNDED",
          "GEODETIC_DATUM_ASSUMED_WGS84",
          "CONTINENT_DERIVED_FROM_COORDINATES",
          "INSTITUTION_MATCH_FUZZY",
          "COLLECTION_MATCH_FUZZY"
        ],
        "fallback_media": {
          "url": "https://data.nhm.ac.uk/media/b088a439-e20d-4075-bafe-91d8c4b60044",
          "references": null,
          "title": "BM000935480",
          "creator": null,
          "publisher": null,
          "license": "http://creativecommons.org/licenses/by/4.0/",
          "rightsHolder": "The Trustees of the Natural History Museum, London"
        }
      }
    },
    {
      "type": "Feature",
      "geometry": {
        "type": "Point",
        "coordinates": [
          -48.834167,
          -25.476944
        ]
      },
      "properties": {
        "gbifID": "2997383315",
        "species": "Solanum megalochiton",
        "genus": "Solanum",
        "family": "Solanaceae",
        "scientificName": "Solanum megalochiton Mart.",
        "coordinateUncertaintyInMeters": "",
        "basisOfRecord": "PRESERVED_SPECIMEN",
        "eventDate": "1985-08-21",
        "country": null,
        "datasetName": "",
        "publisher": "Instituto de Pesquisas Jardim Botanico do Rio de Janeiro",
        "license": "CC_BY_4_0",
        "issues": [
          "COORDINATE_ROUNDED",
          "GEODETIC_DATUM_ASSUMED_WGS84",
          "CONTINENT_DERIVED_FROM_COORDINATES",
          "INSTITUTION_MATCH_FUZZY",
          "COLLECTION_MATCH_FUZZY"
        ],
        "fallback_media": {
          "url": "https://data.nhm.ac.uk/media/b088a439-e20d-4075-bafe-91d8c4b60044",
          "references": null,
          "title": "BM000935480",
          "creator": null,
          "publisher": null,
          "license": "http://creativecommons.org/licenses/by/4.0/",
          "rightsHolder": "The Trustees of the Natural History Museum, London"
        }
      }
    },
    {
      "type": "Feature",
      "geometry": {
        "type": "Point",
        "coordinates": [
          -43.883056,
          -21.678611
        ]
      },
      "properties": {
        "gbifID": "2997446382",
        "species": "Solanum megalochiton",
        "genus": "Solanum",
        "family": "Solanaceae",
        "scientificName": "Solanum megalochiton Mart.",
        "coordinateUncertaintyInMeters": "",
        "basisOfRecord": "PRESERVED_SPECIMEN",
        "eventDate": "2004-08-26",
        "country": null,
        "datasetName": "",
        "publisher": "Instituto de Pesquisas Jardim Botanico do Rio de Janeiro",
        "license": "CC_BY_4_0",
        "issues": [
          "IDENTIFIED_DATE_INVALID",
          "COORDINATE_ROUNDED",
          "GEODETIC_DATUM_ASSUMED_WGS84",
          "CONTINENT_DERIVED_FROM_COORDINATES",
          "INSTITUTION_MATCH_FUZZY",
          "COLLECTION_MATCH_FUZZY"
        ],
        "fallback_media": {
          "url": "https://data.nhm.ac.uk/media/b088a439-e20d-4075-bafe-91d8c4b60044",
          "references": null,
          "title": "BM000935480",
          "creator": null,
          "publisher": null,
          "license": "http://creativecommons.org/licenses/by/4.0/",
          "rightsHolder": "The Trustees of the Natural History Museum, London"
        }
      }
    },
    {
      "type": "Feature",
      "geometry": {
        "type": "Point",
        "coordinates": [
          -49.273056,
          -25.428056
        ]
      },
      "properties": {
        "gbifID": "2997464885",
        "species": "Solanum megalochiton",
        "genus": "Solanum",
        "family": "Solanaceae",
        "scientificName": "Solanum megalochiton Mart.",
        "coordinateUncertaintyInMeters": "",
        "basisOfRecord": "PRESERVED_SPECIMEN",
        "eventDate": "1972-09-23",
        "country": null,
        "datasetName": "",
        "publisher": "Instituto de Pesquisas Jardim Botanico do Rio de Janeiro",
        "license": "CC_BY_4_0",
        "issues": [
          "COORDINATE_ROUNDED",
          "GEODETIC_DATUM_ASSUMED_WGS84",
          "CONTINENT_DERIVED_FROM_COORDINATES",
          "INSTITUTION_MATCH_FUZZY",
          "COLLECTION_MATCH_FUZZY"
        ],
        "fallback_media": {
          "url": "https://data.nhm.ac.uk/media/b088a439-e20d-4075-bafe-91d8c4b60044",
          "references": null,
          "title": "BM000935480",
          "creator": null,
          "publisher": null,
          "license": "http://creativecommons.org/licenses/by/4.0/",
          "rightsHolder": "The Trustees of the Natural History Museum, London"
        }
      }
    },
    {
      "type": "Feature",
      "geometry": {
        "type": "Point",
        "coordinates": [
          -48.42,
          -23.45
        ]
      },
      "properties": {
        "gbifID": "2997478879",
        "species": "Solanum megalochiton",
        "genus": "Solanum",
        "family": "Solanaceae",
        "scientificName": "Solanum megalochiton Mart.",
        "coordinateUncertaintyInMeters": "",
        "basisOfRecord": "PRESERVED_SPECIMEN",
        "eventDate": "1983-11-23",
        "country": null,
        "datasetName": "",
        "publisher": "Instituto de Pesquisas Jardim Botanico do Rio de Janeiro",
        "license": "CC_BY_4_0",
        "issues": [
          "IDENTIFIED_DATE_INVALID",
          "COORDINATE_ROUNDED",
          "GEODETIC_DATUM_ASSUMED_WGS84",
          "CONTINENT_DERIVED_FROM_COORDINATES",
          "INSTITUTION_MATCH_FUZZY",
          "COLLECTION_MATCH_FUZZY"
        ],
        "fallback_media": {
          "url": "https://data.nhm.ac.uk/media/b088a439-e20d-4075-bafe-91d8c4b60044",
          "references": null,
          "title": "BM000935480",
          "creator": null,
          "publisher": null,
          "license": "http://creativecommons.org/licenses/by/4.0/",
          "rightsHolder": "The Trustees of the Natural History Museum, London"
        }
      }
    },
    {
      "type": "Feature",
      "geometry": {
        "type": "Point",
        "coordinates": [
          -49.076667,
          -25.365833
        ]
      },
      "properties": {
        "gbifID": "2997989958",
        "species": "Solanum megalochiton",
        "genus": "Solanum",
        "family": "Solanaceae",
        "scientificName": "Solanum megalochiton Mart.",
        "coordinateUncertaintyInMeters": "",
        "basisOfRecord": "PRESERVED_SPECIMEN",
        "eventDate": "1995-07-22",
        "country": null,
        "datasetName": "",
        "publisher": "Instituto de Pesquisas Jardim Botanico do Rio de Janeiro",
        "license": "CC_BY_4_0",
        "issues": [
          "IDENTIFIED_DATE_INVALID",
          "COORDINATE_ROUNDED",
          "GEODETIC_DATUM_ASSUMED_WGS84",
          "CONTINENT_DERIVED_FROM_COORDINATES",
          "INSTITUTION_MATCH_FUZZY",
          "COLLECTION_MATCH_FUZZY"
        ],
        "fallback_media": {
          "url": "https://data.nhm.ac.uk/media/b088a439-e20d-4075-bafe-91d8c4b60044",
          "references": null,
          "title": "BM000935480",
          "creator": null,
          "publisher": null,
          "license": "http://creativecommons.org/licenses/by/4.0/",
          "rightsHolder": "The Trustees of the Natural History Museum, London"
        }
      }
    },
    {
      "type": "Feature",
      "geometry": {
        "type": "Point",
        "coordinates": [
          -40.22,
          -13.47
        ]
      },
      "properties": {
        "gbifID": "2997909759",
        "species": "Solanum megalochiton",
        "genus": "Solanum",
        "family": "Solanaceae",
        "scientificName": "Solanum megalochiton Mart.",
        "coordinateUncertaintyInMeters": "",
        "basisOfRecord": "PRESERVED_SPECIMEN",
        "eventDate": "1997-01-23",
        "country": null,
        "datasetName": "",
        "publisher": "Instituto de Pesquisas Jardim Botanico do Rio de Janeiro",
        "license": "CC_BY_4_0",
        "issues": [
          "GEODETIC_DATUM_ASSUMED_WGS84",
          "CONTINENT_DERIVED_FROM_COORDINATES",
          "INSTITUTION_MATCH_FUZZY",
          "COLLECTION_MATCH_FUZZY"
        ],
        "fallback_media": {
          "url": "https://data.nhm.ac.uk/media/b088a439-e20d-4075-bafe-91d8c4b60044",
          "references": null,
          "title": "BM000935480",
          "creator": null,
          "publisher": null,
          "license": "http://creativecommons.org/licenses/by/4.0/",
          "rightsHolder": "The Trustees of the Natural History Museum, London"
        }
      }
    },
    {
      "type": "Feature",
      "geometry": {
        "type": "Point",
        "coordinates": [
          -49.265556,
          -26.1925
        ]
      },
      "properties": {
        "gbifID": "2997983950",
        "species": "Solanum megalochiton",
        "genus": "Solanum",
        "family": "Solanaceae",
        "scientificName": "Solanum megalochiton Mart.",
        "coordinateUncertaintyInMeters": "",
        "basisOfRecord": "PRESERVED_SPECIMEN",
        "eventDate": "",
        "country": null,
        "datasetName": "",
        "publisher": "Instituto de Pesquisas Jardim Botanico do Rio de Janeiro",
        "license": "CC_BY_4_0",
        "issues": [
          "COORDINATE_ROUNDED",
          "GEODETIC_DATUM_ASSUMED_WGS84",
          "CONTINENT_DERIVED_FROM_COORDINATES",
          "INSTITUTION_MATCH_FUZZY",
          "COLLECTION_MATCH_FUZZY"
        ],
        "fallback_media": {
          "url": "https://data.nhm.ac.uk/media/b088a439-e20d-4075-bafe-91d8c4b60044",
          "references": null,
          "title": "BM000935480",
          "creator": null,
          "publisher": null,
          "license": "http://creativecommons.org/licenses/by/4.0/",
          "rightsHolder": "The Trustees of the Natural History Museum, London"
        }
      }
    },
    {
      "type": "Feature",
      "geometry": {
        "type": "Point",
        "coordinates": [
          -48.509167,
          -25.520278
        ]
      },
      "properties": {
        "gbifID": "2997989959",
        "species": "Solanum megalochiton",
        "genus": "Solanum",
        "family": "Solanaceae",
        "scientificName": "Solanum megalochiton Mart.",
        "coordinateUncertaintyInMeters": "",
        "basisOfRecord": "PRESERVED_SPECIMEN",
        "eventDate": "1970-07-10",
        "country": null,
        "datasetName": "",
        "publisher": "Instituto de Pesquisas Jardim Botanico do Rio de Janeiro",
        "license": "CC_BY_4_0",
        "issues": [
          "RECORDED_DATE_INVALID",
          "IDENTIFIED_DATE_INVALID",
          "COORDINATE_ROUNDED",
          "GEODETIC_DATUM_ASSUMED_WGS84",
          "CONTINENT_DERIVED_FROM_COORDINATES",
          "INSTITUTION_MATCH_FUZZY",
          "COLLECTION_MATCH_FUZZY"
        ],
        "fallback_media": {
          "url": "https://data.nhm.ac.uk/media/b088a439-e20d-4075-bafe-91d8c4b60044",
          "references": null,
          "title": "BM000935480",
          "creator": null,
          "publisher": null,
          "license": "http://creativecommons.org/licenses/by/4.0/",
          "rightsHolder": "The Trustees of the Natural History Museum, London"
        }
      }
    },
    {
      "type": "Feature",
      "geometry": {
        "type": "Point",
        "coordinates": [
          -49.355556,
          -27.391944
        ]
      },
      "properties": {
        "gbifID": "2997495929",
        "species": "Solanum megalochiton",
        "genus": "Solanum",
        "family": "Solanaceae",
        "scientificName": "Solanum megalochiton Mart.",
        "coordinateUncertaintyInMeters": "",
        "basisOfRecord": "PRESERVED_SPECIMEN",
        "eventDate": "",
        "country": null,
        "datasetName": "",
        "publisher": "Instituto de Pesquisas Jardim Botanico do Rio de Janeiro",
        "license": "CC_BY_4_0",
        "issues": [
          "COORDINATE_ROUNDED",
          "GEODETIC_DATUM_ASSUMED_WGS84",
          "CONTINENT_DERIVED_FROM_COORDINATES",
          "INSTITUTION_MATCH_FUZZY",
          "COLLECTION_MATCH_FUZZY"
        ],
        "fallback_media": {
          "url": "https://data.nhm.ac.uk/media/b088a439-e20d-4075-bafe-91d8c4b60044",
          "references": null,
          "title": "BM000935480",
          "creator": null,
          "publisher": null,
          "license": "http://creativecommons.org/licenses/by/4.0/",
          "rightsHolder": "The Trustees of the Natural History Museum, London"
        }
      }
    },
    {
      "type": "Feature",
      "geometry": {
        "type": "Point",
        "coordinates": [
          -40.150278,
          -13.531944
        ]
      },
      "properties": {
        "gbifID": "2997498511",
        "species": "Solanum megalochiton",
        "genus": "Solanum",
        "family": "Solanaceae",
        "scientificName": "Solanum megalochiton Mart.",
        "coordinateUncertaintyInMeters": "",
        "basisOfRecord": "PRESERVED_SPECIMEN",
        "eventDate": "1979-02-13",
        "country": null,
        "datasetName": "",
        "publisher": "Instituto de Pesquisas Jardim Botanico do Rio de Janeiro",
        "license": "CC_BY_4_0",
        "issues": [
          "COORDINATE_ROUNDED",
          "GEODETIC_DATUM_ASSUMED_WGS84",
          "CONTINENT_DERIVED_FROM_COORDINATES",
          "INSTITUTION_MATCH_FUZZY",
          "COLLECTION_MATCH_FUZZY"
        ],
        "fallback_media": {
          "url": "https://data.nhm.ac.uk/media/b088a439-e20d-4075-bafe-91d8c4b60044",
          "references": null,
          "title": "BM000935480",
          "creator": null,
          "publisher": null,
          "license": "http://creativecommons.org/licenses/by/4.0/",
          "rightsHolder": "The Trustees of the Natural History Museum, London"
        }
      }
    },
    {
      "type": "Feature",
      "geometry": {
        "type": "Point",
        "coordinates": [
          -41.145,
          -11.806667
        ]
      },
      "properties": {
        "gbifID": "2998018548",
        "species": "Solanum megalochiton",
        "genus": "Solanum",
        "family": "Solanaceae",
        "scientificName": "Solanum megalochiton Mart.",
        "coordinateUncertaintyInMeters": "",
        "basisOfRecord": "PRESERVED_SPECIMEN",
        "eventDate": "2002-03-11",
        "country": null,
        "datasetName": "",
        "publisher": "Instituto de Pesquisas Jardim Botanico do Rio de Janeiro",
        "license": "CC_BY_4_0",
        "issues": [
          "RECORDED_DATE_INVALID",
          "COORDINATE_ROUNDED",
          "GEODETIC_DATUM_ASSUMED_WGS84",
          "CONTINENT_DERIVED_FROM_COORDINATES",
          "INSTITUTION_MATCH_FUZZY",
          "COLLECTION_MATCH_FUZZY"
        ],
        "fallback_media": {
          "url": "https://data.nhm.ac.uk/media/b088a439-e20d-4075-bafe-91d8c4b60044",
          "references": null,
          "title": "BM000935480",
          "creator": null,
          "publisher": null,
          "license": "http://creativecommons.org/licenses/by/4.0/",
          "rightsHolder": "The Trustees of the Natural History Museum, London"
        }
      }
    },
    {
      "type": "Feature",
      "geometry": {
        "type": "Point",
        "coordinates": [
          -44.608056,
          -22.454722
        ]
      },
      "properties": {
        "gbifID": "2234687417",
        "species": "Solanum megalochiton",
        "genus": "Solanum",
        "family": "Solanaceae",
        "scientificName": "Solanum megalochiton Mart.",
        "coordinateUncertaintyInMeters": "",
        "basisOfRecord": "PRESERVED_SPECIMEN",
        "eventDate": "2015-08-21",
        "country": null,
        "datasetName": "RB - Rio de Janeiro Botanical Garden Herbarium Collection",
        "publisher": "Instituto de Pesquisas Jardim Botanico do Rio de Janeiro",
        "license": "CC_BY_4_0",
        "issues": [
          "COORDINATE_ROUNDED",
          "GEODETIC_DATUM_ASSUMED_WGS84",
          "CONTINENT_DERIVED_FROM_COORDINATES",
          "INSTITUTION_MATCH_FUZZY",
          "COLLECTION_MATCH_FUZZY"
        ],
        "media": [
          {
            "url": "http://jbrj-public-img.s3-sa-east-1.amazonaws.com/JPG/rb/1/40/72/52/01407252.jpg",
            "references": null,
            "title": null,
            "creator": null,
            "publisher": null,
            "license": null,
            "rightsHolder": null
          }
        ]
      }
    },
    {
      "type": "Feature",
      "geometry": {
        "type": "Point",
        "coordinates": [
          -40.95,
          -11.783333
        ]
      },
      "properties": {
        "gbifID": "1424195364",
        "species": "Solanum megalochiton",
        "genus": "Solanum",
        "family": "Solanaceae",
        "scientificName": "Solanum megalochiton Mart.",
        "coordinateUncertaintyInMeters": "",
        "basisOfRecord": "PRESERVED_SPECIMEN",
        "eventDate": "1981-08-27",
        "country": null,
        "datasetName": "RB - Rio de Janeiro Botanical Garden Herbarium Collection",
        "publisher": "Instituto de Pesquisas Jardim Botanico do Rio de Janeiro",
        "license": "CC_BY_4_0",
        "issues": [
          "COORDINATE_ROUNDED",
          "GEODETIC_DATUM_ASSUMED_WGS84",
          "CONTINENT_DERIVED_FROM_COORDINATES",
          "INSTITUTION_MATCH_FUZZY",
          "COLLECTION_MATCH_FUZZY"
        ],
        "media": [
          {
            "url": "http://jbrj-public-img.s3-sa-east-1.amazonaws.com/JPG/rb/0/46/67/95/00466795.jpg",
            "references": null,
            "title": null,
            "creator": null,
            "publisher": null,
            "license": null,
            "rightsHolder": null
          }
        ]
      }
    },
    {
      "type": "Feature",
      "geometry": {
        "type": "Point",
        "coordinates": [
          -43.153611,
          -22.5375
        ]
      },
      "properties": {
        "gbifID": "1424194936",
        "species": "Solanum megalochiton",
        "genus": "Solanum",
        "family": "Solanaceae",
        "scientificName": "Solanum megalochiton Mart.",
        "coordinateUncertaintyInMeters": "",
        "basisOfRecord": "PRESERVED_SPECIMEN",
        "eventDate": "2002-08-22",
        "country": null,
        "datasetName": "RB - Rio de Janeiro Botanical Garden Herbarium Collection",
        "publisher": "Instituto de Pesquisas Jardim Botanico do Rio de Janeiro",
        "license": "CC_BY_4_0",
        "issues": [
          "COORDINATE_ROUNDED",
          "GEODETIC_DATUM_ASSUMED_WGS84",
          "CONTINENT_DERIVED_FROM_COORDINATES",
          "INSTITUTION_MATCH_FUZZY",
          "COLLECTION_MATCH_FUZZY",
          "MULTIMEDIA_URI_INVALID"
        ],
        "media": [
          {
            "url": "http://jbrj-public-img.s3-sa-east-1.amazonaws.com/JPG/rb/0/46/64/14/00466414.jpg",
            "references": null,
            "title": null,
            "creator": null,
            "publisher": null,
            "license": null,
            "rightsHolder": null
          },
          {
            "url": "http://jbrj-public-img.s3-sa-east-1.amazonaws.com/JPG/rb/0/46/64/14/00466414-1.jpg",
            "references": null,
            "title": null,
            "creator": null,
            "publisher": null,
            "license": null,
            "rightsHolder": null
          }
        ]
      }
    },
    {
      "type": "Feature",
      "geometry": {
        "type": "Point",
        "coordinates": [
          -44.566667,
          -22.25
        ]
      },
      "properties": {
        "gbifID": "1424206516",
        "species": "Solanum megalochiton",
        "genus": "Solanum",
        "family": "Solanaceae",
        "scientificName": "Solanum megalochiton Mart.",
        "coordinateUncertaintyInMeters": "",
        "basisOfRecord": "PRESERVED_SPECIMEN",
        "eventDate": "2001-08-28",
        "country": null,
        "datasetName": "RB - Rio de Janeiro Botanical Garden Herbarium Collection",
        "publisher": "Instituto de Pesquisas Jardim Botanico do Rio de Janeiro",
        "license": "CC_BY_4_0",
        "issues": [
          "COORDINATE_ROUNDED",
          "GEODETIC_DATUM_ASSUMED_WGS84",
          "CONTINENT_DERIVED_FROM_COORDINATES",
          "INSTITUTION_MATCH_FUZZY",
          "COLLECTION_MATCH_FUZZY",
          "MULTIMEDIA_URI_INVALID"
        ],
        "media": [
          {
            "url": "http://jbrj-public-img.s3-sa-east-1.amazonaws.com/JPG/rb/0/47/73/86/00477386-1.jpg",
            "references": null,
            "title": null,
            "creator": null,
            "publisher": null,
            "license": null,
            "rightsHolder": null
          },
          {
            "url": "http://jbrj-public-img.s3-sa-east-1.amazonaws.com/JPG/rb/0/47/73/86/00477386.jpg",
            "references": null,
            "title": null,
            "creator": null,
            "publisher": null,
            "license": null,
            "rightsHolder": null
          }
        ]
      }
    },
    {
      "type": "Feature",
      "geometry": {
        "type": "Point",
        "coordinates": [
          -49.015556,
          -25.4475
        ]
      },
      "properties": {
        "gbifID": "1423895205",
        "species": "Solanum megalochiton",
        "genus": "Solanum",
        "family": "Solanaceae",
        "scientificName": "Solanum megalochiton Mart.",
        "coordinateUncertaintyInMeters": "",
        "basisOfRecord": "PRESERVED_SPECIMEN",
        "eventDate": "2013-07-29",
        "country": null,
        "datasetName": "RB - Rio de Janeiro Botanical Garden Herbarium Collection",
        "publisher": "Instituto de Pesquisas Jardim Botanico do Rio de Janeiro",
        "license": "CC_BY_4_0",
        "issues": [
          "COORDINATE_ROUNDED",
          "GEODETIC_DATUM_ASSUMED_WGS84",
          "CONTINENT_DERIVED_FROM_COORDINATES",
          "INSTITUTION_MATCH_FUZZY",
          "COLLECTION_MATCH_FUZZY"
        ],
        "media": [
          {
            "url": "http://jbrj-public-img.s3-sa-east-1.amazonaws.com/JPG/rb/1/2/51/30/01025130.jpg",
            "references": null,
            "title": null,
            "creator": null,
            "publisher": null,
            "license": null,
            "rightsHolder": null
          }
        ]
      }
    },
    {
      "type": "Feature",
      "geometry": {
        "type": "Point",
        "coordinates": [
          -40.216667,
          -13.466667
        ]
      },
      "properties": {
        "gbifID": "1424195231",
        "species": "Solanum megalochiton",
        "genus": "Solanum",
        "family": "Solanaceae",
        "scientificName": "Solanum megalochiton Mart.",
        "coordinateUncertaintyInMeters": "",
        "basisOfRecord": "PRESERVED_SPECIMEN",
        "eventDate": "1997-01-23",
        "country": null,
        "datasetName": "RB - Rio de Janeiro Botanical Garden Herbarium Collection",
        "publisher": "Instituto de Pesquisas Jardim Botanico do Rio de Janeiro",
        "license": "CC_BY_4_0",
        "issues": [
          "COORDINATE_ROUNDED",
          "GEODETIC_DATUM_ASSUMED_WGS84",
          "CONTINENT_DERIVED_FROM_COORDINATES",
          "INSTITUTION_MATCH_FUZZY",
          "COLLECTION_MATCH_FUZZY"
        ],
        "media": [
          {
            "url": "http://jbrj-public-img.s3-sa-east-1.amazonaws.com/JPG/rb/0/46/67/91/00466791.jpg",
            "references": null,
            "title": null,
            "creator": null,
            "publisher": null,
            "license": null,
            "rightsHolder": null
          }
        ]
      }
    },
    {
      "type": "Feature",
      "geometry": {
        "type": "Point",
        "coordinates": [
          -40.212778,
          -14.356944
        ]
      },
      "properties": {
        "gbifID": "1424458350",
        "species": "Solanum megalochiton",
        "genus": "Solanum",
        "family": "Solanaceae",
        "scientificName": "Solanum megalochiton Mart.",
        "coordinateUncertaintyInMeters": "",
        "basisOfRecord": "PRESERVED_SPECIMEN",
        "eventDate": "2013-02-07",
        "country": null,
        "datasetName": "RB - Rio de Janeiro Botanical Garden Herbarium Collection",
        "publisher": "Instituto de Pesquisas Jardim Botanico do Rio de Janeiro",
        "license": "CC_BY_4_0",
        "issues": [
          "COORDINATE_ROUNDED",
          "GEODETIC_DATUM_ASSUMED_WGS84",
          "CONTINENT_DERIVED_FROM_COORDINATES",
          "INSTITUTION_MATCH_FUZZY",
          "COLLECTION_MATCH_FUZZY"
        ],
        "media": [
          {
            "url": "http://jbrj-public-img.s3-sa-east-1.amazonaws.com/JPG/rb/0/79/82/65/00798265.jpg",
            "references": null,
            "title": null,
            "creator": null,
            "publisher": null,
            "license": null,
            "rightsHolder": null
          }
        ]
      }
    },
    {
      "type": "Feature",
      "geometry": {
        "type": "Point",
        "coordinates": [
          -42.483333,
          -20.716667
        ]
      },
      "properties": {
        "gbifID": "1585335581",
        "species": "Solanum megalochiton",
        "genus": "Solanum",
        "family": "Solanaceae",
        "scientificName": "Solanum megalochiton Mart.",
        "coordinateUncertaintyInMeters": "",
        "basisOfRecord": "PRESERVED_SPECIMEN",
        "eventDate": "1993-08-18",
        "country": null,
        "datasetName": "RB - Rio de Janeiro Botanical Garden Herbarium Collection",
        "publisher": "Instituto de Pesquisas Jardim Botanico do Rio de Janeiro",
        "license": "CC_BY_4_0",
        "issues": [
          "COORDINATE_ROUNDED",
          "GEODETIC_DATUM_ASSUMED_WGS84",
          "CONTINENT_DERIVED_FROM_COORDINATES",
          "INSTITUTION_MATCH_FUZZY",
          "COLLECTION_MATCH_FUZZY"
        ],
        "media": [
          {
            "url": "http://jbrj-public-img.s3-sa-east-1.amazonaws.com/JPG/rb/1/33/96/88/01339688.jpg",
            "references": null,
            "title": null,
            "creator": null,
            "publisher": null,
            "license": null,
            "rightsHolder": null
          }
        ]
      }
    },
    {
      "type": "Feature",
      "geometry": {
        "type": "Point",
        "coordinates": [
          -49.094444,
          -27.064444
        ]
      },
      "properties": {
        "gbifID": "1424507007",
        "species": "Solanum megalochiton",
        "genus": "Solanum",
        "family": "Solanaceae",
        "scientificName": "Solanum megalochiton Mart.",
        "coordinateUncertaintyInMeters": "",
        "basisOfRecord": "PRESERVED_SPECIMEN",
        "eventDate": "2013-10-05",
        "country": null,
        "datasetName": "RB - Rio de Janeiro Botanical Garden Herbarium Collection",
        "publisher": "Instituto de Pesquisas Jardim Botanico do Rio de Janeiro",
        "license": "CC_BY_4_0",
        "issues": [
          "COORDINATE_ROUNDED",
          "GEODETIC_DATUM_ASSUMED_WGS84",
          "CONTINENT_DERIVED_FROM_COORDINATES",
          "INSTITUTION_MATCH_FUZZY",
          "COLLECTION_MATCH_FUZZY"
        ],
        "media": [
          {
            "url": "http://jbrj-public-img.s3-sa-east-1.amazonaws.com/JPG/rb/0/93/88/38/00938838.jpg",
            "references": null,
            "title": null,
            "creator": null,
            "publisher": null,
            "license": null,
            "rightsHolder": null
          }
        ]
      }
    },
    {
      "type": "Feature",
      "geometry": {
        "type": "Point",
        "coordinates": [
          -49.05,
          -25.75
        ]
      },
      "properties": {
        "gbifID": "1639433289",
        "species": "Solanum megalochiton",
        "genus": "Solanum",
        "family": "Solanaceae",
        "scientificName": "Solanum megalochiton Mart.",
        "coordinateUncertaintyInMeters": "",
        "basisOfRecord": "PRESERVED_SPECIMEN",
        "eventDate": "2001-10-24",
        "country": null,
        "datasetName": "RB - Rio de Janeiro Botanical Garden Herbarium Collection",
        "publisher": "Instituto de Pesquisas Jardim Botanico do Rio de Janeiro",
        "license": "CC_BY_4_0",
        "issues": [
          "GEODETIC_DATUM_ASSUMED_WGS84",
          "CONTINENT_DERIVED_FROM_COORDINATES",
          "INSTITUTION_MATCH_FUZZY",
          "COLLECTION_MATCH_FUZZY"
        ],
        "media": [
          {
            "url": "http://jbrj-public-img.s3-sa-east-1.amazonaws.com/JPG/rb/1/36/55/50/01365550.jpg",
            "references": null,
            "title": null,
            "creator": null,
            "publisher": null,
            "license": null,
            "rightsHolder": null
          }
        ]
      }
    },
    {
      "type": "Feature",
      "geometry": {
        "type": "Point",
        "coordinates": [
          -43.000833,
          -22.451667
        ]
      },
      "properties": {
        "gbifID": "1424224214",
        "species": "Solanum megalochiton",
        "genus": "Solanum",
        "family": "Solanaceae",
        "scientificName": "Solanum megalochiton Mart.",
        "coordinateUncertaintyInMeters": "",
        "basisOfRecord": "PRESERVED_SPECIMEN",
        "eventDate": "2007-06-25",
        "country": null,
        "datasetName": "RB - Rio de Janeiro Botanical Garden Herbarium Collection",
        "publisher": "Instituto de Pesquisas Jardim Botanico do Rio de Janeiro",
        "license": "CC_BY_4_0",
        "issues": [
          "COORDINATE_ROUNDED",
          "GEODETIC_DATUM_ASSUMED_WGS84",
          "CONTINENT_DERIVED_FROM_COORDINATES",
          "INSTITUTION_MATCH_FUZZY",
          "COLLECTION_MATCH_FUZZY"
        ],
        "media": [
          {
            "url": "http://jbrj-public-img.s3-sa-east-1.amazonaws.com/JPG/rb/0/49/36/81/00493681.jpg",
            "references": null,
            "title": null,
            "creator": null,
            "publisher": null,
            "license": null,
            "rightsHolder": null
          }
        ]
      }
    },
    {
      "type": "Feature",
      "geometry": {
        "type": "Point",
        "coordinates": [
          -42.608333,
          -22.663333
        ]
      },
      "properties": {
        "gbifID": "1500100194",
        "species": "Solanum megalochiton",
        "genus": "Solanum",
        "family": "Solanaceae",
        "scientificName": "Solanum megalochiton Mart.",
        "coordinateUncertaintyInMeters": "",
        "basisOfRecord": "PRESERVED_SPECIMEN",
        "eventDate": "2016-07-03",
        "country": null,
        "datasetName": "RB - Rio de Janeiro Botanical Garden Herbarium Collection",
        "publisher": "Instituto de Pesquisas Jardim Botanico do Rio de Janeiro",
        "license": "CC_BY_4_0",
        "issues": [
          "COORDINATE_ROUNDED",
          "GEODETIC_DATUM_ASSUMED_WGS84",
          "CONTINENT_DERIVED_FROM_COORDINATES",
          "INSTITUTION_MATCH_FUZZY",
          "COLLECTION_MATCH_FUZZY"
        ],
        "media": [
          {
            "url": "http://jbrj-public-img.s3-sa-east-1.amazonaws.com/JPG/rb/1/31/20/77/01312077.jpg",
            "references": null,
            "title": null,
            "creator": null,
            "publisher": null,
            "license": null,
            "rightsHolder": null
          }
        ]
      }
    },
    {
      "type": "Feature",
      "geometry": {
        "type": "Point",
        "coordinates": [
          -48.880278,
          -25.253889
        ]
      },
      "properties": {
        "gbifID": "1424506323",
        "species": "Solanum megalochiton",
        "genus": "Solanum",
        "family": "Solanaceae",
        "scientificName": "Solanum megalochiton Mart.",
        "coordinateUncertaintyInMeters": "",
        "basisOfRecord": "PRESERVED_SPECIMEN",
        "eventDate": "2006-09-05",
        "country": null,
        "datasetName": "RB - Rio de Janeiro Botanical Garden Herbarium Collection",
        "publisher": "Instituto de Pesquisas Jardim Botanico do Rio de Janeiro",
        "license": "CC_BY_4_0",
        "issues": [
          "COORDINATE_ROUNDED",
          "GEODETIC_DATUM_ASSUMED_WGS84",
          "CONTINENT_DERIVED_FROM_COORDINATES",
          "INSTITUTION_MATCH_FUZZY",
          "COLLECTION_MATCH_FUZZY"
        ],
        "media": [
          {
            "url": "http://jbrj-public-img.s3-sa-east-1.amazonaws.com/JPG/rb/0/93/71/41/00937141.jpg",
            "references": null,
            "title": null,
            "creator": null,
            "publisher": null,
            "license": null,
            "rightsHolder": null
          }
        ]
      }
    },
    {
      "type": "Feature",
      "geometry": {
        "type": "Point",
        "coordinates": [
          -43.877222,
          -21.677222
        ]
      },
      "properties": {
        "gbifID": "1424243123",
        "species": "Solanum megalochiton",
        "genus": "Solanum",
        "family": "Solanaceae",
        "scientificName": "Solanum megalochiton Mart.",
        "coordinateUncertaintyInMeters": "",
        "basisOfRecord": "PRESERVED_SPECIMEN",
        "eventDate": "2002-05-07",
        "country": null,
        "datasetName": "RB - Rio de Janeiro Botanical Garden Herbarium Collection",
        "publisher": "Instituto de Pesquisas Jardim Botanico do Rio de Janeiro",
        "license": "CC_BY_4_0",
        "issues": [
          "COORDINATE_ROUNDED",
          "GEODETIC_DATUM_ASSUMED_WGS84",
          "CONTINENT_DERIVED_FROM_COORDINATES",
          "INSTITUTION_MATCH_FUZZY",
          "COLLECTION_MATCH_FUZZY",
          "MULTIMEDIA_URI_INVALID"
        ],
        "media": [
          {
            "url": "http://jbrj-public-img.s3-sa-east-1.amazonaws.com/JPG/rb/0/52/65/81/00526581.jpg",
            "references": null,
            "title": null,
            "creator": null,
            "publisher": null,
            "license": null,
            "rightsHolder": null
          },
          {
            "url": "http://jbrj-public-img.s3-sa-east-1.amazonaws.com/JPG/rb/0/52/65/81/00526581-1.jpg",
            "references": null,
            "title": null,
            "creator": null,
            "publisher": null,
            "license": null,
            "rightsHolder": null
          }
        ]
      }
    },
    {
      "type": "Feature",
      "geometry": {
        "type": "Point",
        "coordinates": [
          -42.495833,
          -22.491667
        ]
      },
      "properties": {
        "gbifID": "1423926993",
        "species": "Solanum megalochiton",
        "genus": "Solanum",
        "family": "Solanaceae",
        "scientificName": "Solanum megalochiton Mart.",
        "coordinateUncertaintyInMeters": "",
        "basisOfRecord": "PRESERVED_SPECIMEN",
        "eventDate": "2016-08-12",
        "country": null,
        "datasetName": "RB - Rio de Janeiro Botanical Garden Herbarium Collection",
        "publisher": "Instituto de Pesquisas Jardim Botanico do Rio de Janeiro",
        "license": "CC_BY_4_0",
        "issues": [
          "COORDINATE_ROUNDED",
          "GEODETIC_DATUM_ASSUMED_WGS84",
          "CONTINENT_DERIVED_FROM_COORDINATES",
          "INSTITUTION_MATCH_FUZZY",
          "COLLECTION_MATCH_FUZZY"
        ],
        "media": [
          {
            "url": "http://jbrj-public-img.s3-sa-east-1.amazonaws.com/JPG/rb/1/17/46/69/01174669.jpg",
            "references": null,
            "title": null,
            "creator": null,
            "publisher": null,
            "license": null,
            "rightsHolder": null
          }
        ]
      }
    },
    {
      "type": "Feature",
      "geometry": {
        "type": "Point",
        "coordinates": [
          -42.999167,
          -22.4525
        ]
      },
      "properties": {
        "gbifID": "1424369410",
        "species": "Solanum megalochiton",
        "genus": "Solanum",
        "family": "Solanaceae",
        "scientificName": "Solanum megalochiton Mart.",
        "coordinateUncertaintyInMeters": "",
        "basisOfRecord": "PRESERVED_SPECIMEN",
        "eventDate": "2011-09-23",
        "country": null,
        "datasetName": "RB - Rio de Janeiro Botanical Garden Herbarium Collection",
        "publisher": "Instituto de Pesquisas Jardim Botanico do Rio de Janeiro",
        "license": "CC_BY_4_0",
        "issues": [
          "COORDINATE_ROUNDED",
          "GEODETIC_DATUM_ASSUMED_WGS84",
          "CONTINENT_DERIVED_FROM_COORDINATES",
          "INSTITUTION_MATCH_FUZZY",
          "COLLECTION_MATCH_FUZZY"
        ],
        "media": [
          {
            "url": "http://jbrj-public-img.s3-sa-east-1.amazonaws.com/JPG/rb/0/65/85/39/00658539.jpg",
            "references": null,
            "title": null,
            "creator": null,
            "publisher": null,
            "license": null,
            "rightsHolder": null
          }
        ]
      }
    },
    {
      "type": "Feature",
      "geometry": {
        "type": "Point",
        "coordinates": [
          -43.5,
          -21.55
        ]
      },
      "properties": {
        "gbifID": "1424194843",
        "species": "Solanum megalochiton",
        "genus": "Solanum",
        "family": "Solanaceae",
        "scientificName": "Solanum megalochiton Mart.",
        "coordinateUncertaintyInMeters": "",
        "basisOfRecord": "PRESERVED_SPECIMEN",
        "eventDate": "1994-09-16",
        "country": null,
        "datasetName": "RB - Rio de Janeiro Botanical Garden Herbarium Collection",
        "publisher": "Instituto de Pesquisas Jardim Botanico do Rio de Janeiro",
        "license": "CC_BY_4_0",
        "issues": [
          "GEODETIC_DATUM_ASSUMED_WGS84",
          "CONTINENT_DERIVED_FROM_COORDINATES",
          "INSTITUTION_MATCH_FUZZY",
          "COLLECTION_MATCH_FUZZY",
          "MULTIMEDIA_URI_INVALID"
        ],
        "media": [
          {
            "url": "http://jbrj-public-img.s3-sa-east-1.amazonaws.com/JPG/rb/0/46/64/23/00466423.jpg",
            "references": null,
            "title": null,
            "creator": null,
            "publisher": null,
            "license": null,
            "rightsHolder": null
          },
          {
            "url": "http://jbrj-public-img.s3-sa-east-1.amazonaws.com/JPG/rb/0/46/64/23/00466423-1.jpg",
            "references": null,
            "title": null,
            "creator": null,
            "publisher": null,
            "license": null,
            "rightsHolder": null
          }
        ]
      }
    },
    {
      "type": "Feature",
      "geometry": {
        "type": "Point",
        "coordinates": [
          -45.016111,
          -15.9
        ]
      },
      "properties": {
        "gbifID": "1424242954",
        "species": "Solanum megalochiton",
        "genus": "Solanum",
        "family": "Solanaceae",
        "scientificName": "Solanum megalochiton Mart.",
        "coordinateUncertaintyInMeters": "",
        "basisOfRecord": "PRESERVED_SPECIMEN",
        "eventDate": "1998-01-13",
        "country": null,
        "datasetName": "RB - Rio de Janeiro Botanical Garden Herbarium Collection",
        "publisher": "Instituto de Pesquisas Jardim Botanico do Rio de Janeiro",
        "license": "CC_BY_4_0",
        "issues": [
          "COORDINATE_ROUNDED",
          "GEODETIC_DATUM_ASSUMED_WGS84",
          "CONTINENT_DERIVED_FROM_COORDINATES",
          "INSTITUTION_MATCH_FUZZY",
          "COLLECTION_MATCH_FUZZY"
        ],
        "media": [
          {
            "url": "http://jbrj-public-img.s3-sa-east-1.amazonaws.com/JPG/rb/0/52/64/74/00526474.jpg",
            "references": null,
            "title": null,
            "creator": null,
            "publisher": null,
            "license": null,
            "rightsHolder": null
          }
        ]
      }
    },
    {
      "type": "Feature",
      "geometry": {
        "type": "Point",
        "coordinates": [
          -44.773889,
          -22.362778
        ]
      },
      "properties": {
        "gbifID": "1424506374",
        "species": "Solanum megalochiton",
        "genus": "Solanum",
        "family": "Solanaceae",
        "scientificName": "Solanum megalochiton Mart.",
        "coordinateUncertaintyInMeters": "",
        "basisOfRecord": "PRESERVED_SPECIMEN",
        "eventDate": "2006-07-12",
        "country": null,
        "datasetName": "RB - Rio de Janeiro Botanical Garden Herbarium Collection",
        "publisher": "Instituto de Pesquisas Jardim Botanico do Rio de Janeiro",
        "license": "CC_BY_4_0",
        "issues": [
          "COORDINATE_ROUNDED",
          "GEODETIC_DATUM_ASSUMED_WGS84",
          "CONTINENT_DERIVED_FROM_COORDINATES",
          "INSTITUTION_MATCH_FUZZY",
          "COLLECTION_MATCH_FUZZY"
        ],
        "media": [
          {
            "url": "http://jbrj-public-img.s3-sa-east-1.amazonaws.com/JPG/rb/0/93/71/36/00937136.jpg",
            "references": null,
            "title": null,
            "creator": null,
            "publisher": null,
            "license": null,
            "rightsHolder": null
          }
        ]
      }
    },
    {
      "type": "Feature",
      "geometry": {
        "type": "Point",
        "coordinates": [
          -44.743333,
          -22.369167
        ]
      },
      "properties": {
        "gbifID": "1717050846",
        "species": "Solanum megalochiton",
        "genus": "Solanum",
        "family": "Solanaceae",
        "scientificName": "Solanum megalochiton Mart.",
        "coordinateUncertaintyInMeters": "",
        "basisOfRecord": "PRESERVED_SPECIMEN",
        "eventDate": "2017-11-09",
        "country": null,
        "datasetName": "RB - Rio de Janeiro Botanical Garden Herbarium Collection",
        "publisher": "Instituto de Pesquisas Jardim Botanico do Rio de Janeiro",
        "license": "CC_BY_4_0",
        "issues": [
          "COORDINATE_ROUNDED",
          "GEODETIC_DATUM_ASSUMED_WGS84",
          "CONTINENT_DERIVED_FROM_COORDINATES",
          "INSTITUTION_MATCH_FUZZY",
          "COLLECTION_MATCH_FUZZY"
        ],
        "media": [
          {
            "url": "http://jbrj-public-img.s3-sa-east-1.amazonaws.com/JPG/rb/1/37/67/62/01376762.jpg",
            "references": null,
            "title": null,
            "creator": null,
            "publisher": null,
            "license": null,
            "rightsHolder": null
          }
        ]
      }
    },
    {
      "type": "Feature",
      "geometry": {
        "type": "Point",
        "coordinates": [
          -40.548055,
          -19.351389
        ]
      },
      "properties": {
        "gbifID": "1424448192",
        "species": "Solanum megalochiton",
        "genus": "Solanum",
        "family": "Solanaceae",
        "scientificName": "Solanum megalochiton Mart.",
        "coordinateUncertaintyInMeters": "",
        "basisOfRecord": "PRESERVED_SPECIMEN",
        "eventDate": "2013-04-20",
        "country": null,
        "datasetName": "RB - Rio de Janeiro Botanical Garden Herbarium Collection",
        "publisher": "Instituto de Pesquisas Jardim Botanico do Rio de Janeiro",
        "license": "CC_BY_4_0",
        "issues": [
          "COORDINATE_ROUNDED",
          "GEODETIC_DATUM_ASSUMED_WGS84",
          "CONTINENT_DERIVED_FROM_COORDINATES",
          "INSTITUTION_MATCH_FUZZY",
          "COLLECTION_MATCH_FUZZY"
        ],
        "media": [
          {
            "url": "http://jbrj-public-img.s3-sa-east-1.amazonaws.com/JPG/rb/0/78/7/5/00780705.jpg",
            "references": null,
            "title": null,
            "creator": null,
            "publisher": null,
            "license": null,
            "rightsHolder": null
          }
        ]
      }
    },
    {
      "type": "Feature",
      "geometry": {
        "type": "Point",
        "coordinates": [
          -48.858056,
          -25.17
        ]
      },
      "properties": {
        "gbifID": "1424498767",
        "species": "Solanum megalochiton",
        "genus": "Solanum",
        "family": "Solanaceae",
        "scientificName": "Solanum megalochiton Mart.",
        "coordinateUncertaintyInMeters": "",
        "basisOfRecord": "PRESERVED_SPECIMEN",
        "eventDate": "2014-07-09",
        "country": null,
        "datasetName": "RB - Rio de Janeiro Botanical Garden Herbarium Collection",
        "publisher": "Instituto de Pesquisas Jardim Botanico do Rio de Janeiro",
        "license": "CC_BY_4_0",
        "issues": [
          "COORDINATE_ROUNDED",
          "GEODETIC_DATUM_ASSUMED_WGS84",
          "CONTINENT_DERIVED_FROM_COORDINATES",
          "INSTITUTION_MATCH_FUZZY",
          "COLLECTION_MATCH_FUZZY"
        ],
        "media": [
          {
            "url": "http://jbrj-public-img.s3-sa-east-1.amazonaws.com/JPG/rb/0/91/23/20/00912320.jpg",
            "references": null,
            "title": null,
            "creator": null,
            "publisher": null,
            "license": null,
            "rightsHolder": null
          }
        ]
      }
    },
    {
      "type": "Feature",
      "geometry": {
        "type": "Point",
        "coordinates": [
          -49.286111,
          -25.658333
        ]
      },
      "properties": {
        "gbifID": "2996634026",
        "species": "Solanum megalochiton",
        "genus": "Solanum",
        "family": "Solanaceae",
        "scientificName": "Solanum megalochiton Mart.",
        "coordinateUncertaintyInMeters": "",
        "basisOfRecord": "PRESERVED_SPECIMEN",
        "eventDate": "2012-08-10",
        "country": null,
        "datasetName": "",
        "publisher": "Instituto de Pesquisas Jardim Botanico do Rio de Janeiro",
        "license": "CC_BY_4_0",
        "issues": [
          "RECORDED_DATE_INVALID",
          "IDENTIFIED_DATE_INVALID",
          "COORDINATE_ROUNDED",
          "GEODETIC_DATUM_ASSUMED_WGS84",
          "CONTINENT_DERIVED_FROM_COORDINATES",
          "ELEVATION_MIN_MAX_SWAPPED",
          "INSTITUTION_MATCH_FUZZY",
          "COLLECTION_MATCH_FUZZY"
        ],
        "fallback_media": {
          "url": "https://data.nhm.ac.uk/media/b088a439-e20d-4075-bafe-91d8c4b60044",
          "references": null,
          "title": "BM000935480",
          "creator": null,
          "publisher": null,
          "license": "http://creativecommons.org/licenses/by/4.0/",
          "rightsHolder": "The Trustees of the Natural History Museum, London"
        }
      }
    },
    {
      "type": "Feature",
      "geometry": {
        "type": "Point",
        "coordinates": [
          -51.111944,
          -26.197778
        ]
      },
      "properties": {
        "gbifID": "2996678492",
        "species": "Solanum megalochiton",
        "genus": "Solanum",
        "family": "Solanaceae",
        "scientificName": "Solanum megalochiton Mart.",
        "coordinateUncertaintyInMeters": "",
        "basisOfRecord": "PRESERVED_SPECIMEN",
        "eventDate": "2013-09-10",
        "country": null,
        "datasetName": "",
        "publisher": "Instituto de Pesquisas Jardim Botanico do Rio de Janeiro",
        "license": "CC_BY_4_0",
        "issues": [
          "RECORDED_DATE_INVALID",
          "COORDINATE_ROUNDED",
          "GEODETIC_DATUM_ASSUMED_WGS84",
          "CONTINENT_DERIVED_FROM_COORDINATES",
          "ELEVATION_MIN_MAX_SWAPPED",
          "INSTITUTION_MATCH_FUZZY",
          "COLLECTION_MATCH_FUZZY"
        ],
        "fallback_media": {
          "url": "https://data.nhm.ac.uk/media/b088a439-e20d-4075-bafe-91d8c4b60044",
          "references": null,
          "title": "BM000935480",
          "creator": null,
          "publisher": null,
          "license": "http://creativecommons.org/licenses/by/4.0/",
          "rightsHolder": "The Trustees of the Natural History Museum, London"
        }
      }
    },
    {
      "type": "Feature",
      "geometry": {
        "type": "Point",
        "coordinates": [
          -49.005278,
          -25.386389
        ]
      },
      "properties": {
        "gbifID": "2996644783",
        "species": "Solanum megalochiton",
        "genus": "Solanum",
        "family": "Solanaceae",
        "scientificName": "Solanum megalochiton Mart.",
        "coordinateUncertaintyInMeters": "",
        "basisOfRecord": "PRESERVED_SPECIMEN",
        "eventDate": "2012-06-24",
        "country": null,
        "datasetName": "",
        "publisher": "Instituto de Pesquisas Jardim Botanico do Rio de Janeiro",
        "license": "CC_BY_4_0",
        "issues": [
          "COORDINATE_ROUNDED",
          "GEODETIC_DATUM_ASSUMED_WGS84",
          "CONTINENT_DERIVED_FROM_COORDINATES",
          "ELEVATION_MIN_MAX_SWAPPED",
          "INSTITUTION_MATCH_FUZZY",
          "COLLECTION_MATCH_FUZZY"
        ],
        "fallback_media": {
          "url": "https://data.nhm.ac.uk/media/b088a439-e20d-4075-bafe-91d8c4b60044",
          "references": null,
          "title": "BM000935480",
          "creator": null,
          "publisher": null,
          "license": "http://creativecommons.org/licenses/by/4.0/",
          "rightsHolder": "The Trustees of the Natural History Museum, London"
        }
      }
    },
    {
      "type": "Feature",
      "geometry": {
        "type": "Point",
        "coordinates": [
          -51.261667,
          -25.368889
        ]
      },
      "properties": {
        "gbifID": "2996673573",
        "species": "Solanum megalochiton",
        "genus": "Solanum",
        "family": "Solanaceae",
        "scientificName": "Solanum megalochiton Mart.",
        "coordinateUncertaintyInMeters": "",
        "basisOfRecord": "PRESERVED_SPECIMEN",
        "eventDate": "2012-09-27",
        "country": null,
        "datasetName": "",
        "publisher": "Instituto de Pesquisas Jardim Botanico do Rio de Janeiro",
        "license": "CC_BY_4_0",
        "issues": [
          "COORDINATE_ROUNDED",
          "GEODETIC_DATUM_ASSUMED_WGS84",
          "CONTINENT_DERIVED_FROM_COORDINATES",
          "ELEVATION_MIN_MAX_SWAPPED",
          "INSTITUTION_MATCH_FUZZY",
          "COLLECTION_MATCH_FUZZY"
        ],
        "fallback_media": {
          "url": "https://data.nhm.ac.uk/media/b088a439-e20d-4075-bafe-91d8c4b60044",
          "references": null,
          "title": "BM000935480",
          "creator": null,
          "publisher": null,
          "license": "http://creativecommons.org/licenses/by/4.0/",
          "rightsHolder": "The Trustees of the Natural History Museum, London"
        }
      }
    },
    {
      "type": "Feature",
      "geometry": {
        "type": "Point",
        "coordinates": [
          -49.131389,
          -25.379167
        ]
      },
      "properties": {
        "gbifID": "2996681648",
        "species": "Solanum megalochiton",
        "genus": "Solanum",
        "family": "Solanaceae",
        "scientificName": "Solanum megalochiton Mart.",
        "coordinateUncertaintyInMeters": "",
        "basisOfRecord": "PRESERVED_SPECIMEN",
        "eventDate": "2014-07-28",
        "country": null,
        "datasetName": "",
        "publisher": "Instituto de Pesquisas Jardim Botanico do Rio de Janeiro",
        "license": "CC_BY_4_0",
        "issues": [
          "COORDINATE_ROUNDED",
          "GEODETIC_DATUM_ASSUMED_WGS84",
          "CONTINENT_DERIVED_FROM_COORDINATES",
          "ELEVATION_MIN_MAX_SWAPPED",
          "INSTITUTION_MATCH_FUZZY",
          "COLLECTION_MATCH_FUZZY"
        ],
        "fallback_media": {
          "url": "https://data.nhm.ac.uk/media/b088a439-e20d-4075-bafe-91d8c4b60044",
          "references": null,
          "title": "BM000935480",
          "creator": null,
          "publisher": null,
          "license": "http://creativecommons.org/licenses/by/4.0/",
          "rightsHolder": "The Trustees of the Natural History Museum, London"
        }
      }
    },
    {
      "type": "Feature",
      "geometry": {
        "type": "Point",
        "coordinates": [
          -41.8325,
          -13.131111
        ]
      },
      "properties": {
        "gbifID": "2996070939",
        "species": "Solanum megalochiton",
        "genus": "Solanum",
        "family": "Solanaceae",
        "scientificName": "Solanum megalochiton Mart.",
        "coordinateUncertaintyInMeters": "",
        "basisOfRecord": "PRESERVED_SPECIMEN",
        "eventDate": "2004-09-19",
        "country": null,
        "datasetName": "",
        "publisher": "Instituto de Pesquisas Jardim Botanico do Rio de Janeiro",
        "license": "CC_BY_4_0",
        "issues": [
          "COORDINATE_ROUNDED",
          "GEODETIC_DATUM_ASSUMED_WGS84",
          "CONTINENT_DERIVED_FROM_COORDINATES",
          "INSTITUTION_MATCH_FUZZY",
          "COLLECTION_MATCH_FUZZY"
        ],
        "fallback_media": {
          "url": "https://data.nhm.ac.uk/media/b088a439-e20d-4075-bafe-91d8c4b60044",
          "references": null,
          "title": "BM000935480",
          "creator": null,
          "publisher": null,
          "license": "http://creativecommons.org/licenses/by/4.0/",
          "rightsHolder": "The Trustees of the Natural History Museum, London"
        }
      }
    },
    {
      "type": "Feature",
      "geometry": {
        "type": "Point",
        "coordinates": [
          -43.234444,
          -22.410278
        ]
      },
      "properties": {
        "gbifID": "1424288946",
        "species": "Solanum megalochiton",
        "genus": "Solanum",
        "family": "Solanaceae",
        "scientificName": "Solanum megalochiton Mart.",
        "coordinateUncertaintyInMeters": "",
        "basisOfRecord": "PRESERVED_SPECIMEN",
        "eventDate": "2009-11-18",
        "country": null,
        "datasetName": "RB - Rio de Janeiro Botanical Garden Herbarium Collection",
        "publisher": "Instituto de Pesquisas Jardim Botanico do Rio de Janeiro",
        "license": "CC_BY_4_0",
        "issues": [
          "COORDINATE_ROUNDED",
          "GEODETIC_DATUM_ASSUMED_WGS84",
          "CONTINENT_DERIVED_FROM_COORDINATES",
          "INSTITUTION_MATCH_FUZZY",
          "COLLECTION_MATCH_FUZZY"
        ],
        "media": [
          {
            "url": "http://jbrj-public-img.s3-sa-east-1.amazonaws.com/JPG/rb/0/57/83/43/00578343.jpg",
            "references": null,
            "title": null,
            "creator": null,
            "publisher": null,
            "license": null,
            "rightsHolder": null
          }
        ]
      }
    },
    {
      "type": "Feature",
      "geometry": {
        "type": "Point",
        "coordinates": [
          -42.984722,
          -22.448889
        ]
      },
      "properties": {
        "gbifID": "1424241486",
        "species": "Solanum megalochiton",
        "genus": "Solanum",
        "family": "Solanaceae",
        "scientificName": "Solanum megalochiton Mart.",
        "coordinateUncertaintyInMeters": "",
        "basisOfRecord": "PRESERVED_SPECIMEN",
        "eventDate": "2006-08",
        "country": null,
        "datasetName": "RB - Rio de Janeiro Botanical Garden Herbarium Collection",
        "publisher": "Instituto de Pesquisas Jardim Botanico do Rio de Janeiro",
        "license": "CC_BY_4_0",
        "issues": [
          "COORDINATE_ROUNDED",
          "GEODETIC_DATUM_ASSUMED_WGS84",
          "CONTINENT_DERIVED_FROM_COORDINATES",
          "INSTITUTION_MATCH_FUZZY",
          "COLLECTION_MATCH_FUZZY"
        ],
        "media": [
          {
            "url": "http://jbrj-public-img.s3-sa-east-1.amazonaws.com/JPG/rb/0/52/51/66/00525166.jpg",
            "references": null,
            "title": null,
            "creator": null,
            "publisher": null,
            "license": null,
            "rightsHolder": null
          }
        ]
      }
    },
    {
      "type": "Feature",
      "geometry": {
        "type": "Point",
        "coordinates": [
          -47.2669,
          -22.8219
        ]
      },
      "properties": {
        "gbifID": "1302653347",
        "species": "Solanum megalochiton",
        "genus": "Solanum",
        "family": "Solanaceae",
        "scientificName": "Solanum megalochiton Mart.",
        "coordinateUncertaintyInMeters": "",
        "basisOfRecord": "OCCURRENCE",
        "eventDate": "1976-01-08",
        "country": null,
        "datasetName": "",
        "publisher": "Centro Internacional de Agricultura Tropical - CIAT",
        "license": "CC_BY_4_0",
        "issues": [
          "GEODETIC_DATUM_ASSUMED_WGS84",
          "CONTINENT_DERIVED_FROM_COORDINATES"
        ],
        "fallback_media": {
          "url": "https://data.nhm.ac.uk/media/b088a439-e20d-4075-bafe-91d8c4b60044",
          "references": null,
          "title": "BM000935480",
          "creator": null,
          "publisher": null,
          "license": "http://creativecommons.org/licenses/by/4.0/",
          "rightsHolder": "The Trustees of the Natural History Museum, London"
        }
      }
    },
    {
      "type": "Feature",
      "geometry": {
        "type": "Point",
        "coordinates": [
          -41.413056,
          -20.464444
        ]
      },
      "properties": {
        "gbifID": "1304602473",
        "species": "Solanum megalochiton",
        "genus": "Solanum",
        "family": "Solanaceae",
        "scientificName": "Solanum megalochiton Mart.",
        "coordinateUncertaintyInMeters": "",
        "basisOfRecord": "OCCURRENCE",
        "eventDate": "1982-07-21",
        "country": null,
        "datasetName": "",
        "publisher": "Centro Internacional de Agricultura Tropical - CIAT",
        "license": "CC_BY_4_0",
        "issues": [
          "RECORDED_DATE_INVALID",
          "COORDINATE_ROUNDED",
          "GEODETIC_DATUM_ASSUMED_WGS84",
          "CONTINENT_DERIVED_FROM_COORDINATES"
        ],
        "fallback_media": {
          "url": "https://data.nhm.ac.uk/media/b088a439-e20d-4075-bafe-91d8c4b60044",
          "references": null,
          "title": "BM000935480",
          "creator": null,
          "publisher": null,
          "license": "http://creativecommons.org/licenses/by/4.0/",
          "rightsHolder": "The Trustees of the Natural History Museum, London"
        }
      }
    },
    {
      "type": "Feature",
      "geometry": {
        "type": "Point",
        "coordinates": [
          -51.504444,
          -27.178333
        ]
      },
      "properties": {
        "gbifID": "1304599200",
        "species": "Solanum megalochiton",
        "genus": "Solanum",
        "family": "Solanaceae",
        "scientificName": "Solanum megalochiton Mart.",
        "coordinateUncertaintyInMeters": "",
        "basisOfRecord": "OCCURRENCE",
        "eventDate": "1964-08-25",
        "country": null,
        "datasetName": "",
        "publisher": "Centro Internacional de Agricultura Tropical - CIAT",
        "license": "CC_BY_4_0",
        "issues": [
          "RECORDED_DATE_INVALID",
          "COORDINATE_ROUNDED",
          "GEODETIC_DATUM_ASSUMED_WGS84",
          "CONTINENT_DERIVED_FROM_COORDINATES"
        ],
        "fallback_media": {
          "url": "https://data.nhm.ac.uk/media/b088a439-e20d-4075-bafe-91d8c4b60044",
          "references": null,
          "title": "BM000935480",
          "creator": null,
          "publisher": null,
          "license": "http://creativecommons.org/licenses/by/4.0/",
          "rightsHolder": "The Trustees of the Natural History Museum, London"
        }
      }
    },
    {
      "type": "Feature",
      "geometry": {
        "type": "Point",
        "coordinates": [
          -43.016667,
          -22.458056
        ]
      },
      "properties": {
        "gbifID": "1304595282",
        "species": "Solanum megalochiton",
        "genus": "Solanum",
        "family": "Solanaceae",
        "scientificName": "Solanum megalochiton Mart.",
        "coordinateUncertaintyInMeters": "",
        "basisOfRecord": "OCCURRENCE",
        "eventDate": "",
        "country": null,
        "datasetName": "",
        "publisher": "Centro Internacional de Agricultura Tropical - CIAT",
        "license": "CC_BY_4_0",
        "issues": [
          "COORDINATE_ROUNDED",
          "GEODETIC_DATUM_ASSUMED_WGS84",
          "CONTINENT_DERIVED_FROM_COORDINATES"
        ],
        "fallback_media": {
          "url": "https://data.nhm.ac.uk/media/b088a439-e20d-4075-bafe-91d8c4b60044",
          "references": null,
          "title": "BM000935480",
          "creator": null,
          "publisher": null,
          "license": "http://creativecommons.org/licenses/by/4.0/",
          "rightsHolder": "The Trustees of the Natural History Museum, London"
        }
      }
    },
    {
      "type": "Feature",
      "geometry": {
        "type": "Point",
        "coordinates": [
          -47.0608,
          -22.9056
        ]
      },
      "properties": {
        "gbifID": "1302653348",
        "species": "Solanum megalochiton",
        "genus": "Solanum",
        "family": "Solanaceae",
        "scientificName": "Solanum megalochiton Mart.",
        "coordinateUncertaintyInMeters": "",
        "basisOfRecord": "OCCURRENCE",
        "eventDate": "1936-05-19",
        "country": null,
        "datasetName": "",
        "publisher": "Centro Internacional de Agricultura Tropical - CIAT",
        "license": "CC_BY_4_0",
        "issues": [
          "GEODETIC_DATUM_ASSUMED_WGS84",
          "CONTINENT_DERIVED_FROM_COORDINATES"
        ],
        "fallback_media": {
          "url": "https://data.nhm.ac.uk/media/b088a439-e20d-4075-bafe-91d8c4b60044",
          "references": null,
          "title": "BM000935480",
          "creator": null,
          "publisher": null,
          "license": "http://creativecommons.org/licenses/by/4.0/",
          "rightsHolder": "The Trustees of the Natural History Museum, London"
        }
      }
    },
    {
      "type": "Feature",
      "geometry": {
        "type": "Point",
        "coordinates": [
          -35.87,
          -9.22
        ]
      },
      "properties": {
        "gbifID": "1302653358",
        "species": "Solanum megalochiton",
        "genus": "Solanum",
        "family": "Solanaceae",
        "scientificName": "Solanum megalochiton Mart.",
        "coordinateUncertaintyInMeters": "",
        "basisOfRecord": "OCCURRENCE",
        "eventDate": "",
        "country": null,
        "datasetName": "",
        "publisher": "Centro Internacional de Agricultura Tropical - CIAT",
        "license": "CC_BY_4_0",
        "issues": [
          "RECORDED_DATE_INVALID",
          "GEODETIC_DATUM_ASSUMED_WGS84",
          "CONTINENT_DERIVED_FROM_COORDINATES"
        ],
        "fallback_media": {
          "url": "https://data.nhm.ac.uk/media/b088a439-e20d-4075-bafe-91d8c4b60044",
          "references": null,
          "title": "BM000935480",
          "creator": null,
          "publisher": null,
          "license": "http://creativecommons.org/licenses/by/4.0/",
          "rightsHolder": "The Trustees of the Natural History Museum, London"
        }
      }
    },
    {
      "type": "Feature",
      "geometry": {
        "type": "Point",
        "coordinates": [
          -35.888333,
          -9.229722
        ]
      },
      "properties": {
        "gbifID": "1302653314",
        "species": "Solanum megalochiton",
        "genus": "Solanum",
        "family": "Solanaceae",
        "scientificName": "Solanum megalochiton Mart.",
        "coordinateUncertaintyInMeters": "",
        "basisOfRecord": "OCCURRENCE",
        "eventDate": "2002-03-16",
        "country": null,
        "datasetName": "",
        "publisher": "Centro Internacional de Agricultura Tropical - CIAT",
        "license": "CC_BY_4_0",
        "issues": [
          "COORDINATE_ROUNDED",
          "GEODETIC_DATUM_ASSUMED_WGS84",
          "CONTINENT_DERIVED_FROM_COORDINATES"
        ],
        "fallback_media": {
          "url": "https://data.nhm.ac.uk/media/b088a439-e20d-4075-bafe-91d8c4b60044",
          "references": null,
          "title": "BM000935480",
          "creator": null,
          "publisher": null,
          "license": "http://creativecommons.org/licenses/by/4.0/",
          "rightsHolder": "The Trustees of the Natural History Museum, London"
        }
      }
    },
    {
      "type": "Feature",
      "geometry": {
        "type": "Point",
        "coordinates": [
          -45.875,
          -23.641667
        ]
      },
      "properties": {
        "gbifID": "1304595818",
        "species": "Solanum megalochiton",
        "genus": "Solanum",
        "family": "Solanaceae",
        "scientificName": "Solanum megalochiton Mart.",
        "coordinateUncertaintyInMeters": "",
        "basisOfRecord": "OCCURRENCE",
        "eventDate": "1983-08-30",
        "country": null,
        "datasetName": "",
        "publisher": "Centro Internacional de Agricultura Tropical - CIAT",
        "license": "CC_BY_4_0",
        "issues": [
          "RECORDED_DATE_INVALID",
          "COORDINATE_ROUNDED",
          "GEODETIC_DATUM_ASSUMED_WGS84",
          "CONTINENT_DERIVED_FROM_COORDINATES"
        ],
        "fallback_media": {
          "url": "https://data.nhm.ac.uk/media/b088a439-e20d-4075-bafe-91d8c4b60044",
          "references": null,
          "title": "BM000935480",
          "creator": null,
          "publisher": null,
          "license": "http://creativecommons.org/licenses/by/4.0/",
          "rightsHolder": "The Trustees of the Natural History Museum, London"
        }
      }
    },
    {
      "type": "Feature",
      "geometry": {
        "type": "Point",
        "coordinates": [
          -40.633333,
          -19.216667
        ]
      },
      "properties": {
        "gbifID": "1304605628",
        "species": "Solanum megalochiton",
        "genus": "Solanum",
        "family": "Solanaceae",
        "scientificName": "Solanum megalochiton Mart.",
        "coordinateUncertaintyInMeters": "",
        "basisOfRecord": "OCCURRENCE",
        "eventDate": "1997-01-29",
        "country": null,
        "datasetName": "",
        "publisher": "Centro Internacional de Agricultura Tropical - CIAT",
        "license": "CC_BY_4_0",
        "issues": [
          "RECORDED_DATE_INVALID",
          "COORDINATE_ROUNDED",
          "GEODETIC_DATUM_ASSUMED_WGS84",
          "CONTINENT_DERIVED_FROM_COORDINATES"
        ],
        "fallback_media": {
          "url": "https://data.nhm.ac.uk/media/b088a439-e20d-4075-bafe-91d8c4b60044",
          "references": null,
          "title": "BM000935480",
          "creator": null,
          "publisher": null,
          "license": "http://creativecommons.org/licenses/by/4.0/",
          "rightsHolder": "The Trustees of the Natural History Museum, London"
        }
      }
    },
    {
      "type": "Feature",
      "geometry": {
        "type": "Point",
        "coordinates": [
          -49.063056,
          -25.441944
        ]
      },
      "properties": {
        "gbifID": "1304596167",
        "species": "Solanum megalochiton",
        "genus": "Solanum",
        "family": "Solanaceae",
        "scientificName": "Solanum megalochiton Mart.",
        "coordinateUncertaintyInMeters": "",
        "basisOfRecord": "OCCURRENCE",
        "eventDate": "1977-10-29",
        "country": null,
        "datasetName": "",
        "publisher": "Centro Internacional de Agricultura Tropical - CIAT",
        "license": "CC_BY_4_0",
        "issues": [
          "RECORDED_DATE_INVALID",
          "COORDINATE_ROUNDED",
          "GEODETIC_DATUM_ASSUMED_WGS84",
          "CONTINENT_DERIVED_FROM_COORDINATES"
        ],
        "fallback_media": {
          "url": "https://data.nhm.ac.uk/media/b088a439-e20d-4075-bafe-91d8c4b60044",
          "references": null,
          "title": "BM000935480",
          "creator": null,
          "publisher": null,
          "license": "http://creativecommons.org/licenses/by/4.0/",
          "rightsHolder": "The Trustees of the Natural History Museum, London"
        }
      }
    },
    {
      "type": "Feature",
      "geometry": {
        "type": "Point",
        "coordinates": [
          -45.0711,
          -23.4339
        ]
      },
      "properties": {
        "gbifID": "1302653345",
        "species": "Solanum megalochiton",
        "genus": "Solanum",
        "family": "Solanaceae",
        "scientificName": "Solanum megalochiton Mart.",
        "coordinateUncertaintyInMeters": "",
        "basisOfRecord": "OCCURRENCE",
        "eventDate": "1938-09-29",
        "country": null,
        "datasetName": "",
        "publisher": "Centro Internacional de Agricultura Tropical - CIAT",
        "license": "CC_BY_4_0",
        "issues": [
          "GEODETIC_DATUM_ASSUMED_WGS84",
          "CONTINENT_DERIVED_FROM_COORDINATES"
        ],
        "fallback_media": {
          "url": "https://data.nhm.ac.uk/media/b088a439-e20d-4075-bafe-91d8c4b60044",
          "references": null,
          "title": "BM000935480",
          "creator": null,
          "publisher": null,
          "license": "http://creativecommons.org/licenses/by/4.0/",
          "rightsHolder": "The Trustees of the Natural History Museum, London"
        }
      }
    },
    {
      "type": "Feature",
      "geometry": {
        "type": "Point",
        "coordinates": [
          -43.209722,
          -22.9
        ]
      },
      "properties": {
        "gbifID": "1302653299",
        "species": "Solanum megalochiton",
        "genus": "Solanum",
        "family": "Solanaceae",
        "scientificName": "Solanum megalochiton Mart.",
        "coordinateUncertaintyInMeters": "",
        "basisOfRecord": "OCCURRENCE",
        "eventDate": "1986-10-27",
        "country": null,
        "datasetName": "",
        "publisher": "Centro Internacional de Agricultura Tropical - CIAT",
        "license": "CC_BY_4_0",
        "issues": [
          "GEODETIC_DATUM_ASSUMED_WGS84",
          "CONTINENT_DERIVED_FROM_COORDINATES"
        ],
        "fallback_media": {
          "url": "https://data.nhm.ac.uk/media/b088a439-e20d-4075-bafe-91d8c4b60044",
          "references": null,
          "title": "BM000935480",
          "creator": null,
          "publisher": null,
          "license": "http://creativecommons.org/licenses/by/4.0/",
          "rightsHolder": "The Trustees of the Natural History Museum, London"
        }
      }
    },
    {
      "type": "Feature",
      "geometry": {
        "type": "Point",
        "coordinates": [
          -49.924556,
          -25.167833
        ]
      },
      "properties": {
        "gbifID": "1302653369",
        "species": "Solanum megalochiton",
        "genus": "Solanum",
        "family": "Solanaceae",
        "scientificName": "Solanum megalochiton Mart.",
        "coordinateUncertaintyInMeters": "",
        "basisOfRecord": "OCCURRENCE",
        "eventDate": "2009-10-16",
        "country": null,
        "datasetName": "",
        "publisher": "Centro Internacional de Agricultura Tropical - CIAT",
        "license": "CC_BY_4_0",
        "issues": [
          "GEODETIC_DATUM_ASSUMED_WGS84",
          "CONTINENT_DERIVED_FROM_COORDINATES"
        ],
        "fallback_media": {
          "url": "https://data.nhm.ac.uk/media/b088a439-e20d-4075-bafe-91d8c4b60044",
          "references": null,
          "title": "BM000935480",
          "creator": null,
          "publisher": null,
          "license": "http://creativecommons.org/licenses/by/4.0/",
          "rightsHolder": "The Trustees of the Natural History Museum, London"
        }
      }
    },
    {
      "type": "Feature",
      "geometry": {
        "type": "Point",
        "coordinates": [
          -49.429167,
          -26.098333
        ]
      },
      "properties": {
        "gbifID": "1304602950",
        "species": "Solanum megalochiton",
        "genus": "Solanum",
        "family": "Solanaceae",
        "scientificName": "Solanum megalochiton Mart.",
        "coordinateUncertaintyInMeters": "",
        "basisOfRecord": "OCCURRENCE",
        "eventDate": "1993-09-15",
        "country": null,
        "datasetName": "",
        "publisher": "Centro Internacional de Agricultura Tropical - CIAT",
        "license": "CC_BY_4_0",
        "issues": [
          "RECORDED_DATE_INVALID",
          "COORDINATE_ROUNDED",
          "GEODETIC_DATUM_ASSUMED_WGS84",
          "CONTINENT_DERIVED_FROM_COORDINATES"
        ],
        "fallback_media": {
          "url": "https://data.nhm.ac.uk/media/b088a439-e20d-4075-bafe-91d8c4b60044",
          "references": null,
          "title": "BM000935480",
          "creator": null,
          "publisher": null,
          "license": "http://creativecommons.org/licenses/by/4.0/",
          "rightsHolder": "The Trustees of the Natural History Museum, London"
        }
      }
    },
    {
      "type": "Feature",
      "geometry": {
        "type": "Point",
        "coordinates": [
          -48.638056,
          -26.243333
        ]
      },
      "properties": {
        "gbifID": "1304597227",
        "species": "Solanum megalochiton",
        "genus": "Solanum",
        "family": "Solanaceae",
        "scientificName": "Solanum megalochiton Mart.",
        "coordinateUncertaintyInMeters": "",
        "basisOfRecord": "OCCURRENCE",
        "eventDate": "1960-09-02",
        "country": null,
        "datasetName": "",
        "publisher": "Centro Internacional de Agricultura Tropical - CIAT",
        "license": "CC_BY_4_0",
        "issues": [
          "RECORDED_DATE_INVALID",
          "COORDINATE_ROUNDED",
          "GEODETIC_DATUM_ASSUMED_WGS84",
          "CONTINENT_DERIVED_FROM_COORDINATES"
        ],
        "fallback_media": {
          "url": "https://data.nhm.ac.uk/media/b088a439-e20d-4075-bafe-91d8c4b60044",
          "references": null,
          "title": "BM000935480",
          "creator": null,
          "publisher": null,
          "license": "http://creativecommons.org/licenses/by/4.0/",
          "rightsHolder": "The Trustees of the Natural History Museum, London"
        }
      }
    },
    {
      "type": "Feature",
      "geometry": {
        "type": "Point",
        "coordinates": [
          -47.068611,
          -22.863611
        ]
      },
      "properties": {
        "gbifID": "1302653319",
        "species": "Solanum megalochiton",
        "genus": "Solanum",
        "family": "Solanaceae",
        "scientificName": "Solanum megalochiton Mart.",
        "coordinateUncertaintyInMeters": "",
        "basisOfRecord": "OCCURRENCE",
        "eventDate": "1992-10",
        "country": null,
        "datasetName": "",
        "publisher": "Centro Internacional de Agricultura Tropical - CIAT",
        "license": "CC_BY_4_0",
        "issues": [
          "RECORDED_DATE_INVALID",
          "GEODETIC_DATUM_ASSUMED_WGS84",
          "CONTINENT_DERIVED_FROM_COORDINATES"
        ],
        "fallback_media": {
          "url": "https://data.nhm.ac.uk/media/b088a439-e20d-4075-bafe-91d8c4b60044",
          "references": null,
          "title": "BM000935480",
          "creator": null,
          "publisher": null,
          "license": "http://creativecommons.org/licenses/by/4.0/",
          "rightsHolder": "The Trustees of the Natural History Museum, London"
        }
      }
    },
    {
      "type": "Feature",
      "geometry": {
        "type": "Point",
        "coordinates": [
          -46.6361,
          -23.5475
        ]
      },
      "properties": {
        "gbifID": "1302653357",
        "species": "Solanum megalochiton",
        "genus": "Solanum",
        "family": "Solanaceae",
        "scientificName": "Solanum megalochiton Mart.",
        "coordinateUncertaintyInMeters": "",
        "basisOfRecord": "OCCURRENCE",
        "eventDate": "1985-07-12",
        "country": null,
        "datasetName": "",
        "publisher": "Centro Internacional de Agricultura Tropical - CIAT",
        "license": "CC_BY_4_0",
        "issues": [
          "GEODETIC_DATUM_ASSUMED_WGS84",
          "CONTINENT_DERIVED_FROM_COORDINATES"
        ],
        "fallback_media": {
          "url": "https://data.nhm.ac.uk/media/b088a439-e20d-4075-bafe-91d8c4b60044",
          "references": null,
          "title": "BM000935480",
          "creator": null,
          "publisher": null,
          "license": "http://creativecommons.org/licenses/by/4.0/",
          "rightsHolder": "The Trustees of the Natural History Museum, London"
        }
      }
    },
    {
      "type": "Feature",
      "geometry": {
        "type": "Point",
        "coordinates": [
          -48.917222,
          -27.098333
        ]
      },
      "properties": {
        "gbifID": "1304602957",
        "species": "Solanum megalochiton",
        "genus": "Solanum",
        "family": "Solanaceae",
        "scientificName": "Solanum megalochiton Mart.",
        "coordinateUncertaintyInMeters": "",
        "basisOfRecord": "OCCURRENCE",
        "eventDate": "",
        "country": null,
        "datasetName": "",
        "publisher": "Centro Internacional de Agricultura Tropical - CIAT",
        "license": "CC_BY_4_0",
        "issues": [
          "RECORDED_DATE_INVALID",
          "COORDINATE_ROUNDED",
          "GEODETIC_DATUM_ASSUMED_WGS84",
          "CONTINENT_DERIVED_FROM_COORDINATES"
        ],
        "fallback_media": {
          "url": "https://data.nhm.ac.uk/media/b088a439-e20d-4075-bafe-91d8c4b60044",
          "references": null,
          "title": "BM000935480",
          "creator": null,
          "publisher": null,
          "license": "http://creativecommons.org/licenses/by/4.0/",
          "rightsHolder": "The Trustees of the Natural History Museum, London"
        }
      }
    },
    {
      "type": "Feature",
      "geometry": {
        "type": "Point",
        "coordinates": [
          -46.529722,
          -23.66
        ]
      },
      "properties": {
        "gbifID": "1304597545",
        "species": "Solanum megalochiton",
        "genus": "Solanum",
        "family": "Solanaceae",
        "scientificName": "Solanum megalochiton Mart.",
        "coordinateUncertaintyInMeters": "",
        "basisOfRecord": "OCCURRENCE",
        "eventDate": "1982-09-01",
        "country": null,
        "datasetName": "",
        "publisher": "Centro Internacional de Agricultura Tropical - CIAT",
        "license": "CC_BY_4_0",
        "issues": [
          "RECORDED_DATE_INVALID",
          "COORDINATE_ROUNDED",
          "GEODETIC_DATUM_ASSUMED_WGS84",
          "CONTINENT_DERIVED_FROM_COORDINATES"
        ],
        "fallback_media": {
          "url": "https://data.nhm.ac.uk/media/b088a439-e20d-4075-bafe-91d8c4b60044",
          "references": null,
          "title": "BM000935480",
          "creator": null,
          "publisher": null,
          "license": "http://creativecommons.org/licenses/by/4.0/",
          "rightsHolder": "The Trustees of the Natural History Museum, London"
        }
      }
    },
    {
      "type": "Feature",
      "geometry": {
        "type": "Point",
        "coordinates": [
          -49.216667,
          -25.366667
        ]
      },
      "properties": {
        "gbifID": "1304581716",
        "species": "Solanum megalochiton",
        "genus": "Solanum",
        "family": "Solanaceae",
        "scientificName": "Solanum megalochiton Mart.",
        "coordinateUncertaintyInMeters": "",
        "basisOfRecord": "OCCURRENCE",
        "eventDate": "1985-09-13",
        "country": null,
        "datasetName": "",
        "publisher": "Centro Internacional de Agricultura Tropical - CIAT",
        "license": "CC_BY_4_0",
        "issues": [
          "RECORDED_DATE_INVALID",
          "COORDINATE_ROUNDED",
          "GEODETIC_DATUM_ASSUMED_WGS84",
          "CONTINENT_DERIVED_FROM_COORDINATES"
        ],
        "fallback_media": {
          "url": "https://data.nhm.ac.uk/media/b088a439-e20d-4075-bafe-91d8c4b60044",
          "references": null,
          "title": "BM000935480",
          "creator": null,
          "publisher": null,
          "license": "http://creativecommons.org/licenses/by/4.0/",
          "rightsHolder": "The Trustees of the Natural History Museum, London"
        }
      }
    },
    {
      "type": "Feature",
      "geometry": {
        "type": "Point",
        "coordinates": [
          -49.969639,
          -25.174
        ]
      },
      "properties": {
        "gbifID": "1302653359",
        "species": "Solanum megalochiton",
        "genus": "Solanum",
        "family": "Solanaceae",
        "scientificName": "Solanum megalochiton Mart.",
        "coordinateUncertaintyInMeters": "",
        "basisOfRecord": "OCCURRENCE",
        "eventDate": "2007-11-03",
        "country": null,
        "datasetName": "",
        "publisher": "Centro Internacional de Agricultura Tropical - CIAT",
        "license": "CC_BY_4_0",
        "issues": [
          "GEODETIC_DATUM_ASSUMED_WGS84",
          "CONTINENT_DERIVED_FROM_COORDINATES"
        ],
        "fallback_media": {
          "url": "https://data.nhm.ac.uk/media/b088a439-e20d-4075-bafe-91d8c4b60044",
          "references": null,
          "title": "BM000935480",
          "creator": null,
          "publisher": null,
          "license": "http://creativecommons.org/licenses/by/4.0/",
          "rightsHolder": "The Trustees of the Natural History Museum, London"
        }
      }
    },
    {
      "type": "Feature",
      "geometry": {
        "type": "Point",
        "coordinates": [
          -46.3,
          -23.75
        ]
      },
      "properties": {
        "gbifID": "1304607908",
        "species": "Solanum megalochiton",
        "genus": "Solanum",
        "family": "Solanaceae",
        "scientificName": "Solanum megalochiton Mart.",
        "coordinateUncertaintyInMeters": "",
        "basisOfRecord": "OCCURRENCE",
        "eventDate": "1973-08-26",
        "country": null,
        "datasetName": "",
        "publisher": "Centro Internacional de Agricultura Tropical - CIAT",
        "license": "CC_BY_4_0",
        "issues": [
          "RECORDED_DATE_INVALID",
          "GEODETIC_DATUM_ASSUMED_WGS84",
          "CONTINENT_DERIVED_FROM_COORDINATES"
        ],
        "fallback_media": {
          "url": "https://data.nhm.ac.uk/media/b088a439-e20d-4075-bafe-91d8c4b60044",
          "references": null,
          "title": "BM000935480",
          "creator": null,
          "publisher": null,
          "license": "http://creativecommons.org/licenses/by/4.0/",
          "rightsHolder": "The Trustees of the Natural History Museum, London"
        }
      }
    },
    {
      "type": "Feature",
      "geometry": {
        "type": "Point",
        "coordinates": [
          -42.530833,
          -22.281944
        ]
      },
      "properties": {
        "gbifID": "1304603247",
        "species": "Solanum megalochiton",
        "genus": "Solanum",
        "family": "Solanaceae",
        "scientificName": "Solanum megalochiton Mart.",
        "coordinateUncertaintyInMeters": "",
        "basisOfRecord": "OCCURRENCE",
        "eventDate": "1988-10-18",
        "country": null,
        "datasetName": "",
        "publisher": "Centro Internacional de Agricultura Tropical - CIAT",
        "license": "CC_BY_4_0",
        "issues": [
          "RECORDED_DATE_INVALID",
          "COORDINATE_ROUNDED",
          "GEODETIC_DATUM_ASSUMED_WGS84",
          "CONTINENT_DERIVED_FROM_COORDINATES"
        ],
        "fallback_media": {
          "url": "https://data.nhm.ac.uk/media/b088a439-e20d-4075-bafe-91d8c4b60044",
          "references": null,
          "title": "BM000935480",
          "creator": null,
          "publisher": null,
          "license": "http://creativecommons.org/licenses/by/4.0/",
          "rightsHolder": "The Trustees of the Natural History Museum, London"
        }
      }
    },
    {
      "type": "Feature",
      "geometry": {
        "type": "Point",
        "coordinates": [
          -39.4283,
          -12.7656
        ]
      },
      "properties": {
        "gbifID": "1302653340",
        "species": "Solanum megalochiton",
        "genus": "Solanum",
        "family": "Solanaceae",
        "scientificName": "Solanum megalochiton Mart.",
        "coordinateUncertaintyInMeters": "",
        "basisOfRecord": "OCCURRENCE",
        "eventDate": "1993-05-07",
        "country": null,
        "datasetName": "",
        "publisher": "Centro Internacional de Agricultura Tropical - CIAT",
        "license": "CC_BY_4_0",
        "issues": [
          "GEODETIC_DATUM_ASSUMED_WGS84",
          "CONTINENT_DERIVED_FROM_COORDINATES"
        ],
        "fallback_media": {
          "url": "https://data.nhm.ac.uk/media/b088a439-e20d-4075-bafe-91d8c4b60044",
          "references": null,
          "title": "BM000935480",
          "creator": null,
          "publisher": null,
          "license": "http://creativecommons.org/licenses/by/4.0/",
          "rightsHolder": "The Trustees of the Natural History Museum, London"
        }
      }
    },
    {
      "type": "Feature",
      "geometry": {
        "type": "Point",
        "coordinates": [
          -41.8683,
          -20.4333
        ]
      },
      "properties": {
        "gbifID": "1302653360",
        "species": "Solanum megalochiton",
        "genus": "Solanum",
        "family": "Solanaceae",
        "scientificName": "Solanum megalochiton Mart.",
        "coordinateUncertaintyInMeters": "",
        "basisOfRecord": "OCCURRENCE",
        "eventDate": "1996-05-01",
        "country": null,
        "datasetName": "",
        "publisher": "Centro Internacional de Agricultura Tropical - CIAT",
        "license": "CC_BY_4_0",
        "issues": [
          "GEODETIC_DATUM_ASSUMED_WGS84",
          "CONTINENT_DERIVED_FROM_COORDINATES"
        ],
        "fallback_media": {
          "url": "https://data.nhm.ac.uk/media/b088a439-e20d-4075-bafe-91d8c4b60044",
          "references": null,
          "title": "BM000935480",
          "creator": null,
          "publisher": null,
          "license": "http://creativecommons.org/licenses/by/4.0/",
          "rightsHolder": "The Trustees of the Natural History Museum, London"
        }
      }
    },
    {
      "type": "Feature",
      "geometry": {
        "type": "Point",
        "coordinates": [
          -43.350278,
          -21.764444
        ]
      },
      "properties": {
        "gbifID": "1304602585",
        "species": "Solanum megalochiton",
        "genus": "Solanum",
        "family": "Solanaceae",
        "scientificName": "Solanum megalochiton Mart.",
        "coordinateUncertaintyInMeters": "",
        "basisOfRecord": "OCCURRENCE",
        "eventDate": "1936-07-05",
        "country": null,
        "datasetName": "",
        "publisher": "Centro Internacional de Agricultura Tropical - CIAT",
        "license": "CC_BY_4_0",
        "issues": [
          "RECORDED_DATE_INVALID",
          "COORDINATE_ROUNDED",
          "GEODETIC_DATUM_ASSUMED_WGS84",
          "CONTINENT_DERIVED_FROM_COORDINATES"
        ],
        "fallback_media": {
          "url": "https://data.nhm.ac.uk/media/b088a439-e20d-4075-bafe-91d8c4b60044",
          "references": null,
          "title": "BM000935480",
          "creator": null,
          "publisher": null,
          "license": "http://creativecommons.org/licenses/by/4.0/",
          "rightsHolder": "The Trustees of the Natural History Museum, London"
        }
      }
    },
    {
      "type": "Feature",
      "geometry": {
        "type": "Point",
        "coordinates": [
          -46.1447,
          -22.7553
        ]
      },
      "properties": {
        "gbifID": "1302653337",
        "species": "Solanum megalochiton",
        "genus": "Solanum",
        "family": "Solanaceae",
        "scientificName": "Solanum megalochiton Mart.",
        "coordinateUncertaintyInMeters": "",
        "basisOfRecord": "OCCURRENCE",
        "eventDate": "1999-08-26",
        "country": null,
        "datasetName": "",
        "publisher": "Centro Internacional de Agricultura Tropical - CIAT",
        "license": "CC_BY_4_0",
        "issues": [
          "GEODETIC_DATUM_ASSUMED_WGS84",
          "CONTINENT_DERIVED_FROM_COORDINATES"
        ],
        "fallback_media": {
          "url": "https://data.nhm.ac.uk/media/b088a439-e20d-4075-bafe-91d8c4b60044",
          "references": null,
          "title": "BM000935480",
          "creator": null,
          "publisher": null,
          "license": "http://creativecommons.org/licenses/by/4.0/",
          "rightsHolder": "The Trustees of the Natural History Museum, London"
        }
      }
    },
    {
      "type": "Feature",
      "geometry": {
        "type": "Point",
        "coordinates": [
          -45.883333,
          -23.716667
        ]
      },
      "properties": {
        "gbifID": "1304339369",
        "species": "Solanum megalochiton",
        "genus": "Solanum",
        "family": "Solanaceae",
        "scientificName": "Solanum megalochiton Mart.",
        "coordinateUncertaintyInMeters": "",
        "basisOfRecord": "OCCURRENCE",
        "eventDate": "1983-08-30",
        "country": null,
        "datasetName": "",
        "publisher": "Centro Internacional de Agricultura Tropical - CIAT",
        "license": "CC_BY_4_0",
        "issues": [
          "COORDINATE_ROUNDED",
          "GEODETIC_DATUM_ASSUMED_WGS84",
          "CONTINENT_DERIVED_FROM_COORDINATES"
        ],
        "fallback_media": {
          "url": "https://data.nhm.ac.uk/media/b088a439-e20d-4075-bafe-91d8c4b60044",
          "references": null,
          "title": "BM000935480",
          "creator": null,
          "publisher": null,
          "license": "http://creativecommons.org/licenses/by/4.0/",
          "rightsHolder": "The Trustees of the Natural History Museum, London"
        }
      }
    },
    {
      "type": "Feature",
      "geometry": {
        "type": "Point",
        "coordinates": [
          -45.473333,
          -21.116111
        ]
      },
      "properties": {
        "gbifID": "1302653384",
        "species": "Solanum megalochiton",
        "genus": "Solanum",
        "family": "Solanaceae",
        "scientificName": "Solanum megalochiton Mart.",
        "coordinateUncertaintyInMeters": "",
        "basisOfRecord": "OCCURRENCE",
        "eventDate": "2006-12-26",
        "country": null,
        "datasetName": "",
        "publisher": "Centro Internacional de Agricultura Tropical - CIAT",
        "license": "CC_BY_4_0",
        "issues": [
          "GEODETIC_DATUM_ASSUMED_WGS84",
          "CONTINENT_DERIVED_FROM_COORDINATES"
        ],
        "fallback_media": {
          "url": "https://data.nhm.ac.uk/media/b088a439-e20d-4075-bafe-91d8c4b60044",
          "references": null,
          "title": "BM000935480",
          "creator": null,
          "publisher": null,
          "license": "http://creativecommons.org/licenses/by/4.0/",
          "rightsHolder": "The Trustees of the Natural History Museum, London"
        }
      }
    },
    {
      "type": "Feature",
      "geometry": {
        "type": "Point",
        "coordinates": [
          -49.115,
          -25.2061
        ]
      },
      "properties": {
        "gbifID": "1302653307",
        "species": "Solanum megalochiton",
        "genus": "Solanum",
        "family": "Solanaceae",
        "scientificName": "Solanum megalochiton Mart.",
        "coordinateUncertaintyInMeters": "",
        "basisOfRecord": "OCCURRENCE",
        "eventDate": "1938-07-13",
        "country": null,
        "datasetName": "",
        "publisher": "Centro Internacional de Agricultura Tropical - CIAT",
        "license": "CC_BY_4_0",
        "issues": [
          "GEODETIC_DATUM_ASSUMED_WGS84",
          "CONTINENT_DERIVED_FROM_COORDINATES"
        ],
        "fallback_media": {
          "url": "https://data.nhm.ac.uk/media/b088a439-e20d-4075-bafe-91d8c4b60044",
          "references": null,
          "title": "BM000935480",
          "creator": null,
          "publisher": null,
          "license": "http://creativecommons.org/licenses/by/4.0/",
          "rightsHolder": "The Trustees of the Natural History Museum, London"
        }
      }
    },
    {
      "type": "Feature",
      "geometry": {
        "type": "Point",
        "coordinates": [
          -42.5208,
          -20.6667
        ]
      },
      "properties": {
        "gbifID": "1302653297",
        "species": "Solanum megalochiton",
        "genus": "Solanum",
        "family": "Solanaceae",
        "scientificName": "Solanum megalochiton Mart.",
        "coordinateUncertaintyInMeters": "",
        "basisOfRecord": "OCCURRENCE",
        "eventDate": "1993-08-18",
        "country": null,
        "datasetName": "",
        "publisher": "Centro Internacional de Agricultura Tropical - CIAT",
        "license": "CC_BY_4_0",
        "issues": [
          "GEODETIC_DATUM_ASSUMED_WGS84",
          "CONTINENT_DERIVED_FROM_COORDINATES"
        ],
        "fallback_media": {
          "url": "https://data.nhm.ac.uk/media/b088a439-e20d-4075-bafe-91d8c4b60044",
          "references": null,
          "title": "BM000935480",
          "creator": null,
          "publisher": null,
          "license": "http://creativecommons.org/licenses/by/4.0/",
          "rightsHolder": "The Trustees of the Natural History Museum, London"
        }
      }
    },
    {
      "type": "Feature",
      "geometry": {
        "type": "Point",
        "coordinates": [
          -44.9597,
          -23.0744
        ]
      },
      "properties": {
        "gbifID": "1302653343",
        "species": "Solanum megalochiton",
        "genus": "Solanum",
        "family": "Solanaceae",
        "scientificName": "Solanum megalochiton Mart.",
        "coordinateUncertaintyInMeters": "",
        "basisOfRecord": "OCCURRENCE",
        "eventDate": "1940-10-03",
        "country": null,
        "datasetName": "",
        "publisher": "Centro Internacional de Agricultura Tropical - CIAT",
        "license": "CC_BY_4_0",
        "issues": [
          "GEODETIC_DATUM_ASSUMED_WGS84",
          "CONTINENT_DERIVED_FROM_COORDINATES"
        ],
        "fallback_media": {
          "url": "https://data.nhm.ac.uk/media/b088a439-e20d-4075-bafe-91d8c4b60044",
          "references": null,
          "title": "BM000935480",
          "creator": null,
          "publisher": null,
          "license": "http://creativecommons.org/licenses/by/4.0/",
          "rightsHolder": "The Trustees of the Natural History Museum, London"
        }
      }
    },
    {
      "type": "Feature",
      "geometry": {
        "type": "Point",
        "coordinates": [
          -45.5914,
          -22.7394
        ]
      },
      "properties": {
        "gbifID": "1302653341",
        "species": "Solanum megalochiton",
        "genus": "Solanum",
        "family": "Solanaceae",
        "scientificName": "Solanum megalochiton Mart.",
        "coordinateUncertaintyInMeters": "",
        "basisOfRecord": "OCCURRENCE",
        "eventDate": "1987-03-27",
        "country": null,
        "datasetName": "",
        "publisher": "Centro Internacional de Agricultura Tropical - CIAT",
        "license": "CC_BY_4_0",
        "issues": [
          "GEODETIC_DATUM_ASSUMED_WGS84",
          "CONTINENT_DERIVED_FROM_COORDINATES"
        ],
        "fallback_media": {
          "url": "https://data.nhm.ac.uk/media/b088a439-e20d-4075-bafe-91d8c4b60044",
          "references": null,
          "title": "BM000935480",
          "creator": null,
          "publisher": null,
          "license": "http://creativecommons.org/licenses/by/4.0/",
          "rightsHolder": "The Trustees of the Natural History Museum, London"
        }
      }
    },
    {
      "type": "Feature",
      "geometry": {
        "type": "Point",
        "coordinates": [
          -45.4097,
          -23.76
        ]
      },
      "properties": {
        "gbifID": "1302653355",
        "species": "Solanum megalochiton",
        "genus": "Solanum",
        "family": "Solanaceae",
        "scientificName": "Solanum megalochiton Mart.",
        "coordinateUncertaintyInMeters": "",
        "basisOfRecord": "OCCURRENCE",
        "eventDate": "1972-09-06",
        "country": null,
        "datasetName": "",
        "publisher": "Centro Internacional de Agricultura Tropical - CIAT",
        "license": "CC_BY_4_0",
        "issues": [
          "GEODETIC_DATUM_ASSUMED_WGS84",
          "CONTINENT_DERIVED_FROM_COORDINATES"
        ],
        "fallback_media": {
          "url": "https://data.nhm.ac.uk/media/b088a439-e20d-4075-bafe-91d8c4b60044",
          "references": null,
          "title": "BM000935480",
          "creator": null,
          "publisher": null,
          "license": "http://creativecommons.org/licenses/by/4.0/",
          "rightsHolder": "The Trustees of the Natural History Museum, London"
        }
      }
    },
    {
      "type": "Feature",
      "geometry": {
        "type": "Point",
        "coordinates": [
          -60.025,
          -3.1019
        ]
      },
      "properties": {
        "gbifID": "1302653339",
        "species": "Solanum megalochiton",
        "genus": "Solanum",
        "family": "Solanaceae",
        "scientificName": "Solanum megalochiton Mart.",
        "coordinateUncertaintyInMeters": "",
        "basisOfRecord": "OCCURRENCE",
        "eventDate": "1976-07-27",
        "country": null,
        "datasetName": "",
        "publisher": "Centro Internacional de Agricultura Tropical - CIAT",
        "license": "CC_BY_4_0",
        "issues": [
          "GEODETIC_DATUM_ASSUMED_WGS84",
          "CONTINENT_DERIVED_FROM_COORDINATES"
        ],
        "fallback_media": {
          "url": "https://data.nhm.ac.uk/media/b088a439-e20d-4075-bafe-91d8c4b60044",
          "references": null,
          "title": "BM000935480",
          "creator": null,
          "publisher": null,
          "license": "http://creativecommons.org/licenses/by/4.0/",
          "rightsHolder": "The Trustees of the Natural History Museum, London"
        }
      }
    },
    {
      "type": "Feature",
      "geometry": {
        "type": "Point",
        "coordinates": [
          -35.879722,
          -9.225556
        ]
      },
      "properties": {
        "gbifID": "1304596325",
        "species": "Solanum megalochiton",
        "genus": "Solanum",
        "family": "Solanaceae",
        "scientificName": "Solanum megalochiton Mart.",
        "coordinateUncertaintyInMeters": "",
        "basisOfRecord": "OCCURRENCE",
        "eventDate": "2001-05-14",
        "country": null,
        "datasetName": "",
        "publisher": "Centro Internacional de Agricultura Tropical - CIAT",
        "license": "CC_BY_4_0",
        "issues": [
          "RECORDED_DATE_INVALID",
          "COORDINATE_ROUNDED",
          "GEODETIC_DATUM_ASSUMED_WGS84",
          "CONTINENT_DERIVED_FROM_COORDINATES"
        ],
        "fallback_media": {
          "url": "https://data.nhm.ac.uk/media/b088a439-e20d-4075-bafe-91d8c4b60044",
          "references": null,
          "title": "BM000935480",
          "creator": null,
          "publisher": null,
          "license": "http://creativecommons.org/licenses/by/4.0/",
          "rightsHolder": "The Trustees of the Natural History Museum, London"
        }
      }
    },
    {
      "type": "Feature",
      "geometry": {
        "type": "Point",
        "coordinates": [
          -44.637778,
          -22.374167
        ]
      },
      "properties": {
        "gbifID": "2997493753",
        "species": "Solanum megalochiton",
        "genus": "Solanum",
        "family": "Solanaceae",
        "scientificName": "Solanum megalochiton Mart.",
        "coordinateUncertaintyInMeters": "",
        "basisOfRecord": "PRESERVED_SPECIMEN",
        "eventDate": "1967-07-14",
        "country": null,
        "datasetName": "",
        "publisher": "Instituto de Pesquisas Jardim Botanico do Rio de Janeiro",
        "license": "CC_BY_4_0",
        "issues": [
          "IDENTIFIED_DATE_INVALID",
          "COORDINATE_ROUNDED",
          "GEODETIC_DATUM_ASSUMED_WGS84",
          "CONTINENT_DERIVED_FROM_COORDINATES",
          "INSTITUTION_MATCH_FUZZY",
          "COLLECTION_MATCH_FUZZY"
        ],
        "fallback_media": {
          "url": "https://data.nhm.ac.uk/media/b088a439-e20d-4075-bafe-91d8c4b60044",
          "references": null,
          "title": "BM000935480",
          "creator": null,
          "publisher": null,
          "license": "http://creativecommons.org/licenses/by/4.0/",
          "rightsHolder": "The Trustees of the Natural History Museum, London"
        }
      }
    },
    {
      "type": "Feature",
      "geometry": {
        "type": "Point",
        "coordinates": [
          -49.048056,
          -25.507778
        ]
      },
      "properties": {
        "gbifID": "2997987961",
        "species": "Solanum megalochiton",
        "genus": "Solanum",
        "family": "Solanaceae",
        "scientificName": "Solanum megalochiton Mart.",
        "coordinateUncertaintyInMeters": "",
        "basisOfRecord": "PRESERVED_SPECIMEN",
        "eventDate": "1977-10-29",
        "country": null,
        "datasetName": "",
        "publisher": "Instituto de Pesquisas Jardim Botanico do Rio de Janeiro",
        "license": "CC_BY_4_0",
        "issues": [
          "IDENTIFIED_DATE_INVALID",
          "COORDINATE_ROUNDED",
          "GEODETIC_DATUM_ASSUMED_WGS84",
          "CONTINENT_DERIVED_FROM_COORDINATES",
          "INSTITUTION_MATCH_FUZZY",
          "COLLECTION_MATCH_FUZZY"
        ],
        "fallback_media": {
          "url": "https://data.nhm.ac.uk/media/b088a439-e20d-4075-bafe-91d8c4b60044",
          "references": null,
          "title": "BM000935480",
          "creator": null,
          "publisher": null,
          "license": "http://creativecommons.org/licenses/by/4.0/",
          "rightsHolder": "The Trustees of the Natural History Museum, London"
        }
      }
    },
    {
      "type": "Feature",
      "geometry": {
        "type": "Point",
        "coordinates": [
          -51.078056,
          -26.238333
        ]
      },
      "properties": {
        "gbifID": "2998011924",
        "species": "Solanum megalochiton",
        "genus": "Solanum",
        "family": "Solanaceae",
        "scientificName": "Solanum megalochiton Mart.",
        "coordinateUncertaintyInMeters": "",
        "basisOfRecord": "PRESERVED_SPECIMEN",
        "eventDate": "",
        "country": null,
        "datasetName": "",
        "publisher": "Instituto de Pesquisas Jardim Botanico do Rio de Janeiro",
        "license": "CC_BY_4_0",
        "issues": [
          "COORDINATE_ROUNDED",
          "GEODETIC_DATUM_ASSUMED_WGS84",
          "CONTINENT_DERIVED_FROM_COORDINATES",
          "INSTITUTION_MATCH_FUZZY",
          "COLLECTION_MATCH_FUZZY"
        ],
        "fallback_media": {
          "url": "https://data.nhm.ac.uk/media/b088a439-e20d-4075-bafe-91d8c4b60044",
          "references": null,
          "title": "BM000935480",
          "creator": null,
          "publisher": null,
          "license": "http://creativecommons.org/licenses/by/4.0/",
          "rightsHolder": "The Trustees of the Natural History Museum, London"
        }
      }
    },
    {
      "type": "Feature",
      "geometry": {
        "type": "Point",
        "coordinates": [
          -49.271667,
          -24.240833
        ]
      },
      "properties": {
        "gbifID": "1424506360",
        "species": "Solanum megalochiton",
        "genus": "Solanum",
        "family": "Solanaceae",
        "scientificName": "Solanum megalochiton Mart.",
        "coordinateUncertaintyInMeters": "",
        "basisOfRecord": "PRESERVED_SPECIMEN",
        "eventDate": "1994-06-03",
        "country": null,
        "datasetName": "RB - Rio de Janeiro Botanical Garden Herbarium Collection",
        "publisher": "Instituto de Pesquisas Jardim Botanico do Rio de Janeiro",
        "license": "CC_BY_4_0",
        "issues": [
          "COORDINATE_ROUNDED",
          "GEODETIC_DATUM_ASSUMED_WGS84",
          "CONTINENT_DERIVED_FROM_COORDINATES",
          "INSTITUTION_MATCH_FUZZY",
          "COLLECTION_MATCH_FUZZY"
        ],
        "media": [
          {
            "url": "http://jbrj-public-img.s3-sa-east-1.amazonaws.com/JPG/rb/0/93/71/48/00937148.jpg",
            "references": null,
            "title": null,
            "creator": null,
            "publisher": null,
            "license": null,
            "rightsHolder": null
          }
        ]
      }
    },
    {
      "type": "Feature",
      "geometry": {
        "type": "Point",
        "coordinates": [
          -41.1525,
          -11.811111
        ]
      },
      "properties": {
        "gbifID": "1424242998",
        "species": "Solanum megalochiton",
        "genus": "Solanum",
        "family": "Solanaceae",
        "scientificName": "Solanum megalochiton Mart.",
        "coordinateUncertaintyInMeters": "",
        "basisOfRecord": "PRESERVED_SPECIMEN",
        "eventDate": "2002-03-11",
        "country": null,
        "datasetName": "RB - Rio de Janeiro Botanical Garden Herbarium Collection",
        "publisher": "Instituto de Pesquisas Jardim Botanico do Rio de Janeiro",
        "license": "CC_BY_4_0",
        "issues": [
          "COORDINATE_ROUNDED",
          "GEODETIC_DATUM_ASSUMED_WGS84",
          "CONTINENT_DERIVED_FROM_COORDINATES",
          "INSTITUTION_MATCH_FUZZY",
          "COLLECTION_MATCH_FUZZY"
        ],
        "media": [
          {
            "url": "http://jbrj-public-img.s3-sa-east-1.amazonaws.com/JPG/rb/0/52/65/77/00526577.jpg",
            "references": null,
            "title": null,
            "creator": null,
            "publisher": null,
            "license": null,
            "rightsHolder": null
          }
        ]
      }
    },
    {
      "type": "Feature",
      "geometry": {
        "type": "Point",
        "coordinates": [
          -43.893611,
          -21.684444
        ]
      },
      "properties": {
        "gbifID": "1424266663",
        "species": "Solanum megalochiton",
        "genus": "Solanum",
        "family": "Solanaceae",
        "scientificName": "Solanum megalochiton Mart.",
        "coordinateUncertaintyInMeters": "",
        "basisOfRecord": "PRESERVED_SPECIMEN",
        "eventDate": "2004-03-11",
        "country": null,
        "datasetName": "RB - Rio de Janeiro Botanical Garden Herbarium Collection",
        "publisher": "Instituto de Pesquisas Jardim Botanico do Rio de Janeiro",
        "license": "CC_BY_4_0",
        "issues": [
          "COORDINATE_ROUNDED",
          "GEODETIC_DATUM_ASSUMED_WGS84",
          "CONTINENT_DERIVED_FROM_COORDINATES",
          "INSTITUTION_MATCH_FUZZY",
          "COLLECTION_MATCH_FUZZY"
        ],
        "media": [
          {
            "url": "http://jbrj-public-img.s3-sa-east-1.amazonaws.com/JPG/rb/0/55/15/33/00551533.jpg",
            "references": null,
            "title": null,
            "creator": null,
            "publisher": null,
            "license": null,
            "rightsHolder": null
          }
        ]
      }
    },
    {
      "type": "Feature",
      "geometry": {
        "type": "Point",
        "coordinates": [
          -43.01,
          -22.27
        ]
      },
      "properties": {
        "gbifID": "2997857323",
        "species": "Solanum megalochiton",
        "genus": "Solanum",
        "family": "Solanaceae",
        "scientificName": "Solanum megalochiton Mart.",
        "coordinateUncertaintyInMeters": "",
        "basisOfRecord": "PRESERVED_SPECIMEN",
        "eventDate": "",
        "country": null,
        "datasetName": "",
        "publisher": "Instituto de Pesquisas Jardim Botanico do Rio de Janeiro",
        "license": "CC_BY_4_0",
        "issues": [
          "RECORDED_DATE_INVALID",
          "IDENTIFIED_DATE_INVALID",
          "GEODETIC_DATUM_ASSUMED_WGS84",
          "CONTINENT_DERIVED_FROM_COORDINATES",
          "ELEVATION_MIN_MAX_SWAPPED",
          "INSTITUTION_MATCH_FUZZY",
          "COLLECTION_MATCH_FUZZY"
        ],
        "fallback_media": {
          "url": "https://data.nhm.ac.uk/media/b088a439-e20d-4075-bafe-91d8c4b60044",
          "references": null,
          "title": "BM000935480",
          "creator": null,
          "publisher": null,
          "license": "http://creativecommons.org/licenses/by/4.0/",
          "rightsHolder": "The Trustees of the Natural History Museum, London"
        }
      }
    },
    {
      "type": "Feature",
      "geometry": {
        "type": "Point",
        "coordinates": [
          -45.392778,
          -22.4125
        ]
      },
      "properties": {
        "gbifID": "2997859550",
        "species": "Solanum megalochiton",
        "genus": "Solanum",
        "family": "Solanaceae",
        "scientificName": "Solanum megalochiton Mart.",
        "coordinateUncertaintyInMeters": "",
        "basisOfRecord": "PRESERVED_SPECIMEN",
        "eventDate": "1995-04-13",
        "country": null,
        "datasetName": "",
        "publisher": "Instituto de Pesquisas Jardim Botanico do Rio de Janeiro",
        "license": "CC_BY_4_0",
        "issues": [
          "COORDINATE_ROUNDED",
          "GEODETIC_DATUM_ASSUMED_WGS84",
          "CONTINENT_DERIVED_FROM_COORDINATES",
          "INSTITUTION_MATCH_FUZZY",
          "COLLECTION_MATCH_FUZZY"
        ],
        "fallback_media": {
          "url": "https://data.nhm.ac.uk/media/b088a439-e20d-4075-bafe-91d8c4b60044",
          "references": null,
          "title": "BM000935480",
          "creator": null,
          "publisher": null,
          "license": "http://creativecommons.org/licenses/by/4.0/",
          "rightsHolder": "The Trustees of the Natural History Museum, London"
        }
      }
    },
    {
      "type": "Feature",
      "geometry": {
        "type": "Point",
        "coordinates": [
          -45.52,
          -23.38
        ]
      },
      "properties": {
        "gbifID": "2997861369",
        "species": "Solanum megalochiton",
        "genus": "Solanum",
        "family": "Solanaceae",
        "scientificName": "Solanum megalochiton Mart.",
        "coordinateUncertaintyInMeters": "",
        "basisOfRecord": "PRESERVED_SPECIMEN",
        "eventDate": "1983-08-30",
        "country": null,
        "datasetName": "",
        "publisher": "Instituto de Pesquisas Jardim Botanico do Rio de Janeiro",
        "license": "CC_BY_4_0",
        "issues": [
          "IDENTIFIED_DATE_INVALID",
          "GEODETIC_DATUM_ASSUMED_WGS84",
          "CONTINENT_DERIVED_FROM_COORDINATES",
          "INSTITUTION_MATCH_FUZZY",
          "COLLECTION_MATCH_FUZZY"
        ],
        "fallback_media": {
          "url": "https://data.nhm.ac.uk/media/b088a439-e20d-4075-bafe-91d8c4b60044",
          "references": null,
          "title": "BM000935480",
          "creator": null,
          "publisher": null,
          "license": "http://creativecommons.org/licenses/by/4.0/",
          "rightsHolder": "The Trustees of the Natural History Museum, London"
        }
      }
    },
    {
      "type": "Feature",
      "geometry": {
        "type": "Point",
        "coordinates": [
          -45.581389,
          -22.411389
        ]
      },
      "properties": {
        "gbifID": "2997853333",
        "species": "Solanum megalochiton",
        "genus": "Solanum",
        "family": "Solanaceae",
        "scientificName": "Solanum megalochiton Mart.",
        "coordinateUncertaintyInMeters": "",
        "basisOfRecord": "PRESERVED_SPECIMEN",
        "eventDate": "2000-10-14",
        "country": null,
        "datasetName": "",
        "publisher": "Instituto de Pesquisas Jardim Botanico do Rio de Janeiro",
        "license": "CC_BY_4_0",
        "issues": [
          "IDENTIFIED_DATE_INVALID",
          "COORDINATE_ROUNDED",
          "GEODETIC_DATUM_ASSUMED_WGS84",
          "CONTINENT_DERIVED_FROM_COORDINATES",
          "ELEVATION_MIN_MAX_SWAPPED",
          "INSTITUTION_MATCH_FUZZY",
          "COLLECTION_MATCH_FUZZY"
        ],
        "fallback_media": {
          "url": "https://data.nhm.ac.uk/media/b088a439-e20d-4075-bafe-91d8c4b60044",
          "references": null,
          "title": "BM000935480",
          "creator": null,
          "publisher": null,
          "license": "http://creativecommons.org/licenses/by/4.0/",
          "rightsHolder": "The Trustees of the Natural History Museum, London"
        }
      }
    },
    {
      "type": "Feature",
      "geometry": {
        "type": "Point",
        "coordinates": [
          -42.29,
          -20.43
        ]
      },
      "properties": {
        "gbifID": "2997839258",
        "species": "Solanum megalochiton",
        "genus": "Solanum",
        "family": "Solanaceae",
        "scientificName": "Solanum megalochiton Mart.",
        "coordinateUncertaintyInMeters": "",
        "basisOfRecord": "PRESERVED_SPECIMEN",
        "eventDate": "1988-07-22",
        "country": null,
        "datasetName": "",
        "publisher": "Instituto de Pesquisas Jardim Botanico do Rio de Janeiro",
        "license": "CC_BY_4_0",
        "issues": [
          "IDENTIFIED_DATE_INVALID",
          "GEODETIC_DATUM_ASSUMED_WGS84",
          "CONTINENT_DERIVED_FROM_COORDINATES",
          "ELEVATION_MIN_MAX_SWAPPED",
          "INSTITUTION_MATCH_FUZZY",
          "COLLECTION_MATCH_FUZZY"
        ],
        "fallback_media": {
          "url": "https://data.nhm.ac.uk/media/b088a439-e20d-4075-bafe-91d8c4b60044",
          "references": null,
          "title": "BM000935480",
          "creator": null,
          "publisher": null,
          "license": "http://creativecommons.org/licenses/by/4.0/",
          "rightsHolder": "The Trustees of the Natural History Museum, London"
        }
      }
    },
    {
      "type": "Feature",
      "geometry": {
        "type": "Point",
        "coordinates": [
          -48.834444,
          -25.476944
        ]
      },
      "properties": {
        "gbifID": "2998189990",
        "species": "Solanum megalochiton",
        "genus": "Solanum",
        "family": "Solanaceae",
        "scientificName": "Solanum megalochiton Mart.",
        "coordinateUncertaintyInMeters": "",
        "basisOfRecord": "PRESERVED_SPECIMEN",
        "eventDate": "1985-08-21",
        "country": null,
        "datasetName": "",
        "publisher": "Instituto de Pesquisas Jardim Botanico do Rio de Janeiro",
        "license": "CC_BY_4_0",
        "issues": [
          "COORDINATE_ROUNDED",
          "GEODETIC_DATUM_ASSUMED_WGS84",
          "CONTINENT_DERIVED_FROM_COORDINATES",
          "INSTITUTION_MATCH_FUZZY",
          "COLLECTION_MATCH_FUZZY",
          "TAXON_MATCH_HIGHERRANK"
        ],
        "fallback_media": {
          "url": "https://data.nhm.ac.uk/media/b088a439-e20d-4075-bafe-91d8c4b60044",
          "references": null,
          "title": "BM000935480",
          "creator": null,
          "publisher": null,
          "license": "http://creativecommons.org/licenses/by/4.0/",
          "rightsHolder": "The Trustees of the Natural History Museum, London"
        }
      }
    },
    {
      "type": "Feature",
      "geometry": {
        "type": "Point",
        "coordinates": [
          -49.273056,
          -25.427778
        ]
      },
      "properties": {
        "gbifID": "2998190000",
        "species": "Solanum megalochiton",
        "genus": "Solanum",
        "family": "Solanaceae",
        "scientificName": "Solanum megalochiton Mart.",
        "coordinateUncertaintyInMeters": "",
        "basisOfRecord": "PRESERVED_SPECIMEN",
        "eventDate": "1982-09-10",
        "country": null,
        "datasetName": "",
        "publisher": "Instituto de Pesquisas Jardim Botanico do Rio de Janeiro",
        "license": "CC_BY_4_0",
        "issues": [
          "RECORDED_DATE_INVALID",
          "COORDINATE_ROUNDED",
          "GEODETIC_DATUM_ASSUMED_WGS84",
          "CONTINENT_DERIVED_FROM_COORDINATES",
          "INSTITUTION_MATCH_FUZZY",
          "COLLECTION_MATCH_FUZZY",
          "TAXON_MATCH_HIGHERRANK"
        ],
        "fallback_media": {
          "url": "https://data.nhm.ac.uk/media/b088a439-e20d-4075-bafe-91d8c4b60044",
          "references": null,
          "title": "BM000935480",
          "creator": null,
          "publisher": null,
          "license": "http://creativecommons.org/licenses/by/4.0/",
          "rightsHolder": "The Trustees of the Natural History Museum, London"
        }
      }
    },
    {
      "type": "Feature",
      "geometry": {
        "type": "Point",
        "coordinates": [
          -35.808611,
          -8.782778
        ]
      },
      "properties": {
        "gbifID": "2995796755",
        "species": "Solanum megalochiton",
        "genus": "Solanum",
        "family": "Solanaceae",
        "scientificName": "Solanum megalochiton Mart.",
        "coordinateUncertaintyInMeters": "",
        "basisOfRecord": "PRESERVED_SPECIMEN",
        "eventDate": "1994-04-20",
        "country": null,
        "datasetName": "",
        "publisher": "Instituto de Pesquisas Jardim Botanico do Rio de Janeiro",
        "license": "CC_BY_4_0",
        "issues": [
          "IDENTIFIED_DATE_INVALID",
          "COORDINATE_ROUNDED",
          "GEODETIC_DATUM_ASSUMED_WGS84",
          "CONTINENT_DERIVED_FROM_COORDINATES",
          "INSTITUTION_MATCH_FUZZY",
          "COLLECTION_MATCH_FUZZY"
        ],
        "fallback_media": {
          "url": "https://data.nhm.ac.uk/media/b088a439-e20d-4075-bafe-91d8c4b60044",
          "references": null,
          "title": "BM000935480",
          "creator": null,
          "publisher": null,
          "license": "http://creativecommons.org/licenses/by/4.0/",
          "rightsHolder": "The Trustees of the Natural History Museum, London"
        }
      }
    },
    {
      "type": "Feature",
      "geometry": {
        "type": "Point",
        "coordinates": [
          -44.609817,
          -22.331098
        ]
      },
      "properties": {
        "gbifID": "1930357114",
        "species": "Solanum megalochiton",
        "genus": "Solanum",
        "family": "Solanaceae",
        "scientificName": "Solanum megalochiton Mart.",
        "coordinateUncertaintyInMeters": "",
        "basisOfRecord": "PRESERVED_SPECIMEN",
        "eventDate": "1960-07-22",
        "country": null,
        "datasetName": "Vascular plants",
        "publisher": "The New York Botanical Garden",
        "license": "CC0_1_0",
        "issues": [
          "MODIFIED_DATE_INVALID"
        ],
        "media": [
          {
            "url": "http://sweetgum.nybg.org/images3/1620/569/00712555.jpg",
            "references": null,
            "title": null,
            "creator": "The New York Botanical Garden",
            "publisher": null,
            "license": "http://creativecommons.org/licenses/by/4.0/",
            "rightsHolder": "The New York Botanical Garden"
          }
        ]
      }
    },
    {
      "type": "Feature",
      "geometry": {
        "type": "Point",
        "coordinates": [
          -49.132229,
          -27.025081
        ]
      },
      "properties": {
        "gbifID": "1929578880",
        "species": "Solanum megalochiton",
        "genus": "Solanum",
        "family": "Solanaceae",
        "scientificName": "Solanum megalochiton Mart.",
        "coordinateUncertaintyInMeters": "118.53",
        "basisOfRecord": "PRESERVED_SPECIMEN",
        "eventDate": "1959-08-21",
        "country": null,
        "datasetName": "Vascular plants",
        "publisher": "The New York Botanical Garden",
        "license": "CC0_1_0",
        "issues": [
          "MODIFIED_DATE_INVALID"
        ],
        "media": [
          {
            "url": "http://sweetgum.nybg.org/images3/1620/659/00770378.jpg",
            "references": null,
            "title": null,
            "creator": "The New York Botanical Garden",
            "publisher": null,
            "license": "http://creativecommons.org/licenses/by/4.0/",
            "rightsHolder": "The New York Botanical Garden"
          }
        ]
      }
    },
    {
      "type": "Feature",
      "geometry": {
        "type": "Point",
        "coordinates": [
          -43.017,
          -22.458
        ]
      },
      "properties": {
        "gbifID": "1930314923",
        "species": "Solanum megalochiton",
        "genus": "Solanum",
        "family": "Solanaceae",
        "scientificName": "Solanum megalochiton Mart.",
        "coordinateUncertaintyInMeters": "",
        "basisOfRecord": "PRESERVED_SPECIMEN",
        "eventDate": "",
        "country": null,
        "datasetName": "Vascular plants",
        "publisher": "The New York Botanical Garden",
        "license": "CC0_1_0",
        "issues": [
          "MODIFIED_DATE_INVALID",
          "GEODETIC_DATUM_ASSUMED_WGS84"
        ],
        "media": [
          {
            "url": "http://sweetgum.nybg.org/images3/186/692/v-287-00770342.jpg",
            "references": null,
            "title": null,
            "creator": "The New York Botanical Garden",
            "publisher": null,
            "license": "http://creativecommons.org/licenses/by/4.0/",
            "rightsHolder": "The New York Botanical Garden"
          }
        ]
      }
    },
    {
      "type": "Feature",
      "geometry": {
        "type": "Point",
        "coordinates": [
          -47.500464,
          -22.993853
        ]
      },
      "properties": {
        "gbifID": "1928070821",
        "species": "Solanum megalochiton",
        "genus": "Solanum",
        "family": "Solanaceae",
        "scientificName": "Solanum megalochiton Mart.",
        "coordinateUncertaintyInMeters": "",
        "basisOfRecord": "PRESERVED_SPECIMEN",
        "eventDate": "",
        "country": null,
        "datasetName": "Vascular plants",
        "publisher": "The New York Botanical Garden",
        "license": "CC0_1_0",
        "issues": [
          "MODIFIED_DATE_INVALID",
          "COORDINATE_REPROJECTED"
        ],
        "media": [
          {
            "url": "http://sweetgum.nybg.org/images3/1620/654/00770373.jpg",
            "references": null,
            "title": null,
            "creator": "The New York Botanical Garden",
            "publisher": null,
            "license": "http://creativecommons.org/licenses/by/4.0/",
            "rightsHolder": "The New York Botanical Garden"
          }
        ]
      }
    },
    {
      "type": "Feature",
      "geometry": {
        "type": "Point",
        "coordinates": [
          -49.273697,
          -25.431983
        ]
      },
      "properties": {
        "gbifID": "1929151016",
        "species": "Solanum megalochiton",
        "genus": "Solanum",
        "family": "Solanaceae",
        "scientificName": "Solanum megalochiton Mart.",
        "coordinateUncertaintyInMeters": "",
        "basisOfRecord": "PRESERVED_SPECIMEN",
        "eventDate": "1993-08-26",
        "country": null,
        "datasetName": "Vascular plants",
        "publisher": "The New York Botanical Garden",
        "license": "CC0_1_0",
        "issues": [
          "MODIFIED_DATE_INVALID",
          "COORDINATE_REPROJECTED"
        ],
        "media": [
          {
            "url": "http://sweetgum.nybg.org/images3/186/682/v-287-00770304.jpg",
            "references": null,
            "title": null,
            "creator": "The New York Botanical Garden",
            "publisher": null,
            "license": "http://creativecommons.org/licenses/by/4.0/",
            "rightsHolder": "The New York Botanical Garden"
          }
        ]
      }
    },
    {
      "type": "Feature",
      "geometry": {
        "type": "Point",
        "coordinates": [
          -43.8831,
          -21.6786
        ]
      },
      "properties": {
        "gbifID": "1927967799",
        "species": "Solanum megalochiton",
        "genus": "Solanum",
        "family": "Solanaceae",
        "scientificName": "Solanum megalochiton Mart.",
        "coordinateUncertaintyInMeters": "",
        "basisOfRecord": "PRESERVED_SPECIMEN",
        "eventDate": "2004-08-26",
        "country": null,
        "datasetName": "Vascular plants",
        "publisher": "The New York Botanical Garden",
        "license": "CC0_1_0",
        "issues": [
          "MODIFIED_DATE_INVALID",
          "GEODETIC_DATUM_ASSUMED_WGS84"
        ],
        "media": [
          {
            "url": "http://sweetgum.nybg.org/images3/1621/048/01019571.jpg",
            "references": null,
            "title": null,
            "creator": "The New York Botanical Garden",
            "publisher": null,
            "license": "http://creativecommons.org/licenses/by/4.0/",
            "rightsHolder": "The New York Botanical Garden"
          }
        ]
      }
    },
    {
      "type": "Feature",
      "geometry": {
        "type": "Point",
        "coordinates": [
          -48.834767,
          -25.480785
        ]
      },
      "properties": {
        "gbifID": "1929153170",
        "species": "Solanum megalochiton",
        "genus": "Solanum",
        "family": "Solanaceae",
        "scientificName": "Solanum megalochiton Mart.",
        "coordinateUncertaintyInMeters": "",
        "basisOfRecord": "PRESERVED_SPECIMEN",
        "eventDate": "1985-08-21",
        "country": null,
        "datasetName": "Vascular plants",
        "publisher": "The New York Botanical Garden",
        "license": "CC0_1_0",
        "issues": [
          "MODIFIED_DATE_INVALID",
          "COORDINATE_REPROJECTED"
        ],
        "media": [
          {
            "url": "http://sweetgum.nybg.org/images3/186/691/v-287-00770341.jpg",
            "references": null,
            "title": null,
            "creator": "The New York Botanical Garden",
            "publisher": null,
            "license": "http://creativecommons.org/licenses/by/4.0/",
            "rightsHolder": "The New York Botanical Garden"
          }
        ]
      }
    },
    {
      "type": "Feature",
      "geometry": {
        "type": "Point",
        "coordinates": [
          -49.71623,
          -25.773585
        ]
      },
      "properties": {
        "gbifID": "1930850134",
        "species": "Solanum megalochiton",
        "genus": "Solanum",
        "family": "Solanaceae",
        "scientificName": "Solanum megalochiton Mart.",
        "coordinateUncertaintyInMeters": "",
        "basisOfRecord": "PRESERVED_SPECIMEN",
        "eventDate": "1982-08-13",
        "country": null,
        "datasetName": "Vascular plants",
        "publisher": "The New York Botanical Garden",
        "license": "CC0_1_0",
        "issues": [
          "MODIFIED_DATE_INVALID",
          "COORDINATE_REPROJECTED"
        ],
        "media": [
          {
            "url": "http://sweetgum.nybg.org/images3/186/490/v-287-00700309.jpg",
            "references": null,
            "title": null,
            "creator": "The New York Botanical Garden",
            "publisher": null,
            "license": "http://creativecommons.org/licenses/by/4.0/",
            "rightsHolder": "The New York Botanical Garden"
          }
        ]
      }
    },
    {
      "type": "Feature",
      "geometry": {
        "type": "Point",
        "coordinates": [
          -49.055881,
          -25.309682
        ]
      },
      "properties": {
        "gbifID": "1931285644",
        "species": "Solanum megalochiton",
        "genus": "Solanum",
        "family": "Solanaceae",
        "scientificName": "Solanum megalochiton Mart.",
        "coordinateUncertaintyInMeters": "",
        "basisOfRecord": "PRESERVED_SPECIMEN",
        "eventDate": "1996-09-07",
        "country": null,
        "datasetName": "Vascular plants",
        "publisher": "The New York Botanical Garden",
        "license": "CC0_1_0",
        "issues": [
          "MODIFIED_DATE_INVALID",
          "COORDINATE_REPROJECTED"
        ],
        "media": [
          {
            "url": "http://sweetgum.nybg.org/images3/186/491/v-287-00700310.jpg",
            "references": null,
            "title": null,
            "creator": "The New York Botanical Garden",
            "publisher": null,
            "license": "http://creativecommons.org/licenses/by/4.0/",
            "rightsHolder": "The New York Botanical Garden"
          }
        ]
      }
    },
    {
      "type": "Feature",
      "geometry": {
        "type": "Point",
        "coordinates": [
          -41.14492,
          -11.806683
        ]
      },
      "properties": {
        "gbifID": "1928683434",
        "species": "Solanum megalochiton",
        "genus": "Solanum",
        "family": "Solanaceae",
        "scientificName": "Solanum megalochiton Mart.",
        "coordinateUncertaintyInMeters": "",
        "basisOfRecord": "PRESERVED_SPECIMEN",
        "eventDate": "2002-03-11",
        "country": null,
        "datasetName": "Vascular plants",
        "publisher": "The New York Botanical Garden",
        "license": "CC0_1_0",
        "issues": [
          "MODIFIED_DATE_INVALID",
          "GEODETIC_DATUM_ASSUMED_WGS84"
        ],
        "media": [
          {
            "url": "http://sweetgum.nybg.org/images3/1620/451/00684608.jpg",
            "references": null,
            "title": null,
            "creator": "The New York Botanical Garden",
            "publisher": null,
            "license": "http://creativecommons.org/licenses/by/4.0/",
            "rightsHolder": "The New York Botanical Garden"
          }
        ]
      }
    },
    {
      "type": "Feature",
      "geometry": {
        "type": "Point",
        "coordinates": [
          -43.178466,
          -22.508854
        ]
      },
      "properties": {
        "gbifID": "1930629727",
        "species": "Solanum megalochiton",
        "genus": "Solanum",
        "family": "Solanaceae",
        "scientificName": "Solanum megalochiton Mart.",
        "coordinateUncertaintyInMeters": "",
        "basisOfRecord": "PRESERVED_SPECIMEN",
        "eventDate": "1952-07",
        "country": null,
        "datasetName": "Vascular plants",
        "publisher": "The New York Botanical Garden",
        "license": "CC0_1_0",
        "issues": [
          "MODIFIED_DATE_INVALID",
          "COORDINATE_REPROJECTED"
        ],
        "media": [
          {
            "url": "http://sweetgum.nybg.org/images3/1620/647/00770366.jpg",
            "references": null,
            "title": null,
            "creator": "The New York Botanical Garden",
            "publisher": null,
            "license": "http://creativecommons.org/licenses/by/4.0/",
            "rightsHolder": "The New York Botanical Garden"
          }
        ]
      }
    },
    {
      "type": "Feature",
      "geometry": {
        "type": "Point",
        "coordinates": [
          -49.356213,
          -27.395808
        ]
      },
      "properties": {
        "gbifID": "1930544099",
        "species": "Solanum megalochiton",
        "genus": "Solanum",
        "family": "Solanaceae",
        "scientificName": "Solanum megalochiton Mart.",
        "coordinateUncertaintyInMeters": "21797.0",
        "basisOfRecord": "PRESERVED_SPECIMEN",
        "eventDate": "1957-07-18",
        "country": null,
        "datasetName": "Vascular plants",
        "publisher": "The New York Botanical Garden",
        "license": "CC0_1_0",
        "issues": [
          "MODIFIED_DATE_INVALID",
          "COORDINATE_REPROJECTED"
        ],
        "media": [
          {
            "url": "http://sweetgum.nybg.org/images3/1620/657/00770376.jpg",
            "references": null,
            "title": null,
            "creator": "The New York Botanical Garden",
            "publisher": null,
            "license": "http://creativecommons.org/licenses/by/4.0/",
            "rightsHolder": "The New York Botanical Garden"
          }
        ]
      }
    },
    {
      "type": "Feature",
      "geometry": {
        "type": "Point",
        "coordinates": [
          -48.668366,
          -27.649514
        ]
      },
      "properties": {
        "gbifID": "1929612294",
        "species": "Solanum megalochiton",
        "genus": "Solanum",
        "family": "Solanaceae",
        "scientificName": "Solanum megalochiton Mart.",
        "coordinateUncertaintyInMeters": "31105.0",
        "basisOfRecord": "PRESERVED_SPECIMEN",
        "eventDate": "1956-08-02",
        "country": null,
        "datasetName": "Vascular plants",
        "publisher": "The New York Botanical Garden",
        "license": "CC0_1_0",
        "issues": [
          "MODIFIED_DATE_INVALID",
          "COORDINATE_REPROJECTED"
        ],
        "media": [
          {
            "url": "http://sweetgum.nybg.org/images3/1620/656/00770375.jpg",
            "references": null,
            "title": null,
            "creator": "The New York Botanical Garden",
            "publisher": null,
            "license": "http://creativecommons.org/licenses/by/4.0/",
            "rightsHolder": "The New York Botanical Garden"
          }
        ]
      }
    },
    {
      "type": "Feature",
      "geometry": {
        "type": "Point",
        "coordinates": [
          -48.917781,
          -27.102206
        ]
      },
      "properties": {
        "gbifID": "1929041745",
        "species": "Solanum megalochiton",
        "genus": "Solanum",
        "family": "Solanaceae",
        "scientificName": "Solanum megalochiton Mart.",
        "coordinateUncertaintyInMeters": "",
        "basisOfRecord": "PRESERVED_SPECIMEN",
        "eventDate": "1950",
        "country": null,
        "datasetName": "Vascular plants",
        "publisher": "The New York Botanical Garden",
        "license": "CC0_1_0",
        "issues": [
          "MODIFIED_DATE_INVALID",
          "COORDINATE_REPROJECTED"
        ],
        "media": [
          {
            "url": "http://sweetgum.nybg.org/images3/1620/661/00770381.jpg",
            "references": null,
            "title": null,
            "creator": "The New York Botanical Garden",
            "publisher": null,
            "license": "http://creativecommons.org/licenses/by/4.0/",
            "rightsHolder": "The New York Botanical Garden"
          }
        ]
      }
    },
    {
      "type": "Feature",
      "geometry": {
        "type": "Point",
        "coordinates": [
          -45.875,
          -23.642
        ]
      },
      "properties": {
        "gbifID": "1929264694",
        "species": "Solanum megalochiton",
        "genus": "Solanum",
        "family": "Solanaceae",
        "scientificName": "Solanum megalochiton Mart.",
        "coordinateUncertaintyInMeters": "",
        "basisOfRecord": "PRESERVED_SPECIMEN",
        "eventDate": "1983-08-30",
        "country": null,
        "datasetName": "Vascular plants",
        "publisher": "The New York Botanical Garden",
        "license": "CC0_1_0",
        "issues": [
          "MODIFIED_DATE_INVALID",
          "GEODETIC_DATUM_ASSUMED_WGS84"
        ],
        "media": [
          {
            "url": "http://sweetgum.nybg.org/images3/1620/567/00712553.jpg",
            "references": null,
            "title": null,
            "creator": "The New York Botanical Garden",
            "publisher": null,
            "license": "http://creativecommons.org/licenses/by/4.0/",
            "rightsHolder": "The New York Botanical Garden"
          }
        ]
      }
    },
    {
      "type": "Feature",
      "geometry": {
        "type": "Point",
        "coordinates": [
          -49.683429,
          -25.982188
        ]
      },
      "properties": {
        "gbifID": "1930682828",
        "species": "Solanum megalochiton",
        "genus": "Solanum",
        "family": "Solanaceae",
        "scientificName": "Solanum megalochiton Mart.",
        "coordinateUncertaintyInMeters": "",
        "basisOfRecord": "PRESERVED_SPECIMEN",
        "eventDate": "1908-10-09",
        "country": null,
        "datasetName": "Vascular plants",
        "publisher": "The New York Botanical Garden",
        "license": "CC0_1_0",
        "issues": [
          "MODIFIED_DATE_INVALID",
          "COORDINATE_REPROJECTED"
        ],
        "media": [
          {
            "url": "http://sweetgum.nybg.org/images3/1620/631/00770346.jpg",
            "references": null,
            "title": null,
            "creator": "The New York Botanical Garden",
            "publisher": null,
            "license": "http://creativecommons.org/licenses/by/4.0/",
            "rightsHolder": "The New York Botanical Garden"
          }
        ]
      }
    },
    {
      "type": "Feature",
      "geometry": {
        "type": "Point",
        "coordinates": [
          -49.048057,
          -25.507775
        ]
      },
      "properties": {
        "gbifID": "1927779455",
        "species": "Solanum megalochiton",
        "genus": "Solanum",
        "family": "Solanaceae",
        "scientificName": "Solanum megalochiton Mart.",
        "coordinateUncertaintyInMeters": "",
        "basisOfRecord": "PRESERVED_SPECIMEN",
        "eventDate": "1977-10-29",
        "country": null,
        "datasetName": "Vascular plants",
        "publisher": "The New York Botanical Garden",
        "license": "CC0_1_0",
        "issues": [
          "MODIFIED_DATE_INVALID"
        ],
        "media": [
          {
            "url": "http://sweetgum.nybg.org/images3/1620/642/00770361.jpg",
            "references": null,
            "title": null,
            "creator": "The New York Botanical Garden",
            "publisher": null,
            "license": "http://creativecommons.org/licenses/by/4.0/",
            "rightsHolder": "The New York Botanical Garden"
          }
        ]
      }
    },
    {
      "type": "Feature",
      "geometry": {
        "type": "Point",
        "coordinates": [
          -49.077283,
          -25.369682
        ]
      },
      "properties": {
        "gbifID": "1931368309",
        "species": "Solanum megalochiton",
        "genus": "Solanum",
        "family": "Solanaceae",
        "scientificName": "Solanum megalochiton Mart.",
        "coordinateUncertaintyInMeters": "",
        "basisOfRecord": "PRESERVED_SPECIMEN",
        "eventDate": "1995-07-22",
        "country": null,
        "datasetName": "Vascular plants",
        "publisher": "The New York Botanical Garden",
        "license": "CC0_1_0",
        "issues": [
          "MODIFIED_DATE_INVALID",
          "COORDINATE_REPROJECTED"
        ],
        "media": [
          {
            "url": "http://sweetgum.nybg.org/images3/1620/627/00770337.jpg",
            "references": null,
            "title": null,
            "creator": "The New York Botanical Garden",
            "publisher": null,
            "license": "http://creativecommons.org/licenses/by/4.0/",
            "rightsHolder": "The New York Botanical Garden"
          }
        ]
      }
    },
    {
      "type": "Feature",
      "geometry": {
        "type": "Point",
        "coordinates": [
          -40.150259,
          -13.535579
        ]
      },
      "properties": {
        "gbifID": "1928480111",
        "species": "Solanum megalochiton",
        "genus": "Solanum",
        "family": "Solanaceae",
        "scientificName": "Solanum megalochiton Mart.",
        "coordinateUncertaintyInMeters": "",
        "basisOfRecord": "PRESERVED_SPECIMEN",
        "eventDate": "1979-02-13",
        "country": null,
        "datasetName": "Vascular plants",
        "publisher": "The New York Botanical Garden",
        "license": "CC0_1_0",
        "issues": [
          "MODIFIED_DATE_INVALID",
          "COORDINATE_REPROJECTED"
        ],
        "media": [
          {
            "url": "http://sweetgum.nybg.org/images3/1620/797/00825337.jpg",
            "references": null,
            "title": null,
            "creator": "The New York Botanical Garden",
            "publisher": null,
            "license": "http://creativecommons.org/licenses/by/4.0/",
            "rightsHolder": "The New York Botanical Garden"
          }
        ]
      }
    },
    {
      "type": "Feature",
      "geometry": {
        "type": "Point",
        "coordinates": [
          -50.012345,
          -24.794971
        ]
      },
      "properties": {
        "gbifID": "1927964994",
        "species": "Solanum megalochiton",
        "genus": "Solanum",
        "family": "Solanaceae",
        "scientificName": "Solanum megalochiton Mart.",
        "coordinateUncertaintyInMeters": "",
        "basisOfRecord": "PRESERVED_SPECIMEN",
        "eventDate": "1998-07-22",
        "country": null,
        "datasetName": "Vascular plants",
        "publisher": "The New York Botanical Garden",
        "license": "CC0_1_0",
        "issues": [
          "MODIFIED_DATE_INVALID",
          "COORDINATE_REPROJECTED"
        ],
        "media": [
          {
            "url": "http://sweetgum.nybg.org/images3/186/694/v-287-00770349.jpg",
            "references": null,
            "title": null,
            "creator": "The New York Botanical Garden",
            "publisher": null,
            "license": "http://creativecommons.org/licenses/by/4.0/",
            "rightsHolder": "The New York Botanical Garden"
          }
        ]
      }
    },
    {
      "type": "Feature",
      "geometry": {
        "type": "Point",
        "coordinates": [
          -49.266201,
          -26.196393
        ]
      },
      "properties": {
        "gbifID": "1930094797",
        "species": "Solanum megalochiton",
        "genus": "Solanum",
        "family": "Solanaceae",
        "scientificName": "Solanum megalochiton Mart.",
        "coordinateUncertaintyInMeters": "37493.0",
        "basisOfRecord": "PRESERVED_SPECIMEN",
        "eventDate": "1957-09-05",
        "country": null,
        "datasetName": "Vascular plants",
        "publisher": "The New York Botanical Garden",
        "license": "CC0_1_0",
        "issues": [
          "MODIFIED_DATE_INVALID",
          "COORDINATE_REPROJECTED"
        ],
        "media": [
          {
            "url": "http://sweetgum.nybg.org/images3/1620/660/00770380.jpg",
            "references": null,
            "title": null,
            "creator": "The New York Botanical Garden",
            "publisher": null,
            "license": "http://creativecommons.org/licenses/by/4.0/",
            "rightsHolder": "The New York Botanical Garden"
          }
        ]
      }
    },
    {
      "type": "Feature",
      "geometry": {
        "type": "Point",
        "coordinates": [
          -44.446953,
          -22.473051
        ]
      },
      "properties": {
        "gbifID": "1928988070",
        "species": "Solanum megalochiton",
        "genus": "Solanum",
        "family": "Solanaceae",
        "scientificName": "Solanum megalochiton Mart.",
        "coordinateUncertaintyInMeters": "36089.0",
        "basisOfRecord": "PRESERVED_SPECIMEN",
        "eventDate": "1966-07-24",
        "country": null,
        "datasetName": "Vascular plants",
        "publisher": "The New York Botanical Garden",
        "license": "CC0_1_0",
        "issues": [
          "MODIFIED_DATE_INVALID",
          "COORDINATE_REPROJECTED"
        ],
        "media": [
          {
            "url": "http://sweetgum.nybg.org/images3/186/693/v-287-00770343.jpg",
            "references": null,
            "title": null,
            "creator": "The New York Botanical Garden",
            "publisher": null,
            "license": "http://creativecommons.org/licenses/by/4.0/",
            "rightsHolder": "The New York Botanical Garden"
          }
        ]
      }
    },
    {
      "type": "Feature",
      "geometry": {
        "type": "Point",
        "coordinates": [
          -43.350477,
          -21.768241
        ]
      },
      "properties": {
        "gbifID": "1929910175",
        "species": "Solanum megalochiton",
        "genus": "Solanum",
        "family": "Solanaceae",
        "scientificName": "Solanum megalochiton Mart.",
        "coordinateUncertaintyInMeters": "",
        "basisOfRecord": "PRESERVED_SPECIMEN",
        "eventDate": "1936-07-05",
        "country": null,
        "datasetName": "Vascular plants",
        "publisher": "The New York Botanical Garden",
        "license": "CC0_1_0",
        "issues": [
          "MODIFIED_DATE_INVALID",
          "COORDINATE_REPROJECTED"
        ],
        "media": [
          {
            "url": "http://sweetgum.nybg.org/images3/1620/463/00700342.jpg",
            "references": null,
            "title": null,
            "creator": "The New York Botanical Garden",
            "publisher": null,
            "license": "http://creativecommons.org/licenses/by/4.0/",
            "rightsHolder": "The New York Botanical Garden"
          }
        ]
      }
    },
    {
      "type": "Feature",
      "geometry": {
        "type": "Point",
        "coordinates": [
          -51.078828,
          -26.242185
        ]
      },
      "properties": {
        "gbifID": "1929027939",
        "species": "Solanum megalochiton",
        "genus": "Solanum",
        "family": "Solanaceae",
        "scientificName": "Solanum megalochiton Mart.",
        "coordinateUncertaintyInMeters": "41804.0",
        "basisOfRecord": "PRESERVED_SPECIMEN",
        "eventDate": "1962-09-16",
        "country": null,
        "datasetName": "Vascular plants",
        "publisher": "The New York Botanical Garden",
        "license": "CC0_1_0",
        "issues": [
          "MODIFIED_DATE_INVALID",
          "COORDINATE_REPROJECTED"
        ],
        "media": [
          {
            "url": "http://sweetgum.nybg.org/images3/1620/620/00770308.jpg",
            "references": null,
            "title": null,
            "creator": "The New York Botanical Garden",
            "publisher": null,
            "license": "http://creativecommons.org/licenses/by/4.0/",
            "rightsHolder": "The New York Botanical Garden"
          }
        ]
      }
    },
    {
      "type": "Feature",
      "geometry": {
        "type": "Point",
        "coordinates": [
          -40.5936,
          -19.9097
        ]
      },
      "properties": {
        "gbifID": "1929283754",
        "species": "Solanum megalochiton",
        "genus": "Solanum",
        "family": "Solanaceae",
        "scientificName": "Solanum megalochiton Mart.",
        "coordinateUncertaintyInMeters": "",
        "basisOfRecord": "PRESERVED_SPECIMEN",
        "eventDate": "2012-06-08",
        "country": null,
        "datasetName": "Vascular plants",
        "publisher": "The New York Botanical Garden",
        "license": "CC0_1_0",
        "issues": [
          "MODIFIED_DATE_INVALID",
          "GEODETIC_DATUM_ASSUMED_WGS84"
        ],
        "media": [
          {
            "url": "http://sweetgum.nybg.org/images3/1093/973/01844247.jpg",
            "references": null,
            "title": null,
            "creator": "The New York Botanical Garden",
            "publisher": null,
            "license": "http://creativecommons.org/licenses/by/4.0/",
            "rightsHolder": "The New York Botanical Garden"
          }
        ]
      }
    },
    {
      "type": "Feature",
      "geometry": {
        "type": "Point",
        "coordinates": [
          -35.8796,
          -9.2255
        ]
      },
      "properties": {
        "gbifID": "1930988681",
        "species": "Solanum megalochiton",
        "genus": "Solanum",
        "family": "Solanaceae",
        "scientificName": "Solanum megalochiton Mart.",
        "coordinateUncertaintyInMeters": "",
        "basisOfRecord": "PRESERVED_SPECIMEN",
        "eventDate": "2001-05-14",
        "country": null,
        "datasetName": "Vascular plants",
        "publisher": "The New York Botanical Garden",
        "license": "CC0_1_0",
        "issues": [
          "MODIFIED_DATE_INVALID",
          "GEODETIC_DATUM_ASSUMED_WGS84"
        ],
        "media": [
          {
            "url": "http://sweetgum.nybg.org/images3/186/711/v-287-00798893.jpg",
            "references": null,
            "title": null,
            "creator": "The New York Botanical Garden",
            "publisher": null,
            "license": "http://creativecommons.org/licenses/by/4.0/",
            "rightsHolder": "The New York Botanical Garden"
          }
        ]
      }
    },
    {
      "type": "Feature",
      "geometry": {
        "type": "Point",
        "coordinates": [
          -48.638657,
          -26.247196
        ]
      },
      "properties": {
        "gbifID": "1928337282",
        "species": "Solanum megalochiton",
        "genus": "Solanum",
        "family": "Solanaceae",
        "scientificName": "Solanum megalochiton Mart.",
        "coordinateUncertaintyInMeters": "23627.0",
        "basisOfRecord": "PRESERVED_SPECIMEN",
        "eventDate": "1960-09-02",
        "country": null,
        "datasetName": "Vascular plants",
        "publisher": "The New York Botanical Garden",
        "license": "CC0_1_0",
        "issues": [
          "MODIFIED_DATE_INVALID",
          "COORDINATE_REPROJECTED"
        ],
        "media": [
          {
            "url": "http://sweetgum.nybg.org/images3/1620/658/00770377.jpg",
            "references": null,
            "title": null,
            "creator": "The New York Botanical Garden",
            "publisher": null,
            "license": "http://creativecommons.org/licenses/by/4.0/",
            "rightsHolder": "The New York Botanical Garden"
          }
        ]
      }
    },
    {
      "type": "Feature",
      "geometry": {
        "type": "Point",
        "coordinates": [
          -48.509744,
          -25.524187
        ]
      },
      "properties": {
        "gbifID": "1929042643",
        "species": "Solanum megalochiton",
        "genus": "Solanum",
        "family": "Solanaceae",
        "scientificName": "Solanum megalochiton Mart.",
        "coordinateUncertaintyInMeters": "",
        "basisOfRecord": "PRESERVED_SPECIMEN",
        "eventDate": "1970-07-10",
        "country": null,
        "datasetName": "Vascular plants",
        "publisher": "The New York Botanical Garden",
        "license": "CC0_1_0",
        "issues": [
          "MODIFIED_DATE_INVALID",
          "COORDINATE_REPROJECTED"
        ],
        "media": [
          {
            "url": "http://sweetgum.nybg.org/images3/1620/643/00770362.jpg",
            "references": null,
            "title": null,
            "creator": "The New York Botanical Garden",
            "publisher": null,
            "license": "http://creativecommons.org/licenses/by/4.0/",
            "rightsHolder": "The New York Botanical Garden"
          }
        ]
      }
    },
    {
      "type": "Feature",
      "geometry": {
        "type": "Point",
        "coordinates": [
          -42.929993,
          -22.229985
        ]
      },
      "properties": {
        "gbifID": "1929409961",
        "species": "Solanum megalochiton",
        "genus": "Solanum",
        "family": "Solanaceae",
        "scientificName": "Solanum megalochiton Mart.",
        "coordinateUncertaintyInMeters": "",
        "basisOfRecord": "PRESERVED_SPECIMEN",
        "eventDate": "2015-08-10",
        "country": null,
        "datasetName": "Vascular plants",
        "publisher": "The New York Botanical Garden",
        "license": "CC0_1_0",
        "issues": [
          "MODIFIED_DATE_INVALID",
          "COORDINATE_ROUNDED"
        ],
        "media": [
          {
            "url": "http://sweetgum.nybg.org/images3/2382/547/03075162.jpg",
            "references": null,
            "title": null,
            "creator": "The New York Botanical Garden",
            "publisher": null,
            "license": "http://creativecommons.org/licenses/by/4.0/",
            "rightsHolder": "The New York Botanical Garden"
          }
        ]
      }
    },
    {
      "type": "Feature",
      "geometry": {
        "type": "Point",
        "coordinates": [
          -42.530921,
          -22.28575
        ]
      },
      "properties": {
        "gbifID": "1929946049",
        "species": "Solanum megalochiton",
        "genus": "Solanum",
        "family": "Solanaceae",
        "scientificName": "Solanum megalochiton Mart.",
        "coordinateUncertaintyInMeters": "33190.0",
        "basisOfRecord": "PRESERVED_SPECIMEN",
        "eventDate": "1988-10-18",
        "country": null,
        "datasetName": "Vascular plants",
        "publisher": "The New York Botanical Garden",
        "license": "CC0_1_0",
        "issues": [
          "MODIFIED_DATE_INVALID",
          "COORDINATE_REPROJECTED"
        ],
        "media": [
          {
            "url": "http://sweetgum.nybg.org/images3/1620/637/00770353.jpg",
            "references": null,
            "title": null,
            "creator": "The New York Botanical Garden",
            "publisher": null,
            "license": "http://creativecommons.org/licenses/by/4.0/",
            "rightsHolder": "The New York Botanical Garden"
          }
        ]
      }
    },
    {
      "type": "Feature",
      "geometry": {
        "type": "Point",
        "coordinates": [
          -44.623488,
          -22.340337
        ]
      },
      "properties": {
        "gbifID": "1930196069",
        "species": "Solanum megalochiton",
        "genus": "Solanum",
        "family": "Solanaceae",
        "scientificName": "Solanum megalochiton Mart.",
        "coordinateUncertaintyInMeters": "2946.57",
        "basisOfRecord": "PRESERVED_SPECIMEN",
        "eventDate": "1969-05-30",
        "country": null,
        "datasetName": "Vascular plants",
        "publisher": "The New York Botanical Garden",
        "license": "CC0_1_0",
        "issues": [
          "MODIFIED_DATE_INVALID"
        ],
        "media": [
          {
            "url": "http://sweetgum.nybg.org/images3/1620/638/00770356.jpg",
            "references": null,
            "title": null,
            "creator": "The New York Botanical Garden",
            "publisher": null,
            "license": "http://creativecommons.org/licenses/by/4.0/",
            "rightsHolder": "The New York Botanical Garden"
          }
        ]
      }
    },
    {
      "type": "Feature",
      "geometry": {
        "type": "Point",
        "coordinates": [
          -44.637876,
          -22.374281
        ]
      },
      "properties": {
        "gbifID": "1929416639",
        "species": "Solanum megalochiton",
        "genus": "Solanum",
        "family": "Solanaceae",
        "scientificName": "Solanum megalochiton Mart.",
        "coordinateUncertaintyInMeters": "",
        "basisOfRecord": "PRESERVED_SPECIMEN",
        "eventDate": "1967-07-14",
        "country": null,
        "datasetName": "Vascular plants",
        "publisher": "The New York Botanical Garden",
        "license": "CC0_1_0",
        "issues": [
          "MODIFIED_DATE_INVALID"
        ],
        "media": [
          {
            "url": "http://sweetgum.nybg.org/images3/1620/462/00700307.jpg",
            "references": null,
            "title": null,
            "creator": "The New York Botanical Garden",
            "publisher": null,
            "license": "http://creativecommons.org/licenses/by/4.0/",
            "rightsHolder": "The New York Botanical Garden"
          }
        ]
      }
    },
    {
      "type": "Feature",
      "geometry": {
        "type": "Point",
        "coordinates": [
          -46.30625,
          -23.771883
        ]
      },
      "properties": {
        "gbifID": "5830177480",
        "species": "Solanum megalochiton",
        "genus": "Solanum",
        "family": "Solanaceae",
        "scientificName": "Solanum megalochiton Mart.",
        "coordinateUncertaintyInMeters": "",
        "basisOfRecord": "PRESERVED_SPECIMEN",
        "eventDate": "2022-06-21",
        "country": null,
        "datasetName": "",
        "publisher": "Instituto de Botânica, São Paulo",
        "license": "CC_BY_4_0",
        "issues": [
          "CONTINENT_DERIVED_FROM_COORDINATES",
          "INSTITUTION_MATCH_NONE"
        ],
        "fallback_media": {
          "url": "https://data.nhm.ac.uk/media/b088a439-e20d-4075-bafe-91d8c4b60044",
          "references": null,
          "title": "BM000935480",
          "creator": null,
          "publisher": null,
          "license": "http://creativecommons.org/licenses/by/4.0/",
          "rightsHolder": "The Trustees of the Natural History Museum, London"
        }
      }
    },
    {
      "type": "Feature",
      "geometry": {
        "type": "Point",
        "coordinates": [
          -45.6575,
          -22.69
        ]
      },
      "properties": {
        "gbifID": "2565919785",
        "species": "Solanum megalochiton",
        "genus": "Solanum",
        "family": "Solanaceae",
        "scientificName": "Solanum megalochiton Mart.",
        "coordinateUncertaintyInMeters": "",
        "basisOfRecord": "PRESERVED_SPECIMEN",
        "eventDate": "1995-04-13",
        "country": null,
        "datasetName": "",
        "publisher": "Instituto de Botânica, São Paulo",
        "license": "CC_BY_4_0",
        "issues": [
          "CONTINENT_DERIVED_FROM_COORDINATES",
          "INSTITUTION_MATCH_NONE"
        ],
        "fallback_media": {
          "url": "https://data.nhm.ac.uk/media/b088a439-e20d-4075-bafe-91d8c4b60044",
          "references": null,
          "title": "BM000935480",
          "creator": null,
          "publisher": null,
          "license": "http://creativecommons.org/licenses/by/4.0/",
          "rightsHolder": "The Trustees of the Natural History Museum, London"
        }
      }
    },
    {
      "type": "Feature",
      "geometry": {
        "type": "Point",
        "coordinates": [
          -45.866667,
          -23.633333
        ]
      },
      "properties": {
        "gbifID": "2565918924",
        "species": "Solanum megalochiton",
        "genus": "Solanum",
        "family": "Solanaceae",
        "scientificName": "Solanum megalochiton Mart.",
        "coordinateUncertaintyInMeters": "",
        "basisOfRecord": "PRESERVED_SPECIMEN",
        "eventDate": "1983-07-07",
        "country": null,
        "datasetName": "",
        "publisher": "Instituto de Botânica, São Paulo",
        "license": "CC_BY_4_0",
        "issues": [
          "CONTINENT_DERIVED_FROM_COORDINATES",
          "INSTITUTION_MATCH_NONE"
        ],
        "fallback_media": {
          "url": "https://data.nhm.ac.uk/media/b088a439-e20d-4075-bafe-91d8c4b60044",
          "references": null,
          "title": "BM000935480",
          "creator": null,
          "publisher": null,
          "license": "http://creativecommons.org/licenses/by/4.0/",
          "rightsHolder": "The Trustees of the Natural History Museum, London"
        }
      }
    },
    {
      "type": "Feature",
      "geometry": {
        "type": "Point",
        "coordinates": [
          -46.316667,
          -23.783333
        ]
      },
      "properties": {
        "gbifID": "2452819559",
        "species": "Solanum megalochiton",
        "genus": "Solanum",
        "family": "Solanaceae",
        "scientificName": "Solanum megalochiton Mart.",
        "coordinateUncertaintyInMeters": "",
        "basisOfRecord": "PRESERVED_SPECIMEN",
        "eventDate": "1983-06-27",
        "country": null,
        "datasetName": "",
        "publisher": "Instituto de Botânica, São Paulo",
        "license": "CC_BY_4_0",
        "issues": [
          "CONTINENT_DERIVED_FROM_COORDINATES",
          "INSTITUTION_MATCH_NONE"
        ],
        "fallback_media": {
          "url": "https://data.nhm.ac.uk/media/b088a439-e20d-4075-bafe-91d8c4b60044",
          "references": null,
          "title": "BM000935480",
          "creator": null,
          "publisher": null,
          "license": "http://creativecommons.org/licenses/by/4.0/",
          "rightsHolder": "The Trustees of the Natural History Museum, London"
        }
      }
    },
    {
      "type": "Feature",
      "geometry": {
        "type": "Point",
        "coordinates": [
          -46.304747,
          -23.774703
        ]
      },
      "properties": {
        "gbifID": "2452932033",
        "species": "Solanum megalochiton",
        "genus": "Solanum",
        "family": "Solanaceae",
        "scientificName": "Solanum megalochiton Mart.",
        "coordinateUncertaintyInMeters": "",
        "basisOfRecord": "PRESERVED_SPECIMEN",
        "eventDate": "2008-05-20",
        "country": null,
        "datasetName": "",
        "publisher": "Instituto de Botânica, São Paulo",
        "license": "CC_BY_4_0",
        "issues": [
          "CONTINENT_DERIVED_FROM_COORDINATES",
          "INSTITUTION_MATCH_NONE"
        ],
        "fallback_media": {
          "url": "https://data.nhm.ac.uk/media/b088a439-e20d-4075-bafe-91d8c4b60044",
          "references": null,
          "title": "BM000935480",
          "creator": null,
          "publisher": null,
          "license": "http://creativecommons.org/licenses/by/4.0/",
          "rightsHolder": "The Trustees of the Natural History Museum, London"
        }
      }
    },
    {
      "type": "Feature",
      "geometry": {
        "type": "Point",
        "coordinates": [
          -46.320556,
          -23.785278
        ]
      },
      "properties": {
        "gbifID": "2565920543",
        "species": "Solanum megalochiton",
        "genus": "Solanum",
        "family": "Solanaceae",
        "scientificName": "Solanum megalochiton Mart.",
        "coordinateUncertaintyInMeters": "",
        "basisOfRecord": "PRESERVED_SPECIMEN",
        "eventDate": "2010-08",
        "country": null,
        "datasetName": "",
        "publisher": "Instituto de Botânica, São Paulo",
        "license": "CC_BY_4_0",
        "issues": [
          "CONTINENT_DERIVED_FROM_COORDINATES",
          "INSTITUTION_MATCH_NONE"
        ],
        "fallback_media": {
          "url": "https://data.nhm.ac.uk/media/b088a439-e20d-4075-bafe-91d8c4b60044",
          "references": null,
          "title": "BM000935480",
          "creator": null,
          "publisher": null,
          "license": "http://creativecommons.org/licenses/by/4.0/",
          "rightsHolder": "The Trustees of the Natural History Museum, London"
        }
      }
    },
    {
      "type": "Feature",
      "geometry": {
        "type": "Point",
        "coordinates": [
          -43.000556,
          -22.451667
        ]
      },
      "properties": {
        "gbifID": "2565920733",
        "species": "Solanum megalochiton",
        "genus": "Solanum",
        "family": "Solanaceae",
        "scientificName": "Solanum megalochiton Mart.",
        "coordinateUncertaintyInMeters": "",
        "basisOfRecord": "PRESERVED_SPECIMEN",
        "eventDate": "2011-09-23",
        "country": null,
        "datasetName": "",
        "publisher": "Instituto de Botânica, São Paulo",
        "license": "CC_BY_4_0",
        "issues": [
          "CONTINENT_DERIVED_FROM_COORDINATES",
          "INSTITUTION_MATCH_NONE"
        ],
        "fallback_media": {
          "url": "https://data.nhm.ac.uk/media/b088a439-e20d-4075-bafe-91d8c4b60044",
          "references": null,
          "title": "BM000935480",
          "creator": null,
          "publisher": null,
          "license": "http://creativecommons.org/licenses/by/4.0/",
          "rightsHolder": "The Trustees of the Natural History Museum, London"
        }
      }
    },
    {
      "type": "Feature",
      "geometry": {
        "type": "Point",
        "coordinates": [
          -40.365,
          -13.396667
        ]
      },
      "properties": {
        "gbifID": "1094777673",
        "species": "Solanum megalochiton",
        "genus": "Solanum",
        "family": "Solanaceae",
        "scientificName": "Solanum megalochiton Mart.",
        "coordinateUncertaintyInMeters": "",
        "basisOfRecord": "PRESERVED_SPECIMEN",
        "eventDate": "2002-04-23",
        "country": null,
        "datasetName": "",
        "publisher": "Universidade Estadual de Feira de Santana",
        "license": "CC_BY_4_0",
        "issues": [
          "CONTINENT_DERIVED_FROM_COORDINATES",
          "INSTITUTION_MATCH_FUZZY",
          "INSTITUTION_COLLECTION_MISMATCH"
        ],
        "fallback_media": {
          "url": "https://data.nhm.ac.uk/media/b088a439-e20d-4075-bafe-91d8c4b60044",
          "references": null,
          "title": "BM000935480",
          "creator": null,
          "publisher": null,
          "license": "http://creativecommons.org/licenses/by/4.0/",
          "rightsHolder": "The Trustees of the Natural History Museum, London"
        }
      }
    },
    {
      "type": "Feature",
      "geometry": {
        "type": "Point",
        "coordinates": [
          -40.751389,
          -15.3275
        ]
      },
      "properties": {
        "gbifID": "1094780310",
        "species": "Solanum megalochiton",
        "genus": "Solanum",
        "family": "Solanaceae",
        "scientificName": "Solanum megalochiton Mart.",
        "coordinateUncertaintyInMeters": "",
        "basisOfRecord": "PRESERVED_SPECIMEN",
        "eventDate": "2001-08-14",
        "country": null,
        "datasetName": "",
        "publisher": "Universidade Estadual de Feira de Santana",
        "license": "CC_BY_4_0",
        "issues": [
          "CONTINENT_DERIVED_FROM_COORDINATES",
          "INSTITUTION_MATCH_FUZZY",
          "INSTITUTION_COLLECTION_MISMATCH"
        ],
        "fallback_media": {
          "url": "https://data.nhm.ac.uk/media/b088a439-e20d-4075-bafe-91d8c4b60044",
          "references": null,
          "title": "BM000935480",
          "creator": null,
          "publisher": null,
          "license": "http://creativecommons.org/licenses/by/4.0/",
          "rightsHolder": "The Trustees of the Natural History Museum, London"
        }
      }
    },
    {
      "type": "Feature",
      "geometry": {
        "type": "Point",
        "coordinates": [
          -43.016667,
          -22.45
        ]
      },
      "properties": {
        "gbifID": "1978402925",
        "species": "Solanum megalochiton",
        "genus": "Solanum",
        "family": "Solanaceae",
        "scientificName": "Solanum megalochiton Mart.",
        "coordinateUncertaintyInMeters": "",
        "basisOfRecord": "PRESERVED_SPECIMEN",
        "eventDate": "",
        "country": null,
        "datasetName": "",
        "publisher": "Universidade de São Paulo",
        "license": "CC_BY_4_0",
        "issues": [
          "CONTINENT_DERIVED_FROM_COORDINATES",
          "INSTITUTION_MATCH_NONE"
        ],
        "fallback_media": {
          "url": "https://data.nhm.ac.uk/media/b088a439-e20d-4075-bafe-91d8c4b60044",
          "references": null,
          "title": "BM000935480",
          "creator": null,
          "publisher": null,
          "license": "http://creativecommons.org/licenses/by/4.0/",
          "rightsHolder": "The Trustees of the Natural History Museum, London"
        }
      }
    },
    {
      "type": "Feature",
      "geometry": {
        "type": "Point",
        "coordinates": [
          -45.970833,
          -22.686944
        ]
      },
      "properties": {
        "gbifID": "1978402955",
        "species": "Solanum megalochiton",
        "genus": "Solanum",
        "family": "Solanaceae",
        "scientificName": "Solanum megalochiton Mart.",
        "coordinateUncertaintyInMeters": "",
        "basisOfRecord": "PRESERVED_SPECIMEN",
        "eventDate": "2000-10-14",
        "country": null,
        "datasetName": "",
        "publisher": "Universidade de São Paulo",
        "license": "CC_BY_4_0",
        "issues": [
          "CONTINENT_DERIVED_FROM_COORDINATES",
          "INSTITUTION_MATCH_NONE"
        ],
        "fallback_media": {
          "url": "https://data.nhm.ac.uk/media/b088a439-e20d-4075-bafe-91d8c4b60044",
          "references": null,
          "title": "BM000935480",
          "creator": null,
          "publisher": null,
          "license": "http://creativecommons.org/licenses/by/4.0/",
          "rightsHolder": "The Trustees of the Natural History Museum, London"
        }
      }
    },
    {
      "type": "Feature",
      "geometry": {
        "type": "Point",
        "coordinates": [
          -40.336944,
          -14.611111
        ]
      },
      "properties": {
        "gbifID": "1090493889",
        "species": "Solanum megalochiton",
        "genus": "Solanum",
        "family": "Solanaceae",
        "scientificName": "Solanum megalochiton Mart.",
        "coordinateUncertaintyInMeters": "",
        "basisOfRecord": "PRESERVED_SPECIMEN",
        "eventDate": "2004-02-07",
        "country": null,
        "datasetName": "",
        "publisher": "Comissão Executiva do Plano da Lavoura Cacaueira – Centro de Pesquisas do Cacau",
        "license": "CC_BY_4_0",
        "issues": [
          "CONTINENT_DERIVED_FROM_COORDINATES",
          "INSTITUTION_MATCH_NONE"
        ],
        "fallback_media": {
          "url": "https://data.nhm.ac.uk/media/b088a439-e20d-4075-bafe-91d8c4b60044",
          "references": null,
          "title": "BM000935480",
          "creator": null,
          "publisher": null,
          "license": "http://creativecommons.org/licenses/by/4.0/",
          "rightsHolder": "The Trustees of the Natural History Museum, London"
        }
      }
    },
    {
      "type": "Feature",
      "geometry": {
        "type": "Point",
        "coordinates": [
          -41.133333,
          -11.8
        ]
      },
      "properties": {
        "gbifID": "1090484019",
        "species": "Solanum megalochiton",
        "genus": "Solanum",
        "family": "Solanaceae",
        "scientificName": "Solanum megalochiton Mart.",
        "coordinateUncertaintyInMeters": "",
        "basisOfRecord": "PRESERVED_SPECIMEN",
        "eventDate": "2002-03-11",
        "country": null,
        "datasetName": "",
        "publisher": "Comissão Executiva do Plano da Lavoura Cacaueira – Centro de Pesquisas do Cacau",
        "license": "CC_BY_4_0",
        "issues": [
          "CONTINENT_DERIVED_FROM_COORDINATES",
          "INSTITUTION_MATCH_NONE"
        ],
        "fallback_media": {
          "url": "https://data.nhm.ac.uk/media/b088a439-e20d-4075-bafe-91d8c4b60044",
          "references": null,
          "title": "BM000935480",
          "creator": null,
          "publisher": null,
          "license": "http://creativecommons.org/licenses/by/4.0/",
          "rightsHolder": "The Trustees of the Natural History Museum, London"
        }
      }
    },
    {
      "type": "Feature",
      "geometry": {
        "type": "Point",
        "coordinates": [
          -39.459167,
          -13.890833
        ]
      },
      "properties": {
        "gbifID": "1090499853",
        "species": "Solanum megalochiton",
        "genus": "Solanum",
        "family": "Solanaceae",
        "scientificName": "Solanum megalochiton Mart.",
        "coordinateUncertaintyInMeters": "",
        "basisOfRecord": "PRESERVED_SPECIMEN",
        "eventDate": "2005-05-12",
        "country": null,
        "datasetName": "",
        "publisher": "Comissão Executiva do Plano da Lavoura Cacaueira – Centro de Pesquisas do Cacau",
        "license": "CC_BY_4_0",
        "issues": [
          "CONTINENT_DERIVED_FROM_COORDINATES",
          "INSTITUTION_MATCH_NONE"
        ],
        "fallback_media": {
          "url": "https://data.nhm.ac.uk/media/b088a439-e20d-4075-bafe-91d8c4b60044",
          "references": null,
          "title": "BM000935480",
          "creator": null,
          "publisher": null,
          "license": "http://creativecommons.org/licenses/by/4.0/",
          "rightsHolder": "The Trustees of the Natural History Museum, London"
        }
      }
    },
    {
      "type": "Feature",
      "geometry": {
        "type": "Point",
        "coordinates": [
          -41.736667,
          -20.279167
        ]
      },
      "properties": {
        "gbifID": "1090516791",
        "species": "Solanum megalochiton",
        "genus": "Solanum",
        "family": "Solanaceae",
        "scientificName": "Solanum megalochiton Mart.",
        "coordinateUncertaintyInMeters": "",
        "basisOfRecord": "PRESERVED_SPECIMEN",
        "eventDate": "2010-11-30",
        "country": null,
        "datasetName": "",
        "publisher": "Comissão Executiva do Plano da Lavoura Cacaueira – Centro de Pesquisas do Cacau",
        "license": "CC_BY_4_0",
        "issues": [
          "CONTINENT_DERIVED_FROM_COORDINATES",
          "INSTITUTION_MATCH_NONE"
        ],
        "fallback_media": {
          "url": "https://data.nhm.ac.uk/media/b088a439-e20d-4075-bafe-91d8c4b60044",
          "references": null,
          "title": "BM000935480",
          "creator": null,
          "publisher": null,
          "license": "http://creativecommons.org/licenses/by/4.0/",
          "rightsHolder": "The Trustees of the Natural History Museum, London"
        }
      }
    },
    {
      "type": "Feature",
      "geometry": {
        "type": "Point",
        "coordinates": [
          -49.402139,
          -24.11325
        ]
      },
      "properties": {
        "gbifID": "2464870971",
        "species": "Solanum megalochiton",
        "genus": "Solanum",
        "family": "Solanaceae",
        "scientificName": "Solanum megalochiton Mart.",
        "coordinateUncertaintyInMeters": "",
        "basisOfRecord": "PRESERVED_SPECIMEN",
        "eventDate": "2009-07-17",
        "country": null,
        "datasetName": "",
        "publisher": "Universidade Estadual de Londrina",
        "license": "CC_BY_4_0",
        "issues": [
          "CONTINENT_DERIVED_FROM_COORDINATES",
          "INSTITUTION_MATCH_FUZZY",
          "COLLECTION_MATCH_FUZZY"
        ],
        "fallback_media": {
          "url": "https://data.nhm.ac.uk/media/b088a439-e20d-4075-bafe-91d8c4b60044",
          "references": null,
          "title": "BM000935480",
          "creator": null,
          "publisher": null,
          "license": "http://creativecommons.org/licenses/by/4.0/",
          "rightsHolder": "The Trustees of the Natural History Museum, London"
        }
      }
    },
    {
      "type": "Feature",
      "geometry": {
        "type": "Point",
        "coordinates": [
          -49.516667,
          -27.36
        ]
      },
      "properties": {
        "gbifID": "2464880602",
        "species": "Solanum megalochiton",
        "genus": "Solanum",
        "family": "Solanaceae",
        "scientificName": "Solanum megalochiton Mart.",
        "coordinateUncertaintyInMeters": "",
        "basisOfRecord": "PRESERVED_SPECIMEN",
        "eventDate": "2010-08-13",
        "country": null,
        "datasetName": "",
        "publisher": "Universidade Estadual de Londrina",
        "license": "CC_BY_4_0",
        "issues": [
          "CONTINENT_DERIVED_FROM_COORDINATES",
          "INSTITUTION_MATCH_FUZZY",
          "COLLECTION_MATCH_FUZZY"
        ],
        "fallback_media": {
          "url": "https://data.nhm.ac.uk/media/b088a439-e20d-4075-bafe-91d8c4b60044",
          "references": null,
          "title": "BM000935480",
          "creator": null,
          "publisher": null,
          "license": "http://creativecommons.org/licenses/by/4.0/",
          "rightsHolder": "The Trustees of the Natural History Museum, London"
        }
      }
    },
    {
      "type": "Feature",
      "geometry": {
        "type": "Point",
        "coordinates": [
          -36.489814,
          -9.393672
        ]
      },
      "properties": {
        "gbifID": "1077593037",
        "species": "Solanum megalochiton",
        "genus": "Solanum",
        "family": "Solanaceae",
        "scientificName": "Solanum megalochiton Mart.",
        "coordinateUncertaintyInMeters": "",
        "basisOfRecord": "PRESERVED_SPECIMEN",
        "eventDate": "2002-03-16",
        "country": null,
        "datasetName": "",
        "publisher": "Instituto do Meio Ambiente do Estado de Alagoas",
        "license": "CC_BY_4_0",
        "issues": [
          "CONTINENT_DERIVED_FROM_COORDINATES",
          "INSTITUTION_MATCH_FUZZY",
          "INSTITUTION_COLLECTION_MISMATCH"
        ],
        "fallback_media": {
          "url": "https://data.nhm.ac.uk/media/b088a439-e20d-4075-bafe-91d8c4b60044",
          "references": null,
          "title": "BM000935480",
          "creator": null,
          "publisher": null,
          "license": "http://creativecommons.org/licenses/by/4.0/",
          "rightsHolder": "The Trustees of the Natural History Museum, London"
        }
      }
    },
    {
      "type": "Feature",
      "geometry": {
        "type": "Point",
        "coordinates": [
          -49.128611,
          -25.605278
        ]
      },
      "properties": {
        "gbifID": "4950971017",
        "species": "Solanum megalochiton",
        "genus": "Solanum",
        "family": "Solanaceae",
        "scientificName": "Solanum megalochiton Mart.",
        "coordinateUncertaintyInMeters": "",
        "basisOfRecord": "PRESERVED_SPECIMEN",
        "eventDate": "2020-09-15",
        "country": null,
        "datasetName": "",
        "publisher": "Universidade da Região de Joinville",
        "license": "CC_BY_4_0",
        "issues": [
          "COORDINATE_ROUNDED",
          "CONTINENT_DERIVED_FROM_COORDINATES",
          "INSTITUTION_MATCH_NONE"
        ],
        "fallback_media": {
          "url": "https://data.nhm.ac.uk/media/b088a439-e20d-4075-bafe-91d8c4b60044",
          "references": null,
          "title": "BM000935480",
          "creator": null,
          "publisher": null,
          "license": "http://creativecommons.org/licenses/by/4.0/",
          "rightsHolder": "The Trustees of the Natural History Museum, London"
        }
      }
    },
    {
      "type": "Feature",
      "geometry": {
        "type": "Point",
        "coordinates": [
          -43.4975,
          -9.218611
        ]
      },
      "properties": {
        "gbifID": "1094174451",
        "species": "Solanum megalochiton",
        "genus": "Solanum",
        "family": "Solanaceae",
        "scientificName": "Solanum megalochiton Mart.",
        "coordinateUncertaintyInMeters": "",
        "basisOfRecord": "PRESERVED_SPECIMEN",
        "eventDate": "2005-11-26",
        "country": null,
        "datasetName": "",
        "publisher": "Universidade Estadual de Santa Cruz",
        "license": "CC_BY_4_0",
        "issues": [
          "CONTINENT_DERIVED_FROM_COORDINATES",
          "INSTITUTION_MATCH_FUZZY",
          "COLLECTION_MATCH_FUZZY"
        ],
        "fallback_media": {
          "url": "https://data.nhm.ac.uk/media/b088a439-e20d-4075-bafe-91d8c4b60044",
          "references": null,
          "title": "BM000935480",
          "creator": null,
          "publisher": null,
          "license": "http://creativecommons.org/licenses/by/4.0/",
          "rightsHolder": "The Trustees of the Natural History Museum, London"
        }
      }
    },
    {
      "type": "Feature",
      "geometry": {
        "type": "Point",
        "coordinates": [
          -44.608101,
          -22.454642
        ]
      },
      "properties": {
        "gbifID": "1931782580",
        "species": "Solanum megalochiton",
        "genus": "Solanum",
        "family": "Solanaceae",
        "scientificName": "Solanum megalochiton Mart.",
        "coordinateUncertaintyInMeters": "",
        "basisOfRecord": "PRESERVED_SPECIMEN",
        "eventDate": "2015-08-21",
        "country": null,
        "datasetName": "",
        "publisher": "Universidade Estadual Paulista",
        "license": "CC_BY_4_0",
        "issues": [
          "CONTINENT_DERIVED_FROM_COORDINATES",
          "INSTITUTION_MATCH_NONE"
        ],
        "fallback_media": {
          "url": "https://data.nhm.ac.uk/media/b088a439-e20d-4075-bafe-91d8c4b60044",
          "references": null,
          "title": "BM000935480",
          "creator": null,
          "publisher": null,
          "license": "http://creativecommons.org/licenses/by/4.0/",
          "rightsHolder": "The Trustees of the Natural History Museum, London"
        }
      }
    },
    {
      "type": "Feature",
      "geometry": {
        "type": "Point",
        "coordinates": [
          -44.73705,
          -22.3598
        ]
      },
      "properties": {
        "gbifID": "1931782504",
        "species": "Solanum megalochiton",
        "genus": "Solanum",
        "family": "Solanaceae",
        "scientificName": "Solanum megalochiton Mart.",
        "coordinateUncertaintyInMeters": "",
        "basisOfRecord": "PRESERVED_SPECIMEN",
        "eventDate": "2015-08-22",
        "country": null,
        "datasetName": "",
        "publisher": "Universidade Estadual Paulista",
        "license": "CC_BY_4_0",
        "issues": [
          "CONTINENT_DERIVED_FROM_COORDINATES",
          "INSTITUTION_MATCH_NONE"
        ],
        "fallback_media": {
          "url": "https://data.nhm.ac.uk/media/b088a439-e20d-4075-bafe-91d8c4b60044",
          "references": null,
          "title": "BM000935480",
          "creator": null,
          "publisher": null,
          "license": "http://creativecommons.org/licenses/by/4.0/",
          "rightsHolder": "The Trustees of the Natural History Museum, London"
        }
      }
    },
    {
      "type": "Feature",
      "geometry": {
        "type": "Point",
        "coordinates": [
          -51.032056,
          -26.223389
        ]
      },
      "properties": {
        "gbifID": "1090161775",
        "species": "Solanum megalochiton",
        "genus": "Solanum",
        "family": "Solanaceae",
        "scientificName": "Solanum megalochiton Mart.",
        "coordinateUncertaintyInMeters": "",
        "basisOfRecord": "PRESERVED_SPECIMEN",
        "eventDate": "2003-10-17",
        "country": null,
        "datasetName": "",
        "publisher": "Parque da Ciência Newton Freire Maia",
        "license": "CC_BY_4_0",
        "issues": [
          "CONTINENT_DERIVED_FROM_COORDINATES",
          "INSTITUTION_MATCH_FUZZY",
          "INSTITUTION_COLLECTION_MISMATCH"
        ],
        "fallback_media": {
          "url": "https://data.nhm.ac.uk/media/b088a439-e20d-4075-bafe-91d8c4b60044",
          "references": null,
          "title": "BM000935480",
          "creator": null,
          "publisher": null,
          "license": "http://creativecommons.org/licenses/by/4.0/",
          "rightsHolder": "The Trustees of the Natural History Museum, London"
        }
      }
    },
    {
      "type": "Feature",
      "geometry": {
        "type": "Point",
        "coordinates": [
          -49.110528,
          -25.383778
        ]
      },
      "properties": {
        "gbifID": "1090157055",
        "species": "Solanum megalochiton",
        "genus": "Solanum",
        "family": "Solanaceae",
        "scientificName": "Solanum megalochiton Mart.",
        "coordinateUncertaintyInMeters": "",
        "basisOfRecord": "PRESERVED_SPECIMEN",
        "eventDate": "2009-11-01",
        "country": null,
        "datasetName": "",
        "publisher": "Parque da Ciência Newton Freire Maia",
        "license": "CC_BY_4_0",
        "issues": [
          "CONTINENT_DERIVED_FROM_COORDINATES",
          "INSTITUTION_MATCH_FUZZY",
          "INSTITUTION_COLLECTION_MISMATCH"
        ],
        "fallback_media": {
          "url": "https://data.nhm.ac.uk/media/b088a439-e20d-4075-bafe-91d8c4b60044",
          "references": null,
          "title": "BM000935480",
          "creator": null,
          "publisher": null,
          "license": "http://creativecommons.org/licenses/by/4.0/",
          "rightsHolder": "The Trustees of the Natural History Museum, London"
        }
      }
    },
    {
      "type": "Feature",
      "geometry": {
        "type": "Point",
        "coordinates": [
          -49.118556,
          -25.385361
        ]
      },
      "properties": {
        "gbifID": "1090158143",
        "species": "Solanum megalochiton",
        "genus": "Solanum",
        "family": "Solanaceae",
        "scientificName": "Solanum megalochiton Mart.",
        "coordinateUncertaintyInMeters": "",
        "basisOfRecord": "PRESERVED_SPECIMEN",
        "eventDate": "2010-08-13",
        "country": null,
        "datasetName": "",
        "publisher": "Parque da Ciência Newton Freire Maia",
        "license": "CC_BY_4_0",
        "issues": [
          "CONTINENT_DERIVED_FROM_COORDINATES",
          "INSTITUTION_MATCH_FUZZY",
          "INSTITUTION_COLLECTION_MISMATCH"
        ],
        "fallback_media": {
          "url": "https://data.nhm.ac.uk/media/b088a439-e20d-4075-bafe-91d8c4b60044",
          "references": null,
          "title": "BM000935480",
          "creator": null,
          "publisher": null,
          "license": "http://creativecommons.org/licenses/by/4.0/",
          "rightsHolder": "The Trustees of the Natural History Museum, London"
        }
      }
    },
    {
      "type": "Feature",
      "geometry": {
        "type": "Point",
        "coordinates": [
          -44.607778,
          -22.452778
        ]
      },
      "properties": {
        "gbifID": "1096796332",
        "species": "Solanum megalochiton",
        "genus": "Solanum",
        "family": "Solanaceae",
        "scientificName": "Solanum megalochiton Mart.",
        "coordinateUncertaintyInMeters": "",
        "basisOfRecord": "PRESERVED_SPECIMEN",
        "eventDate": "1902-07-11",
        "country": null,
        "datasetName": "",
        "publisher": "Swedish Museum of Natural History",
        "license": "CC_BY_4_0",
        "issues": [
          "GEODETIC_DATUM_ASSUMED_WGS84",
          "CONTINENT_DERIVED_FROM_COORDINATES",
          "AMBIGUOUS_COLLECTION"
        ],
        "fallback_media": {
          "url": "https://data.nhm.ac.uk/media/b088a439-e20d-4075-bafe-91d8c4b60044",
          "references": null,
          "title": "BM000935480",
          "creator": null,
          "publisher": null,
          "license": "http://creativecommons.org/licenses/by/4.0/",
          "rightsHolder": "The Trustees of the Natural History Museum, London"
        }
      }
    },
    {
      "type": "Feature",
      "geometry": {
        "type": "Point",
        "coordinates": [
          -49.688889,
          -25.9725
        ]
      },
      "properties": {
        "gbifID": "1096796393",
        "species": "Solanum megalochiton",
        "genus": "Solanum",
        "family": "Solanaceae",
        "scientificName": "Solanum megalochiton Mart.",
        "coordinateUncertaintyInMeters": "",
        "basisOfRecord": "PRESERVED_SPECIMEN",
        "eventDate": "1908-10-09",
        "country": null,
        "datasetName": "",
        "publisher": "Swedish Museum of Natural History",
        "license": "CC_BY_4_0",
        "issues": [
          "GEODETIC_DATUM_ASSUMED_WGS84",
          "CONTINENT_DERIVED_FROM_COORDINATES",
          "AMBIGUOUS_COLLECTION"
        ],
        "fallback_media": {
          "url": "https://data.nhm.ac.uk/media/b088a439-e20d-4075-bafe-91d8c4b60044",
          "references": null,
          "title": "BM000935480",
          "creator": null,
          "publisher": null,
          "license": "http://creativecommons.org/licenses/by/4.0/",
          "rightsHolder": "The Trustees of the Natural History Museum, London"
        }
      }
    },
    {
      "type": "Feature",
      "geometry": {
        "type": "Point",
        "coordinates": [
          -48.905556,
          -25.419444
        ]
      },
      "properties": {
        "gbifID": "1096796314",
        "species": "Solanum megalochiton",
        "genus": "Solanum",
        "family": "Solanaceae",
        "scientificName": "Solanum megalochiton Mart.",
        "coordinateUncertaintyInMeters": "",
        "basisOfRecord": "PRESERVED_SPECIMEN",
        "eventDate": "1908-08-17",
        "country": null,
        "datasetName": "",
        "publisher": "Swedish Museum of Natural History",
        "license": "CC_BY_4_0",
        "issues": [
          "GEODETIC_DATUM_ASSUMED_WGS84",
          "CONTINENT_DERIVED_FROM_COORDINATES",
          "AMBIGUOUS_COLLECTION"
        ],
        "fallback_media": {
          "url": "https://data.nhm.ac.uk/media/b088a439-e20d-4075-bafe-91d8c4b60044",
          "references": null,
          "title": "BM000935480",
          "creator": null,
          "publisher": null,
          "license": "http://creativecommons.org/licenses/by/4.0/",
          "rightsHolder": "The Trustees of the Natural History Museum, London"
        }
      }
    },
    {
      "type": "Feature",
      "geometry": {
        "type": "Point",
        "coordinates": [
          -44.625278,
          -22.412222
        ]
      },
      "properties": {
        "gbifID": "1096796329",
        "species": "Solanum megalochiton",
        "genus": "Solanum",
        "family": "Solanaceae",
        "scientificName": "Solanum megalochiton Mart.",
        "coordinateUncertaintyInMeters": "",
        "basisOfRecord": "PRESERVED_SPECIMEN",
        "eventDate": "1902-05-21",
        "country": null,
        "datasetName": "",
        "publisher": "Swedish Museum of Natural History",
        "license": "CC_BY_4_0",
        "issues": [
          "GEODETIC_DATUM_ASSUMED_WGS84",
          "CONTINENT_DERIVED_FROM_COORDINATES",
          "AMBIGUOUS_COLLECTION"
        ],
        "fallback_media": {
          "url": "https://data.nhm.ac.uk/media/b088a439-e20d-4075-bafe-91d8c4b60044",
          "references": null,
          "title": "BM000935480",
          "creator": null,
          "publisher": null,
          "license": "http://creativecommons.org/licenses/by/4.0/",
          "rightsHolder": "The Trustees of the Natural History Museum, London"
        }
      }
    },
    {
      "type": "Feature",
      "geometry": {
        "type": "Point",
        "coordinates": [
          -40.0822,
          -14.14328
        ]
      },
      "properties": {
        "gbifID": "1087540197",
        "species": "Solanum megalochiton",
        "genus": "Solanum",
        "family": "Solanaceae",
        "scientificName": "Solanum megalochiton Mart.",
        "coordinateUncertaintyInMeters": "",
        "basisOfRecord": "PRESERVED_SPECIMEN",
        "eventDate": "2014-04-15",
        "country": null,
        "datasetName": "",
        "publisher": "Universidade Estadual do Sudoeste da Bahia",
        "license": "CC_BY_4_0",
        "issues": [
          "CONTINENT_DERIVED_FROM_COORDINATES",
          "INSTITUTION_MATCH_NONE"
        ],
        "fallback_media": {
          "url": "https://data.nhm.ac.uk/media/b088a439-e20d-4075-bafe-91d8c4b60044",
          "references": null,
          "title": "BM000935480",
          "creator": null,
          "publisher": null,
          "license": "http://creativecommons.org/licenses/by/4.0/",
          "rightsHolder": "The Trustees of the Natural History Museum, London"
        }
      }
    },
    {
      "type": "Feature",
      "geometry": {
        "type": "Point",
        "coordinates": [
          -40.775278,
          -19.806111
        ]
      },
      "properties": {
        "gbifID": "1123815315",
        "species": "Solanum megalochiton",
        "genus": "Solanum",
        "family": "Solanaceae",
        "scientificName": "Solanum megalochiton Mart.",
        "coordinateUncertaintyInMeters": "",
        "basisOfRecord": "PRESERVED_SPECIMEN",
        "eventDate": "2007-11-06",
        "country": null,
        "datasetName": "",
        "publisher": "Instituto Nacional da Mata Atlântica",
        "license": "CC_BY_4_0",
        "issues": [
          "CONTINENT_DERIVED_FROM_COORDINATES",
          "INSTITUTION_MATCH_NONE"
        ],
        "fallback_media": {
          "url": "https://data.nhm.ac.uk/media/b088a439-e20d-4075-bafe-91d8c4b60044",
          "references": null,
          "title": "BM000935480",
          "creator": null,
          "publisher": null,
          "license": "http://creativecommons.org/licenses/by/4.0/",
          "rightsHolder": "The Trustees of the Natural History Museum, London"
        }
      }
    },
    {
      "type": "Feature",
      "geometry": {
        "type": "Point",
        "coordinates": [
          -40.590278,
          -19.906389
        ]
      },
      "properties": {
        "gbifID": "1123823256",
        "species": "Solanum megalochiton",
        "genus": "Solanum",
        "family": "Solanaceae",
        "scientificName": "Solanum megalochiton Mart.",
        "coordinateUncertaintyInMeters": "",
        "basisOfRecord": "PRESERVED_SPECIMEN",
        "eventDate": "2010-10-29",
        "country": null,
        "datasetName": "",
        "publisher": "Instituto Nacional da Mata Atlântica",
        "license": "CC_BY_4_0",
        "issues": [
          "CONTINENT_DERIVED_FROM_COORDINATES",
          "INSTITUTION_MATCH_NONE"
        ],
        "fallback_media": {
          "url": "https://data.nhm.ac.uk/media/b088a439-e20d-4075-bafe-91d8c4b60044",
          "references": null,
          "title": "BM000935480",
          "creator": null,
          "publisher": null,
          "license": "http://creativecommons.org/licenses/by/4.0/",
          "rightsHolder": "The Trustees of the Natural History Museum, London"
        }
      }
    },
    {
      "type": "Feature",
      "geometry": {
        "type": "Point",
        "coordinates": [
          -40.550833,
          -19.348056
        ]
      },
      "properties": {
        "gbifID": "1123811589",
        "species": "Solanum megalochiton",
        "genus": "Solanum",
        "family": "Solanaceae",
        "scientificName": "Solanum megalochiton Mart.",
        "coordinateUncertaintyInMeters": "",
        "basisOfRecord": "PRESERVED_SPECIMEN",
        "eventDate": "2006-04-18",
        "country": null,
        "datasetName": "",
        "publisher": "Instituto Nacional da Mata Atlântica",
        "license": "CC_BY_4_0",
        "issues": [
          "CONTINENT_DERIVED_FROM_COORDINATES",
          "INSTITUTION_MATCH_NONE"
        ],
        "fallback_media": {
          "url": "https://data.nhm.ac.uk/media/b088a439-e20d-4075-bafe-91d8c4b60044",
          "references": null,
          "title": "BM000935480",
          "creator": null,
          "publisher": null,
          "license": "http://creativecommons.org/licenses/by/4.0/",
          "rightsHolder": "The Trustees of the Natural History Museum, London"
        }
      }
    },
    {
      "type": "Feature",
      "geometry": {
        "type": "Point",
        "coordinates": [
          -40.6725,
          -19.900278
        ]
      },
      "properties": {
        "gbifID": "1123811691",
        "species": "Solanum megalochiton",
        "genus": "Solanum",
        "family": "Solanaceae",
        "scientificName": "Solanum megalochiton Mart.",
        "coordinateUncertaintyInMeters": "",
        "basisOfRecord": "PRESERVED_SPECIMEN",
        "eventDate": "2006-09-23",
        "country": null,
        "datasetName": "",
        "publisher": "Instituto Nacional da Mata Atlântica",
        "license": "CC_BY_4_0",
        "issues": [
          "CONTINENT_DERIVED_FROM_COORDINATES",
          "INSTITUTION_MATCH_NONE"
        ],
        "fallback_media": {
          "url": "https://data.nhm.ac.uk/media/b088a439-e20d-4075-bafe-91d8c4b60044",
          "references": null,
          "title": "BM000935480",
          "creator": null,
          "publisher": null,
          "license": "http://creativecommons.org/licenses/by/4.0/",
          "rightsHolder": "The Trustees of the Natural History Museum, London"
        }
      }
    },
    {
      "type": "Feature",
      "geometry": {
        "type": "Point",
        "coordinates": [
          -41.083611,
          -20.516111
        ]
      },
      "properties": {
        "gbifID": "1123820310",
        "species": "Solanum megalochiton",
        "genus": "Solanum",
        "family": "Solanaceae",
        "scientificName": "Solanum megalochiton Mart.",
        "coordinateUncertaintyInMeters": "",
        "basisOfRecord": "PRESERVED_SPECIMEN",
        "eventDate": "2008-07-16",
        "country": null,
        "datasetName": "",
        "publisher": "Instituto Nacional da Mata Atlântica",
        "license": "CC_BY_4_0",
        "issues": [
          "CONTINENT_DERIVED_FROM_COORDINATES",
          "INSTITUTION_MATCH_NONE"
        ],
        "fallback_media": {
          "url": "https://data.nhm.ac.uk/media/b088a439-e20d-4075-bafe-91d8c4b60044",
          "references": null,
          "title": "BM000935480",
          "creator": null,
          "publisher": null,
          "license": "http://creativecommons.org/licenses/by/4.0/",
          "rightsHolder": "The Trustees of the Natural History Museum, London"
        }
      }
    },
    {
      "type": "Feature",
      "geometry": {
        "type": "Point",
        "coordinates": [
          -48.914167,
          -25.433056
        ]
      },
      "properties": {
        "gbifID": "1096796318",
        "species": "Solanum megalochiton",
        "genus": "Solanum",
        "family": "Solanaceae",
        "scientificName": "Solanum megalochiton Mart.",
        "coordinateUncertaintyInMeters": "",
        "basisOfRecord": "PRESERVED_SPECIMEN",
        "eventDate": "1911-08-08",
        "country": null,
        "datasetName": "",
        "publisher": "Swedish Museum of Natural History",
        "license": "CC_BY_4_0",
        "issues": [
          "GEODETIC_DATUM_ASSUMED_WGS84",
          "CONTINENT_DERIVED_FROM_COORDINATES",
          "AMBIGUOUS_COLLECTION"
        ],
        "fallback_media": {
          "url": "https://data.nhm.ac.uk/media/b088a439-e20d-4075-bafe-91d8c4b60044",
          "references": null,
          "title": "BM000935480",
          "creator": null,
          "publisher": null,
          "license": "http://creativecommons.org/licenses/by/4.0/",
          "rightsHolder": "The Trustees of the Natural History Museum, London"
        }
      }
    },
    {
      "type": "Feature",
      "geometry": {
        "type": "Point",
        "coordinates": [
          -49.501667,
          -27.36
        ]
      },
      "properties": {
        "gbifID": "1802964752",
        "species": "Solanum megalochiton",
        "genus": "Solanum",
        "family": "Solanaceae",
        "scientificName": "Solanum megalochiton Mart.",
        "coordinateUncertaintyInMeters": "",
        "basisOfRecord": "PRESERVED_SPECIMEN",
        "eventDate": "2010-08-13",
        "country": null,
        "datasetName": "",
        "publisher": "Instituto Anchietano de Pesquisas/UNISINOS",
        "license": "CC_BY_4_0",
        "issues": [
          "CONTINENT_DERIVED_FROM_COORDINATES",
          "INSTITUTION_MATCH_NONE"
        ],
        "fallback_media": {
          "url": "https://data.nhm.ac.uk/media/b088a439-e20d-4075-bafe-91d8c4b60044",
          "references": null,
          "title": "BM000935480",
          "creator": null,
          "publisher": null,
          "license": "http://creativecommons.org/licenses/by/4.0/",
          "rightsHolder": "The Trustees of the Natural History Museum, London"
        }
      }
    },
    {
      "type": "Feature",
      "geometry": {
        "type": "Point",
        "coordinates": [
          -47.092747,
          -22.856031
        ]
      },
      "properties": {
        "gbifID": "1090582006",
        "species": "Solanum megalochiton",
        "genus": "Solanum",
        "family": "Solanaceae",
        "scientificName": "Solanum megalochiton Mart.",
        "coordinateUncertaintyInMeters": "",
        "basisOfRecord": "PRESERVED_SPECIMEN",
        "eventDate": "2011-09-27",
        "country": null,
        "datasetName": "",
        "publisher": "Instituto Agronômico (IAC)",
        "license": "CC_BY_4_0",
        "issues": [
          "CONTINENT_DERIVED_FROM_COORDINATES",
          "INSTITUTION_MATCH_FUZZY",
          "COLLECTION_MATCH_FUZZY"
        ],
        "fallback_media": {
          "url": "https://data.nhm.ac.uk/media/b088a439-e20d-4075-bafe-91d8c4b60044",
          "references": null,
          "title": "BM000935480",
          "creator": null,
          "publisher": null,
          "license": "http://creativecommons.org/licenses/by/4.0/",
          "rightsHolder": "The Trustees of the Natural History Museum, London"
        }
      }
    },
    {
      "type": "Feature",
      "geometry": {
        "type": "Point",
        "coordinates": [
          -49.201528,
          -25.635185
        ]
      },
      "properties": {
        "gbifID": "1086732924",
        "species": "Solanum megalochiton",
        "genus": "Solanum",
        "family": "Solanaceae",
        "scientificName": "Solanum megalochiton Mart.",
        "coordinateUncertaintyInMeters": "",
        "basisOfRecord": "PRESERVED_SPECIMEN",
        "eventDate": "2008-06-08",
        "country": null,
        "datasetName": "",
        "publisher": "Embrapa Semiárido",
        "license": "CC_BY_4_0",
        "issues": [
          "CONTINENT_DERIVED_FROM_COORDINATES",
          "INSTITUTION_MATCH_NONE"
        ],
        "fallback_media": {
          "url": "https://data.nhm.ac.uk/media/b088a439-e20d-4075-bafe-91d8c4b60044",
          "references": null,
          "title": "BM000935480",
          "creator": null,
          "publisher": null,
          "license": "http://creativecommons.org/licenses/by/4.0/",
          "rightsHolder": "The Trustees of the Natural History Museum, London"
        }
      }
    },
    {
      "type": "Feature",
      "geometry": {
        "type": "Point",
        "coordinates": [
          -44.744483,
          -22.42125
        ]
      },
      "properties": {
        "gbifID": "1087643891",
        "species": "Solanum megalochiton",
        "genus": "Solanum",
        "family": "Solanaceae",
        "scientificName": "Solanum megalochiton Mart.",
        "coordinateUncertaintyInMeters": "",
        "basisOfRecord": "PRESERVED_SPECIMEN",
        "eventDate": "2008-07-12",
        "country": null,
        "datasetName": "",
        "publisher": "Universidade Federal de Minas Gerais",
        "license": "CC_BY_4_0",
        "issues": [
          "IDENTIFIED_DATE_INVALID",
          "CONTINENT_DERIVED_FROM_COORDINATES",
          "INSTITUTION_MATCH_NONE"
        ],
        "fallback_media": {
          "url": "https://data.nhm.ac.uk/media/b088a439-e20d-4075-bafe-91d8c4b60044",
          "references": null,
          "title": "BM000935480",
          "creator": null,
          "publisher": null,
          "license": "http://creativecommons.org/licenses/by/4.0/",
          "rightsHolder": "The Trustees of the Natural History Museum, London"
        }
      }
    },
    {
      "type": "Feature",
      "geometry": {
        "type": "Point",
        "coordinates": [
          -42.0886,
          -20.368333
        ]
      },
      "properties": {
        "gbifID": "1087658337",
        "species": "Solanum megalochiton",
        "genus": "Solanum",
        "family": "Solanaceae",
        "scientificName": "Solanum megalochiton Mart.",
        "coordinateUncertaintyInMeters": "",
        "basisOfRecord": "PRESERVED_SPECIMEN",
        "eventDate": "2012-11-06",
        "country": null,
        "datasetName": "",
        "publisher": "Universidade Federal de Minas Gerais",
        "license": "CC_BY_4_0",
        "issues": [
          "CONTINENT_DERIVED_FROM_COORDINATES",
          "INSTITUTION_MATCH_NONE"
        ],
        "fallback_media": {
          "url": "https://data.nhm.ac.uk/media/b088a439-e20d-4075-bafe-91d8c4b60044",
          "references": null,
          "title": "BM000935480",
          "creator": null,
          "publisher": null,
          "license": "http://creativecommons.org/licenses/by/4.0/",
          "rightsHolder": "The Trustees of the Natural History Museum, London"
        }
      }
    },
    {
      "type": "Feature",
      "geometry": {
        "type": "Point",
        "coordinates": [
          -43.883056,
          -21.678889
        ]
      },
      "properties": {
        "gbifID": "1087638131",
        "species": "Solanum megalochiton",
        "genus": "Solanum",
        "family": "Solanaceae",
        "scientificName": "Solanum megalochiton Mart.",
        "coordinateUncertaintyInMeters": "",
        "basisOfRecord": "PRESERVED_SPECIMEN",
        "eventDate": "2004-07-26",
        "country": null,
        "datasetName": "",
        "publisher": "Universidade Federal de Minas Gerais",
        "license": "CC_BY_4_0",
        "issues": [
          "IDENTIFIED_DATE_INVALID",
          "CONTINENT_DERIVED_FROM_COORDINATES",
          "INSTITUTION_MATCH_NONE"
        ],
        "fallback_media": {
          "url": "https://data.nhm.ac.uk/media/b088a439-e20d-4075-bafe-91d8c4b60044",
          "references": null,
          "title": "BM000935480",
          "creator": null,
          "publisher": null,
          "license": "http://creativecommons.org/licenses/by/4.0/",
          "rightsHolder": "The Trustees of the Natural History Museum, London"
        }
      }
    },
    {
      "type": "Feature",
      "geometry": {
        "type": "Point",
        "coordinates": [
          -44.749461,
          -22.389283
        ]
      },
      "properties": {
        "gbifID": "1087643917",
        "species": "Solanum megalochiton",
        "genus": "Solanum",
        "family": "Solanaceae",
        "scientificName": "Solanum megalochiton Mart.",
        "coordinateUncertaintyInMeters": "",
        "basisOfRecord": "PRESERVED_SPECIMEN",
        "eventDate": "2008-07-12",
        "country": null,
        "datasetName": "",
        "publisher": "Universidade Federal de Minas Gerais",
        "license": "CC_BY_4_0",
        "issues": [
          "IDENTIFIED_DATE_INVALID",
          "CONTINENT_DERIVED_FROM_COORDINATES",
          "INSTITUTION_MATCH_NONE"
        ],
        "fallback_media": {
          "url": "https://data.nhm.ac.uk/media/b088a439-e20d-4075-bafe-91d8c4b60044",
          "references": null,
          "title": "BM000935480",
          "creator": null,
          "publisher": null,
          "license": "http://creativecommons.org/licenses/by/4.0/",
          "rightsHolder": "The Trustees of the Natural History Museum, London"
        }
      }
    },
    {
      "type": "Feature",
      "geometry": {
        "type": "Point",
        "coordinates": [
          -48.856556,
          -25.221611
        ]
      },
      "properties": {
        "gbifID": "1226939414",
        "species": "Solanum megalochiton",
        "genus": "Solanum",
        "family": "Solanaceae",
        "scientificName": "Solanum megalochiton Mart.",
        "coordinateUncertaintyInMeters": "",
        "basisOfRecord": "PRESERVED_SPECIMEN",
        "eventDate": "2006-09-05",
        "country": null,
        "datasetName": "",
        "publisher": "Universidade Federal de Minas Gerais",
        "license": "CC_BY_4_0",
        "issues": [
          "CONTINENT_DERIVED_FROM_COORDINATES",
          "INSTITUTION_MATCH_NONE"
        ],
        "fallback_media": {
          "url": "https://data.nhm.ac.uk/media/b088a439-e20d-4075-bafe-91d8c4b60044",
          "references": null,
          "title": "BM000935480",
          "creator": null,
          "publisher": null,
          "license": "http://creativecommons.org/licenses/by/4.0/",
          "rightsHolder": "The Trustees of the Natural History Museum, London"
        }
      }
    },
    {
      "type": "Feature",
      "geometry": {
        "type": "Point",
        "coordinates": [
          -45.573056,
          -22.531389
        ]
      },
      "properties": {
        "gbifID": "1840923209",
        "species": "Solanum megalochiton",
        "genus": "Solanum",
        "family": "Solanaceae",
        "scientificName": "Solanum megalochiton Mart.",
        "coordinateUncertaintyInMeters": "",
        "basisOfRecord": "PRESERVED_SPECIMEN",
        "eventDate": "2009-03-24",
        "country": null,
        "datasetName": "",
        "publisher": "Universidade Federal de Minas Gerais",
        "license": "CC_BY_4_0",
        "issues": [
          "IDENTIFIED_DATE_INVALID",
          "CONTINENT_DERIVED_FROM_COORDINATES",
          "INSTITUTION_MATCH_NONE"
        ],
        "fallback_media": {
          "url": "https://data.nhm.ac.uk/media/b088a439-e20d-4075-bafe-91d8c4b60044",
          "references": null,
          "title": "BM000935480",
          "creator": null,
          "publisher": null,
          "license": "http://creativecommons.org/licenses/by/4.0/",
          "rightsHolder": "The Trustees of the Natural History Museum, London"
        }
      }
    },
    {
      "type": "Feature",
      "geometry": {
        "type": "Point",
        "coordinates": [
          -46.716667,
          -23.8
        ]
      },
      "properties": {
        "gbifID": "1087650533",
        "species": "Solanum megalochiton",
        "genus": "Solanum",
        "family": "Solanaceae",
        "scientificName": "Solanum megalochiton Mart.",
        "coordinateUncertaintyInMeters": "",
        "basisOfRecord": "PRESERVED_SPECIMEN",
        "eventDate": "2009-05-21",
        "country": null,
        "datasetName": "",
        "publisher": "Universidade Federal de Minas Gerais",
        "license": "CC_BY_4_0",
        "issues": [
          "IDENTIFIED_DATE_INVALID",
          "CONTINENT_DERIVED_FROM_COORDINATES",
          "INSTITUTION_MATCH_NONE"
        ],
        "fallback_media": {
          "url": "https://data.nhm.ac.uk/media/b088a439-e20d-4075-bafe-91d8c4b60044",
          "references": null,
          "title": "BM000935480",
          "creator": null,
          "publisher": null,
          "license": "http://creativecommons.org/licenses/by/4.0/",
          "rightsHolder": "The Trustees of the Natural History Museum, London"
        }
      }
    },
    {
      "type": "Feature",
      "geometry": {
        "type": "Point",
        "coordinates": [
          -48.0,
          -23.566667
        ]
      },
      "properties": {
        "gbifID": "1087637926",
        "species": "Solanum megalochiton",
        "genus": "Solanum",
        "family": "Solanaceae",
        "scientificName": "Solanum megalochiton Mart.",
        "coordinateUncertaintyInMeters": "",
        "basisOfRecord": "PRESERVED_SPECIMEN",
        "eventDate": "1998-08-01",
        "country": null,
        "datasetName": "",
        "publisher": "Universidade Federal de Minas Gerais",
        "license": "CC_BY_4_0",
        "issues": [
          "IDENTIFIED_DATE_INVALID",
          "CONTINENT_DERIVED_FROM_COORDINATES",
          "INSTITUTION_MATCH_NONE"
        ],
        "fallback_media": {
          "url": "https://data.nhm.ac.uk/media/b088a439-e20d-4075-bafe-91d8c4b60044",
          "references": null,
          "title": "BM000935480",
          "creator": null,
          "publisher": null,
          "license": "http://creativecommons.org/licenses/by/4.0/",
          "rightsHolder": "The Trustees of the Natural History Museum, London"
        }
      }
    },
    {
      "type": "Feature",
      "geometry": {
        "type": "Point",
        "coordinates": [
          -46.832689,
          -23.784875
        ]
      },
      "properties": {
        "gbifID": "1087646777",
        "species": "Solanum megalochiton",
        "genus": "Solanum",
        "family": "Solanaceae",
        "scientificName": "Solanum megalochiton Mart.",
        "coordinateUncertaintyInMeters": "",
        "basisOfRecord": "PRESERVED_SPECIMEN",
        "eventDate": "2009-10-12",
        "country": null,
        "datasetName": "",
        "publisher": "Universidade Federal de Minas Gerais",
        "license": "CC_BY_4_0",
        "issues": [
          "IDENTIFIED_DATE_INVALID",
          "CONTINENT_DERIVED_FROM_COORDINATES",
          "INSTITUTION_MATCH_NONE"
        ],
        "fallback_media": {
          "url": "https://data.nhm.ac.uk/media/b088a439-e20d-4075-bafe-91d8c4b60044",
          "references": null,
          "title": "BM000935480",
          "creator": null,
          "publisher": null,
          "license": "http://creativecommons.org/licenses/by/4.0/",
          "rightsHolder": "The Trustees of the Natural History Museum, London"
        }
      }
    },
    {
      "type": "Feature",
      "geometry": {
        "type": "Point",
        "coordinates": [
          -49.410556,
          -27.360556
        ]
      },
      "properties": {
        "gbifID": "1087647534",
        "species": "Solanum megalochiton",
        "genus": "Solanum",
        "family": "Solanaceae",
        "scientificName": "Solanum megalochiton Mart.",
        "coordinateUncertaintyInMeters": "",
        "basisOfRecord": "PRESERVED_SPECIMEN",
        "eventDate": "2009-10-21",
        "country": null,
        "datasetName": "",
        "publisher": "Universidade Federal de Minas Gerais",
        "license": "CC_BY_4_0",
        "issues": [
          "IDENTIFIED_DATE_INVALID",
          "CONTINENT_DERIVED_FROM_COORDINATES",
          "INSTITUTION_MATCH_NONE"
        ],
        "fallback_media": {
          "url": "https://data.nhm.ac.uk/media/b088a439-e20d-4075-bafe-91d8c4b60044",
          "references": null,
          "title": "BM000935480",
          "creator": null,
          "publisher": null,
          "license": "http://creativecommons.org/licenses/by/4.0/",
          "rightsHolder": "The Trustees of the Natural History Museum, London"
        }
      }
    },
    {
      "type": "Feature",
      "geometry": {
        "type": "Point",
        "coordinates": [
          -49.96,
          -27.993889
        ]
      },
      "properties": {
        "gbifID": "1087650782",
        "species": "Solanum megalochiton",
        "genus": "Solanum",
        "family": "Solanaceae",
        "scientificName": "Solanum megalochiton Mart.",
        "coordinateUncertaintyInMeters": "",
        "basisOfRecord": "PRESERVED_SPECIMEN",
        "eventDate": "2010-06-30",
        "country": null,
        "datasetName": "",
        "publisher": "Universidade Federal de Minas Gerais",
        "license": "CC_BY_4_0",
        "issues": [
          "CONTINENT_DERIVED_FROM_COORDINATES",
          "INSTITUTION_MATCH_NONE"
        ],
        "fallback_media": {
          "url": "https://data.nhm.ac.uk/media/b088a439-e20d-4075-bafe-91d8c4b60044",
          "references": null,
          "title": "BM000935480",
          "creator": null,
          "publisher": null,
          "license": "http://creativecommons.org/licenses/by/4.0/",
          "rightsHolder": "The Trustees of the Natural History Museum, London"
        }
      }
    },
    {
      "type": "Feature",
      "geometry": {
        "type": "Point",
        "coordinates": [
          -46.941056,
          -23.238
        ]
      },
      "properties": {
        "gbifID": "1087654525",
        "species": "Solanum megalochiton",
        "genus": "Solanum",
        "family": "Solanaceae",
        "scientificName": "Solanum megalochiton Mart.",
        "coordinateUncertaintyInMeters": "",
        "basisOfRecord": "PRESERVED_SPECIMEN",
        "eventDate": "2011-09-20",
        "country": null,
        "datasetName": "",
        "publisher": "Universidade Federal de Minas Gerais",
        "license": "CC_BY_4_0",
        "issues": [
          "IDENTIFIED_DATE_INVALID",
          "CONTINENT_DERIVED_FROM_COORDINATES",
          "INSTITUTION_MATCH_NONE"
        ],
        "fallback_media": {
          "url": "https://data.nhm.ac.uk/media/b088a439-e20d-4075-bafe-91d8c4b60044",
          "references": null,
          "title": "BM000935480",
          "creator": null,
          "publisher": null,
          "license": "http://creativecommons.org/licenses/by/4.0/",
          "rightsHolder": "The Trustees of the Natural History Museum, London"
        }
      }
    },
    {
      "type": "Feature",
      "geometry": {
        "type": "Point",
        "coordinates": [
          -40.5935,
          -19.909778
        ]
      },
      "properties": {
        "gbifID": "1087656473",
        "species": "Solanum megalochiton",
        "genus": "Solanum",
        "family": "Solanaceae",
        "scientificName": "Solanum megalochiton Mart.",
        "coordinateUncertaintyInMeters": "",
        "basisOfRecord": "PRESERVED_SPECIMEN",
        "eventDate": "2012-06-08",
        "country": null,
        "datasetName": "",
        "publisher": "Universidade Federal de Minas Gerais",
        "license": "CC_BY_4_0",
        "issues": [
          "IDENTIFIED_DATE_INVALID",
          "CONTINENT_DERIVED_FROM_COORDINATES",
          "INSTITUTION_MATCH_NONE"
        ],
        "fallback_media": {
          "url": "https://data.nhm.ac.uk/media/b088a439-e20d-4075-bafe-91d8c4b60044",
          "references": null,
          "title": "BM000935480",
          "creator": null,
          "publisher": null,
          "license": "http://creativecommons.org/licenses/by/4.0/",
          "rightsHolder": "The Trustees of the Natural History Museum, London"
        }
      }
    },
    {
      "type": "Feature",
      "geometry": {
        "type": "Point",
        "coordinates": [
          -45.960556,
          -22.691111
        ]
      },
      "properties": {
        "gbifID": "1087606662",
        "species": "Solanum megalochiton",
        "genus": "Solanum",
        "family": "Solanaceae",
        "scientificName": "Solanum megalochiton Mart.",
        "coordinateUncertaintyInMeters": "",
        "basisOfRecord": "PRESERVED_SPECIMEN",
        "eventDate": "1999-08-26",
        "country": null,
        "datasetName": "",
        "publisher": "Universidade Federal de Minas Gerais",
        "license": "CC_BY_4_0",
        "issues": [
          "IDENTIFIED_DATE_INVALID",
          "CONTINENT_DERIVED_FROM_COORDINATES",
          "INSTITUTION_MATCH_NONE"
        ],
        "fallback_media": {
          "url": "https://data.nhm.ac.uk/media/b088a439-e20d-4075-bafe-91d8c4b60044",
          "references": null,
          "title": "BM000935480",
          "creator": null,
          "publisher": null,
          "license": "http://creativecommons.org/licenses/by/4.0/",
          "rightsHolder": "The Trustees of the Natural History Museum, London"
        }
      }
    },
    {
      "type": "Feature",
      "geometry": {
        "type": "Point",
        "coordinates": [
          -45.930014,
          -23.645856
        ]
      },
      "properties": {
        "gbifID": "1087640612",
        "species": "Solanum megalochiton",
        "genus": "Solanum",
        "family": "Solanaceae",
        "scientificName": "Solanum megalochiton Mart.",
        "coordinateUncertaintyInMeters": "",
        "basisOfRecord": "PRESERVED_SPECIMEN",
        "eventDate": "2007-10-24",
        "country": null,
        "datasetName": "",
        "publisher": "Universidade Federal de Minas Gerais",
        "license": "CC_BY_4_0",
        "issues": [
          "IDENTIFIED_DATE_INVALID",
          "CONTINENT_DERIVED_FROM_COORDINATES",
          "INSTITUTION_MATCH_NONE"
        ],
        "fallback_media": {
          "url": "https://data.nhm.ac.uk/media/b088a439-e20d-4075-bafe-91d8c4b60044",
          "references": null,
          "title": "BM000935480",
          "creator": null,
          "publisher": null,
          "license": "http://creativecommons.org/licenses/by/4.0/",
          "rightsHolder": "The Trustees of the Natural History Museum, London"
        }
      }
    },
    {
      "type": "Feature",
      "geometry": {
        "type": "Point",
        "coordinates": [
          -44.790083,
          -22.3715
        ]
      },
      "properties": {
        "gbifID": "1087643035",
        "species": "Solanum megalochiton",
        "genus": "Solanum",
        "family": "Solanaceae",
        "scientificName": "Solanum megalochiton Mart.",
        "coordinateUncertaintyInMeters": "",
        "basisOfRecord": "PRESERVED_SPECIMEN",
        "eventDate": "2005-07-20",
        "country": null,
        "datasetName": "",
        "publisher": "Universidade Federal de Minas Gerais",
        "license": "CC_BY_4_0",
        "issues": [
          "IDENTIFIED_DATE_INVALID",
          "CONTINENT_DERIVED_FROM_COORDINATES",
          "INSTITUTION_MATCH_NONE"
        ],
        "fallback_media": {
          "url": "https://data.nhm.ac.uk/media/b088a439-e20d-4075-bafe-91d8c4b60044",
          "references": null,
          "title": "BM000935480",
          "creator": null,
          "publisher": null,
          "license": "http://creativecommons.org/licenses/by/4.0/",
          "rightsHolder": "The Trustees of the Natural History Museum, London"
        }
      }
    },
    {
      "type": "Feature",
      "geometry": {
        "type": "Point",
        "coordinates": [
          -49.5,
          -27.72
        ]
      },
      "properties": {
        "gbifID": "1087654225",
        "species": "Solanum megalochiton",
        "genus": "Solanum",
        "family": "Solanaceae",
        "scientificName": "Solanum megalochiton Mart.",
        "coordinateUncertaintyInMeters": "",
        "basisOfRecord": "PRESERVED_SPECIMEN",
        "eventDate": "2011-07-13",
        "country": null,
        "datasetName": "",
        "publisher": "Universidade Federal de Minas Gerais",
        "license": "CC_BY_4_0",
        "issues": [
          "IDENTIFIED_DATE_INVALID",
          "CONTINENT_DERIVED_FROM_COORDINATES",
          "INSTITUTION_MATCH_NONE"
        ],
        "fallback_media": {
          "url": "https://data.nhm.ac.uk/media/b088a439-e20d-4075-bafe-91d8c4b60044",
          "references": null,
          "title": "BM000935480",
          "creator": null,
          "publisher": null,
          "license": "http://creativecommons.org/licenses/by/4.0/",
          "rightsHolder": "The Trustees of the Natural History Museum, London"
        }
      }
    },
    {
      "type": "Feature",
      "geometry": {
        "type": "Point",
        "coordinates": [
          -46.935694,
          -23.243139
        ]
      },
      "properties": {
        "gbifID": "1087654545",
        "species": "Solanum megalochiton",
        "genus": "Solanum",
        "family": "Solanaceae",
        "scientificName": "Solanum megalochiton Mart.",
        "coordinateUncertaintyInMeters": "",
        "basisOfRecord": "PRESERVED_SPECIMEN",
        "eventDate": "2011-09-18",
        "country": null,
        "datasetName": "",
        "publisher": "Universidade Federal de Minas Gerais",
        "license": "CC_BY_4_0",
        "issues": [
          "IDENTIFIED_DATE_INVALID",
          "CONTINENT_DERIVED_FROM_COORDINATES",
          "INSTITUTION_MATCH_NONE"
        ],
        "fallback_media": {
          "url": "https://data.nhm.ac.uk/media/b088a439-e20d-4075-bafe-91d8c4b60044",
          "references": null,
          "title": "BM000935480",
          "creator": null,
          "publisher": null,
          "license": "http://creativecommons.org/licenses/by/4.0/",
          "rightsHolder": "The Trustees of the Natural History Museum, London"
        }
      }
    },
    {
      "type": "Feature",
      "geometry": {
        "type": "Point",
        "coordinates": [
          -44.897111,
          -22.449556
        ]
      },
      "properties": {
        "gbifID": "4093112306",
        "species": "Solanum megalochiton",
        "genus": "Solanum",
        "family": "Solanaceae",
        "scientificName": "Solanum megalochiton Mart.",
        "coordinateUncertaintyInMeters": "",
        "basisOfRecord": "PRESERVED_SPECIMEN",
        "eventDate": "2005-06-10",
        "country": null,
        "datasetName": "",
        "publisher": "Universidade Federal de Minas Gerais",
        "license": "CC_BY_4_0",
        "issues": [
          "IDENTIFIED_DATE_INVALID",
          "CONTINENT_DERIVED_FROM_COORDINATES",
          "INSTITUTION_MATCH_NONE"
        ],
        "fallback_media": {
          "url": "https://data.nhm.ac.uk/media/b088a439-e20d-4075-bafe-91d8c4b60044",
          "references": null,
          "title": "BM000935480",
          "creator": null,
          "publisher": null,
          "license": "http://creativecommons.org/licenses/by/4.0/",
          "rightsHolder": "The Trustees of the Natural History Museum, London"
        }
      }
    },
    {
      "type": "Feature",
      "geometry": {
        "type": "Point",
        "coordinates": [
          -44.6081,
          -22.454642
        ]
      },
      "properties": {
        "gbifID": "4603553386",
        "species": "Solanum megalochiton",
        "genus": "Solanum",
        "family": "Solanaceae",
        "scientificName": "Solanum megalochiton Mart.",
        "coordinateUncertaintyInMeters": "",
        "basisOfRecord": "PRESERVED_SPECIMEN",
        "eventDate": "2015-08-21",
        "country": null,
        "datasetName": "",
        "publisher": "Universidade Federal de Minas Gerais",
        "license": "CC_BY_4_0",
        "issues": [
          "IDENTIFIED_DATE_INVALID",
          "CONTINENT_DERIVED_FROM_COORDINATES",
          "INSTITUTION_MATCH_NONE"
        ],
        "fallback_media": {
          "url": "https://data.nhm.ac.uk/media/b088a439-e20d-4075-bafe-91d8c4b60044",
          "references": null,
          "title": "BM000935480",
          "creator": null,
          "publisher": null,
          "license": "http://creativecommons.org/licenses/by/4.0/",
          "rightsHolder": "The Trustees of the Natural History Museum, London"
        }
      }
    },
    {
      "type": "Feature",
      "geometry": {
        "type": "Point",
        "coordinates": [
          -45.931667,
          -22.710833
        ]
      },
      "properties": {
        "gbifID": "1087632434",
        "species": "Solanum megalochiton",
        "genus": "Solanum",
        "family": "Solanaceae",
        "scientificName": "Solanum megalochiton Mart.",
        "coordinateUncertaintyInMeters": "",
        "basisOfRecord": "PRESERVED_SPECIMEN",
        "eventDate": "2004-11-26",
        "country": null,
        "datasetName": "",
        "publisher": "Universidade Federal de Minas Gerais",
        "license": "CC_BY_4_0",
        "issues": [
          "IDENTIFIED_DATE_INVALID",
          "CONTINENT_DERIVED_FROM_COORDINATES",
          "INSTITUTION_MATCH_NONE"
        ],
        "fallback_media": {
          "url": "https://data.nhm.ac.uk/media/b088a439-e20d-4075-bafe-91d8c4b60044",
          "references": null,
          "title": "BM000935480",
          "creator": null,
          "publisher": null,
          "license": "http://creativecommons.org/licenses/by/4.0/",
          "rightsHolder": "The Trustees of the Natural History Museum, London"
        }
      }
    },
    {
      "type": "Feature",
      "geometry": {
        "type": "Point",
        "coordinates": [
          -42.070306,
          -20.071861
        ]
      },
      "properties": {
        "gbifID": "1087636780",
        "species": "Solanum megalochiton",
        "genus": "Solanum",
        "family": "Solanaceae",
        "scientificName": "Solanum megalochiton Mart.",
        "coordinateUncertaintyInMeters": "",
        "basisOfRecord": "PRESERVED_SPECIMEN",
        "eventDate": "2006-05-24",
        "country": null,
        "datasetName": "",
        "publisher": "Universidade Federal de Minas Gerais",
        "license": "CC_BY_4_0",
        "issues": [
          "IDENTIFIED_DATE_INVALID",
          "CONTINENT_DERIVED_FROM_COORDINATES",
          "INSTITUTION_MATCH_NONE"
        ],
        "fallback_media": {
          "url": "https://data.nhm.ac.uk/media/b088a439-e20d-4075-bafe-91d8c4b60044",
          "references": null,
          "title": "BM000935480",
          "creator": null,
          "publisher": null,
          "license": "http://creativecommons.org/licenses/by/4.0/",
          "rightsHolder": "The Trustees of the Natural History Museum, London"
        }
      }
    },
    {
      "type": "Feature",
      "geometry": {
        "type": "Point",
        "coordinates": [
          -41.834167,
          -20.41
        ]
      },
      "properties": {
        "gbifID": "1087648319",
        "species": "Solanum megalochiton",
        "genus": "Solanum",
        "family": "Solanaceae",
        "scientificName": "Solanum megalochiton Mart.",
        "coordinateUncertaintyInMeters": "",
        "basisOfRecord": "PRESERVED_SPECIMEN",
        "eventDate": "2010-03-04",
        "country": null,
        "datasetName": "",
        "publisher": "Universidade Federal de Minas Gerais",
        "license": "CC_BY_4_0",
        "issues": [
          "IDENTIFIED_DATE_INVALID",
          "CONTINENT_DERIVED_FROM_COORDINATES",
          "INSTITUTION_MATCH_NONE"
        ],
        "fallback_media": {
          "url": "https://data.nhm.ac.uk/media/b088a439-e20d-4075-bafe-91d8c4b60044",
          "references": null,
          "title": "BM000935480",
          "creator": null,
          "publisher": null,
          "license": "http://creativecommons.org/licenses/by/4.0/",
          "rightsHolder": "The Trustees of the Natural History Museum, London"
        }
      }
    },
    {
      "type": "Feature",
      "geometry": {
        "type": "Point",
        "coordinates": [
          -49.050556,
          -27.358611
        ]
      },
      "properties": {
        "gbifID": "1087650805",
        "species": "Solanum megalochiton",
        "genus": "Solanum",
        "family": "Solanaceae",
        "scientificName": "Solanum megalochiton Mart.",
        "coordinateUncertaintyInMeters": "",
        "basisOfRecord": "PRESERVED_SPECIMEN",
        "eventDate": "2010-07-14",
        "country": null,
        "datasetName": "",
        "publisher": "Universidade Federal de Minas Gerais",
        "license": "CC_BY_4_0",
        "issues": [
          "CONTINENT_DERIVED_FROM_COORDINATES",
          "INSTITUTION_MATCH_NONE"
        ],
        "fallback_media": {
          "url": "https://data.nhm.ac.uk/media/b088a439-e20d-4075-bafe-91d8c4b60044",
          "references": null,
          "title": "BM000935480",
          "creator": null,
          "publisher": null,
          "license": "http://creativecommons.org/licenses/by/4.0/",
          "rightsHolder": "The Trustees of the Natural History Museum, London"
        }
      }
    },
    {
      "type": "Feature",
      "geometry": {
        "type": "Point",
        "coordinates": [
          -45.321667,
          -22.575278
        ]
      },
      "properties": {
        "gbifID": "1087652173",
        "species": "Solanum megalochiton",
        "genus": "Solanum",
        "family": "Solanaceae",
        "scientificName": "Solanum megalochiton Mart.",
        "coordinateUncertaintyInMeters": "",
        "basisOfRecord": "PRESERVED_SPECIMEN",
        "eventDate": "2011-03-16",
        "country": null,
        "datasetName": "",
        "publisher": "Universidade Federal de Minas Gerais",
        "license": "CC_BY_4_0",
        "issues": [
          "IDENTIFIED_DATE_INVALID",
          "CONTINENT_DERIVED_FROM_COORDINATES",
          "INSTITUTION_MATCH_NONE"
        ],
        "fallback_media": {
          "url": "https://data.nhm.ac.uk/media/b088a439-e20d-4075-bafe-91d8c4b60044",
          "references": null,
          "title": "BM000935480",
          "creator": null,
          "publisher": null,
          "license": "http://creativecommons.org/licenses/by/4.0/",
          "rightsHolder": "The Trustees of the Natural History Museum, London"
        }
      }
    },
    {
      "type": "Feature",
      "geometry": {
        "type": "Point",
        "coordinates": [
          -49.268258,
          -27.047367
        ]
      },
      "properties": {
        "gbifID": "1913567422",
        "species": "Solanum megalochiton",
        "genus": "Solanum",
        "family": "Solanaceae",
        "scientificName": "Solanum megalochiton Mart.",
        "coordinateUncertaintyInMeters": "",
        "basisOfRecord": "PRESERVED_SPECIMEN",
        "eventDate": "2007-07-12",
        "country": null,
        "datasetName": "",
        "publisher": "Universidade Federal de Minas Gerais",
        "license": "CC_BY_4_0",
        "issues": [
          "IDENTIFIED_DATE_INVALID",
          "CONTINENT_DERIVED_FROM_COORDINATES",
          "INSTITUTION_MATCH_NONE"
        ],
        "fallback_media": {
          "url": "https://data.nhm.ac.uk/media/b088a439-e20d-4075-bafe-91d8c4b60044",
          "references": null,
          "title": "BM000935480",
          "creator": null,
          "publisher": null,
          "license": "http://creativecommons.org/licenses/by/4.0/",
          "rightsHolder": "The Trustees of the Natural History Museum, London"
        }
      }
    },
    {
      "type": "Feature",
      "geometry": {
        "type": "Point",
        "coordinates": [
          -44.814444,
          -23.139167
        ]
      },
      "properties": {
        "gbifID": "1993815747",
        "species": "Solanum megalochiton",
        "genus": "Solanum",
        "family": "Solanaceae",
        "scientificName": "Solanum megalochiton Mart.",
        "coordinateUncertaintyInMeters": "",
        "basisOfRecord": "PRESERVED_SPECIMEN",
        "eventDate": "2006-07-11",
        "country": null,
        "datasetName": "",
        "publisher": "Universidade Federal de Minas Gerais",
        "license": "CC_BY_4_0",
        "issues": [
          "IDENTIFIED_DATE_INVALID",
          "CONTINENT_DERIVED_FROM_COORDINATES",
          "INSTITUTION_MATCH_NONE"
        ],
        "fallback_media": {
          "url": "https://data.nhm.ac.uk/media/b088a439-e20d-4075-bafe-91d8c4b60044",
          "references": null,
          "title": "BM000935480",
          "creator": null,
          "publisher": null,
          "license": "http://creativecommons.org/licenses/by/4.0/",
          "rightsHolder": "The Trustees of the Natural History Museum, London"
        }
      }
    },
    {
      "type": "Feature",
      "geometry": {
        "type": "Point",
        "coordinates": [
          -48.880333,
          -25.254
        ]
      },
      "properties": {
        "gbifID": "3914329320",
        "species": "Solanum megalochiton",
        "genus": "Solanum",
        "family": "Solanaceae",
        "scientificName": "Solanum megalochiton Mart.",
        "coordinateUncertaintyInMeters": "",
        "basisOfRecord": "PRESERVED_SPECIMEN",
        "eventDate": "2006-09-05",
        "country": null,
        "datasetName": "",
        "publisher": "Universidade Federal de Minas Gerais",
        "license": "CC_BY_4_0",
        "issues": [
          "CONTINENT_DERIVED_FROM_COORDINATES",
          "INSTITUTION_MATCH_NONE"
        ],
        "fallback_media": {
          "url": "https://data.nhm.ac.uk/media/b088a439-e20d-4075-bafe-91d8c4b60044",
          "references": null,
          "title": "BM000935480",
          "creator": null,
          "publisher": null,
          "license": "http://creativecommons.org/licenses/by/4.0/",
          "rightsHolder": "The Trustees of the Natural History Museum, London"
        }
      }
    },
    {
      "type": "Feature",
      "geometry": {
        "type": "Point",
        "coordinates": [
          -49.30611,
          -25.42056
        ]
      },
      "properties": {
        "gbifID": "1675517298",
        "species": "Solanum megalochiton",
        "genus": "Solanum",
        "family": "Solanaceae",
        "scientificName": "Solanum megalochiton Mart.",
        "coordinateUncertaintyInMeters": "",
        "basisOfRecord": "PRESERVED_SPECIMEN",
        "eventDate": "1987-09-20",
        "country": null,
        "datasetName": "",
        "publisher": "Pontifícia Universidade Católica do Paraná",
        "license": "CC_BY_NC_4_0",
        "issues": [
          "MODIFIED_DATE_INVALID",
          "GEODETIC_DATUM_ASSUMED_WGS84",
          "CONTINENT_DERIVED_FROM_COORDINATES",
          "INSTITUTION_MATCH_FUZZY",
          "AMBIGUOUS_COLLECTION"
        ],
        "fallback_media": {
          "url": "https://data.nhm.ac.uk/media/b088a439-e20d-4075-bafe-91d8c4b60044",
          "references": null,
          "title": "BM000935480",
          "creator": null,
          "publisher": null,
          "license": "http://creativecommons.org/licenses/by/4.0/",
          "rightsHolder": "The Trustees of the Natural History Museum, London"
        }
      }
    },
    {
      "type": "Feature",
      "geometry": {
        "type": "Point",
        "coordinates": [
          -49.2875,
          -25.4125
        ]
      },
      "properties": {
        "gbifID": "1675520752",
        "species": "Solanum megalochiton",
        "genus": "Solanum",
        "family": "Solanaceae",
        "scientificName": "Solanum megalochiton Mart.",
        "coordinateUncertaintyInMeters": "",
        "basisOfRecord": "PRESERVED_SPECIMEN",
        "eventDate": "1994-07-15",
        "country": null,
        "datasetName": "",
        "publisher": "Pontifícia Universidade Católica do Paraná",
        "license": "CC_BY_NC_4_0",
        "issues": [
          "MODIFIED_DATE_INVALID",
          "GEODETIC_DATUM_ASSUMED_WGS84",
          "CONTINENT_DERIVED_FROM_COORDINATES",
          "ELEVATION_MIN_MAX_SWAPPED",
          "INSTITUTION_MATCH_FUZZY",
          "AMBIGUOUS_COLLECTION"
        ],
        "fallback_media": {
          "url": "https://data.nhm.ac.uk/media/b088a439-e20d-4075-bafe-91d8c4b60044",
          "references": null,
          "title": "BM000935480",
          "creator": null,
          "publisher": null,
          "license": "http://creativecommons.org/licenses/by/4.0/",
          "rightsHolder": "The Trustees of the Natural History Museum, London"
        }
      }
    },
    {
      "type": "Feature",
      "geometry": {
        "type": "Point",
        "coordinates": [
          -49.3225,
          -25.47556
        ]
      },
      "properties": {
        "gbifID": "1675527825",
        "species": "Solanum megalochiton",
        "genus": "Solanum",
        "family": "Solanaceae",
        "scientificName": "Solanum megalochiton Mart.",
        "coordinateUncertaintyInMeters": "",
        "basisOfRecord": "PRESERVED_SPECIMEN",
        "eventDate": "2007-06",
        "country": null,
        "datasetName": "",
        "publisher": "Pontifícia Universidade Católica do Paraná",
        "license": "CC_BY_NC_4_0",
        "issues": [
          "MODIFIED_DATE_INVALID",
          "GEODETIC_DATUM_ASSUMED_WGS84",
          "CONTINENT_DERIVED_FROM_COORDINATES",
          "ELEVATION_MIN_MAX_SWAPPED",
          "INSTITUTION_MATCH_FUZZY",
          "AMBIGUOUS_COLLECTION"
        ],
        "fallback_media": {
          "url": "https://data.nhm.ac.uk/media/b088a439-e20d-4075-bafe-91d8c4b60044",
          "references": null,
          "title": "BM000935480",
          "creator": null,
          "publisher": null,
          "license": "http://creativecommons.org/licenses/by/4.0/",
          "rightsHolder": "The Trustees of the Natural History Museum, London"
        }
      }
    },
    {
      "type": "Feature",
      "geometry": {
        "type": "Point",
        "coordinates": [
          -45.86667,
          -23.63333
        ]
      },
      "properties": {
        "gbifID": "607744587",
        "species": "Solanum megalochiton",
        "genus": "Solanum",
        "family": "Solanaceae",
        "scientificName": "Solanum megalochiton Mart.",
        "coordinateUncertaintyInMeters": "",
        "basisOfRecord": "PRESERVED_SPECIMEN",
        "eventDate": "1983-08-30",
        "country": null,
        "datasetName": "",
        "publisher": "MNHN - Museum national d'Histoire naturelle",
        "license": "CC_BY_4_0",
        "issues": [
          "GEODETIC_DATUM_ASSUMED_WGS84",
          "CONTINENT_DERIVED_FROM_COORDINATES"
        ],
        "media": [
          {
            "url": "http://mediaphoto.mnhn.fr/media/1441376166002zYmTcohdQZyWZcWz",
            "references": null,
            "title": null,
            "creator": null,
            "publisher": null,
            "license": "http://creativecommons.org/licenses/by/4.0/",
            "rightsHolder": null
          }
        ]
      }
    },
    {
      "type": "Feature",
      "geometry": {
        "type": "Point",
        "coordinates": [
          -43.241111,
          -22.933611
        ]
      },
      "properties": {
        "gbifID": "1096796323",
        "species": "Solanum megalochiton",
        "genus": "Solanum",
        "family": "Solanaceae",
        "scientificName": "Solanum megalochiton Mart.",
        "coordinateUncertaintyInMeters": "",
        "basisOfRecord": "PRESERVED_SPECIMEN",
        "eventDate": "1904-09-03",
        "country": null,
        "datasetName": "",
        "publisher": "Swedish Museum of Natural History",
        "license": "CC_BY_4_0",
        "issues": [
          "GEODETIC_DATUM_ASSUMED_WGS84",
          "CONTINENT_DERIVED_FROM_COORDINATES",
          "AMBIGUOUS_COLLECTION"
        ],
        "fallback_media": {
          "url": "https://data.nhm.ac.uk/media/b088a439-e20d-4075-bafe-91d8c4b60044",
          "references": null,
          "title": "BM000935480",
          "creator": null,
          "publisher": null,
          "license": "http://creativecommons.org/licenses/by/4.0/",
          "rightsHolder": "The Trustees of the Natural History Museum, London"
        }
      }
    },
    {
      "type": "Feature",
      "geometry": {
        "type": "Point",
        "coordinates": [
          -49.013611,
          -25.471944
        ]
      },
      "properties": {
        "gbifID": "1096796315",
        "species": "Solanum megalochiton",
        "genus": "Solanum",
        "family": "Solanaceae",
        "scientificName": "Solanum megalochiton Mart.",
        "coordinateUncertaintyInMeters": "",
        "basisOfRecord": "PRESERVED_SPECIMEN",
        "eventDate": "1909-06-07",
        "country": null,
        "datasetName": "",
        "publisher": "Swedish Museum of Natural History",
        "license": "CC_BY_4_0",
        "issues": [
          "GEODETIC_DATUM_ASSUMED_WGS84",
          "CONTINENT_DERIVED_FROM_COORDINATES",
          "AMBIGUOUS_COLLECTION"
        ],
        "fallback_media": {
          "url": "https://data.nhm.ac.uk/media/b088a439-e20d-4075-bafe-91d8c4b60044",
          "references": null,
          "title": "BM000935480",
          "creator": null,
          "publisher": null,
          "license": "http://creativecommons.org/licenses/by/4.0/",
          "rightsHolder": "The Trustees of the Natural History Museum, London"
        }
      }
    },
    {
      "type": "Feature",
      "geometry": {
        "type": "Point",
        "coordinates": [
          -40.516667,
          -14.95
        ]
      },
      "properties": {
        "gbifID": "2998554475",
        "species": "Solanum megalochiton",
        "genus": "Solanum",
        "family": "Solanaceae",
        "scientificName": "Solanum megalochiton Mart.",
        "coordinateUncertaintyInMeters": "",
        "basisOfRecord": "PRESERVED_SPECIMEN",
        "eventDate": "1977-03-30",
        "country": null,
        "datasetName": "",
        "publisher": "Instituto de Pesquisas Jardim Botanico do Rio de Janeiro",
        "license": "CC_BY_4_0",
        "issues": [
          "COORDINATE_ROUNDED",
          "COUNTRY_DERIVED_FROM_COORDINATES",
          "COUNTRY_INVALID",
          "GEODETIC_DATUM_ASSUMED_WGS84",
          "CONTINENT_DERIVED_FROM_COORDINATES",
          "AMBIGUOUS_INSTITUTION"
        ],
        "fallback_media": {
          "url": "https://data.nhm.ac.uk/media/b088a439-e20d-4075-bafe-91d8c4b60044",
          "references": null,
          "title": "BM000935480",
          "creator": null,
          "publisher": null,
          "license": "http://creativecommons.org/licenses/by/4.0/",
          "rightsHolder": "The Trustees of the Natural History Museum, London"
        }
      }
    },
    {
      "type": "Feature",
      "geometry": {
        "type": "Point",
        "coordinates": [
          -43.016667,
          -22.457778
        ]
      },
      "properties": {
        "gbifID": "2998271397",
        "species": "Solanum megalochiton",
        "genus": "Solanum",
        "family": "Solanaceae",
        "scientificName": "Solanum megalochiton Mart.",
        "coordinateUncertaintyInMeters": "",
        "basisOfRecord": "PRESERVED_SPECIMEN",
        "eventDate": "",
        "country": null,
        "datasetName": "",
        "publisher": "Instituto de Pesquisas Jardim Botanico do Rio de Janeiro",
        "license": "CC_BY_4_0",
        "issues": [
          "IDENTIFIED_DATE_INVALID",
          "COORDINATE_ROUNDED",
          "GEODETIC_DATUM_ASSUMED_WGS84",
          "CONTINENT_DERIVED_FROM_COORDINATES",
          "AMBIGUOUS_INSTITUTION"
        ],
        "fallback_media": {
          "url": "https://data.nhm.ac.uk/media/b088a439-e20d-4075-bafe-91d8c4b60044",
          "references": null,
          "title": "BM000935480",
          "creator": null,
          "publisher": null,
          "license": "http://creativecommons.org/licenses/by/4.0/",
          "rightsHolder": "The Trustees of the Natural History Museum, London"
        }
      }
    },
    {
      "type": "Feature",
      "geometry": {
        "type": "Point",
        "coordinates": [
          -42.5,
          -22.0
        ]
      },
      "properties": {
        "gbifID": "1228453094",
        "species": "Solanum megalochiton",
        "genus": "Solanum",
        "family": "Solanaceae",
        "scientificName": "Solanum megalochiton Mart.",
        "coordinateUncertaintyInMeters": "",
        "basisOfRecord": "PRESERVED_SPECIMEN",
        "eventDate": "1977-06-08",
        "country": null,
        "datasetName": "seeds-22-sep-2023",
        "publisher": "Field Museum",
        "license": "CC0_1_0",
        "issues": [
          "GEODETIC_DATUM_ASSUMED_WGS84",
          "INSTITUTION_MATCH_FUZZY",
          "AMBIGUOUS_COLLECTION"
        ],
        "fallback_media": {
          "url": "https://data.nhm.ac.uk/media/b088a439-e20d-4075-bafe-91d8c4b60044",
          "references": null,
          "title": "BM000935480",
          "creator": null,
          "publisher": null,
          "license": "http://creativecommons.org/licenses/by/4.0/",
          "rightsHolder": "The Trustees of the Natural History Museum, London"
        }
      }
    },
    {
      "type": "Feature",
      "geometry": {
        "type": "Point",
        "coordinates": [
          -49.0,
          -22.0
        ]
      },
      "properties": {
        "gbifID": "1228584271",
        "species": "Solanum megalochiton",
        "genus": "Solanum",
        "family": "Solanaceae",
        "scientificName": "Solanum megalochiton Mart.",
        "coordinateUncertaintyInMeters": "",
        "basisOfRecord": "PRESERVED_SPECIMEN",
        "eventDate": "1968-05-05",
        "country": null,
        "datasetName": "seeds-22-sep-2023",
        "publisher": "Field Museum",
        "license": "CC0_1_0",
        "issues": [
          "GEODETIC_DATUM_ASSUMED_WGS84",
          "INSTITUTION_MATCH_FUZZY",
          "AMBIGUOUS_COLLECTION"
        ],
        "fallback_media": {
          "url": "https://data.nhm.ac.uk/media/b088a439-e20d-4075-bafe-91d8c4b60044",
          "references": null,
          "title": "BM000935480",
          "creator": null,
          "publisher": null,
          "license": "http://creativecommons.org/licenses/by/4.0/",
          "rightsHolder": "The Trustees of the Natural History Museum, London"
        }
      }
    },
    {
      "type": "Feature",
      "geometry": {
        "type": "Point",
        "coordinates": [
          -44.0,
          -18.0
        ]
      },
      "properties": {
        "gbifID": "1228241130",
        "species": "Solanum megalochiton",
        "genus": "Solanum",
        "family": "Solanaceae",
        "scientificName": "Solanum megalochiton Mart.",
        "coordinateUncertaintyInMeters": "",
        "basisOfRecord": "PRESERVED_SPECIMEN",
        "eventDate": "1946-08-31",
        "country": null,
        "datasetName": "seeds-22-sep-2023",
        "publisher": "Field Museum",
        "license": "CC0_1_0",
        "issues": [
          "GEODETIC_DATUM_ASSUMED_WGS84",
          "INSTITUTION_MATCH_FUZZY",
          "AMBIGUOUS_COLLECTION"
        ],
        "fallback_media": {
          "url": "https://data.nhm.ac.uk/media/b088a439-e20d-4075-bafe-91d8c4b60044",
          "references": null,
          "title": "BM000935480",
          "creator": null,
          "publisher": null,
          "license": "http://creativecommons.org/licenses/by/4.0/",
          "rightsHolder": "The Trustees of the Natural History Museum, London"
        }
      }
    },
    {
      "type": "Feature",
      "geometry": {
        "type": "Point",
        "coordinates": [
          -52.8731,
          -10.8339
        ]
      },
      "properties": {
        "gbifID": "1944821005",
        "species": "Solanum megalochiton",
        "genus": "Solanum",
        "family": "Solanaceae",
        "scientificName": "Solanum megalochiton Mart.",
        "coordinateUncertaintyInMeters": "",
        "basisOfRecord": "PRESERVED_SPECIMEN",
        "eventDate": "1969-05-30",
        "country": null,
        "datasetName": "seeds-22-sep-2023",
        "publisher": "Field Museum",
        "license": "CC0_1_0",
        "issues": [
          "GEODETIC_DATUM_ASSUMED_WGS84",
          "INSTITUTION_MATCH_FUZZY",
          "AMBIGUOUS_COLLECTION"
        ],
        "fallback_media": {
          "url": "https://data.nhm.ac.uk/media/b088a439-e20d-4075-bafe-91d8c4b60044",
          "references": null,
          "title": "BM000935480",
          "creator": null,
          "publisher": null,
          "license": "http://creativecommons.org/licenses/by/4.0/",
          "rightsHolder": "The Trustees of the Natural History Museum, London"
        }
      }
    },
    {
      "type": "Feature",
      "geometry": {
        "type": "Point",
        "coordinates": [
          -51.0,
          -24.0
        ]
      },
      "properties": {
        "gbifID": "1228247242",
        "species": "Solanum megalochiton",
        "genus": "Solanum",
        "family": "Solanaceae",
        "scientificName": "Solanum megalochiton Mart.",
        "coordinateUncertaintyInMeters": "",
        "basisOfRecord": "PRESERVED_SPECIMEN",
        "eventDate": "1911-08-08",
        "country": null,
        "datasetName": "seeds-22-sep-2023",
        "publisher": "Field Museum",
        "license": "CC0_1_0",
        "issues": [
          "GEODETIC_DATUM_ASSUMED_WGS84",
          "INSTITUTION_MATCH_FUZZY",
          "AMBIGUOUS_COLLECTION"
        ],
        "fallback_media": {
          "url": "https://data.nhm.ac.uk/media/b088a439-e20d-4075-bafe-91d8c4b60044",
          "references": null,
          "title": "BM000935480",
          "creator": null,
          "publisher": null,
          "license": "http://creativecommons.org/licenses/by/4.0/",
          "rightsHolder": "The Trustees of the Natural History Museum, London"
        }
      }
    },
    {
      "type": "Feature",
      "geometry": {
        "type": "Point",
        "coordinates": [
          -44.614167,
          -22.748333
        ]
      },
      "properties": {
        "gbifID": "2252414747",
        "species": "Solanum megalochiton",
        "genus": "Solanum",
        "family": "Solanaceae",
        "scientificName": "Solanum megalochiton Mart.",
        "coordinateUncertaintyInMeters": "",
        "basisOfRecord": "PRESERVED_SPECIMEN",
        "eventDate": "2011-05-03",
        "country": null,
        "datasetName": "",
        "publisher": "Instituto Multidisciplinario de Biología Vegetal - IMBIV",
        "license": "CC_BY_4_0",
        "issues": [
          "IDENTIFIED_DATE_INVALID",
          "COORDINATE_ROUNDED",
          "INSTITUTION_MATCH_FUZZY",
          "COLLECTION_MATCH_NONE"
        ],
        "fallback_media": {
          "url": "https://data.nhm.ac.uk/media/b088a439-e20d-4075-bafe-91d8c4b60044",
          "references": null,
          "title": "BM000935480",
          "creator": null,
          "publisher": null,
          "license": "http://creativecommons.org/licenses/by/4.0/",
          "rightsHolder": "The Trustees of the Natural History Museum, London"
        }
      }
    },
    {
      "type": "Feature",
      "geometry": {
        "type": "Point",
        "coordinates": [
          -44.757222,
          -22.373611
        ]
      },
      "properties": {
        "gbifID": "2252414217",
        "species": "Solanum megalochiton",
        "genus": "Solanum",
        "family": "Solanaceae",
        "scientificName": "Solanum megalochiton Mart.",
        "coordinateUncertaintyInMeters": "",
        "basisOfRecord": "PRESERVED_SPECIMEN",
        "eventDate": "2011-05-06",
        "country": null,
        "datasetName": "",
        "publisher": "Instituto Multidisciplinario de Biología Vegetal - IMBIV",
        "license": "CC_BY_4_0",
        "issues": [
          "COORDINATE_ROUNDED",
          "INSTITUTION_MATCH_FUZZY",
          "COLLECTION_MATCH_NONE"
        ],
        "fallback_media": {
          "url": "https://data.nhm.ac.uk/media/b088a439-e20d-4075-bafe-91d8c4b60044",
          "references": null,
          "title": "BM000935480",
          "creator": null,
          "publisher": null,
          "license": "http://creativecommons.org/licenses/by/4.0/",
          "rightsHolder": "The Trustees of the Natural History Museum, London"
        }
      }
    },
    {
      "type": "Feature",
      "geometry": {
        "type": "Point",
        "coordinates": [
          -46.935833,
          -23.243056
        ]
      },
      "properties": {
        "gbifID": "2252414857",
        "species": "Solanum megalochiton",
        "genus": "Solanum",
        "family": "Solanaceae",
        "scientificName": "Solanum megalochiton Mart.",
        "coordinateUncertaintyInMeters": "",
        "basisOfRecord": "PRESERVED_SPECIMEN",
        "eventDate": "2011-09-18",
        "country": null,
        "datasetName": "",
        "publisher": "Instituto Multidisciplinario de Biología Vegetal - IMBIV",
        "license": "CC_BY_4_0",
        "issues": [
          "COORDINATE_ROUNDED",
          "INSTITUTION_MATCH_FUZZY",
          "COLLECTION_MATCH_NONE"
        ],
        "fallback_media": {
          "url": "https://data.nhm.ac.uk/media/b088a439-e20d-4075-bafe-91d8c4b60044",
          "references": null,
          "title": "BM000935480",
          "creator": null,
          "publisher": null,
          "license": "http://creativecommons.org/licenses/by/4.0/",
          "rightsHolder": "The Trustees of the Natural History Museum, London"
        }
      }
    },
    {
      "type": "Feature",
      "geometry": {
        "type": "Point",
        "coordinates": [
          -46.427499,
          -23.507379
        ]
      },
      "properties": {
        "gbifID": "3967738412",
        "species": "Solanum megalochiton",
        "genus": "Solanum",
        "family": "Solanaceae",
        "scientificName": "Solanum megalochiton Mart.",
        "coordinateUncertaintyInMeters": "",
        "basisOfRecord": "OCCURRENCE",
        "eventDate": "1993",
        "country": null,
        "datasetName": "SinBIOTA",
        "publisher": "Programa BIOTA/FAPESP - The Virtual Institute of Biodiversity",
        "license": "CC_BY_NC_4_0",
        "issues": [
          "RECORDED_DATE_MISMATCH",
          "COORDINATE_REPROJECTED",
          "TAXON_ID_NOT_FOUND"
        ],
        "fallback_media": {
          "url": "https://data.nhm.ac.uk/media/b088a439-e20d-4075-bafe-91d8c4b60044",
          "references": null,
          "title": "BM000935480",
          "creator": null,
          "publisher": null,
          "license": "http://creativecommons.org/licenses/by/4.0/",
          "rightsHolder": "The Trustees of the Natural History Museum, London"
        }
      }
    },
    {
      "type": "Feature",
      "geometry": {
        "type": "Point",
        "coordinates": [
          -46.702899,
          -23.587878
        ]
      },
      "properties": {
        "gbifID": "3967736620",
        "species": "Solanum megalochiton",
        "genus": "Solanum",
        "family": "Solanaceae",
        "scientificName": "Solanum megalochiton Mart.",
        "coordinateUncertaintyInMeters": "",
        "basisOfRecord": "OCCURRENCE",
        "eventDate": "1985",
        "country": null,
        "datasetName": "SinBIOTA",
        "publisher": "Programa BIOTA/FAPESP - The Virtual Institute of Biodiversity",
        "license": "CC_BY_NC_4_0",
        "issues": [
          "RECORDED_DATE_MISMATCH",
          "COORDINATE_REPROJECTED",
          "TAXON_ID_NOT_FOUND"
        ],
        "fallback_media": {
          "url": "https://data.nhm.ac.uk/media/b088a439-e20d-4075-bafe-91d8c4b60044",
          "references": null,
          "title": "BM000935480",
          "creator": null,
          "publisher": null,
          "license": "http://creativecommons.org/licenses/by/4.0/",
          "rightsHolder": "The Trustees of the Natural History Museum, London"
        }
      }
    },
    {
      "type": "Feature",
      "geometry": {
        "type": "Point",
        "coordinates": [
          -46.8438,
          -23.608678
        ]
      },
      "properties": {
        "gbifID": "3967751423",
        "species": "Solanum megalochiton",
        "genus": "Solanum",
        "family": "Solanaceae",
        "scientificName": "Solanum megalochiton Mart.",
        "coordinateUncertaintyInMeters": "",
        "basisOfRecord": "OCCURRENCE",
        "eventDate": "1995",
        "country": null,
        "datasetName": "SinBIOTA",
        "publisher": "Programa BIOTA/FAPESP - The Virtual Institute of Biodiversity",
        "license": "CC_BY_NC_4_0",
        "issues": [
          "RECORDED_DATE_MISMATCH",
          "COORDINATE_REPROJECTED",
          "TAXON_ID_NOT_FOUND"
        ],
        "fallback_media": {
          "url": "https://data.nhm.ac.uk/media/b088a439-e20d-4075-bafe-91d8c4b60044",
          "references": null,
          "title": "BM000935480",
          "creator": null,
          "publisher": null,
          "license": "http://creativecommons.org/licenses/by/4.0/",
          "rightsHolder": "The Trustees of the Natural History Museum, London"
        }
      }
    },
    {
      "type": "Feature",
      "geometry": {
        "type": "Point",
        "coordinates": [
          -46.467099,
          -23.583779
        ]
      },
      "properties": {
        "gbifID": "3967753381",
        "species": "Solanum megalochiton",
        "genus": "Solanum",
        "family": "Solanaceae",
        "scientificName": "Solanum megalochiton Mart.",
        "coordinateUncertaintyInMeters": "",
        "basisOfRecord": "OCCURRENCE",
        "eventDate": "1995",
        "country": null,
        "datasetName": "SinBIOTA",
        "publisher": "Programa BIOTA/FAPESP - The Virtual Institute of Biodiversity",
        "license": "CC_BY_NC_4_0",
        "issues": [
          "RECORDED_DATE_MISMATCH",
          "COORDINATE_REPROJECTED",
          "TAXON_ID_NOT_FOUND"
        ],
        "fallback_media": {
          "url": "https://data.nhm.ac.uk/media/b088a439-e20d-4075-bafe-91d8c4b60044",
          "references": null,
          "title": "BM000935480",
          "creator": null,
          "publisher": null,
          "license": "http://creativecommons.org/licenses/by/4.0/",
          "rightsHolder": "The Trustees of the Natural History Museum, London"
        }
      }
    },
    {
      "type": "Feature",
      "geometry": {
        "type": "Point",
        "coordinates": [
          -53.96,
          -26.64
        ]
      },
      "properties": {
        "gbifID": "417064850",
        "species": "Solanum megalochiton",
        "genus": "Solanum",
        "family": "Solanaceae",
        "scientificName": "Solanum megalochiton Mart.",
        "coordinateUncertaintyInMeters": "",
        "basisOfRecord": "PRESERVED_SPECIMEN",
        "eventDate": "",
        "country": null,
        "datasetName": "",
        "publisher": "Instituto de Botánica Darwinion - CONICET",
        "license": "CC_BY_4_0",
        "issues": [
          "GEODETIC_DATUM_ASSUMED_WGS84",
          "CONTINENT_DERIVED_FROM_COORDINATES",
          "INSTITUTION_MATCH_FUZZY",
          "INSTITUTION_COLLECTION_MISMATCH"
        ],
        "fallback_media": {
          "url": "https://data.nhm.ac.uk/media/b088a439-e20d-4075-bafe-91d8c4b60044",
          "references": null,
          "title": "BM000935480",
          "creator": null,
          "publisher": null,
          "license": "http://creativecommons.org/licenses/by/4.0/",
          "rightsHolder": "The Trustees of the Natural History Museum, London"
        }
      }
    },
    {
      "type": "Feature",
      "geometry": {
        "type": "Point",
        "coordinates": [
          -44.096503,
          -19.690239
        ]
      },
      "properties": {
        "gbifID": "1056539791",
        "species": "Solanum megalochiton",
        "genus": "Solanum",
        "family": "Solanaceae",
        "scientificName": "Solanum megalochiton Mart.",
        "coordinateUncertaintyInMeters": "",
        "basisOfRecord": "PRESERVED_SPECIMEN",
        "eventDate": "1840-10",
        "country": null,
        "datasetName": "",
        "publisher": "Natural History Museum",
        "license": "CC0_1_0",
        "issues": [
          "GEODETIC_DATUM_ASSUMED_WGS84",
          "INSTITUTION_MATCH_FUZZY",
          "COLLECTION_MATCH_FUZZY"
        ],
        "media": [
          {
            "url": "https://data.nhm.ac.uk/media/83cfec43-ad42-4c9b-a29c-01d045be001a",
            "references": null,
            "title": "BM000849093_a",
            "creator": null,
            "publisher": null,
            "license": "http://creativecommons.org/licenses/by/4.0/",
            "rightsHolder": "The Trustees of the Natural History Museum, London"
          },
          {
            "url": "https://data.nhm.ac.uk/media/7ee40ec6-c7c9-44e3-9f2a-94ac62ef812b",
            "references": null,
            "title": "BM000849093",
            "creator": null,
            "publisher": null,
            "license": "http://creativecommons.org/licenses/by/4.0/",
            "rightsHolder": "The Trustees of the Natural History Museum, London"
          }
        ]
      }
    },
    {
      "type": "Feature",
      "geometry": {
        "type": "Point",
        "coordinates": [
          -53.08982,
          -10.773109
        ]
      },
      "properties": {
        "gbifID": "1057149410",
        "species": "Solanum megalochiton",
        "genus": "Solanum",
        "family": "Solanaceae",
        "scientificName": "Solanum megalochiton Mart.",
        "coordinateUncertaintyInMeters": "4364.0",
        "basisOfRecord": "PRESERVED_SPECIMEN",
        "eventDate": "1814",
        "country": null,
        "datasetName": "",
        "publisher": "Natural History Museum",
        "license": "CC0_1_0",
        "issues": [
          "RECORDED_DATE_INVALID",
          "GEODETIC_DATUM_ASSUMED_WGS84",
          "INSTITUTION_MATCH_FUZZY",
          "COLLECTION_MATCH_FUZZY"
        ],
        "media": [
          {
            "url": "https://data.nhm.ac.uk/media/b088a439-e20d-4075-bafe-91d8c4b60044",
            "references": null,
            "title": "BM000935480",
            "creator": null,
            "publisher": null,
            "license": "http://creativecommons.org/licenses/by/4.0/",
            "rightsHolder": "The Trustees of the Natural History Museum, London"
          }
        ]
      }
    },
    {
      "type": "Feature",
      "geometry": {
        "type": "Point",
        "coordinates": [
          -55.929878,
          -13.163117
        ]
      },
      "properties": {
        "gbifID": "1056648304",
        "species": "Solanum megalochiton",
        "genus": "Solanum",
        "family": "Solanaceae",
        "scientificName": "Solanum megalochiton Mart.",
        "coordinateUncertaintyInMeters": "",
        "basisOfRecord": "PRESERVED_SPECIMEN",
        "eventDate": "",
        "country": null,
        "datasetName": "",
        "publisher": "Natural History Museum",
        "license": "CC0_1_0",
        "issues": [
          "RECORDED_DATE_INVALID",
          "GEODETIC_DATUM_ASSUMED_WGS84",
          "INSTITUTION_MATCH_FUZZY",
          "COLLECTION_MATCH_FUZZY"
        ],
        "media": [
          {
            "url": "https://data.nhm.ac.uk/media/207eef1f-be6c-41f7-9b95-8974a6690e8e",
            "references": null,
            "title": "BM000815889",
            "creator": null,
            "publisher": null,
            "license": "http://creativecommons.org/licenses/by/4.0/",
            "rightsHolder": "The Trustees of the Natural History Museum, London"
          }
        ]
      }
    },
    {
      "type": "Feature",
      "geometry": {
        "type": "Point",
        "coordinates": [
          -35.888222,
          -9.231389
        ]
      },
      "properties": {
        "gbifID": "1057397172",
        "species": "Solanum megalochiton",
        "genus": "Solanum",
        "family": "Solanaceae",
        "scientificName": "Solanum megalochiton Mart.",
        "coordinateUncertaintyInMeters": "",
        "basisOfRecord": "PRESERVED_SPECIMEN",
        "eventDate": "2001-05-14",
        "country": null,
        "datasetName": "",
        "publisher": "Natural History Museum",
        "license": "CC0_1_0",
        "issues": [
          "GEODETIC_DATUM_ASSUMED_WGS84",
          "INSTITUTION_MATCH_FUZZY",
          "COLLECTION_MATCH_FUZZY"
        ],
        "media": [
          {
            "url": "https://data.nhm.ac.uk/media/38d0f69c-d4b6-43e5-83ab-f349456cff92",
            "references": null,
            "title": "BM001070065",
            "creator": null,
            "publisher": null,
            "license": "http://creativecommons.org/licenses/by/4.0/",
            "rightsHolder": "The Trustees of the Natural History Museum, London"
          }
        ]
      }
    },
    {
      "type": "Feature",
      "geometry": {
        "type": "Point",
        "coordinates": [
          -48.0,
          -16.0
        ]
      },
      "properties": {
        "gbifID": "1089002837",
        "species": "Solanum megalochiton",
        "genus": "Solanum",
        "family": "Solanaceae",
        "scientificName": "Solanum megalochiton Mart.",
        "coordinateUncertaintyInMeters": "",
        "basisOfRecord": "PRESERVED_SPECIMEN",
        "eventDate": "1980-02-29",
        "country": null,
        "datasetName": "",
        "publisher": "Universidade Estadual de Campinas",
        "license": "CC_BY_4_0",
        "issues": [
          "CONTINENT_DERIVED_FROM_COORDINATES",
          "INSTITUTION_MATCH_NONE"
        ],
        "fallback_media": {
          "url": "https://data.nhm.ac.uk/media/b088a439-e20d-4075-bafe-91d8c4b60044",
          "references": null,
          "title": "BM000935480",
          "creator": null,
          "publisher": null,
          "license": "http://creativecommons.org/licenses/by/4.0/",
          "rightsHolder": "The Trustees of the Natural History Museum, London"
        }
      }
    },
    {
      "type": "Feature",
      "geometry": {
        "type": "Point",
        "coordinates": [
          -46.931944,
          -22.956667
        ]
      },
      "properties": {
        "gbifID": "1089091851",
        "species": "Solanum megalochiton",
        "genus": "Solanum",
        "family": "Solanaceae",
        "scientificName": "Solanum megalochiton Mart.",
        "coordinateUncertaintyInMeters": "",
        "basisOfRecord": "PRESERVED_SPECIMEN",
        "eventDate": "2009-09-18",
        "country": null,
        "datasetName": "",
        "publisher": "Universidade Estadual de Campinas",
        "license": "CC_BY_4_0",
        "issues": [
          "CONTINENT_DERIVED_FROM_COORDINATES",
          "INSTITUTION_MATCH_NONE"
        ],
        "fallback_media": {
          "url": "https://data.nhm.ac.uk/media/b088a439-e20d-4075-bafe-91d8c4b60044",
          "references": null,
          "title": "BM000935480",
          "creator": null,
          "publisher": null,
          "license": "http://creativecommons.org/licenses/by/4.0/",
          "rightsHolder": "The Trustees of the Natural History Museum, London"
        }
      }
    },
    {
      "type": "Feature",
      "geometry": {
        "type": "Point",
        "coordinates": [
          -49.5,
          -22.25
        ]
      },
      "properties": {
        "gbifID": "1089037683",
        "species": "Solanum megalochiton",
        "genus": "Solanum",
        "family": "Solanaceae",
        "scientificName": "Solanum megalochiton Mart.",
        "coordinateUncertaintyInMeters": "",
        "basisOfRecord": "PRESERVED_SPECIMEN",
        "eventDate": "1995-12-21",
        "country": null,
        "datasetName": "",
        "publisher": "Universidade Estadual de Campinas",
        "license": "CC_BY_4_0",
        "issues": [
          "CONTINENT_DERIVED_FROM_COORDINATES",
          "INSTITUTION_MATCH_NONE"
        ],
        "fallback_media": {
          "url": "https://data.nhm.ac.uk/media/b088a439-e20d-4075-bafe-91d8c4b60044",
          "references": null,
          "title": "BM000935480",
          "creator": null,
          "publisher": null,
          "license": "http://creativecommons.org/licenses/by/4.0/",
          "rightsHolder": "The Trustees of the Natural History Museum, London"
        }
      }
    },
    {
      "type": "Feature",
      "geometry": {
        "type": "Point",
        "coordinates": [
          -47.983333,
          -15.95
        ]
      },
      "properties": {
        "gbifID": "1088990997",
        "species": "Solanum megalochiton",
        "genus": "Solanum",
        "family": "Solanaceae",
        "scientificName": "Solanum megalochiton Mart.",
        "coordinateUncertaintyInMeters": "",
        "basisOfRecord": "PRESERVED_SPECIMEN",
        "eventDate": "1974-04-14",
        "country": null,
        "datasetName": "",
        "publisher": "Universidade Estadual de Campinas",
        "license": "CC_BY_4_0",
        "issues": [
          "CONTINENT_DERIVED_FROM_COORDINATES",
          "INSTITUTION_MATCH_NONE"
        ],
        "fallback_media": {
          "url": "https://data.nhm.ac.uk/media/b088a439-e20d-4075-bafe-91d8c4b60044",
          "references": null,
          "title": "BM000935480",
          "creator": null,
          "publisher": null,
          "license": "http://creativecommons.org/licenses/by/4.0/",
          "rightsHolder": "The Trustees of the Natural History Museum, London"
        }
      }
    },
    {
      "type": "Feature",
      "geometry": {
        "type": "Point",
        "coordinates": [
          -51.261611,
          -25.368778
        ]
      },
      "properties": {
        "gbifID": "3745857328",
        "species": "Solanum megalochiton",
        "genus": "Solanum",
        "family": "Solanaceae",
        "scientificName": "Solanum megalochiton Mart.",
        "coordinateUncertaintyInMeters": "",
        "basisOfRecord": "PRESERVED_SPECIMEN",
        "eventDate": "2012-11-27",
        "country": null,
        "datasetName": "",
        "publisher": "Universidade Estadual de Campinas",
        "license": "CC_BY_4_0",
        "issues": [
          "CONTINENT_DERIVED_FROM_COORDINATES",
          "INSTITUTION_MATCH_NONE"
        ],
        "fallback_media": {
          "url": "https://data.nhm.ac.uk/media/b088a439-e20d-4075-bafe-91d8c4b60044",
          "references": null,
          "title": "BM000935480",
          "creator": null,
          "publisher": null,
          "license": "http://creativecommons.org/licenses/by/4.0/",
          "rightsHolder": "The Trustees of the Natural History Museum, London"
        }
      }
    },
    {
      "type": "Feature",
      "geometry": {
        "type": "Point",
        "coordinates": [
          -45.468889,
          -22.705556
        ]
      },
      "properties": {
        "gbifID": "1089039452",
        "species": "Solanum megalochiton",
        "genus": "Solanum",
        "family": "Solanaceae",
        "scientificName": "Solanum megalochiton Mart.",
        "coordinateUncertaintyInMeters": "",
        "basisOfRecord": "PRESERVED_SPECIMEN",
        "eventDate": "1993-09-22",
        "country": null,
        "datasetName": "",
        "publisher": "Universidade Estadual de Campinas",
        "license": "CC_BY_4_0",
        "issues": [
          "CONTINENT_DERIVED_FROM_COORDINATES",
          "INSTITUTION_MATCH_NONE"
        ],
        "fallback_media": {
          "url": "https://data.nhm.ac.uk/media/b088a439-e20d-4075-bafe-91d8c4b60044",
          "references": null,
          "title": "BM000935480",
          "creator": null,
          "publisher": null,
          "license": "http://creativecommons.org/licenses/by/4.0/",
          "rightsHolder": "The Trustees of the Natural History Museum, London"
        }
      }
    },
    {
      "type": "Feature",
      "geometry": {
        "type": "Point",
        "coordinates": [
          -44.0,
          -16.0
        ]
      },
      "properties": {
        "gbifID": "1089033826",
        "species": "Solanum megalochiton",
        "genus": "Solanum",
        "family": "Solanaceae",
        "scientificName": "Solanum megalochiton Mart.",
        "coordinateUncertaintyInMeters": "",
        "basisOfRecord": "PRESERVED_SPECIMEN",
        "eventDate": "1990-09-19",
        "country": null,
        "datasetName": "",
        "publisher": "Universidade Estadual de Campinas",
        "license": "CC_BY_4_0",
        "issues": [
          "CONTINENT_DERIVED_FROM_COORDINATES",
          "INSTITUTION_MATCH_NONE"
        ],
        "fallback_media": {
          "url": "https://data.nhm.ac.uk/media/b088a439-e20d-4075-bafe-91d8c4b60044",
          "references": null,
          "title": "BM000935480",
          "creator": null,
          "publisher": null,
          "license": "http://creativecommons.org/licenses/by/4.0/",
          "rightsHolder": "The Trustees of the Natural History Museum, London"
        }
      }
    }
  ]
}
