{
  "type": "FeatureCollection",
  "metadata": {
    "host_taxon": {
      "canonical_name": "Capsicum lycianthoides",
      "rank": "species",
      "family": "Solanaceae",
      "genus": "Capsicum",
      "species": "Capsicum lycianthoides",
      "slug": "species_capsicum_lycianthoides",
      "resolvable_to_gbif": true,
      "use_for_default_download": true,
      "association_count": 1,
      "butterfly_taxa": [
        "Patricia dercyllidas"
      ],
      "confidence_counts": {
        "medium": 1
      },
      "occurrence_file": "occurrences/species_capsicum_lycianthoides.geojson",
      "gbif_resolution": {
        "query": "Capsicum lycianthoides",
        "rank": "species",
        "status": "resolved",
        "gbif_taxon_key": 3798461,
        "accepted_usage_key": null,
        "scientific_name": "Capsicum lycianthoides Bitter",
        "canonical_name": "Capsicum lycianthoides",
        "gbif_rank": "SPECIES",
        "taxonomic_status": "ACCEPTED",
        "match_type": "EXACT",
        "confidence": 100,
        "kingdom": "Plantae",
        "family": "Solanaceae",
        "genus": "Capsicum",
        "resolved_at": "2026-05-21T03:57:08+00:00"
      },
      "gbif_taxon_key": 3798461,
      "gbif_status": "resolved",
      "occurrence_count": 0,
      "occurrence_mode": "not_generated",
      "occurrence_cap": null
    },
    "gbif_resolution": {
      "query": "Capsicum lycianthoides",
      "rank": "species",
      "status": "resolved",
      "gbif_taxon_key": 3798461,
      "accepted_usage_key": null,
      "scientific_name": "Capsicum lycianthoides Bitter",
      "canonical_name": "Capsicum lycianthoides",
      "gbif_rank": "SPECIES",
      "taxonomic_status": "ACCEPTED",
      "match_type": "EXACT",
      "confidence": 100,
      "kingdom": "Plantae",
      "family": "Solanaceae",
      "genus": "Capsicum",
      "resolved_at": "2026-05-21T03:57:08+00:00"
    },
    "occurrence_query": {
      "method": "gbif_download_api",
      "download_key": "0004690-260519110011954",
      "download_doi": "10.15468/dl.s2gcc3",
      "download_doi_url": "https://doi.org/10.15468/dl.s2gcc3",
      "limit": null,
      "dedupe": "Exact duplicate coordinates removed per taxon after DWCA download.",
      "filters": "GBIF Download API DWCA with TAXON_KEY, HAS_COORDINATE=true, HAS_GEOSPATIAL_ISSUE=false, OCCURRENCE_STATUS=PRESENT; app study extent and coordinate uncertainty <=100km applied locally.",
      "returned_unique_coordinate_records": 127
    },
    "scientific_caveat": "GBIF plant occurrences are sampling-biased context records and do not prove local host use or ecological availability for the butterfly.",
    "generated_at": "2026-05-21T15:57:18+00:00"
  },
  "features": [
    {
      "type": "Feature",
      "geometry": {
        "type": "Point",
        "coordinates": [
          -75.679309,
          5.1025
        ]
      },
      "properties": {
        "gbifID": "1576182447",
        "species": "Capsicum lycianthoides",
        "genus": "Capsicum",
        "family": "Solanaceae",
        "scientificName": "Capsicum lycianthoides Bitter",
        "coordinateUncertaintyInMeters": "2826.0",
        "basisOfRecord": "PRESERVED_SPECIMEN",
        "eventDate": "",
        "country": null,
        "datasetName": "",
        "publisher": "Universidad de Caldas",
        "license": "CC_BY_4_0",
        "issues": [
          "COORDINATE_ROUNDED",
          "INSTITUTION_MATCH_FUZZY"
        ],
        "fallback_media": {
          "url": "https://inaturalist-open-data.s3.amazonaws.com/photos/257818702/original.jpeg",
          "references": "https://www.inaturalist.org/photos/257818702",
          "title": null,
          "creator": "Nolan Exe",
          "publisher": "iNaturalist",
          "license": "http://creativecommons.org/licenses/by/4.0/",
          "rightsHolder": "Nolan Exe"
        }
      }
    },
    {
      "type": "Feature",
      "geometry": {
        "type": "Point",
        "coordinates": [
          -78.680106,
          0.082205
        ]
      },
      "properties": {
        "gbifID": "5070678119",
        "species": "Capsicum lycianthoides",
        "genus": "Capsicum",
        "family": "Solanaceae",
        "scientificName": "Capsicum lycianthoides Bitter",
        "coordinateUncertaintyInMeters": "6300.0",
        "basisOfRecord": "PRESERVED_SPECIMEN",
        "eventDate": "1969-03-08",
        "country": null,
        "datasetName": "",
        "publisher": "Indiana University Herbarium",
        "license": "CC_BY_NC_4_0",
        "issues": [
          "GEODETIC_DATUM_ASSUMED_WGS84",
          "CONTINENT_DERIVED_FROM_COORDINATES",
          "INSTITUTION_MATCH_FUZZY",
          "TAXON_ID_NOT_FOUND"
        ],
        "media": [
          {
            "url": "http://purl.dlib.indiana.edu/iudl/herbarium/full/IND-0106273",
            "references": null,
            "title": null,
            "creator": null,
            "publisher": null,
            "license": null,
            "rightsHolder": "The Trustees of Indiana University"
          }
        ]
      }
    },
    {
      "type": "Feature",
      "geometry": {
        "type": "Point",
        "coordinates": [
          -77.96666,
          1.16666
        ]
      },
      "properties": {
        "gbifID": "1262240333",
        "species": "Capsicum lycianthoides",
        "genus": "Capsicum",
        "family": "Solanaceae",
        "scientificName": "Capsicum lycianthoides Bitter",
        "coordinateUncertaintyInMeters": "",
        "basisOfRecord": "PRESERVED_SPECIMEN",
        "eventDate": "1990-01-18",
        "country": null,
        "datasetName": "Tropicos",
        "publisher": "Missouri Botanical Garden",
        "license": "CC_BY_4_0",
        "issues": [
          "OCCURRENCE_STATUS_INFERRED_FROM_INDIVIDUAL_COUNT",
          "GEODETIC_DATUM_ASSUMED_WGS84",
          "INSTITUTION_MATCH_FUZZY",
          "COLLECTION_MATCH_NONE",
          "TAXON_ID_NOT_FOUND"
        ],
        "fallback_media": {
          "url": "https://inaturalist-open-data.s3.amazonaws.com/photos/257818702/original.jpeg",
          "references": "https://www.inaturalist.org/photos/257818702",
          "title": null,
          "creator": "Nolan Exe",
          "publisher": "iNaturalist",
          "license": "http://creativecommons.org/licenses/by/4.0/",
          "rightsHolder": "Nolan Exe"
        }
      }
    },
    {
      "type": "Feature",
      "geometry": {
        "type": "Point",
        "coordinates": [
          -79.366667,
          -1.65
        ]
      },
      "properties": {
        "gbifID": "5831997559",
        "species": "Capsicum lycianthoides",
        "genus": "Capsicum",
        "family": "Solanaceae",
        "scientificName": "Capsicum lycianthoides Bitter",
        "coordinateUncertaintyInMeters": "",
        "basisOfRecord": "PRESERVED_SPECIMEN",
        "eventDate": "",
        "country": null,
        "datasetName": "Tropicos",
        "publisher": "Missouri Botanical Garden",
        "license": "CC_BY_4_0",
        "issues": [
          "OCCURRENCE_STATUS_INFERRED_FROM_INDIVIDUAL_COUNT",
          "COORDINATE_ROUNDED",
          "GEODETIC_DATUM_ASSUMED_WGS84",
          "INSTITUTION_MATCH_FUZZY",
          "COLLECTION_MATCH_NONE",
          "TAXON_ID_NOT_FOUND"
        ],
        "fallback_media": {
          "url": "https://inaturalist-open-data.s3.amazonaws.com/photos/257818702/original.jpeg",
          "references": "https://www.inaturalist.org/photos/257818702",
          "title": null,
          "creator": "Nolan Exe",
          "publisher": "iNaturalist",
          "license": "http://creativecommons.org/licenses/by/4.0/",
          "rightsHolder": "Nolan Exe"
        }
      }
    },
    {
      "type": "Feature",
      "geometry": {
        "type": "Point",
        "coordinates": [
          -78.83333,
          -0.25
        ]
      },
      "properties": {
        "gbifID": "1262255261",
        "species": "Capsicum lycianthoides",
        "genus": "Capsicum",
        "family": "Solanaceae",
        "scientificName": "Capsicum lycianthoides Bitter",
        "coordinateUncertaintyInMeters": "",
        "basisOfRecord": "PRESERVED_SPECIMEN",
        "eventDate": "1987-07-31",
        "country": null,
        "datasetName": "Tropicos",
        "publisher": "Missouri Botanical Garden",
        "license": "CC_BY_4_0",
        "issues": [
          "OCCURRENCE_STATUS_INFERRED_FROM_INDIVIDUAL_COUNT",
          "GEODETIC_DATUM_ASSUMED_WGS84",
          "INSTITUTION_MATCH_FUZZY",
          "COLLECTION_MATCH_NONE",
          "TAXON_ID_NOT_FOUND"
        ],
        "fallback_media": {
          "url": "https://inaturalist-open-data.s3.amazonaws.com/photos/257818702/original.jpeg",
          "references": "https://www.inaturalist.org/photos/257818702",
          "title": null,
          "creator": "Nolan Exe",
          "publisher": "iNaturalist",
          "license": "http://creativecommons.org/licenses/by/4.0/",
          "rightsHolder": "Nolan Exe"
        }
      }
    },
    {
      "type": "Feature",
      "geometry": {
        "type": "Point",
        "coordinates": [
          -78.33305,
          -5.4925
        ]
      },
      "properties": {
        "gbifID": "1259007037",
        "species": "Capsicum lycianthoides",
        "genus": "Capsicum",
        "family": "Solanaceae",
        "scientificName": "Capsicum lycianthoides Bitter",
        "coordinateUncertaintyInMeters": "",
        "basisOfRecord": "PRESERVED_SPECIMEN",
        "eventDate": "2001-12-13",
        "country": null,
        "datasetName": "Tropicos",
        "publisher": "Missouri Botanical Garden",
        "license": "CC_BY_4_0",
        "issues": [
          "OCCURRENCE_STATUS_INFERRED_FROM_INDIVIDUAL_COUNT",
          "GEODETIC_DATUM_ASSUMED_WGS84",
          "INSTITUTION_MATCH_FUZZY",
          "COLLECTION_MATCH_NONE",
          "TAXON_ID_NOT_FOUND"
        ],
        "media": [
          {
            "url": "https://images.mobot.org/tropicosimages3/detailimages/TropicosImageVol3/100406000/10928FB7-BF03-44A8-BE0E-03830A562211.jpg",
            "references": "https://www.tropicos.org/ImageFullView.aspx?imageid=100406710",
            "title": "Vásquez Martínez - 27256 - Peru",
            "creator": "MBG",
            "publisher": null,
            "license": "http://creativecommons.org/licenses/by-nc-sa/3.0/",
            "rightsHolder": "MBG"
          }
        ]
      }
    },
    {
      "type": "Feature",
      "geometry": {
        "type": "Point",
        "coordinates": [
          -79.412778,
          -2.730278
        ]
      },
      "properties": {
        "gbifID": "2806585603",
        "species": "Capsicum lycianthoides",
        "genus": "Capsicum",
        "family": "Solanaceae",
        "scientificName": "Capsicum lycianthoides Bitter",
        "coordinateUncertaintyInMeters": "",
        "basisOfRecord": "PRESERVED_SPECIMEN",
        "eventDate": "2007-05-30",
        "country": null,
        "datasetName": "Tropicos",
        "publisher": "Missouri Botanical Garden",
        "license": "CC_BY_4_0",
        "issues": [
          "OCCURRENCE_STATUS_INFERRED_FROM_INDIVIDUAL_COUNT",
          "COORDINATE_ROUNDED",
          "GEODETIC_DATUM_ASSUMED_WGS84",
          "INSTITUTION_MATCH_FUZZY",
          "COLLECTION_MATCH_NONE",
          "TAXON_ID_NOT_FOUND"
        ],
        "fallback_media": {
          "url": "https://inaturalist-open-data.s3.amazonaws.com/photos/257818702/original.jpeg",
          "references": "https://www.inaturalist.org/photos/257818702",
          "title": null,
          "creator": "Nolan Exe",
          "publisher": "iNaturalist",
          "license": "http://creativecommons.org/licenses/by/4.0/",
          "rightsHolder": "Nolan Exe"
        }
      }
    },
    {
      "type": "Feature",
      "geometry": {
        "type": "Point",
        "coordinates": [
          -79.838611,
          -3.729444
        ]
      },
      "properties": {
        "gbifID": "1259684748",
        "species": "Capsicum lycianthoides",
        "genus": "Capsicum",
        "family": "Solanaceae",
        "scientificName": "Capsicum lycianthoides Bitter",
        "coordinateUncertaintyInMeters": "",
        "basisOfRecord": "PRESERVED_SPECIMEN",
        "eventDate": "2004-07-31",
        "country": null,
        "datasetName": "Tropicos",
        "publisher": "Missouri Botanical Garden",
        "license": "CC_BY_4_0",
        "issues": [
          "OCCURRENCE_STATUS_INFERRED_FROM_INDIVIDUAL_COUNT",
          "COORDINATE_ROUNDED",
          "GEODETIC_DATUM_ASSUMED_WGS84",
          "INSTITUTION_MATCH_FUZZY",
          "COLLECTION_MATCH_NONE",
          "TAXON_ID_NOT_FOUND"
        ],
        "fallback_media": {
          "url": "https://inaturalist-open-data.s3.amazonaws.com/photos/257818702/original.jpeg",
          "references": "https://www.inaturalist.org/photos/257818702",
          "title": null,
          "creator": "Nolan Exe",
          "publisher": "iNaturalist",
          "license": "http://creativecommons.org/licenses/by/4.0/",
          "rightsHolder": "Nolan Exe"
        }
      }
    },
    {
      "type": "Feature",
      "geometry": {
        "type": "Point",
        "coordinates": [
          -77.52777,
          0.39555
        ]
      },
      "properties": {
        "gbifID": "1259842467",
        "species": "Capsicum lycianthoides",
        "genus": "Capsicum",
        "family": "Solanaceae",
        "scientificName": "Capsicum lycianthoides Bitter",
        "coordinateUncertaintyInMeters": "",
        "basisOfRecord": "PRESERVED_SPECIMEN",
        "eventDate": "2004-08-21",
        "country": null,
        "datasetName": "Tropicos",
        "publisher": "Missouri Botanical Garden",
        "license": "CC_BY_4_0",
        "issues": [
          "OCCURRENCE_STATUS_INFERRED_FROM_INDIVIDUAL_COUNT",
          "GEODETIC_DATUM_ASSUMED_WGS84",
          "INSTITUTION_MATCH_FUZZY",
          "COLLECTION_MATCH_NONE",
          "TAXON_ID_NOT_FOUND"
        ],
        "fallback_media": {
          "url": "https://inaturalist-open-data.s3.amazonaws.com/photos/257818702/original.jpeg",
          "references": "https://www.inaturalist.org/photos/257818702",
          "title": null,
          "creator": "Nolan Exe",
          "publisher": "iNaturalist",
          "license": "http://creativecommons.org/licenses/by/4.0/",
          "rightsHolder": "Nolan Exe"
        }
      }
    },
    {
      "type": "Feature",
      "geometry": {
        "type": "Point",
        "coordinates": [
          -78.466667,
          0.366667
        ]
      },
      "properties": {
        "gbifID": "1258946834",
        "species": "Capsicum lycianthoides",
        "genus": "Capsicum",
        "family": "Solanaceae",
        "scientificName": "Capsicum lycianthoides Bitter",
        "coordinateUncertaintyInMeters": "",
        "basisOfRecord": "PRESERVED_SPECIMEN",
        "eventDate": "2002-03-06",
        "country": null,
        "datasetName": "Tropicos",
        "publisher": "Missouri Botanical Garden",
        "license": "CC_BY_4_0",
        "issues": [
          "OCCURRENCE_STATUS_INFERRED_FROM_INDIVIDUAL_COUNT",
          "COORDINATE_ROUNDED",
          "GEODETIC_DATUM_ASSUMED_WGS84",
          "INSTITUTION_MATCH_FUZZY",
          "COLLECTION_MATCH_NONE",
          "TAXON_ID_NOT_FOUND"
        ],
        "fallback_media": {
          "url": "https://inaturalist-open-data.s3.amazonaws.com/photos/257818702/original.jpeg",
          "references": "https://www.inaturalist.org/photos/257818702",
          "title": null,
          "creator": "Nolan Exe",
          "publisher": "iNaturalist",
          "license": "http://creativecommons.org/licenses/by/4.0/",
          "rightsHolder": "Nolan Exe"
        }
      }
    },
    {
      "type": "Feature",
      "geometry": {
        "type": "Point",
        "coordinates": [
          -78.6312,
          0.11583
        ]
      },
      "properties": {
        "gbifID": "1852087175",
        "species": "Capsicum lycianthoides",
        "genus": "Capsicum",
        "family": "Solanaceae",
        "scientificName": "Capsicum lycianthoides Bitter",
        "coordinateUncertaintyInMeters": "",
        "basisOfRecord": "PRESERVED_SPECIMEN",
        "eventDate": "2006-03-11",
        "country": null,
        "datasetName": "NMNH Extant Biology",
        "publisher": "National Museum of Natural History, Smithsonian Institution",
        "license": "CC0_1_0",
        "issues": [
          "OCCURRENCE_STATUS_INFERRED_FROM_INDIVIDUAL_COUNT",
          "GEODETIC_DATUM_ASSUMED_WGS84"
        ],
        "media": [
          {
            "url": "https://collections.nmnh.si.edu/media/?i=12615347&h=2000",
            "references": null,
            "title": "02827219.tif",
            "creator": "Conveyor Belt",
            "publisher": "Smithsonian Institution, NMNH, Botany",
            "license": "http://creativecommons.org/publicdomain/zero/1.0/",
            "rightsHolder": null
          }
        ]
      }
    },
    {
      "type": "Feature",
      "geometry": {
        "type": "Point",
        "coordinates": [
          -76.62,
          3.47
        ]
      },
      "properties": {
        "gbifID": "1852146578",
        "species": "Capsicum lycianthoides",
        "genus": "Capsicum",
        "family": "Solanaceae",
        "scientificName": "Capsicum lycianthoides Bitter",
        "coordinateUncertaintyInMeters": "",
        "basisOfRecord": "PRESERVED_SPECIMEN",
        "eventDate": "1989-04-20",
        "country": null,
        "datasetName": "NMNH Extant Biology",
        "publisher": "National Museum of Natural History, Smithsonian Institution",
        "license": "CC0_1_0",
        "issues": [
          "OCCURRENCE_STATUS_INFERRED_FROM_INDIVIDUAL_COUNT",
          "GEODETIC_DATUM_ASSUMED_WGS84"
        ],
        "media": [
          {
            "url": "https://collections.nmnh.si.edu/media/?i=12605363&h=2000",
            "references": null,
            "title": "02827220.tif",
            "creator": "Conveyor Belt",
            "publisher": "Smithsonian Institution, NMNH, Botany",
            "license": "http://creativecommons.org/publicdomain/zero/1.0/",
            "rightsHolder": null
          }
        ]
      }
    },
    {
      "type": "Feature",
      "geometry": {
        "type": "Point",
        "coordinates": [
          -78.633333,
          0.116667
        ]
      },
      "properties": {
        "gbifID": "2626942165",
        "species": "Capsicum lycianthoides",
        "genus": "Capsicum",
        "family": "Solanaceae",
        "scientificName": "Capsicum lycianthoides Bitter",
        "coordinateUncertaintyInMeters": "",
        "basisOfRecord": "PRESERVED_SPECIMEN",
        "eventDate": "1992-07-08",
        "country": null,
        "datasetName": "",
        "publisher": "University of California, Davis",
        "license": "CC_BY_NC_4_0",
        "issues": [
          "COORDINATE_ROUNDED",
          "GEODETIC_DATUM_ASSUMED_WGS84",
          "INSTITUTION_MATCH_FUZZY",
          "COLLECTION_MATCH_FUZZY",
          "TAXON_ID_NOT_FOUND"
        ],
        "fallback_media": {
          "url": "https://inaturalist-open-data.s3.amazonaws.com/photos/257818702/original.jpeg",
          "references": "https://www.inaturalist.org/photos/257818702",
          "title": null,
          "creator": "Nolan Exe",
          "publisher": "iNaturalist",
          "license": "http://creativecommons.org/licenses/by/4.0/",
          "rightsHolder": "Nolan Exe"
        }
      }
    },
    {
      "type": "Feature",
      "geometry": {
        "type": "Point",
        "coordinates": [
          -78.616667,
          0.091667
        ]
      },
      "properties": {
        "gbifID": "2626927186",
        "species": "Capsicum lycianthoides",
        "genus": "Capsicum",
        "family": "Solanaceae",
        "scientificName": "Capsicum lycianthoides Bitter",
        "coordinateUncertaintyInMeters": "",
        "basisOfRecord": "PRESERVED_SPECIMEN",
        "eventDate": "1991-07-07",
        "country": null,
        "datasetName": "",
        "publisher": "University of California, Davis",
        "license": "CC_BY_NC_4_0",
        "issues": [
          "COORDINATE_ROUNDED",
          "GEODETIC_DATUM_ASSUMED_WGS84",
          "INSTITUTION_MATCH_FUZZY",
          "COLLECTION_MATCH_FUZZY",
          "TAXON_ID_NOT_FOUND"
        ],
        "fallback_media": {
          "url": "https://inaturalist-open-data.s3.amazonaws.com/photos/257818702/original.jpeg",
          "references": "https://www.inaturalist.org/photos/257818702",
          "title": null,
          "creator": "Nolan Exe",
          "publisher": "iNaturalist",
          "license": "http://creativecommons.org/licenses/by/4.0/",
          "rightsHolder": "Nolan Exe"
        }
      }
    },
    {
      "type": "Feature",
      "geometry": {
        "type": "Point",
        "coordinates": [
          -78.616667,
          0.15
        ]
      },
      "properties": {
        "gbifID": "2626951170",
        "species": "Capsicum lycianthoides",
        "genus": "Capsicum",
        "family": "Solanaceae",
        "scientificName": "Capsicum lycianthoides Bitter",
        "coordinateUncertaintyInMeters": "",
        "basisOfRecord": "PRESERVED_SPECIMEN",
        "eventDate": "1993-09-01",
        "country": null,
        "datasetName": "",
        "publisher": "University of California, Davis",
        "license": "CC_BY_NC_4_0",
        "issues": [
          "COORDINATE_ROUNDED",
          "GEODETIC_DATUM_ASSUMED_WGS84",
          "INSTITUTION_MATCH_FUZZY",
          "COLLECTION_MATCH_FUZZY",
          "TAXON_ID_NOT_FOUND"
        ],
        "fallback_media": {
          "url": "https://inaturalist-open-data.s3.amazonaws.com/photos/257818702/original.jpeg",
          "references": "https://www.inaturalist.org/photos/257818702",
          "title": null,
          "creator": "Nolan Exe",
          "publisher": "iNaturalist",
          "license": "http://creativecommons.org/licenses/by/4.0/",
          "rightsHolder": "Nolan Exe"
        }
      }
    },
    {
      "type": "Feature",
      "geometry": {
        "type": "Point",
        "coordinates": [
          -78.633333,
          0.133333
        ]
      },
      "properties": {
        "gbifID": "2626930223",
        "species": "Capsicum lycianthoides",
        "genus": "Capsicum",
        "family": "Solanaceae",
        "scientificName": "Capsicum lycianthoides Bitter",
        "coordinateUncertaintyInMeters": "",
        "basisOfRecord": "PRESERVED_SPECIMEN",
        "eventDate": "1990-07-10",
        "country": null,
        "datasetName": "",
        "publisher": "University of California, Davis",
        "license": "CC_BY_NC_4_0",
        "issues": [
          "COORDINATE_ROUNDED",
          "GEODETIC_DATUM_ASSUMED_WGS84",
          "INSTITUTION_MATCH_FUZZY",
          "COLLECTION_MATCH_FUZZY",
          "TAXON_ID_NOT_FOUND"
        ],
        "fallback_media": {
          "url": "https://inaturalist-open-data.s3.amazonaws.com/photos/257818702/original.jpeg",
          "references": "https://www.inaturalist.org/photos/257818702",
          "title": null,
          "creator": "Nolan Exe",
          "publisher": "iNaturalist",
          "license": "http://creativecommons.org/licenses/by/4.0/",
          "rightsHolder": "Nolan Exe"
        }
      }
    },
    {
      "type": "Feature",
      "geometry": {
        "type": "Point",
        "coordinates": [
          -78.608333,
          0.075
        ]
      },
      "properties": {
        "gbifID": "2626929160",
        "species": "Capsicum lycianthoides",
        "genus": "Capsicum",
        "family": "Solanaceae",
        "scientificName": "Capsicum lycianthoides Bitter",
        "coordinateUncertaintyInMeters": "",
        "basisOfRecord": "PRESERVED_SPECIMEN",
        "eventDate": "1992-07-08",
        "country": null,
        "datasetName": "",
        "publisher": "University of California, Davis",
        "license": "CC_BY_NC_4_0",
        "issues": [
          "GEODETIC_DATUM_ASSUMED_WGS84",
          "INSTITUTION_MATCH_FUZZY",
          "COLLECTION_MATCH_FUZZY",
          "TAXON_ID_NOT_FOUND"
        ],
        "fallback_media": {
          "url": "https://inaturalist-open-data.s3.amazonaws.com/photos/257818702/original.jpeg",
          "references": "https://www.inaturalist.org/photos/257818702",
          "title": null,
          "creator": "Nolan Exe",
          "publisher": "iNaturalist",
          "license": "http://creativecommons.org/licenses/by/4.0/",
          "rightsHolder": "Nolan Exe"
        }
      }
    },
    {
      "type": "Feature",
      "geometry": {
        "type": "Point",
        "coordinates": [
          -78.633333,
          0.125
        ]
      },
      "properties": {
        "gbifID": "2626940334",
        "species": "Capsicum lycianthoides",
        "genus": "Capsicum",
        "family": "Solanaceae",
        "scientificName": "Capsicum lycianthoides Bitter",
        "coordinateUncertaintyInMeters": "",
        "basisOfRecord": "PRESERVED_SPECIMEN",
        "eventDate": "1989-09-18",
        "country": null,
        "datasetName": "",
        "publisher": "University of California, Davis",
        "license": "CC_BY_NC_4_0",
        "issues": [
          "COORDINATE_ROUNDED",
          "GEODETIC_DATUM_ASSUMED_WGS84",
          "INSTITUTION_MATCH_FUZZY",
          "COLLECTION_MATCH_FUZZY",
          "TAXON_ID_NOT_FOUND"
        ],
        "fallback_media": {
          "url": "https://inaturalist-open-data.s3.amazonaws.com/photos/257818702/original.jpeg",
          "references": "https://www.inaturalist.org/photos/257818702",
          "title": null,
          "creator": "Nolan Exe",
          "publisher": "iNaturalist",
          "license": "http://creativecommons.org/licenses/by/4.0/",
          "rightsHolder": "Nolan Exe"
        }
      }
    },
    {
      "type": "Feature",
      "geometry": {
        "type": "Point",
        "coordinates": [
          -78.633333,
          0.121667
        ]
      },
      "properties": {
        "gbifID": "2626927147",
        "species": "Capsicum lycianthoides",
        "genus": "Capsicum",
        "family": "Solanaceae",
        "scientificName": "Capsicum lycianthoides Bitter",
        "coordinateUncertaintyInMeters": "",
        "basisOfRecord": "PRESERVED_SPECIMEN",
        "eventDate": "1992-07-10",
        "country": null,
        "datasetName": "",
        "publisher": "University of California, Davis",
        "license": "CC_BY_NC_4_0",
        "issues": [
          "COORDINATE_ROUNDED",
          "GEODETIC_DATUM_ASSUMED_WGS84",
          "INSTITUTION_MATCH_FUZZY",
          "COLLECTION_MATCH_FUZZY",
          "TAXON_ID_NOT_FOUND"
        ],
        "fallback_media": {
          "url": "https://inaturalist-open-data.s3.amazonaws.com/photos/257818702/original.jpeg",
          "references": "https://www.inaturalist.org/photos/257818702",
          "title": null,
          "creator": "Nolan Exe",
          "publisher": "iNaturalist",
          "license": "http://creativecommons.org/licenses/by/4.0/",
          "rightsHolder": "Nolan Exe"
        }
      }
    },
    {
      "type": "Feature",
      "geometry": {
        "type": "Point",
        "coordinates": [
          -78.625,
          0.1
        ]
      },
      "properties": {
        "gbifID": "2626951146",
        "species": "Capsicum lycianthoides",
        "genus": "Capsicum",
        "family": "Solanaceae",
        "scientificName": "Capsicum lycianthoides Bitter",
        "coordinateUncertaintyInMeters": "",
        "basisOfRecord": "PRESERVED_SPECIMEN",
        "eventDate": "1992-07-13",
        "country": null,
        "datasetName": "",
        "publisher": "University of California, Davis",
        "license": "CC_BY_NC_4_0",
        "issues": [
          "GEODETIC_DATUM_ASSUMED_WGS84",
          "INSTITUTION_MATCH_FUZZY",
          "COLLECTION_MATCH_FUZZY",
          "TAXON_ID_NOT_FOUND"
        ],
        "fallback_media": {
          "url": "https://inaturalist-open-data.s3.amazonaws.com/photos/257818702/original.jpeg",
          "references": "https://www.inaturalist.org/photos/257818702",
          "title": null,
          "creator": "Nolan Exe",
          "publisher": "iNaturalist",
          "license": "http://creativecommons.org/licenses/by/4.0/",
          "rightsHolder": "Nolan Exe"
        }
      }
    },
    {
      "type": "Feature",
      "geometry": {
        "type": "Point",
        "coordinates": [
          -76.621389,
          3.611667
        ]
      },
      "properties": {
        "gbifID": "1300512806",
        "species": "Capsicum lycianthoides",
        "genus": "Capsicum",
        "family": "Solanaceae",
        "scientificName": "Capsicum lycianthoides Bitter",
        "coordinateUncertaintyInMeters": "",
        "basisOfRecord": "OCCURRENCE",
        "eventDate": "1997-07-24",
        "country": null,
        "datasetName": "",
        "publisher": "Centro Internacional de Agricultura Tropical - CIAT",
        "license": "CC_BY_4_0",
        "issues": [
          "COORDINATE_ROUNDED",
          "GEODETIC_DATUM_ASSUMED_WGS84",
          "CONTINENT_DERIVED_FROM_COORDINATES"
        ],
        "fallback_media": {
          "url": "https://inaturalist-open-data.s3.amazonaws.com/photos/257818702/original.jpeg",
          "references": "https://www.inaturalist.org/photos/257818702",
          "title": null,
          "creator": "Nolan Exe",
          "publisher": "iNaturalist",
          "license": "http://creativecommons.org/licenses/by/4.0/",
          "rightsHolder": "Nolan Exe"
        }
      }
    },
    {
      "type": "Feature",
      "geometry": {
        "type": "Point",
        "coordinates": [
          -79.106111,
          -0.978333
        ]
      },
      "properties": {
        "gbifID": "1300512942",
        "species": "Capsicum lycianthoides",
        "genus": "Capsicum",
        "family": "Solanaceae",
        "scientificName": "Capsicum lycianthoides Bitter",
        "coordinateUncertaintyInMeters": "",
        "basisOfRecord": "OCCURRENCE",
        "eventDate": "2003-08-05",
        "country": null,
        "datasetName": "",
        "publisher": "Centro Internacional de Agricultura Tropical - CIAT",
        "license": "CC_BY_4_0",
        "issues": [
          "COORDINATE_ROUNDED",
          "GEODETIC_DATUM_ASSUMED_WGS84",
          "CONTINENT_DERIVED_FROM_COORDINATES"
        ],
        "fallback_media": {
          "url": "https://inaturalist-open-data.s3.amazonaws.com/photos/257818702/original.jpeg",
          "references": "https://www.inaturalist.org/photos/257818702",
          "title": null,
          "creator": "Nolan Exe",
          "publisher": "iNaturalist",
          "license": "http://creativecommons.org/licenses/by/4.0/",
          "rightsHolder": "Nolan Exe"
        }
      }
    },
    {
      "type": "Feature",
      "geometry": {
        "type": "Point",
        "coordinates": [
          -75.490944,
          4.707861
        ]
      },
      "properties": {
        "gbifID": "1300512855",
        "species": "Capsicum lycianthoides",
        "genus": "Capsicum",
        "family": "Solanaceae",
        "scientificName": "Capsicum lycianthoides Bitter",
        "coordinateUncertaintyInMeters": "",
        "basisOfRecord": "OCCURRENCE",
        "eventDate": "1995-08-05",
        "country": null,
        "datasetName": "",
        "publisher": "Centro Internacional de Agricultura Tropical - CIAT",
        "license": "CC_BY_4_0",
        "issues": [
          "COORDINATE_ROUNDED",
          "GEODETIC_DATUM_ASSUMED_WGS84",
          "CONTINENT_DERIVED_FROM_COORDINATES"
        ],
        "fallback_media": {
          "url": "https://inaturalist-open-data.s3.amazonaws.com/photos/257818702/original.jpeg",
          "references": "https://www.inaturalist.org/photos/257818702",
          "title": null,
          "creator": "Nolan Exe",
          "publisher": "iNaturalist",
          "license": "http://creativecommons.org/licenses/by/4.0/",
          "rightsHolder": "Nolan Exe"
        }
      }
    },
    {
      "type": "Feature",
      "geometry": {
        "type": "Point",
        "coordinates": [
          -79.116111,
          -0.976111
        ]
      },
      "properties": {
        "gbifID": "1300512951",
        "species": "Capsicum lycianthoides",
        "genus": "Capsicum",
        "family": "Solanaceae",
        "scientificName": "Capsicum lycianthoides Bitter",
        "coordinateUncertaintyInMeters": "",
        "basisOfRecord": "OCCURRENCE",
        "eventDate": "2003-08-12",
        "country": null,
        "datasetName": "",
        "publisher": "Centro Internacional de Agricultura Tropical - CIAT",
        "license": "CC_BY_4_0",
        "issues": [
          "COORDINATE_ROUNDED",
          "GEODETIC_DATUM_ASSUMED_WGS84",
          "CONTINENT_DERIVED_FROM_COORDINATES"
        ],
        "fallback_media": {
          "url": "https://inaturalist-open-data.s3.amazonaws.com/photos/257818702/original.jpeg",
          "references": "https://www.inaturalist.org/photos/257818702",
          "title": null,
          "creator": "Nolan Exe",
          "publisher": "iNaturalist",
          "license": "http://creativecommons.org/licenses/by/4.0/",
          "rightsHolder": "Nolan Exe"
        }
      }
    },
    {
      "type": "Feature",
      "geometry": {
        "type": "Point",
        "coordinates": [
          -76.566667,
          3.5
        ]
      },
      "properties": {
        "gbifID": "1300513072",
        "species": "Capsicum lycianthoides",
        "genus": "Capsicum",
        "family": "Solanaceae",
        "scientificName": "Capsicum lycianthoides Bitter",
        "coordinateUncertaintyInMeters": "",
        "basisOfRecord": "OCCURRENCE",
        "eventDate": "",
        "country": null,
        "datasetName": "",
        "publisher": "Centro Internacional de Agricultura Tropical - CIAT",
        "license": "CC_BY_4_0",
        "issues": [
          "COORDINATE_ROUNDED",
          "GEODETIC_DATUM_ASSUMED_WGS84",
          "CONTINENT_DERIVED_FROM_COORDINATES"
        ],
        "fallback_media": {
          "url": "https://inaturalist-open-data.s3.amazonaws.com/photos/257818702/original.jpeg",
          "references": "https://www.inaturalist.org/photos/257818702",
          "title": null,
          "creator": "Nolan Exe",
          "publisher": "iNaturalist",
          "license": "http://creativecommons.org/licenses/by/4.0/",
          "rightsHolder": "Nolan Exe"
        }
      }
    },
    {
      "type": "Feature",
      "geometry": {
        "type": "Point",
        "coordinates": [
          -78.6667,
          -0.1667
        ]
      },
      "properties": {
        "gbifID": "1302637326",
        "species": "Capsicum lycianthoides",
        "genus": "Capsicum",
        "family": "Solanaceae",
        "scientificName": "Capsicum lycianthoides Bitter",
        "coordinateUncertaintyInMeters": "",
        "basisOfRecord": "OCCURRENCE",
        "eventDate": "1945-08",
        "country": null,
        "datasetName": "",
        "publisher": "Centro Internacional de Agricultura Tropical - CIAT",
        "license": "CC_BY_4_0",
        "issues": [
          "GEODETIC_DATUM_ASSUMED_WGS84",
          "CONTINENT_DERIVED_FROM_COORDINATES"
        ],
        "fallback_media": {
          "url": "https://inaturalist-open-data.s3.amazonaws.com/photos/257818702/original.jpeg",
          "references": "https://www.inaturalist.org/photos/257818702",
          "title": null,
          "creator": "Nolan Exe",
          "publisher": "iNaturalist",
          "license": "http://creativecommons.org/licenses/by/4.0/",
          "rightsHolder": "Nolan Exe"
        }
      }
    },
    {
      "type": "Feature",
      "geometry": {
        "type": "Point",
        "coordinates": [
          -76.616667,
          3.466667
        ]
      },
      "properties": {
        "gbifID": "1300512803",
        "species": "Capsicum lycianthoides",
        "genus": "Capsicum",
        "family": "Solanaceae",
        "scientificName": "Capsicum lycianthoides Bitter",
        "coordinateUncertaintyInMeters": "",
        "basisOfRecord": "OCCURRENCE",
        "eventDate": "1989-04-20",
        "country": null,
        "datasetName": "",
        "publisher": "Centro Internacional de Agricultura Tropical - CIAT",
        "license": "CC_BY_4_0",
        "issues": [
          "COORDINATE_ROUNDED",
          "GEODETIC_DATUM_ASSUMED_WGS84",
          "CONTINENT_DERIVED_FROM_COORDINATES"
        ],
        "fallback_media": {
          "url": "https://inaturalist-open-data.s3.amazonaws.com/photos/257818702/original.jpeg",
          "references": "https://www.inaturalist.org/photos/257818702",
          "title": null,
          "creator": "Nolan Exe",
          "publisher": "iNaturalist",
          "license": "http://creativecommons.org/licenses/by/4.0/",
          "rightsHolder": "Nolan Exe"
        }
      }
    },
    {
      "type": "Feature",
      "geometry": {
        "type": "Point",
        "coordinates": [
          -79.7422,
          -3.6547
        ]
      },
      "properties": {
        "gbifID": "1927826003",
        "species": "Capsicum lycianthoides",
        "genus": "Capsicum",
        "family": "Solanaceae",
        "scientificName": "Capsicum lycianthoides Bitter",
        "coordinateUncertaintyInMeters": "",
        "basisOfRecord": "PRESERVED_SPECIMEN",
        "eventDate": "2011-05-28",
        "country": null,
        "datasetName": "Vascular plants",
        "publisher": "The New York Botanical Garden",
        "license": "CC0_1_0",
        "issues": [
          "MODIFIED_DATE_INVALID",
          "GEODETIC_DATUM_ASSUMED_WGS84"
        ],
        "media": [
          {
            "url": "http://sweetgum.nybg.org/images3/1138/664/01802580.jpg",
            "references": null,
            "title": null,
            "creator": "The New York Botanical Garden",
            "publisher": null,
            "license": "http://creativecommons.org/licenses/by/4.0/",
            "rightsHolder": "The New York Botanical Garden"
          }
        ]
      }
    },
    {
      "type": "Feature",
      "geometry": {
        "type": "Point",
        "coordinates": [
          -79.333333,
          -1.65
        ]
      },
      "properties": {
        "gbifID": "1096795221",
        "species": "Capsicum lycianthoides",
        "genus": "Capsicum",
        "family": "Solanaceae",
        "scientificName": "Capsicum lycianthoides Bitter",
        "coordinateUncertaintyInMeters": "",
        "basisOfRecord": "PRESERVED_SPECIMEN",
        "eventDate": "1994-05-20",
        "country": null,
        "datasetName": "",
        "publisher": "Swedish Museum of Natural History",
        "license": "CC_BY_4_0",
        "issues": [
          "GEODETIC_DATUM_ASSUMED_WGS84",
          "CONTINENT_DERIVED_FROM_COORDINATES",
          "AMBIGUOUS_COLLECTION"
        ],
        "fallback_media": {
          "url": "https://inaturalist-open-data.s3.amazonaws.com/photos/257818702/original.jpeg",
          "references": "https://www.inaturalist.org/photos/257818702",
          "title": null,
          "creator": "Nolan Exe",
          "publisher": "iNaturalist",
          "license": "http://creativecommons.org/licenses/by/4.0/",
          "rightsHolder": "Nolan Exe"
        }
      }
    },
    {
      "type": "Feature",
      "geometry": {
        "type": "Point",
        "coordinates": [
          -79.316667,
          -1.65
        ]
      },
      "properties": {
        "gbifID": "1096771555",
        "species": "Capsicum lycianthoides",
        "genus": "Capsicum",
        "family": "Solanaceae",
        "scientificName": "Capsicum lycianthoides Bitter",
        "coordinateUncertaintyInMeters": "",
        "basisOfRecord": "PRESERVED_SPECIMEN",
        "eventDate": "1996-12-13",
        "country": null,
        "datasetName": "",
        "publisher": "Swedish Museum of Natural History",
        "license": "CC_BY_4_0",
        "issues": [
          "GEODETIC_DATUM_ASSUMED_WGS84",
          "CONTINENT_DERIVED_FROM_COORDINATES",
          "AMBIGUOUS_COLLECTION"
        ],
        "fallback_media": {
          "url": "https://inaturalist-open-data.s3.amazonaws.com/photos/257818702/original.jpeg",
          "references": "https://www.inaturalist.org/photos/257818702",
          "title": null,
          "creator": "Nolan Exe",
          "publisher": "iNaturalist",
          "license": "http://creativecommons.org/licenses/by/4.0/",
          "rightsHolder": "Nolan Exe"
        }
      }
    },
    {
      "type": "Feature",
      "geometry": {
        "type": "Point",
        "coordinates": [
          -79.316667,
          -1.633333
        ]
      },
      "properties": {
        "gbifID": "1096795343",
        "species": "Capsicum lycianthoides",
        "genus": "Capsicum",
        "family": "Solanaceae",
        "scientificName": "Capsicum lycianthoides Bitter",
        "coordinateUncertaintyInMeters": "",
        "basisOfRecord": "PRESERVED_SPECIMEN",
        "eventDate": "1995-10-23",
        "country": null,
        "datasetName": "",
        "publisher": "Swedish Museum of Natural History",
        "license": "CC_BY_4_0",
        "issues": [
          "GEODETIC_DATUM_ASSUMED_WGS84",
          "CONTINENT_DERIVED_FROM_COORDINATES",
          "AMBIGUOUS_COLLECTION"
        ],
        "fallback_media": {
          "url": "https://inaturalist-open-data.s3.amazonaws.com/photos/257818702/original.jpeg",
          "references": "https://www.inaturalist.org/photos/257818702",
          "title": null,
          "creator": "Nolan Exe",
          "publisher": "iNaturalist",
          "license": "http://creativecommons.org/licenses/by/4.0/",
          "rightsHolder": "Nolan Exe"
        }
      }
    },
    {
      "type": "Feature",
      "geometry": {
        "type": "Point",
        "coordinates": [
          -79.833333,
          -4.4
        ]
      },
      "properties": {
        "gbifID": "4067891309",
        "species": "Capsicum lycianthoides",
        "genus": "Capsicum",
        "family": "Solanaceae",
        "scientificName": "Capsicum lycianthoides Bitter",
        "coordinateUncertaintyInMeters": "",
        "basisOfRecord": "PRESERVED_SPECIMEN",
        "eventDate": "1997-12-12",
        "country": null,
        "datasetName": "Vascular",
        "publisher": "Herbario HUTPL de la Universidad Técnica Particular de Loja",
        "license": "CC_BY_NC_4_0",
        "issues": [
          "GEODETIC_DATUM_ASSUMED_WGS84",
          "CONTINENT_DERIVED_FROM_COORDINATES",
          "INSTITUTION_MATCH_NONE",
          "TAXON_ID_NOT_FOUND"
        ],
        "fallback_media": {
          "url": "https://inaturalist-open-data.s3.amazonaws.com/photos/257818702/original.jpeg",
          "references": "https://www.inaturalist.org/photos/257818702",
          "title": null,
          "creator": "Nolan Exe",
          "publisher": "iNaturalist",
          "license": "http://creativecommons.org/licenses/by/4.0/",
          "rightsHolder": "Nolan Exe"
        }
      }
    },
    {
      "type": "Feature",
      "geometry": {
        "type": "Point",
        "coordinates": [
          -72.470528,
          -12.187167
        ]
      },
      "properties": {
        "gbifID": "3962865098",
        "species": "Capsicum lycianthoides",
        "genus": "Capsicum",
        "family": "Solanaceae",
        "scientificName": "Capsicum lycianthoides Bitter",
        "coordinateUncertaintyInMeters": "5.0",
        "basisOfRecord": "PRESERVED_SPECIMEN",
        "eventDate": "2004-05-02",
        "country": null,
        "datasetName": "seeds-22-sep-2023",
        "publisher": "Field Museum",
        "license": "CC0_1_0",
        "issues": [
          "COORDINATE_ROUNDED",
          "GEODETIC_DATUM_ASSUMED_WGS84",
          "INSTITUTION_MATCH_FUZZY",
          "AMBIGUOUS_COLLECTION"
        ],
        "fallback_media": {
          "url": "https://inaturalist-open-data.s3.amazonaws.com/photos/257818702/original.jpeg",
          "references": "https://www.inaturalist.org/photos/257818702",
          "title": null,
          "creator": "Nolan Exe",
          "publisher": "iNaturalist",
          "license": "http://creativecommons.org/licenses/by/4.0/",
          "rightsHolder": "Nolan Exe"
        }
      }
    },
    {
      "type": "Feature",
      "geometry": {
        "type": "Point",
        "coordinates": [
          -78.1869,
          -1.4628
        ]
      },
      "properties": {
        "gbifID": "1228314484",
        "species": "Capsicum lycianthoides",
        "genus": "Capsicum",
        "family": "Solanaceae",
        "scientificName": "Capsicum lycianthoides Bitter",
        "coordinateUncertaintyInMeters": "",
        "basisOfRecord": "PRESERVED_SPECIMEN",
        "eventDate": "1945-07-27",
        "country": null,
        "datasetName": "seeds-22-sep-2023",
        "publisher": "Field Museum",
        "license": "CC0_1_0",
        "issues": [
          "GEODETIC_DATUM_ASSUMED_WGS84",
          "INSTITUTION_MATCH_FUZZY",
          "AMBIGUOUS_COLLECTION"
        ],
        "fallback_media": {
          "url": "https://inaturalist-open-data.s3.amazonaws.com/photos/257818702/original.jpeg",
          "references": "https://www.inaturalist.org/photos/257818702",
          "title": null,
          "creator": "Nolan Exe",
          "publisher": "iNaturalist",
          "license": "http://creativecommons.org/licenses/by/4.0/",
          "rightsHolder": "Nolan Exe"
        }
      }
    },
    {
      "type": "Feature",
      "geometry": {
        "type": "Point",
        "coordinates": [
          -75.435833,
          -10.427778
        ]
      },
      "properties": {
        "gbifID": "2252413322",
        "species": "Capsicum lycianthoides",
        "genus": "Capsicum",
        "family": "Solanaceae",
        "scientificName": "Capsicum lycianthoides Bitter",
        "coordinateUncertaintyInMeters": "",
        "basisOfRecord": "PRESERVED_SPECIMEN",
        "eventDate": "2009-02-23",
        "country": null,
        "datasetName": "",
        "publisher": "Instituto Multidisciplinario de Biología Vegetal - IMBIV",
        "license": "CC_BY_4_0",
        "issues": [
          "IDENTIFIED_DATE_INVALID",
          "COORDINATE_ROUNDED",
          "INSTITUTION_MATCH_FUZZY",
          "COLLECTION_MATCH_NONE"
        ],
        "fallback_media": {
          "url": "https://inaturalist-open-data.s3.amazonaws.com/photos/257818702/original.jpeg",
          "references": "https://www.inaturalist.org/photos/257818702",
          "title": null,
          "creator": "Nolan Exe",
          "publisher": "iNaturalist",
          "license": "http://creativecommons.org/licenses/by/4.0/",
          "rightsHolder": "Nolan Exe"
        }
      }
    },
    {
      "type": "Feature",
      "geometry": {
        "type": "Point",
        "coordinates": [
          -78.616,
          -2.766
        ]
      },
      "properties": {
        "gbifID": "185096126",
        "species": "Capsicum lycianthoides",
        "genus": "Capsicum",
        "family": "Solanaceae",
        "scientificName": "Capsicum lycianthoides Bitter",
        "coordinateUncertaintyInMeters": "2000.0",
        "basisOfRecord": "PRESERVED_SPECIMEN",
        "eventDate": "1976-09-11",
        "country": null,
        "datasetName": "",
        "publisher": "Herbarium of the University of Aarhus",
        "license": "CC_BY_4_0",
        "issues": [
          "GEODETIC_DATUM_ASSUMED_WGS84",
          "INSTITUTION_MATCH_FUZZY",
          "COLLECTION_MATCH_FUZZY"
        ],
        "fallback_media": {
          "url": "https://inaturalist-open-data.s3.amazonaws.com/photos/257818702/original.jpeg",
          "references": "https://www.inaturalist.org/photos/257818702",
          "title": null,
          "creator": "Nolan Exe",
          "publisher": "iNaturalist",
          "license": "http://creativecommons.org/licenses/by/4.0/",
          "rightsHolder": "Nolan Exe"
        }
      }
    },
    {
      "type": "Feature",
      "geometry": {
        "type": "Point",
        "coordinates": [
          -80.6167,
          -1.53333
        ]
      },
      "properties": {
        "gbifID": "1801094431",
        "species": "Capsicum lycianthoides",
        "genus": "Capsicum",
        "family": "Solanaceae",
        "scientificName": "Capsicum lycianthoides Bitter",
        "coordinateUncertaintyInMeters": "",
        "basisOfRecord": "PRESERVED_SPECIMEN",
        "eventDate": "1979-10-08",
        "country": null,
        "datasetName": "",
        "publisher": "USF Water Institute",
        "license": "CC_BY_4_0",
        "issues": [
          "GEODETIC_DATUM_ASSUMED_WGS84",
          "CONTINENT_DERIVED_FROM_COORDINATES",
          "INSTITUTION_COLLECTION_MISMATCH"
        ],
        "media": [
          {
            "url": "https://cdn.plantatlas.org/img/specimens/USF/203753.jpg",
            "references": null,
            "title": "Capsicum lycianthoides Bitter - Ecuador, El Oro Prov. (BARCODE: 203753) - USF Herbarium",
            "creator": null,
            "publisher": null,
            "license": "http://creativecommons.org/licenses/by-nc-sa/4.0/",
            "rightsHolder": "University of South Florida Herbarium (USF)"
          }
        ]
      }
    },
    {
      "type": "Feature",
      "geometry": {
        "type": "Point",
        "coordinates": [
          -78.6193,
          -0.935779
        ]
      },
      "properties": {
        "gbifID": "1801094430",
        "species": "Capsicum lycianthoides",
        "genus": "Capsicum",
        "family": "Solanaceae",
        "scientificName": "Capsicum lycianthoides Bitter",
        "coordinateUncertaintyInMeters": "",
        "basisOfRecord": "PRESERVED_SPECIMEN",
        "eventDate": "1982-02-21",
        "country": null,
        "datasetName": "",
        "publisher": "USF Water Institute",
        "license": "CC_BY_4_0",
        "issues": [
          "GEODETIC_DATUM_ASSUMED_WGS84",
          "CONTINENT_DERIVED_FROM_COORDINATES",
          "INSTITUTION_COLLECTION_MISMATCH"
        ],
        "media": [
          {
            "url": "https://cdn.plantatlas.org/img/specimens/USF/203662.jpg",
            "references": null,
            "title": "Capsicum lycianthoides Bitter - Ecuador, Cotopaxi Prov. (BARCODE: 203662) - USF Herbarium",
            "creator": null,
            "publisher": null,
            "license": "http://creativecommons.org/licenses/by-nc-sa/4.0/",
            "rightsHolder": "University of South Florida Herbarium (USF)"
          }
        ]
      }
    },
    {
      "type": "Feature",
      "geometry": {
        "type": "Point",
        "coordinates": [
          -76.655,
          3.09
        ]
      },
      "properties": {
        "gbifID": "6190307682",
        "species": "Capsicum lycianthoides",
        "genus": "Capsicum",
        "family": "Solanaceae",
        "scientificName": "Capsicum lycianthoides Bitter",
        "coordinateUncertaintyInMeters": "",
        "basisOfRecord": "MATERIAL_SAMPLE",
        "eventDate": "2021-08-13",
        "country": null,
        "datasetName": "",
        "publisher": "European Nucleotide Archive (EMBL-EBI)",
        "license": "CC_BY_4_0",
        "issues": [
          "GEODETIC_DATUM_ASSUMED_WGS84",
          "CONTINENT_DERIVED_FROM_COORDINATES",
          "TAXON_ID_NOT_FOUND",
          "TAXON_CONCEPT_ID_NOT_FOUND"
        ],
        "fallback_media": {
          "url": "https://inaturalist-open-data.s3.amazonaws.com/photos/257818702/original.jpeg",
          "references": "https://www.inaturalist.org/photos/257818702",
          "title": null,
          "creator": "Nolan Exe",
          "publisher": "iNaturalist",
          "license": "http://creativecommons.org/licenses/by/4.0/",
          "rightsHolder": "Nolan Exe"
        }
      }
    },
    {
      "type": "Feature",
      "geometry": {
        "type": "Point",
        "coordinates": [
          -78.85524,
          0.157784
        ]
      },
      "properties": {
        "gbifID": "4069066405",
        "species": "Capsicum lycianthoides",
        "genus": "Capsicum",
        "family": "Solanaceae",
        "scientificName": "Capsicum lycianthoides Bitter",
        "coordinateUncertaintyInMeters": "",
        "basisOfRecord": "PRESERVED_SPECIMEN",
        "eventDate": "2018-07-25",
        "country": null,
        "datasetName": "",
        "publisher": "Herbario QCA de la Pontificia Universidad Católica del Ecuador",
        "license": "CC_BY_NC_4_0",
        "issues": [
          "COORDINATE_ROUNDED",
          "INSTITUTION_MATCH_FUZZY"
        ],
        "fallback_media": {
          "url": "https://inaturalist-open-data.s3.amazonaws.com/photos/257818702/original.jpeg",
          "references": "https://www.inaturalist.org/photos/257818702",
          "title": null,
          "creator": "Nolan Exe",
          "publisher": "iNaturalist",
          "license": "http://creativecommons.org/licenses/by/4.0/",
          "rightsHolder": "Nolan Exe"
        }
      }
    },
    {
      "type": "Feature",
      "geometry": {
        "type": "Point",
        "coordinates": [
          -78.42168,
          0.37168
        ]
      },
      "properties": {
        "gbifID": "5148477481",
        "species": "Capsicum lycianthoides",
        "genus": "Capsicum",
        "family": "Solanaceae",
        "scientificName": "Capsicum lycianthoides Bitter",
        "coordinateUncertaintyInMeters": "",
        "basisOfRecord": "PRESERVED_SPECIMEN",
        "eventDate": "2016-05-12",
        "country": null,
        "datasetName": "",
        "publisher": "Herbario QCA de la Pontificia Universidad Católica del Ecuador",
        "license": "CC_BY_NC_4_0",
        "issues": [
          "INSTITUTION_MATCH_FUZZY",
          "TAXON_ID_NOT_FOUND"
        ],
        "fallback_media": {
          "url": "https://inaturalist-open-data.s3.amazonaws.com/photos/257818702/original.jpeg",
          "references": "https://www.inaturalist.org/photos/257818702",
          "title": null,
          "creator": "Nolan Exe",
          "publisher": "iNaturalist",
          "license": "http://creativecommons.org/licenses/by/4.0/",
          "rightsHolder": "Nolan Exe"
        }
      }
    },
    {
      "type": "Feature",
      "geometry": {
        "type": "Point",
        "coordinates": [
          -75.760318,
          5.447207
        ]
      },
      "properties": {
        "gbifID": "5935082092",
        "species": "Capsicum lycianthoides",
        "genus": "Capsicum",
        "family": "Solanaceae",
        "scientificName": "Capsicum lycianthoides Bitter",
        "coordinateUncertaintyInMeters": "",
        "basisOfRecord": "HUMAN_OBSERVATION",
        "eventDate": "2024-07-17",
        "country": null,
        "datasetName": "Caracterización Biológica de Bosques Naturales, Núcleo Riosucio, Caldas.",
        "publisher": "Smurfit Westrock Colombia",
        "license": "CC0_1_0",
        "issues": [
          "COORDINATE_ROUNDED"
        ],
        "fallback_media": {
          "url": "https://inaturalist-open-data.s3.amazonaws.com/photos/257818702/original.jpeg",
          "references": "https://www.inaturalist.org/photos/257818702",
          "title": null,
          "creator": "Nolan Exe",
          "publisher": "iNaturalist",
          "license": "http://creativecommons.org/licenses/by/4.0/",
          "rightsHolder": "Nolan Exe"
        }
      }
    },
    {
      "type": "Feature",
      "geometry": {
        "type": "Point",
        "coordinates": [
          -75.760337,
          5.447163
        ]
      },
      "properties": {
        "gbifID": "5935082090",
        "species": "Capsicum lycianthoides",
        "genus": "Capsicum",
        "family": "Solanaceae",
        "scientificName": "Capsicum lycianthoides Bitter",
        "coordinateUncertaintyInMeters": "",
        "basisOfRecord": "HUMAN_OBSERVATION",
        "eventDate": "2024-07-17",
        "country": null,
        "datasetName": "Caracterización Biológica de Bosques Naturales, Núcleo Riosucio, Caldas.",
        "publisher": "Smurfit Westrock Colombia",
        "license": "CC0_1_0",
        "issues": [
          "COORDINATE_ROUNDED"
        ],
        "fallback_media": {
          "url": "https://inaturalist-open-data.s3.amazonaws.com/photos/257818702/original.jpeg",
          "references": "https://www.inaturalist.org/photos/257818702",
          "title": null,
          "creator": "Nolan Exe",
          "publisher": "iNaturalist",
          "license": "http://creativecommons.org/licenses/by/4.0/",
          "rightsHolder": "Nolan Exe"
        }
      }
    },
    {
      "type": "Feature",
      "geometry": {
        "type": "Point",
        "coordinates": [
          -75.81,
          5.406365
        ]
      },
      "properties": {
        "gbifID": "5935081338",
        "species": "Capsicum lycianthoides",
        "genus": "Capsicum",
        "family": "Solanaceae",
        "scientificName": "Capsicum lycianthoides Bitter",
        "coordinateUncertaintyInMeters": "",
        "basisOfRecord": "HUMAN_OBSERVATION",
        "eventDate": "2024-07-10",
        "country": null,
        "datasetName": "Caracterización Biológica de Bosques Naturales, Núcleo Riosucio, Caldas.",
        "publisher": "Smurfit Westrock Colombia",
        "license": "CC0_1_0",
        "issues": [],
        "fallback_media": {
          "url": "https://inaturalist-open-data.s3.amazonaws.com/photos/257818702/original.jpeg",
          "references": "https://www.inaturalist.org/photos/257818702",
          "title": null,
          "creator": "Nolan Exe",
          "publisher": "iNaturalist",
          "license": "http://creativecommons.org/licenses/by/4.0/",
          "rightsHolder": "Nolan Exe"
        }
      }
    },
    {
      "type": "Feature",
      "geometry": {
        "type": "Point",
        "coordinates": [
          -78.07916,
          -0.67166
        ]
      },
      "properties": {
        "gbifID": "1260116496",
        "species": "Capsicum lycianthoides",
        "genus": "Capsicum",
        "family": "Solanaceae",
        "scientificName": "Capsicum lycianthoides Bitter",
        "coordinateUncertaintyInMeters": "",
        "basisOfRecord": "PRESERVED_SPECIMEN",
        "eventDate": "2003-07-12",
        "country": null,
        "datasetName": "Tropicos",
        "publisher": "Missouri Botanical Garden",
        "license": "CC_BY_4_0",
        "issues": [
          "GEODETIC_DATUM_ASSUMED_WGS84",
          "INSTITUTION_MATCH_FUZZY",
          "COLLECTION_MATCH_NONE",
          "TAXON_ID_NOT_FOUND"
        ],
        "fallback_media": {
          "url": "https://inaturalist-open-data.s3.amazonaws.com/photos/257818702/original.jpeg",
          "references": "https://www.inaturalist.org/photos/257818702",
          "title": null,
          "creator": "Nolan Exe",
          "publisher": "iNaturalist",
          "license": "http://creativecommons.org/licenses/by/4.0/",
          "rightsHolder": "Nolan Exe"
        }
      }
    },
    {
      "type": "Feature",
      "geometry": {
        "type": "Point",
        "coordinates": [
          -79.08416,
          -0.67444
        ]
      },
      "properties": {
        "gbifID": "4061533166",
        "species": "Capsicum lycianthoides",
        "genus": "Capsicum",
        "family": "Solanaceae",
        "scientificName": "Capsicum lycianthoides Bitter",
        "coordinateUncertaintyInMeters": "",
        "basisOfRecord": "PRESERVED_SPECIMEN",
        "eventDate": "2003-07-17",
        "country": null,
        "datasetName": "Tropicos",
        "publisher": "Missouri Botanical Garden",
        "license": "CC_BY_4_0",
        "issues": [
          "GEODETIC_DATUM_ASSUMED_WGS84",
          "INSTITUTION_MATCH_FUZZY",
          "COLLECTION_MATCH_NONE",
          "TAXON_ID_NOT_FOUND"
        ],
        "fallback_media": {
          "url": "https://inaturalist-open-data.s3.amazonaws.com/photos/257818702/original.jpeg",
          "references": "https://www.inaturalist.org/photos/257818702",
          "title": null,
          "creator": "Nolan Exe",
          "publisher": "iNaturalist",
          "license": "http://creativecommons.org/licenses/by/4.0/",
          "rightsHolder": "Nolan Exe"
        }
      }
    },
    {
      "type": "Feature",
      "geometry": {
        "type": "Point",
        "coordinates": [
          -79.11611,
          -0.97611
        ]
      },
      "properties": {
        "gbifID": "4061550121",
        "species": "Capsicum lycianthoides",
        "genus": "Capsicum",
        "family": "Solanaceae",
        "scientificName": "Capsicum lycianthoides Bitter",
        "coordinateUncertaintyInMeters": "",
        "basisOfRecord": "PRESERVED_SPECIMEN",
        "eventDate": "2003-08-12",
        "country": null,
        "datasetName": "Tropicos",
        "publisher": "Missouri Botanical Garden",
        "license": "CC_BY_4_0",
        "issues": [
          "GEODETIC_DATUM_ASSUMED_WGS84",
          "INSTITUTION_MATCH_FUZZY",
          "COLLECTION_MATCH_NONE",
          "TAXON_ID_NOT_FOUND"
        ],
        "fallback_media": {
          "url": "https://inaturalist-open-data.s3.amazonaws.com/photos/257818702/original.jpeg",
          "references": "https://www.inaturalist.org/photos/257818702",
          "title": null,
          "creator": "Nolan Exe",
          "publisher": "iNaturalist",
          "license": "http://creativecommons.org/licenses/by/4.0/",
          "rightsHolder": "Nolan Exe"
        }
      }
    },
    {
      "type": "Feature",
      "geometry": {
        "type": "Point",
        "coordinates": [
          -78.05,
          0.116667
        ]
      },
      "properties": {
        "gbifID": "4906980616",
        "species": "Capsicum lycianthoides",
        "genus": "Capsicum",
        "family": "Solanaceae",
        "scientificName": "Capsicum lycianthoides Bitter",
        "coordinateUncertaintyInMeters": "",
        "basisOfRecord": "PRESERVED_SPECIMEN",
        "eventDate": "2016-03-27",
        "country": null,
        "datasetName": "Tropicos",
        "publisher": "Missouri Botanical Garden",
        "license": "CC_BY_4_0",
        "issues": [
          "OCCURRENCE_STATUS_INFERRED_FROM_INDIVIDUAL_COUNT",
          "COORDINATE_ROUNDED",
          "GEODETIC_DATUM_ASSUMED_WGS84",
          "INSTITUTION_MATCH_FUZZY",
          "COLLECTION_MATCH_NONE",
          "TAXON_ID_NOT_FOUND"
        ],
        "fallback_media": {
          "url": "https://inaturalist-open-data.s3.amazonaws.com/photos/257818702/original.jpeg",
          "references": "https://www.inaturalist.org/photos/257818702",
          "title": null,
          "creator": "Nolan Exe",
          "publisher": "iNaturalist",
          "license": "http://creativecommons.org/licenses/by/4.0/",
          "rightsHolder": "Nolan Exe"
        }
      }
    },
    {
      "type": "Feature",
      "geometry": {
        "type": "Point",
        "coordinates": [
          -79.1666,
          -2.6
        ]
      },
      "properties": {
        "gbifID": "1258405341",
        "species": "Capsicum lycianthoides",
        "genus": "Capsicum",
        "family": "Solanaceae",
        "scientificName": "Capsicum lycianthoides Bitter",
        "coordinateUncertaintyInMeters": "",
        "basisOfRecord": "PRESERVED_SPECIMEN",
        "eventDate": "1962-01-15",
        "country": null,
        "datasetName": "Tropicos",
        "publisher": "Missouri Botanical Garden",
        "license": "CC_BY_4_0",
        "issues": [
          "GEODETIC_DATUM_ASSUMED_WGS84",
          "INSTITUTION_MATCH_FUZZY",
          "COLLECTION_MATCH_NONE",
          "TAXON_ID_NOT_FOUND"
        ],
        "fallback_media": {
          "url": "https://inaturalist-open-data.s3.amazonaws.com/photos/257818702/original.jpeg",
          "references": "https://www.inaturalist.org/photos/257818702",
          "title": null,
          "creator": "Nolan Exe",
          "publisher": "iNaturalist",
          "license": "http://creativecommons.org/licenses/by/4.0/",
          "rightsHolder": "Nolan Exe"
        }
      }
    },
    {
      "type": "Feature",
      "geometry": {
        "type": "Point",
        "coordinates": [
          -78.632707,
          0.023798
        ]
      },
      "properties": {
        "gbifID": "4054959551",
        "species": "Capsicum lycianthoides",
        "genus": "Capsicum",
        "family": "Solanaceae",
        "scientificName": "Capsicum lycianthoides Bitter",
        "coordinateUncertaintyInMeters": "31.0",
        "basisOfRecord": "HUMAN_OBSERVATION",
        "eventDate": "2022-11-01T00:08",
        "country": null,
        "datasetName": "iNaturalist research-grade observations",
        "publisher": "iNaturalist.org",
        "license": "CC_BY_4_0",
        "issues": [
          "COORDINATE_ROUNDED",
          "CONTINENT_DERIVED_FROM_COORDINATES",
          "TAXON_ID_NOT_FOUND"
        ],
        "media": [
          {
            "url": "https://inaturalist-open-data.s3.amazonaws.com/photos/257818702/original.jpeg",
            "references": "https://www.inaturalist.org/photos/257818702",
            "title": null,
            "creator": "Nolan Exe",
            "publisher": "iNaturalist",
            "license": "http://creativecommons.org/licenses/by/4.0/",
            "rightsHolder": "Nolan Exe"
          },
          {
            "url": "https://inaturalist-open-data.s3.amazonaws.com/photos/257818716/original.jpeg",
            "references": "https://www.inaturalist.org/photos/257818716",
            "title": null,
            "creator": "Nolan Exe",
            "publisher": "iNaturalist",
            "license": "http://creativecommons.org/licenses/by/4.0/",
            "rightsHolder": "Nolan Exe"
          },
          {
            "url": "https://inaturalist-open-data.s3.amazonaws.com/photos/257818669/original.jpeg",
            "references": "https://www.inaturalist.org/photos/257818669",
            "title": null,
            "creator": "Nolan Exe",
            "publisher": "iNaturalist",
            "license": "http://creativecommons.org/licenses/by/4.0/",
            "rightsHolder": "Nolan Exe"
          },
          {
            "url": "https://inaturalist-open-data.s3.amazonaws.com/photos/257818684/original.jpeg",
            "references": "https://www.inaturalist.org/photos/257818684",
            "title": null,
            "creator": "Nolan Exe",
            "publisher": "iNaturalist",
            "license": "http://creativecommons.org/licenses/by/4.0/",
            "rightsHolder": "Nolan Exe"
          },
          {
            "url": "https://inaturalist-open-data.s3.amazonaws.com/photos/257818693/original.jpeg",
            "references": "https://www.inaturalist.org/photos/257818693",
            "title": null,
            "creator": "Nolan Exe",
            "publisher": "iNaturalist",
            "license": "http://creativecommons.org/licenses/by/4.0/",
            "rightsHolder": "Nolan Exe"
          }
        ]
      }
    },
    {
      "type": "Feature",
      "geometry": {
        "type": "Point",
        "coordinates": [
          -78.788056,
          0.313889
        ]
      },
      "properties": {
        "gbifID": "3961327336",
        "species": "Capsicum lycianthoides",
        "genus": "Capsicum",
        "family": "Solanaceae",
        "scientificName": "Capsicum lycianthoides Bitter",
        "coordinateUncertaintyInMeters": "100.0",
        "basisOfRecord": "HUMAN_OBSERVATION",
        "eventDate": "2012-01-18T08:16",
        "country": null,
        "datasetName": "iNaturalist research-grade observations",
        "publisher": "iNaturalist.org",
        "license": "CC_BY_4_0",
        "issues": [
          "CONTINENT_DERIVED_FROM_COORDINATES",
          "TAXON_ID_NOT_FOUND"
        ],
        "media": [
          {
            "url": "https://inaturalist-open-data.s3.amazonaws.com/photos/76210790/original.jpeg",
            "references": "https://www.inaturalist.org/photos/76210790",
            "title": null,
            "creator": "Bitty A. Roy",
            "publisher": "iNaturalist",
            "license": "http://creativecommons.org/licenses/by-nc/4.0/",
            "rightsHolder": "Bitty A. Roy"
          },
          {
            "url": "https://inaturalist-open-data.s3.amazonaws.com/photos/76210775/original.jpeg",
            "references": "https://www.inaturalist.org/photos/76210775",
            "title": null,
            "creator": "Bitty A. Roy",
            "publisher": "iNaturalist",
            "license": "http://creativecommons.org/licenses/by-nc/4.0/",
            "rightsHolder": "Bitty A. Roy"
          },
          {
            "url": "https://inaturalist-open-data.s3.amazonaws.com/photos/76210807/original.jpeg",
            "references": "https://www.inaturalist.org/photos/76210807",
            "title": null,
            "creator": "Bitty A. Roy",
            "publisher": "iNaturalist",
            "license": "http://creativecommons.org/licenses/by-nc/4.0/",
            "rightsHolder": "Bitty A. Roy"
          },
          {
            "url": "https://inaturalist-open-data.s3.amazonaws.com/photos/76210824/original.jpeg",
            "references": "https://www.inaturalist.org/photos/76210824",
            "title": null,
            "creator": "Bitty A. Roy",
            "publisher": "iNaturalist",
            "license": "http://creativecommons.org/licenses/by-nc/4.0/",
            "rightsHolder": "Bitty A. Roy"
          }
        ]
      }
    },
    {
      "type": "Feature",
      "geometry": {
        "type": "Point",
        "coordinates": [
          -78.706022,
          0.019745
        ]
      },
      "properties": {
        "gbifID": "6178430493",
        "species": "Capsicum lycianthoides",
        "genus": "Capsicum",
        "family": "Solanaceae",
        "scientificName": "Capsicum lycianthoides Bitter",
        "coordinateUncertaintyInMeters": "17.0",
        "basisOfRecord": "HUMAN_OBSERVATION",
        "eventDate": "2026-02-07T11:41:51",
        "country": null,
        "datasetName": "iNaturalist research-grade observations",
        "publisher": "iNaturalist.org",
        "license": "CC_BY_NC_4_0",
        "issues": [
          "COORDINATE_ROUNDED",
          "CONTINENT_DERIVED_FROM_COORDINATES",
          "TAXON_ID_NOT_FOUND"
        ],
        "fallback_media": {
          "url": "https://inaturalist-open-data.s3.amazonaws.com/photos/257818702/original.jpeg",
          "references": "https://www.inaturalist.org/photos/257818702",
          "title": null,
          "creator": "Nolan Exe",
          "publisher": "iNaturalist",
          "license": "http://creativecommons.org/licenses/by/4.0/",
          "rightsHolder": "Nolan Exe"
        }
      }
    },
    {
      "type": "Feature",
      "geometry": {
        "type": "Point",
        "coordinates": [
          -78.7654,
          -0.076128
        ]
      },
      "properties": {
        "gbifID": "4039559491",
        "species": "Capsicum lycianthoides",
        "genus": "Capsicum",
        "family": "Solanaceae",
        "scientificName": "Capsicum lycianthoides Bitter",
        "coordinateUncertaintyInMeters": "8.0",
        "basisOfRecord": "HUMAN_OBSERVATION",
        "eventDate": "2023-02-12T10:12",
        "country": null,
        "datasetName": "iNaturalist research-grade observations",
        "publisher": "iNaturalist.org",
        "license": "CC_BY_NC_4_0",
        "issues": [
          "COORDINATE_ROUNDED",
          "CONTINENT_DERIVED_FROM_COORDINATES",
          "TAXON_ID_NOT_FOUND"
        ],
        "media": [
          {
            "url": "https://inaturalist-open-data.s3.amazonaws.com/photos/256884606/original.jpg",
            "references": "https://www.inaturalist.org/photos/256884606",
            "title": null,
            "creator": "David Torres",
            "publisher": "iNaturalist",
            "license": "http://creativecommons.org/licenses/by-nc/4.0/",
            "rightsHolder": "David Torres"
          },
          {
            "url": "https://inaturalist-open-data.s3.amazonaws.com/photos/256884615/original.jpg",
            "references": "https://www.inaturalist.org/photos/256884615",
            "title": null,
            "creator": "David Torres",
            "publisher": "iNaturalist",
            "license": "http://creativecommons.org/licenses/by-nc/4.0/",
            "rightsHolder": "David Torres"
          }
        ]
      }
    },
    {
      "type": "Feature",
      "geometry": {
        "type": "Point",
        "coordinates": [
          -78.758287,
          -0.024667
        ]
      },
      "properties": {
        "gbifID": "5904045736",
        "species": "Capsicum lycianthoides",
        "genus": "Capsicum",
        "family": "Solanaceae",
        "scientificName": "Capsicum lycianthoides Bitter",
        "coordinateUncertaintyInMeters": "4.0",
        "basisOfRecord": "HUMAN_OBSERVATION",
        "eventDate": "2025-11-08T09:29:08",
        "country": null,
        "datasetName": "iNaturalist research-grade observations",
        "publisher": "iNaturalist.org",
        "license": "CC_BY_NC_4_0",
        "issues": [
          "COORDINATE_ROUNDED",
          "CONTINENT_DERIVED_FROM_COORDINATES",
          "TAXON_ID_NOT_FOUND"
        ],
        "media": [
          {
            "url": "https://inaturalist-open-data.s3.amazonaws.com/photos/589859861/original.jpg",
            "references": "https://www.inaturalist.org/photos/589859861",
            "title": null,
            "creator": "Juan Carlos Figueroa",
            "publisher": "iNaturalist",
            "license": "http://creativecommons.org/licenses/by-nc/4.0/",
            "rightsHolder": "Juan Carlos Figueroa"
          },
          {
            "url": "https://inaturalist-open-data.s3.amazonaws.com/photos/589859881/original.jpg",
            "references": "https://www.inaturalist.org/photos/589859881",
            "title": null,
            "creator": "Juan Carlos Figueroa",
            "publisher": "iNaturalist",
            "license": "http://creativecommons.org/licenses/by-nc/4.0/",
            "rightsHolder": "Juan Carlos Figueroa"
          }
        ]
      }
    },
    {
      "type": "Feature",
      "geometry": {
        "type": "Point",
        "coordinates": [
          -78.630811,
          0.116456
        ]
      },
      "properties": {
        "gbifID": "5087126124",
        "species": "Capsicum lycianthoides",
        "genus": "Capsicum",
        "family": "Solanaceae",
        "scientificName": "Capsicum lycianthoides Bitter",
        "coordinateUncertaintyInMeters": "",
        "basisOfRecord": "HUMAN_OBSERVATION",
        "eventDate": "2025-02-06T11:54:45",
        "country": null,
        "datasetName": "iNaturalist research-grade observations",
        "publisher": "iNaturalist.org",
        "license": "CC_BY_NC_4_0",
        "issues": [
          "COORDINATE_ROUNDED",
          "CONTINENT_DERIVED_FROM_COORDINATES",
          "TAXON_ID_NOT_FOUND"
        ],
        "media": [
          {
            "url": "https://inaturalist-open-data.s3.amazonaws.com/photos/468508048/original.jpeg",
            "references": "https://www.inaturalist.org/photos/468508048",
            "title": null,
            "creator": "Michael Wilpers",
            "publisher": "iNaturalist",
            "license": "http://creativecommons.org/licenses/by-nc/4.0/",
            "rightsHolder": "Michael Wilpers"
          },
          {
            "url": "https://inaturalist-open-data.s3.amazonaws.com/photos/468508479/original.jpeg",
            "references": "https://www.inaturalist.org/photos/468508479",
            "title": null,
            "creator": "Michael Wilpers",
            "publisher": "iNaturalist",
            "license": "http://creativecommons.org/licenses/by-nc/4.0/",
            "rightsHolder": "Michael Wilpers"
          },
          {
            "url": "https://inaturalist-open-data.s3.amazonaws.com/photos/468508492/original.jpeg",
            "references": "https://www.inaturalist.org/photos/468508492",
            "title": null,
            "creator": "Michael Wilpers",
            "publisher": "iNaturalist",
            "license": "http://creativecommons.org/licenses/by-nc/4.0/",
            "rightsHolder": "Michael Wilpers"
          }
        ]
      }
    },
    {
      "type": "Feature",
      "geometry": {
        "type": "Point",
        "coordinates": [
          -78.765358,
          -0.052537
        ]
      },
      "properties": {
        "gbifID": "4413659169",
        "species": "Capsicum lycianthoides",
        "genus": "Capsicum",
        "family": "Solanaceae",
        "scientificName": "Capsicum lycianthoides Bitter",
        "coordinateUncertaintyInMeters": "81.0",
        "basisOfRecord": "HUMAN_OBSERVATION",
        "eventDate": "2016-07-28T19:12",
        "country": null,
        "datasetName": "iNaturalist research-grade observations",
        "publisher": "iNaturalist.org",
        "license": "CC_BY_NC_4_0",
        "issues": [
          "COORDINATE_ROUNDED",
          "CONTINENT_DERIVED_FROM_COORDINATES",
          "TAXON_ID_NOT_FOUND"
        ],
        "media": [
          {
            "url": "https://inaturalist-open-data.s3.amazonaws.com/photos/609736057/original.jpg",
            "references": "https://www.inaturalist.org/photos/609736057",
            "title": null,
            "creator": "Dr. Alexey Yakovlev",
            "publisher": "iNaturalist",
            "license": "http://creativecommons.org/licenses/by/4.0/",
            "rightsHolder": "Dr. Alexey Yakovlev"
          }
        ]
      }
    },
    {
      "type": "Feature",
      "geometry": {
        "type": "Point",
        "coordinates": [
          -78.635117,
          0.023182
        ]
      },
      "properties": {
        "gbifID": "4442367433",
        "species": "Capsicum lycianthoides",
        "genus": "Capsicum",
        "family": "Solanaceae",
        "scientificName": "Capsicum lycianthoides Bitter",
        "coordinateUncertaintyInMeters": "15.0",
        "basisOfRecord": "HUMAN_OBSERVATION",
        "eventDate": "2021-10-17T11:26",
        "country": null,
        "datasetName": "iNaturalist research-grade observations",
        "publisher": "iNaturalist.org",
        "license": "CC_BY_NC_4_0",
        "issues": [
          "COORDINATE_ROUNDED",
          "CONTINENT_DERIVED_FROM_COORDINATES",
          "TAXON_ID_NOT_FOUND"
        ],
        "media": [
          {
            "url": "https://inaturalist-open-data.s3.amazonaws.com/photos/164459469/original.jpg",
            "references": "https://www.inaturalist.org/photos/164459469",
            "title": null,
            "creator": "David Torres",
            "publisher": "iNaturalist",
            "license": "http://creativecommons.org/licenses/by-nc/4.0/",
            "rightsHolder": "David Torres"
          },
          {
            "url": "https://inaturalist-open-data.s3.amazonaws.com/photos/164459424/original.jpg",
            "references": "https://www.inaturalist.org/photos/164459424",
            "title": null,
            "creator": "David Torres",
            "publisher": "iNaturalist",
            "license": "http://creativecommons.org/licenses/by-nc/4.0/",
            "rightsHolder": "David Torres"
          }
        ]
      }
    },
    {
      "type": "Feature",
      "geometry": {
        "type": "Point",
        "coordinates": [
          -76.450858,
          1.949899
        ]
      },
      "properties": {
        "gbifID": "4075725255",
        "species": "Capsicum lycianthoides",
        "genus": "Capsicum",
        "family": "Solanaceae",
        "scientificName": "Capsicum lycianthoides Bitter",
        "coordinateUncertaintyInMeters": "15.0",
        "basisOfRecord": "HUMAN_OBSERVATION",
        "eventDate": "2023-03-20T14:22",
        "country": null,
        "datasetName": "iNaturalist research-grade observations",
        "publisher": "iNaturalist.org",
        "license": "CC_BY_NC_4_0",
        "issues": [
          "COORDINATE_ROUNDED",
          "CONTINENT_DERIVED_FROM_COORDINATES",
          "TAXON_ID_NOT_FOUND"
        ],
        "media": [
          {
            "url": "https://inaturalist-open-data.s3.amazonaws.com/photos/262445075/original.jpeg",
            "references": "https://www.inaturalist.org/photos/262445075",
            "title": null,
            "creator": "Jorge L. Peña",
            "publisher": "iNaturalist",
            "license": "http://creativecommons.org/licenses/by-nc/4.0/",
            "rightsHolder": "Jorge L. Peña"
          },
          {
            "url": "https://inaturalist-open-data.s3.amazonaws.com/photos/262445094/original.jpeg",
            "references": "https://www.inaturalist.org/photos/262445094",
            "title": null,
            "creator": "Jorge L. Peña",
            "publisher": "iNaturalist",
            "license": "http://creativecommons.org/licenses/by-nc/4.0/",
            "rightsHolder": "Jorge L. Peña"
          }
        ]
      }
    },
    {
      "type": "Feature",
      "geometry": {
        "type": "Point",
        "coordinates": [
          -78.853867,
          0.157993
        ]
      },
      "properties": {
        "gbifID": "4908629417",
        "species": "Capsicum lycianthoides",
        "genus": "Capsicum",
        "family": "Solanaceae",
        "scientificName": "Capsicum lycianthoides Bitter",
        "coordinateUncertaintyInMeters": "",
        "basisOfRecord": "HUMAN_OBSERVATION",
        "eventDate": "2024-07-13T15:33",
        "country": null,
        "datasetName": "iNaturalist research-grade observations",
        "publisher": "iNaturalist.org",
        "license": "CC_BY_NC_4_0",
        "issues": [
          "COORDINATE_ROUNDED",
          "CONTINENT_DERIVED_FROM_COORDINATES",
          "TAXON_ID_NOT_FOUND"
        ],
        "media": [
          {
            "url": "https://inaturalist-open-data.s3.amazonaws.com/photos/407209415/original.jpg",
            "references": "https://www.inaturalist.org/photos/407209415",
            "title": null,
            "creator": "David Torres",
            "publisher": "iNaturalist",
            "license": "http://creativecommons.org/licenses/by-nc/4.0/",
            "rightsHolder": "David Torres"
          }
        ]
      }
    },
    {
      "type": "Feature",
      "geometry": {
        "type": "Point",
        "coordinates": [
          -78.766128,
          -0.083144
        ]
      },
      "properties": {
        "gbifID": "6131572048",
        "species": "Capsicum lycianthoides",
        "genus": "Capsicum",
        "family": "Solanaceae",
        "scientificName": "Capsicum lycianthoides Bitter",
        "coordinateUncertaintyInMeters": "",
        "basisOfRecord": "HUMAN_OBSERVATION",
        "eventDate": "2026-01-07T12:15",
        "country": null,
        "datasetName": "iNaturalist research-grade observations",
        "publisher": "iNaturalist.org",
        "license": "CC0_1_0",
        "issues": [
          "COORDINATE_ROUNDED",
          "CONTINENT_DERIVED_FROM_COORDINATES",
          "TAXON_ID_NOT_FOUND"
        ],
        "media": [
          {
            "url": "https://inaturalist-open-data.s3.amazonaws.com/photos/606686179/original.jpg",
            "references": "https://www.inaturalist.org/photos/606686179",
            "title": null,
            "creator": "davidenrique",
            "publisher": "iNaturalist",
            "license": "http://creativecommons.org/licenses/by-nc-sa/4.0/",
            "rightsHolder": "davidenrique"
          },
          {
            "url": "https://inaturalist-open-data.s3.amazonaws.com/photos/606686173/original.jpg",
            "references": "https://www.inaturalist.org/photos/606686173",
            "title": null,
            "creator": "davidenrique",
            "publisher": "iNaturalist",
            "license": "http://creativecommons.org/licenses/by-nc-sa/4.0/",
            "rightsHolder": "davidenrique"
          },
          {
            "url": "https://inaturalist-open-data.s3.amazonaws.com/photos/606686182/original.jpg",
            "references": "https://www.inaturalist.org/photos/606686182",
            "title": null,
            "creator": "davidenrique",
            "publisher": "iNaturalist",
            "license": "http://creativecommons.org/licenses/by-nc-sa/4.0/",
            "rightsHolder": "davidenrique"
          }
        ]
      }
    },
    {
      "type": "Feature",
      "geometry": {
        "type": "Point",
        "coordinates": [
          -75.575604,
          4.889301
        ]
      },
      "properties": {
        "gbifID": "4950333126",
        "species": "Capsicum lycianthoides",
        "genus": "Capsicum",
        "family": "Solanaceae",
        "scientificName": "Capsicum lycianthoides Bitter",
        "coordinateUncertaintyInMeters": "68.0",
        "basisOfRecord": "HUMAN_OBSERVATION",
        "eventDate": "2024-09-16T11:57:50",
        "country": null,
        "datasetName": "iNaturalist research-grade observations",
        "publisher": "iNaturalist.org",
        "license": "CC_BY_NC_4_0",
        "issues": [
          "COORDINATE_ROUNDED",
          "CONTINENT_DERIVED_FROM_COORDINATES",
          "TAXON_ID_NOT_FOUND"
        ],
        "media": [
          {
            "url": "https://inaturalist-open-data.s3.amazonaws.com/photos/431713210/original.jpeg",
            "references": "https://www.inaturalist.org/photos/431713210",
            "title": null,
            "creator": "María Girleza Ramírez González, Parques Nacionales Naturales de Colombia-SFF Otún Quimbaya",
            "publisher": "iNaturalist",
            "license": "http://creativecommons.org/licenses/by-nc/4.0/",
            "rightsHolder": "María Girleza Ramírez González, Parques Nacionales Naturales de Colombia-SFF Otún Quimbaya"
          },
          {
            "url": "https://inaturalist-open-data.s3.amazonaws.com/photos/431713250/original.jpeg",
            "references": "https://www.inaturalist.org/photos/431713250",
            "title": null,
            "creator": "María Girleza Ramírez González, Parques Nacionales Naturales de Colombia-SFF Otún Quimbaya",
            "publisher": "iNaturalist",
            "license": "http://creativecommons.org/licenses/by-nc/4.0/",
            "rightsHolder": "María Girleza Ramírez González, Parques Nacionales Naturales de Colombia-SFF Otún Quimbaya"
          },
          {
            "url": "https://inaturalist-open-data.s3.amazonaws.com/photos/431713276/original.jpeg",
            "references": "https://www.inaturalist.org/photos/431713276",
            "title": null,
            "creator": "María Girleza Ramírez González, Parques Nacionales Naturales de Colombia-SFF Otún Quimbaya",
            "publisher": "iNaturalist",
            "license": "http://creativecommons.org/licenses/by-nc/4.0/",
            "rightsHolder": "María Girleza Ramírez González, Parques Nacionales Naturales de Colombia-SFF Otún Quimbaya"
          },
          {
            "url": "https://inaturalist-open-data.s3.amazonaws.com/photos/431713309/original.jpeg",
            "references": "https://www.inaturalist.org/photos/431713309",
            "title": null,
            "creator": "María Girleza Ramírez González, Parques Nacionales Naturales de Colombia-SFF Otún Quimbaya",
            "publisher": "iNaturalist",
            "license": "http://creativecommons.org/licenses/by-nc/4.0/",
            "rightsHolder": "María Girleza Ramírez González, Parques Nacionales Naturales de Colombia-SFF Otún Quimbaya"
          }
        ]
      }
    },
    {
      "type": "Feature",
      "geometry": {
        "type": "Point",
        "coordinates": [
          -78.680856,
          -0.015983
        ]
      },
      "properties": {
        "gbifID": "4982255853",
        "species": "Capsicum lycianthoides",
        "genus": "Capsicum",
        "family": "Solanaceae",
        "scientificName": "Capsicum lycianthoides Bitter",
        "coordinateUncertaintyInMeters": "188.0",
        "basisOfRecord": "HUMAN_OBSERVATION",
        "eventDate": "2009-10-03T10:46",
        "country": null,
        "datasetName": "iNaturalist research-grade observations",
        "publisher": "iNaturalist.org",
        "license": "CC_BY_4_0",
        "issues": [
          "COORDINATE_ROUNDED",
          "CONTINENT_DERIVED_FROM_COORDINATES",
          "TAXON_ID_NOT_FOUND"
        ],
        "media": [
          {
            "url": "https://inaturalist-open-data.s3.amazonaws.com/photos/344109698/original.jpeg",
            "references": "https://www.inaturalist.org/photos/344109698",
            "title": null,
            "creator": "Andy Jordan",
            "publisher": "iNaturalist",
            "license": "http://creativecommons.org/licenses/by/4.0/",
            "rightsHolder": "Andy Jordan"
          }
        ]
      }
    },
    {
      "type": "Feature",
      "geometry": {
        "type": "Point",
        "coordinates": [
          -78.68387,
          -0.01974
        ]
      },
      "properties": {
        "gbifID": "4096873963",
        "species": "Capsicum lycianthoides",
        "genus": "Capsicum",
        "family": "Solanaceae",
        "scientificName": "Capsicum lycianthoides Bitter",
        "coordinateUncertaintyInMeters": "8.0",
        "basisOfRecord": "HUMAN_OBSERVATION",
        "eventDate": "2023-04-15T10:18",
        "country": null,
        "datasetName": "iNaturalist research-grade observations",
        "publisher": "iNaturalist.org",
        "license": "CC_BY_NC_4_0",
        "issues": [
          "COORDINATE_ROUNDED",
          "CONTINENT_DERIVED_FROM_COORDINATES",
          "TAXON_ID_NOT_FOUND"
        ],
        "media": [
          {
            "url": "https://inaturalist-open-data.s3.amazonaws.com/photos/269324039/original.jpg",
            "references": "https://www.inaturalist.org/photos/269324039",
            "title": null,
            "creator": "David Torres",
            "publisher": "iNaturalist",
            "license": "http://creativecommons.org/licenses/by-nc/4.0/",
            "rightsHolder": "David Torres"
          }
        ]
      }
    },
    {
      "type": "Feature",
      "geometry": {
        "type": "Point",
        "coordinates": [
          -78.632222,
          0.12
        ]
      },
      "properties": {
        "gbifID": "1055726645",
        "species": "Capsicum lycianthoides",
        "genus": "Capsicum",
        "family": "Solanaceae",
        "scientificName": "Capsicum lycianthoides Bitter",
        "coordinateUncertaintyInMeters": "",
        "basisOfRecord": "PRESERVED_SPECIMEN",
        "eventDate": "2006-03-11",
        "country": null,
        "datasetName": "",
        "publisher": "Natural History Museum",
        "license": "CC0_1_0",
        "issues": [
          "GEODETIC_DATUM_ASSUMED_WGS84",
          "INSTITUTION_MATCH_FUZZY",
          "COLLECTION_MATCH_FUZZY",
          "TAXON_MATCH_FUZZY"
        ],
        "media": [
          {
            "url": "https://data.nhm.ac.uk/media/0d783bfe-410b-4abf-9872-b29763900247",
            "references": null,
            "title": "001070035",
            "creator": null,
            "publisher": null,
            "license": "http://creativecommons.org/licenses/by/4.0/",
            "rightsHolder": "The Trustees of the Natural History Museum, London"
          }
        ]
      }
    },
    {
      "type": "Feature",
      "geometry": {
        "type": "Point",
        "coordinates": [
          -79.332778,
          -1.645556
        ]
      },
      "properties": {
        "gbifID": "1057480333",
        "species": "Capsicum lycianthoides",
        "genus": "Capsicum",
        "family": "Solanaceae",
        "scientificName": "Capsicum lycianthoides Bitter",
        "coordinateUncertaintyInMeters": "",
        "basisOfRecord": "PRESERVED_SPECIMEN",
        "eventDate": "2006-03-18",
        "country": null,
        "datasetName": "",
        "publisher": "Natural History Museum",
        "license": "CC0_1_0",
        "issues": [
          "GEODETIC_DATUM_ASSUMED_WGS84",
          "INSTITUTION_MATCH_FUZZY",
          "COLLECTION_MATCH_FUZZY",
          "TAXON_MATCH_FUZZY"
        ],
        "media": [
          {
            "url": "https://data.nhm.ac.uk/media/76ef4d12-cbca-4f04-a8ec-ea584b025388",
            "references": null,
            "title": "001070033",
            "creator": null,
            "publisher": null,
            "license": "http://creativecommons.org/licenses/by/4.0/",
            "rightsHolder": "The Trustees of the Natural History Museum, London"
          }
        ]
      }
    },
    {
      "type": "Feature",
      "geometry": {
        "type": "Point",
        "coordinates": [
          -78.770278,
          -0.076164
        ]
      },
      "properties": {
        "gbifID": "6130173018",
        "species": "Capsicum lycianthoides",
        "genus": "Capsicum",
        "family": "Solanaceae",
        "scientificName": "Capsicum lycianthoides Bitter",
        "coordinateUncertaintyInMeters": "",
        "basisOfRecord": "HUMAN_OBSERVATION",
        "eventDate": "2026-01-07T09:47",
        "country": null,
        "datasetName": "iNaturalist research-grade observations",
        "publisher": "iNaturalist.org",
        "license": "CC0_1_0",
        "issues": [
          "COORDINATE_ROUNDED",
          "CONTINENT_DERIVED_FROM_COORDINATES",
          "TAXON_ID_NOT_FOUND"
        ],
        "media": [
          {
            "url": "https://inaturalist-open-data.s3.amazonaws.com/photos/606437248/original.jpg",
            "references": "https://www.inaturalist.org/photos/606437248",
            "title": null,
            "creator": "davidenrique",
            "publisher": "iNaturalist",
            "license": "http://creativecommons.org/licenses/by-nc-sa/4.0/",
            "rightsHolder": "davidenrique"
          },
          {
            "url": "https://inaturalist-open-data.s3.amazonaws.com/photos/606437250/original.jpg",
            "references": "https://www.inaturalist.org/photos/606437250",
            "title": null,
            "creator": "davidenrique",
            "publisher": "iNaturalist",
            "license": "http://creativecommons.org/licenses/by-nc-sa/4.0/",
            "rightsHolder": "davidenrique"
          },
          {
            "url": "https://inaturalist-open-data.s3.amazonaws.com/photos/606437252/original.jpg",
            "references": "https://www.inaturalist.org/photos/606437252",
            "title": null,
            "creator": "davidenrique",
            "publisher": "iNaturalist",
            "license": "http://creativecommons.org/licenses/by-nc-sa/4.0/",
            "rightsHolder": "davidenrique"
          },
          {
            "url": "https://inaturalist-open-data.s3.amazonaws.com/photos/606437285/original.jpg",
            "references": "https://www.inaturalist.org/photos/606437285",
            "title": null,
            "creator": "davidenrique",
            "publisher": "iNaturalist",
            "license": "http://creativecommons.org/licenses/by-nc-sa/4.0/",
            "rightsHolder": "davidenrique"
          },
          {
            "url": "https://inaturalist-open-data.s3.amazonaws.com/photos/606437287/original.jpg",
            "references": "https://www.inaturalist.org/photos/606437287",
            "title": null,
            "creator": "davidenrique",
            "publisher": "iNaturalist",
            "license": "http://creativecommons.org/licenses/by-nc-sa/4.0/",
            "rightsHolder": "davidenrique"
          }
        ]
      }
    },
    {
      "type": "Feature",
      "geometry": {
        "type": "Point",
        "coordinates": [
          -79.083333,
          -3.983333
        ]
      },
      "properties": {
        "gbifID": "1135486611",
        "species": "Capsicum lycianthoides",
        "genus": "Capsicum",
        "family": "Solanaceae",
        "scientificName": "Capsicum lycianthoides Bitter",
        "coordinateUncertaintyInMeters": "",
        "basisOfRecord": "PRESERVED_SPECIMEN",
        "eventDate": "2002-01-27",
        "country": null,
        "datasetName": "",
        "publisher": "Natural History Museum",
        "license": "CC0_1_0",
        "issues": [
          "GEODETIC_DATUM_ASSUMED_WGS84",
          "INSTITUTION_MATCH_FUZZY",
          "COLLECTION_MATCH_FUZZY",
          "TAXON_MATCH_FUZZY"
        ],
        "media": [
          {
            "url": "https://data.nhm.ac.uk/media/19d3a3f1-ff56-42ff-b556-543bd93c24c8",
            "references": null,
            "title": "001016623",
            "creator": null,
            "publisher": null,
            "license": "http://creativecommons.org/licenses/by/4.0/",
            "rightsHolder": "The Trustees of the Natural History Museum, London"
          }
        ]
      }
    },
    {
      "type": "Feature",
      "geometry": {
        "type": "Point",
        "coordinates": [
          -78.633333,
          0.033333
        ]
      },
      "properties": {
        "gbifID": "1135486600",
        "species": "Capsicum lycianthoides",
        "genus": "Capsicum",
        "family": "Solanaceae",
        "scientificName": "Capsicum lycianthoides Bitter",
        "coordinateUncertaintyInMeters": "",
        "basisOfRecord": "PRESERVED_SPECIMEN",
        "eventDate": "1997-10-26",
        "country": null,
        "datasetName": "",
        "publisher": "Natural History Museum",
        "license": "CC0_1_0",
        "issues": [
          "GEODETIC_DATUM_ASSUMED_WGS84",
          "INSTITUTION_MATCH_FUZZY",
          "COLLECTION_MATCH_FUZZY",
          "TAXON_MATCH_FUZZY"
        ],
        "media": [
          {
            "url": "https://data.nhm.ac.uk/media/b29ae8ac-63f8-4a92-822c-680c55666500",
            "references": null,
            "title": "001016624",
            "creator": null,
            "publisher": null,
            "license": "http://creativecommons.org/licenses/by/4.0/",
            "rightsHolder": "The Trustees of the Natural History Museum, London"
          }
        ]
      }
    },
    {
      "type": "Feature",
      "geometry": {
        "type": "Point",
        "coordinates": [
          -78.767071,
          -1.427421
        ]
      },
      "properties": {
        "gbifID": "1057355501",
        "species": "Capsicum lycianthoides",
        "genus": "Capsicum",
        "family": "Solanaceae",
        "scientificName": "Capsicum lycianthoides Bitter",
        "coordinateUncertaintyInMeters": "710.0",
        "basisOfRecord": "PRESERVED_SPECIMEN",
        "eventDate": "1987-07-22",
        "country": null,
        "datasetName": "",
        "publisher": "Natural History Museum",
        "license": "CC0_1_0",
        "issues": [
          "GEODETIC_DATUM_ASSUMED_WGS84",
          "INSTITUTION_MATCH_FUZZY",
          "COLLECTION_MATCH_FUZZY"
        ],
        "media": [
          {
            "url": "https://data.nhm.ac.uk/media/042519c9-a1a9-4185-8f7d-325ccf2a3916",
            "references": null,
            "title": "000058797",
            "creator": null,
            "publisher": null,
            "license": "http://creativecommons.org/licenses/by/4.0/",
            "rightsHolder": "The Trustees of the Natural History Museum, London"
          }
        ]
      }
    },
    {
      "type": "Feature",
      "geometry": {
        "type": "Point",
        "coordinates": [
          -75.383333,
          -10.433333
        ]
      },
      "properties": {
        "gbifID": "1056554449",
        "species": "Capsicum lycianthoides",
        "genus": "Capsicum",
        "family": "Solanaceae",
        "scientificName": "Capsicum lycianthoides Bitter",
        "coordinateUncertaintyInMeters": "",
        "basisOfRecord": "PRESERVED_SPECIMEN",
        "eventDate": "2003-10-15",
        "country": null,
        "datasetName": "",
        "publisher": "Natural History Museum",
        "license": "CC0_1_0",
        "issues": [
          "GEODETIC_DATUM_ASSUMED_WGS84",
          "INSTITUTION_MATCH_FUZZY",
          "COLLECTION_MATCH_FUZZY",
          "TAXON_MATCH_FUZZY"
        ],
        "media": [
          {
            "url": "https://data.nhm.ac.uk/media/3bf26f27-332e-470f-b8ee-033a69534cfb",
            "references": null,
            "title": "000940494",
            "creator": null,
            "publisher": null,
            "license": "http://creativecommons.org/licenses/by/4.0/",
            "rightsHolder": "The Trustees of the Natural History Museum, London"
          }
        ]
      }
    },
    {
      "type": "Feature",
      "geometry": {
        "type": "Point",
        "coordinates": [
          -78.5,
          -0.216667
        ]
      },
      "properties": {
        "gbifID": "1055659629",
        "species": "Capsicum lycianthoides",
        "genus": "Capsicum",
        "family": "Solanaceae",
        "scientificName": "Capsicum lycianthoides Bitter",
        "coordinateUncertaintyInMeters": "",
        "basisOfRecord": "PRESERVED_SPECIMEN",
        "eventDate": "2003-04-19",
        "country": null,
        "datasetName": "",
        "publisher": "Natural History Museum",
        "license": "CC0_1_0",
        "issues": [
          "GEODETIC_DATUM_ASSUMED_WGS84",
          "INSTITUTION_MATCH_FUZZY",
          "COLLECTION_MATCH_FUZZY",
          "TAXON_MATCH_FUZZY"
        ],
        "media": [
          {
            "url": "https://data.nhm.ac.uk/media/49fd50a7-a7e4-4be1-8f93-f88cbdb4ff4b",
            "references": null,
            "title": "001016625",
            "creator": null,
            "publisher": null,
            "license": "http://creativecommons.org/licenses/by/4.0/",
            "rightsHolder": "The Trustees of the Natural History Museum, London"
          }
        ]
      }
    },
    {
      "type": "Feature",
      "geometry": {
        "type": "Point",
        "coordinates": [
          -76.653937,
          3.320674
        ]
      },
      "properties": {
        "gbifID": "3961480707",
        "species": "Capsicum lycianthoides",
        "genus": "Capsicum",
        "family": "Solanaceae",
        "scientificName": "Capsicum lycianthoides Bitter",
        "coordinateUncertaintyInMeters": "122.0",
        "basisOfRecord": "HUMAN_OBSERVATION",
        "eventDate": "2022-10-16T07:09",
        "country": null,
        "datasetName": "iNaturalist research-grade observations",
        "publisher": "iNaturalist.org",
        "license": "CC_BY_NC_4_0",
        "issues": [
          "COORDINATE_ROUNDED",
          "CONTINENT_DERIVED_FROM_COORDINATES",
          "TAXON_ID_NOT_FOUND"
        ],
        "media": [
          {
            "url": "https://inaturalist-open-data.s3.amazonaws.com/photos/239226133/original.jpeg",
            "references": "https://www.inaturalist.org/photos/239226133",
            "title": null,
            "creator": "Apipa",
            "publisher": "iNaturalist",
            "license": "http://creativecommons.org/licenses/by-nc/4.0/",
            "rightsHolder": "Apipa"
          },
          {
            "url": "https://inaturalist-open-data.s3.amazonaws.com/photos/239226083/original.jpeg",
            "references": "https://www.inaturalist.org/photos/239226083",
            "title": null,
            "creator": "Apipa",
            "publisher": "iNaturalist",
            "license": "http://creativecommons.org/licenses/by-nc/4.0/",
            "rightsHolder": "Apipa"
          },
          {
            "url": "https://inaturalist-open-data.s3.amazonaws.com/photos/239226107/original.jpeg",
            "references": "https://www.inaturalist.org/photos/239226107",
            "title": null,
            "creator": "Apipa",
            "publisher": "iNaturalist",
            "license": "http://creativecommons.org/licenses/by-nc/4.0/",
            "rightsHolder": "Apipa"
          },
          {
            "url": "https://inaturalist-open-data.s3.amazonaws.com/photos/239226206/original.jpeg",
            "references": "https://www.inaturalist.org/photos/239226206",
            "title": null,
            "creator": "Apipa",
            "publisher": "iNaturalist",
            "license": "http://creativecommons.org/licenses/by-nc/4.0/",
            "rightsHolder": "Apipa"
          },
          {
            "url": "https://inaturalist-open-data.s3.amazonaws.com/photos/239226234/original.jpeg",
            "references": "https://www.inaturalist.org/photos/239226234",
            "title": null,
            "creator": "Apipa",
            "publisher": "iNaturalist",
            "license": "http://creativecommons.org/licenses/by-nc/4.0/",
            "rightsHolder": "Apipa"
          },
          {
            "url": "https://inaturalist-open-data.s3.amazonaws.com/photos/239226200/original.jpeg",
            "references": "https://www.inaturalist.org/photos/239226200",
            "title": null,
            "creator": "Apipa",
            "publisher": "iNaturalist",
            "license": "http://creativecommons.org/licenses/by-nc/4.0/",
            "rightsHolder": "Apipa"
          },
          {
            "url": "https://inaturalist-open-data.s3.amazonaws.com/photos/239226251/original.jpeg",
            "references": "https://www.inaturalist.org/photos/239226251",
            "title": null,
            "creator": "Apipa",
            "publisher": "iNaturalist",
            "license": "http://creativecommons.org/licenses/by-nc/4.0/",
            "rightsHolder": "Apipa"
          },
          {
            "url": "https://inaturalist-open-data.s3.amazonaws.com/photos/239226288/original.jpeg",
            "references": "https://www.inaturalist.org/photos/239226288",
            "title": null,
            "creator": "Apipa",
            "publisher": "iNaturalist",
            "license": "http://creativecommons.org/licenses/by-nc/4.0/",
            "rightsHolder": "Apipa"
          },
          {
            "url": "https://inaturalist-open-data.s3.amazonaws.com/photos/239226423/original.jpeg",
            "references": "https://www.inaturalist.org/photos/239226423",
            "title": null,
            "creator": "Apipa",
            "publisher": "iNaturalist",
            "license": "http://creativecommons.org/licenses/by-nc/4.0/",
            "rightsHolder": "Apipa"
          },
          {
            "url": "https://inaturalist-open-data.s3.amazonaws.com/photos/239226312/original.jpeg",
            "references": "https://www.inaturalist.org/photos/239226312",
            "title": null,
            "creator": "Apipa",
            "publisher": "iNaturalist",
            "license": "http://creativecommons.org/licenses/by-nc/4.0/",
            "rightsHolder": "Apipa"
          },
          {
            "url": "https://inaturalist-open-data.s3.amazonaws.com/photos/239226061/original.jpeg",
            "references": "https://www.inaturalist.org/photos/239226061",
            "title": null,
            "creator": "Apipa",
            "publisher": "iNaturalist",
            "license": "http://creativecommons.org/licenses/by-nc/4.0/",
            "rightsHolder": "Apipa"
          },
          {
            "url": "https://inaturalist-open-data.s3.amazonaws.com/photos/239225982/original.jpeg",
            "references": "https://www.inaturalist.org/photos/239225982",
            "title": null,
            "creator": "Apipa",
            "publisher": "iNaturalist",
            "license": "http://creativecommons.org/licenses/by-nc/4.0/",
            "rightsHolder": "Apipa"
          },
          {
            "url": "https://inaturalist-open-data.s3.amazonaws.com/photos/239225998/original.jpeg",
            "references": "https://www.inaturalist.org/photos/239225998",
            "title": null,
            "creator": "Apipa",
            "publisher": "iNaturalist",
            "license": "http://creativecommons.org/licenses/by-nc/4.0/",
            "rightsHolder": "Apipa"
          },
          {
            "url": "https://inaturalist-open-data.s3.amazonaws.com/photos/239225892/original.jpeg",
            "references": "https://www.inaturalist.org/photos/239225892",
            "title": null,
            "creator": "Apipa",
            "publisher": "iNaturalist",
            "license": "http://creativecommons.org/licenses/by-nc/4.0/",
            "rightsHolder": "Apipa"
          },
          {
            "url": "https://inaturalist-open-data.s3.amazonaws.com/photos/239226635/original.jpeg",
            "references": "https://www.inaturalist.org/photos/239226635",
            "title": null,
            "creator": "Apipa",
            "publisher": "iNaturalist",
            "license": "http://creativecommons.org/licenses/by-nc/4.0/",
            "rightsHolder": "Apipa"
          }
        ]
      }
    },
    {
      "type": "Feature",
      "geometry": {
        "type": "Point",
        "coordinates": [
          -77.516667,
          -0.65
        ]
      },
      "properties": {
        "gbifID": "1056194605",
        "species": "Capsicum lycianthoides",
        "genus": "Capsicum",
        "family": "Solanaceae",
        "scientificName": "Capsicum lycianthoides Bitter",
        "coordinateUncertaintyInMeters": "",
        "basisOfRecord": "PRESERVED_SPECIMEN",
        "eventDate": "1997-03-15",
        "country": null,
        "datasetName": "",
        "publisher": "Natural History Museum",
        "license": "CC0_1_0",
        "issues": [
          "GEODETIC_DATUM_ASSUMED_WGS84",
          "INSTITUTION_MATCH_FUZZY",
          "COLLECTION_MATCH_FUZZY",
          "TAXON_MATCH_FUZZY"
        ],
        "media": [
          {
            "url": "https://data.nhm.ac.uk/media/a0212491-86ab-4d31-812d-7a2642f83d13",
            "references": null,
            "title": "001016627",
            "creator": null,
            "publisher": null,
            "license": "http://creativecommons.org/licenses/by/4.0/",
            "rightsHolder": "The Trustees of the Natural History Museum, London"
          }
        ]
      }
    },
    {
      "type": "Feature",
      "geometry": {
        "type": "Point",
        "coordinates": [
          -78.577995,
          0.126731
        ]
      },
      "properties": {
        "gbifID": "4046318645",
        "species": "Capsicum lycianthoides",
        "genus": "Capsicum",
        "family": "Solanaceae",
        "scientificName": "Capsicum lycianthoides Bitter",
        "coordinateUncertaintyInMeters": "5.0",
        "basisOfRecord": "HUMAN_OBSERVATION",
        "eventDate": "2023-02-10T12:11:21",
        "country": null,
        "datasetName": "iNaturalist research-grade observations",
        "publisher": "iNaturalist.org",
        "license": "CC_BY_NC_4_0",
        "issues": [
          "COORDINATE_ROUNDED",
          "CONTINENT_DERIVED_FROM_COORDINATES",
          "TAXON_ID_NOT_FOUND"
        ],
        "media": [
          {
            "url": "https://inaturalist-open-data.s3.amazonaws.com/photos/256625879/original.jpg",
            "references": "https://www.inaturalist.org/photos/256625879",
            "title": null,
            "creator": "ulsterbotany",
            "publisher": "iNaturalist",
            "license": "http://creativecommons.org/licenses/by-nc/4.0/",
            "rightsHolder": "ulsterbotany"
          },
          {
            "url": "https://inaturalist-open-data.s3.amazonaws.com/photos/256625910/original.jpg",
            "references": "https://www.inaturalist.org/photos/256625910",
            "title": null,
            "creator": "ulsterbotany",
            "publisher": "iNaturalist",
            "license": "http://creativecommons.org/licenses/by-nc/4.0/",
            "rightsHolder": "ulsterbotany"
          },
          {
            "url": "https://inaturalist-open-data.s3.amazonaws.com/photos/256625891/original.jpg",
            "references": "https://www.inaturalist.org/photos/256625891",
            "title": null,
            "creator": "ulsterbotany",
            "publisher": "iNaturalist",
            "license": "http://creativecommons.org/licenses/by-nc/4.0/",
            "rightsHolder": "ulsterbotany"
          }
        ]
      }
    },
    {
      "type": "Feature",
      "geometry": {
        "type": "Point",
        "coordinates": [
          -78.628765,
          0.106894
        ]
      },
      "properties": {
        "gbifID": "4407297442",
        "species": "Capsicum lycianthoides",
        "genus": "Capsicum",
        "family": "Solanaceae",
        "scientificName": "Capsicum lycianthoides Bitter",
        "coordinateUncertaintyInMeters": "450.0",
        "basisOfRecord": "HUMAN_OBSERVATION",
        "eventDate": "2023-06-28T08:03",
        "country": null,
        "datasetName": "iNaturalist research-grade observations",
        "publisher": "iNaturalist.org",
        "license": "CC_BY_NC_4_0",
        "issues": [
          "CONTINENT_DERIVED_FROM_COORDINATES",
          "TAXON_ID_NOT_FOUND"
        ],
        "media": [
          {
            "url": "https://inaturalist-open-data.s3.amazonaws.com/photos/295093227/original.jpeg",
            "references": "https://www.inaturalist.org/photos/295093227",
            "title": null,
            "creator": "Holger Beck",
            "publisher": "iNaturalist",
            "license": "http://creativecommons.org/licenses/by-nc/4.0/",
            "rightsHolder": "Holger Beck"
          }
        ]
      }
    },
    {
      "type": "Feature",
      "geometry": {
        "type": "Point",
        "coordinates": [
          -78.632308,
          0.024889
        ]
      },
      "properties": {
        "gbifID": "3966720651",
        "species": "Capsicum lycianthoides",
        "genus": "Capsicum",
        "family": "Solanaceae",
        "scientificName": "Capsicum lycianthoides Bitter",
        "coordinateUncertaintyInMeters": "55.0",
        "basisOfRecord": "HUMAN_OBSERVATION",
        "eventDate": "2022-11-04T13:10:56",
        "country": null,
        "datasetName": "iNaturalist research-grade observations",
        "publisher": "iNaturalist.org",
        "license": "CC_BY_NC_4_0",
        "issues": [
          "COORDINATE_ROUNDED",
          "CONTINENT_DERIVED_FROM_COORDINATES",
          "TAXON_ID_NOT_FOUND"
        ],
        "media": [
          {
            "url": "https://inaturalist-open-data.s3.amazonaws.com/photos/242302465/original.jpg",
            "references": "https://www.inaturalist.org/photos/242302465",
            "title": null,
            "creator": "Alisson Fierro-Minda",
            "publisher": "iNaturalist",
            "license": "http://creativecommons.org/licenses/by-nc/4.0/",
            "rightsHolder": "Alisson Fierro-Minda"
          },
          {
            "url": "https://inaturalist-open-data.s3.amazonaws.com/photos/242302478/original.jpg",
            "references": "https://www.inaturalist.org/photos/242302478",
            "title": null,
            "creator": "Alisson Fierro-Minda",
            "publisher": "iNaturalist",
            "license": "http://creativecommons.org/licenses/by-nc/4.0/",
            "rightsHolder": "Alisson Fierro-Minda"
          },
          {
            "url": "https://inaturalist-open-data.s3.amazonaws.com/photos/242302488/original.jpg",
            "references": "https://www.inaturalist.org/photos/242302488",
            "title": null,
            "creator": "Alisson Fierro-Minda",
            "publisher": "iNaturalist",
            "license": "http://creativecommons.org/licenses/by-nc/4.0/",
            "rightsHolder": "Alisson Fierro-Minda"
          },
          {
            "url": "https://inaturalist-open-data.s3.amazonaws.com/photos/242302500/original.jpg",
            "references": "https://www.inaturalist.org/photos/242302500",
            "title": null,
            "creator": "Alisson Fierro-Minda",
            "publisher": "iNaturalist",
            "license": "http://creativecommons.org/licenses/by-nc/4.0/",
            "rightsHolder": "Alisson Fierro-Minda"
          }
        ]
      }
    },
    {
      "type": "Feature",
      "geometry": {
        "type": "Point",
        "coordinates": [
          -78.635165,
          0.024111
        ]
      },
      "properties": {
        "gbifID": "4054955590",
        "species": "Capsicum lycianthoides",
        "genus": "Capsicum",
        "family": "Solanaceae",
        "scientificName": "Capsicum lycianthoides Bitter",
        "coordinateUncertaintyInMeters": "15.0",
        "basisOfRecord": "HUMAN_OBSERVATION",
        "eventDate": "2022-11-01T19:52",
        "country": null,
        "datasetName": "iNaturalist research-grade observations",
        "publisher": "iNaturalist.org",
        "license": "CC_BY_4_0",
        "issues": [
          "COORDINATE_ROUNDED",
          "CONTINENT_DERIVED_FROM_COORDINATES",
          "TAXON_ID_NOT_FOUND"
        ],
        "media": [
          {
            "url": "https://inaturalist-open-data.s3.amazonaws.com/photos/257995810/original.jpeg",
            "references": "https://www.inaturalist.org/photos/257995810",
            "title": null,
            "creator": "Nolan Exe",
            "publisher": "iNaturalist",
            "license": "http://creativecommons.org/licenses/by/4.0/",
            "rightsHolder": "Nolan Exe"
          },
          {
            "url": "https://inaturalist-open-data.s3.amazonaws.com/photos/257995814/original.jpeg",
            "references": "https://www.inaturalist.org/photos/257995814",
            "title": null,
            "creator": "Nolan Exe",
            "publisher": "iNaturalist",
            "license": "http://creativecommons.org/licenses/by/4.0/",
            "rightsHolder": "Nolan Exe"
          },
          {
            "url": "https://inaturalist-open-data.s3.amazonaws.com/photos/257995797/original.jpeg",
            "references": "https://www.inaturalist.org/photos/257995797",
            "title": null,
            "creator": "Nolan Exe",
            "publisher": "iNaturalist",
            "license": "http://creativecommons.org/licenses/by/4.0/",
            "rightsHolder": "Nolan Exe"
          }
        ]
      }
    },
    {
      "type": "Feature",
      "geometry": {
        "type": "Point",
        "coordinates": [
          -78.609222,
          0.107833
        ]
      },
      "properties": {
        "gbifID": "3961096478",
        "species": "Capsicum lycianthoides",
        "genus": "Capsicum",
        "family": "Solanaceae",
        "scientificName": "Capsicum lycianthoides Bitter",
        "coordinateUncertaintyInMeters": "8.0",
        "basisOfRecord": "HUMAN_OBSERVATION",
        "eventDate": "2022-06-17T12:11:24",
        "country": null,
        "datasetName": "iNaturalist research-grade observations",
        "publisher": "iNaturalist.org",
        "license": "CC_BY_NC_4_0",
        "issues": [
          "COORDINATE_ROUNDED",
          "CONTINENT_DERIVED_FROM_COORDINATES",
          "TAXON_ID_NOT_FOUND"
        ],
        "media": [
          {
            "url": "https://inaturalist-open-data.s3.amazonaws.com/photos/212632894/original.jpg",
            "references": "https://www.inaturalist.org/photos/212632894",
            "title": null,
            "creator": "Emily Scherer",
            "publisher": "iNaturalist",
            "license": "http://creativecommons.org/licenses/by-nc/4.0/",
            "rightsHolder": "Emily Scherer"
          },
          {
            "url": "https://inaturalist-open-data.s3.amazonaws.com/photos/212632915/original.jpg",
            "references": "https://www.inaturalist.org/photos/212632915",
            "title": null,
            "creator": "Emily Scherer",
            "publisher": "iNaturalist",
            "license": "http://creativecommons.org/licenses/by-nc/4.0/",
            "rightsHolder": "Emily Scherer"
          },
          {
            "url": "https://inaturalist-open-data.s3.amazonaws.com/photos/212632997/original.jpg",
            "references": "https://www.inaturalist.org/photos/212632997",
            "title": null,
            "creator": "Emily Scherer",
            "publisher": "iNaturalist",
            "license": "http://creativecommons.org/licenses/by-nc/4.0/",
            "rightsHolder": "Emily Scherer"
          },
          {
            "url": "https://inaturalist-open-data.s3.amazonaws.com/photos/212633023/original.jpg",
            "references": "https://www.inaturalist.org/photos/212633023",
            "title": null,
            "creator": "Emily Scherer",
            "publisher": "iNaturalist",
            "license": "http://creativecommons.org/licenses/by-nc/4.0/",
            "rightsHolder": "Emily Scherer"
          }
        ]
      }
    },
    {
      "type": "Feature",
      "geometry": {
        "type": "Point",
        "coordinates": [
          -78.74774,
          -0.042898
        ]
      },
      "properties": {
        "gbifID": "4416742688",
        "species": "Capsicum lycianthoides",
        "genus": "Capsicum",
        "family": "Solanaceae",
        "scientificName": "Capsicum lycianthoides Bitter",
        "coordinateUncertaintyInMeters": "15.0",
        "basisOfRecord": "HUMAN_OBSERVATION",
        "eventDate": "2018-10-21T20:14",
        "country": null,
        "datasetName": "iNaturalist research-grade observations",
        "publisher": "iNaturalist.org",
        "license": "CC_BY_NC_4_0",
        "issues": [
          "COORDINATE_ROUNDED",
          "CONTINENT_DERIVED_FROM_COORDINATES",
          "TAXON_ID_NOT_FOUND"
        ],
        "fallback_media": {
          "url": "https://inaturalist-open-data.s3.amazonaws.com/photos/257818702/original.jpeg",
          "references": "https://www.inaturalist.org/photos/257818702",
          "title": null,
          "creator": "Nolan Exe",
          "publisher": "iNaturalist",
          "license": "http://creativecommons.org/licenses/by/4.0/",
          "rightsHolder": "Nolan Exe"
        }
      }
    },
    {
      "type": "Feature",
      "geometry": {
        "type": "Point",
        "coordinates": [
          -78.684725,
          -0.013709
        ]
      },
      "properties": {
        "gbifID": "4875469970",
        "species": "Capsicum lycianthoides",
        "genus": "Capsicum",
        "family": "Solanaceae",
        "scientificName": "Capsicum lycianthoides Bitter",
        "coordinateUncertaintyInMeters": "",
        "basisOfRecord": "HUMAN_OBSERVATION",
        "eventDate": "2024-05-28T17:08:42",
        "country": null,
        "datasetName": "iNaturalist research-grade observations",
        "publisher": "iNaturalist.org",
        "license": "CC_BY_NC_4_0",
        "issues": [
          "COORDINATE_ROUNDED",
          "CONTINENT_DERIVED_FROM_COORDINATES",
          "TAXON_ID_NOT_FOUND"
        ],
        "media": [
          {
            "url": "https://inaturalist-open-data.s3.amazonaws.com/photos/387666970/original.jpeg",
            "references": "https://www.inaturalist.org/photos/387666970",
            "title": null,
            "creator": "Jean-Marie Frenoux",
            "publisher": "iNaturalist",
            "license": "http://creativecommons.org/licenses/by-nc/4.0/",
            "rightsHolder": "Jean-Marie Frenoux"
          },
          {
            "url": "https://inaturalist-open-data.s3.amazonaws.com/photos/387667103/original.jpeg",
            "references": "https://www.inaturalist.org/photos/387667103",
            "title": null,
            "creator": "Jean-Marie Frenoux",
            "publisher": "iNaturalist",
            "license": "http://creativecommons.org/licenses/by-nc/4.0/",
            "rightsHolder": "Jean-Marie Frenoux"
          }
        ]
      }
    },
    {
      "type": "Feature",
      "geometry": {
        "type": "Point",
        "coordinates": [
          -78.7638,
          -0.075336
        ]
      },
      "properties": {
        "gbifID": "4137696217",
        "species": "Capsicum lycianthoides",
        "genus": "Capsicum",
        "family": "Solanaceae",
        "scientificName": "Capsicum lycianthoides Bitter",
        "coordinateUncertaintyInMeters": "",
        "basisOfRecord": "HUMAN_OBSERVATION",
        "eventDate": "2023-05-06T13:42:10",
        "country": null,
        "datasetName": "iNaturalist research-grade observations",
        "publisher": "iNaturalist.org",
        "license": "CC_BY_4_0",
        "issues": [
          "COORDINATE_ROUNDED",
          "CONTINENT_DERIVED_FROM_COORDINATES",
          "TAXON_ID_NOT_FOUND"
        ],
        "media": [
          {
            "url": "https://inaturalist-open-data.s3.amazonaws.com/photos/290721766/original.jpeg",
            "references": "https://www.inaturalist.org/photos/290721766",
            "title": null,
            "creator": "Attila Oláh",
            "publisher": "iNaturalist",
            "license": "http://creativecommons.org/licenses/by/4.0/",
            "rightsHolder": "Attila Oláh"
          },
          {
            "url": "https://inaturalist-open-data.s3.amazonaws.com/photos/290721789/original.jpeg",
            "references": "https://www.inaturalist.org/photos/290721789",
            "title": null,
            "creator": "Attila Oláh",
            "publisher": "iNaturalist",
            "license": "http://creativecommons.org/licenses/by/4.0/",
            "rightsHolder": "Attila Oláh"
          },
          {
            "url": "https://inaturalist-open-data.s3.amazonaws.com/photos/290721818/original.jpeg",
            "references": "https://www.inaturalist.org/photos/290721818",
            "title": null,
            "creator": "Attila Oláh",
            "publisher": "iNaturalist",
            "license": "http://creativecommons.org/licenses/by/4.0/",
            "rightsHolder": "Attila Oláh"
          }
        ]
      }
    },
    {
      "type": "Feature",
      "geometry": {
        "type": "Point",
        "coordinates": [
          -78.890383,
          0.022415
        ]
      },
      "properties": {
        "gbifID": "4507744488",
        "species": "Capsicum lycianthoides",
        "genus": "Capsicum",
        "family": "Solanaceae",
        "scientificName": "Capsicum lycianthoides Bitter",
        "coordinateUncertaintyInMeters": "15.0",
        "basisOfRecord": "HUMAN_OBSERVATION",
        "eventDate": "2023-12-30T09:56",
        "country": null,
        "datasetName": "iNaturalist research-grade observations",
        "publisher": "iNaturalist.org",
        "license": "CC_BY_NC_4_0",
        "issues": [
          "COORDINATE_ROUNDED",
          "CONTINENT_DERIVED_FROM_COORDINATES",
          "TAXON_ID_NOT_FOUND"
        ],
        "media": [
          {
            "url": "https://inaturalist-open-data.s3.amazonaws.com/photos/344154391/original.jpg",
            "references": "https://www.inaturalist.org/photos/344154391",
            "title": null,
            "creator": "David Torres",
            "publisher": "iNaturalist",
            "license": "http://creativecommons.org/licenses/by-nc/4.0/",
            "rightsHolder": "David Torres"
          }
        ]
      }
    },
    {
      "type": "Feature",
      "geometry": {
        "type": "Point",
        "coordinates": [
          -78.748838,
          -0.035219
        ]
      },
      "properties": {
        "gbifID": "4039409557",
        "species": "Capsicum lycianthoides",
        "genus": "Capsicum",
        "family": "Solanaceae",
        "scientificName": "Capsicum lycianthoides Bitter",
        "coordinateUncertaintyInMeters": "15.0",
        "basisOfRecord": "HUMAN_OBSERVATION",
        "eventDate": "2022-06-11T11:51",
        "country": null,
        "datasetName": "iNaturalist research-grade observations",
        "publisher": "iNaturalist.org",
        "license": "CC_BY_NC_4_0",
        "issues": [
          "COORDINATE_ROUNDED",
          "CONTINENT_DERIVED_FROM_COORDINATES",
          "TAXON_ID_NOT_FOUND"
        ],
        "media": [
          {
            "url": "https://inaturalist-open-data.s3.amazonaws.com/photos/206072158/original.jpg",
            "references": "https://www.inaturalist.org/photos/206072158",
            "title": null,
            "creator": "David Torres",
            "publisher": "iNaturalist",
            "license": "http://creativecommons.org/licenses/by-nc/4.0/",
            "rightsHolder": "David Torres"
          },
          {
            "url": "https://inaturalist-open-data.s3.amazonaws.com/photos/206072178/original.jpg",
            "references": "https://www.inaturalist.org/photos/206072178",
            "title": null,
            "creator": "David Torres",
            "publisher": "iNaturalist",
            "license": "http://creativecommons.org/licenses/by-nc/4.0/",
            "rightsHolder": "David Torres"
          }
        ]
      }
    },
    {
      "type": "Feature",
      "geometry": {
        "type": "Point",
        "coordinates": [
          -78.683793,
          -0.019171
        ]
      },
      "properties": {
        "gbifID": "4096813943",
        "species": "Capsicum lycianthoides",
        "genus": "Capsicum",
        "family": "Solanaceae",
        "scientificName": "Capsicum lycianthoides Bitter",
        "coordinateUncertaintyInMeters": "15.0",
        "basisOfRecord": "HUMAN_OBSERVATION",
        "eventDate": "2023-04-15T10:13",
        "country": null,
        "datasetName": "iNaturalist research-grade observations",
        "publisher": "iNaturalist.org",
        "license": "CC_BY_NC_4_0",
        "issues": [
          "COORDINATE_ROUNDED",
          "CONTINENT_DERIVED_FROM_COORDINATES",
          "TAXON_ID_NOT_FOUND"
        ],
        "media": [
          {
            "url": "https://inaturalist-open-data.s3.amazonaws.com/photos/269323798/original.jpg",
            "references": "https://www.inaturalist.org/photos/269323798",
            "title": null,
            "creator": "David Torres",
            "publisher": "iNaturalist",
            "license": "http://creativecommons.org/licenses/by-nc/4.0/",
            "rightsHolder": "David Torres"
          },
          {
            "url": "https://inaturalist-open-data.s3.amazonaws.com/photos/269323819/original.jpg",
            "references": "https://www.inaturalist.org/photos/269323819",
            "title": null,
            "creator": "David Torres",
            "publisher": "iNaturalist",
            "license": "http://creativecommons.org/licenses/by-nc/4.0/",
            "rightsHolder": "David Torres"
          }
        ]
      }
    },
    {
      "type": "Feature",
      "geometry": {
        "type": "Point",
        "coordinates": [
          -78.626732,
          0.101085
        ]
      },
      "properties": {
        "gbifID": "4973963973",
        "species": "Capsicum lycianthoides",
        "genus": "Capsicum",
        "family": "Solanaceae",
        "scientificName": "Capsicum lycianthoides Bitter",
        "coordinateUncertaintyInMeters": "",
        "basisOfRecord": "HUMAN_OBSERVATION",
        "eventDate": "2024-10-10T13:30",
        "country": null,
        "datasetName": "iNaturalist research-grade observations",
        "publisher": "iNaturalist.org",
        "license": "CC_BY_NC_4_0",
        "issues": [
          "COORDINATE_ROUNDED",
          "CONTINENT_DERIVED_FROM_COORDINATES",
          "TAXON_ID_NOT_FOUND"
        ],
        "media": [
          {
            "url": "https://inaturalist-open-data.s3.amazonaws.com/photos/442246858/original.jpeg",
            "references": "https://www.inaturalist.org/photos/442246858",
            "title": null,
            "creator": "Johannes Klein",
            "publisher": "iNaturalist",
            "license": "http://creativecommons.org/licenses/by-nc/4.0/",
            "rightsHolder": "Johannes Klein"
          },
          {
            "url": "https://inaturalist-open-data.s3.amazonaws.com/photos/442246856/original.jpeg",
            "references": "https://www.inaturalist.org/photos/442246856",
            "title": null,
            "creator": "Johannes Klein",
            "publisher": "iNaturalist",
            "license": "http://creativecommons.org/licenses/by-nc/4.0/",
            "rightsHolder": "Johannes Klein"
          }
        ]
      }
    },
    {
      "type": "Feature",
      "geometry": {
        "type": "Point",
        "coordinates": [
          -76.164389,
          3.565528
        ]
      },
      "properties": {
        "gbifID": "1707594879",
        "species": "Capsicum lycianthoides",
        "genus": "Capsicum",
        "family": "Solanaceae",
        "scientificName": "Capsicum lycianthoides Bitter",
        "coordinateUncertaintyInMeters": "",
        "basisOfRecord": "PRESERVED_SPECIMEN",
        "eventDate": "2005-02-25",
        "country": null,
        "datasetName": "Evaluación de oportunidades de conservación en Paisajes Rurales",
        "publisher": "Instituto de Investigación de Recursos Biológicos Alexander von Humboldt",
        "license": "CC_BY_NC_4_0",
        "issues": [
          "COORDINATE_ROUNDED",
          "GEODETIC_DATUM_ASSUMED_WGS84",
          "INSTITUTION_MATCH_FUZZY"
        ],
        "fallback_media": {
          "url": "https://inaturalist-open-data.s3.amazonaws.com/photos/257818702/original.jpeg",
          "references": "https://www.inaturalist.org/photos/257818702",
          "title": null,
          "creator": "Nolan Exe",
          "publisher": "iNaturalist",
          "license": "http://creativecommons.org/licenses/by/4.0/",
          "rightsHolder": "Nolan Exe"
        }
      }
    },
    {
      "type": "Feature",
      "geometry": {
        "type": "Point",
        "coordinates": [
          -75.625194,
          4.683847
        ]
      },
      "properties": {
        "gbifID": "5891363985",
        "species": "Capsicum lycianthoides",
        "genus": "Capsicum",
        "family": "Solanaceae",
        "scientificName": "Capsicum lycianthoides Bitter",
        "coordinateUncertaintyInMeters": "",
        "basisOfRecord": "PRESERVED_SPECIMEN",
        "eventDate": "2014-07-25",
        "country": null,
        "datasetName": "Planeación ambiental para la conservación de la biodiversidad en las áreas operativas de Ecopetrol",
        "publisher": "Instituto de Investigación de Recursos Biológicos Alexander von Humboldt",
        "license": "CC_BY_NC_4_0",
        "issues": [
          "INSTITUTION_MATCH_FUZZY"
        ],
        "fallback_media": {
          "url": "https://inaturalist-open-data.s3.amazonaws.com/photos/257818702/original.jpeg",
          "references": "https://www.inaturalist.org/photos/257818702",
          "title": null,
          "creator": "Nolan Exe",
          "publisher": "iNaturalist",
          "license": "http://creativecommons.org/licenses/by/4.0/",
          "rightsHolder": "Nolan Exe"
        }
      }
    },
    {
      "type": "Feature",
      "geometry": {
        "type": "Point",
        "coordinates": [
          -75.6325,
          4.704167
        ]
      },
      "properties": {
        "gbifID": "1707558089",
        "species": "Capsicum lycianthoides",
        "genus": "Capsicum",
        "family": "Solanaceae",
        "scientificName": "Capsicum lycianthoides Bitter",
        "coordinateUncertaintyInMeters": "",
        "basisOfRecord": "PRESERVED_SPECIMEN",
        "eventDate": "2002-06-05",
        "country": null,
        "datasetName": "Evaluación de oportunidades de conservación de Paisajes Rurales",
        "publisher": "Instituto de Investigación de Recursos Biológicos Alexander von Humboldt",
        "license": "CC_BY_NC_4_0",
        "issues": [
          "COORDINATE_ROUNDED",
          "GEODETIC_DATUM_ASSUMED_WGS84",
          "INSTITUTION_MATCH_FUZZY"
        ],
        "fallback_media": {
          "url": "https://inaturalist-open-data.s3.amazonaws.com/photos/257818702/original.jpeg",
          "references": "https://www.inaturalist.org/photos/257818702",
          "title": null,
          "creator": "Nolan Exe",
          "publisher": "iNaturalist",
          "license": "http://creativecommons.org/licenses/by/4.0/",
          "rightsHolder": "Nolan Exe"
        }
      }
    },
    {
      "type": "Feature",
      "geometry": {
        "type": "Point",
        "coordinates": [
          -75.580278,
          4.7325
        ]
      },
      "properties": {
        "gbifID": "1707560113",
        "species": "Capsicum lycianthoides",
        "genus": "Capsicum",
        "family": "Solanaceae",
        "scientificName": "Capsicum lycianthoides Bitter",
        "coordinateUncertaintyInMeters": "",
        "basisOfRecord": "PRESERVED_SPECIMEN",
        "eventDate": "2002-11-19",
        "country": null,
        "datasetName": "Evaluación de oportunidades de conservación de Paisajes Rurales",
        "publisher": "Instituto de Investigación de Recursos Biológicos Alexander von Humboldt",
        "license": "CC_BY_NC_4_0",
        "issues": [
          "COORDINATE_ROUNDED",
          "GEODETIC_DATUM_ASSUMED_WGS84",
          "INSTITUTION_MATCH_FUZZY"
        ],
        "fallback_media": {
          "url": "https://inaturalist-open-data.s3.amazonaws.com/photos/257818702/original.jpeg",
          "references": "https://www.inaturalist.org/photos/257818702",
          "title": null,
          "creator": "Nolan Exe",
          "publisher": "iNaturalist",
          "license": "http://creativecommons.org/licenses/by/4.0/",
          "rightsHolder": "Nolan Exe"
        }
      }
    },
    {
      "type": "Feature",
      "geometry": {
        "type": "Point",
        "coordinates": [
          -78.630737,
          0.086886
        ]
      },
      "properties": {
        "gbifID": "3985613337",
        "species": "Capsicum lycianthoides",
        "genus": "Capsicum",
        "family": "Solanaceae",
        "scientificName": "Capsicum lycianthoides Bitter",
        "coordinateUncertaintyInMeters": "5000.0",
        "basisOfRecord": "HUMAN_OBSERVATION",
        "eventDate": "2007-10-23T16:44",
        "country": null,
        "datasetName": "iNaturalist research-grade observations",
        "publisher": "iNaturalist.org",
        "license": "CC_BY_NC_4_0",
        "issues": [
          "COORDINATE_ROUNDED",
          "CONTINENT_DERIVED_FROM_COORDINATES",
          "TAXON_ID_NOT_FOUND"
        ],
        "fallback_media": {
          "url": "https://inaturalist-open-data.s3.amazonaws.com/photos/257818702/original.jpeg",
          "references": "https://www.inaturalist.org/photos/257818702",
          "title": null,
          "creator": "Nolan Exe",
          "publisher": "iNaturalist",
          "license": "http://creativecommons.org/licenses/by/4.0/",
          "rightsHolder": "Nolan Exe"
        }
      }
    },
    {
      "type": "Feature",
      "geometry": {
        "type": "Point",
        "coordinates": [
          -78.696023,
          0.022836
        ]
      },
      "properties": {
        "gbifID": "4120938860",
        "species": "Capsicum lycianthoides",
        "genus": "Capsicum",
        "family": "Solanaceae",
        "scientificName": "Capsicum lycianthoides Bitter",
        "coordinateUncertaintyInMeters": "3.0",
        "basisOfRecord": "HUMAN_OBSERVATION",
        "eventDate": "2023-03-16T10:34",
        "country": null,
        "datasetName": "iNaturalist research-grade observations",
        "publisher": "iNaturalist.org",
        "license": "CC_BY_NC_4_0",
        "issues": [
          "CONTINENT_DERIVED_FROM_COORDINATES",
          "TAXON_ID_NOT_FOUND"
        ],
        "media": [
          {
            "url": "https://inaturalist-open-data.s3.amazonaws.com/photos/280195208/original.jpeg",
            "references": "https://www.inaturalist.org/photos/280195208",
            "title": null,
            "creator": "tellkamp",
            "publisher": "iNaturalist",
            "license": "http://creativecommons.org/licenses/by-nc/4.0/",
            "rightsHolder": "tellkamp"
          },
          {
            "url": "https://inaturalist-open-data.s3.amazonaws.com/photos/280161974/original.jpeg",
            "references": "https://www.inaturalist.org/photos/280161974",
            "title": null,
            "creator": "tellkamp",
            "publisher": "iNaturalist",
            "license": "http://creativecommons.org/licenses/by-nc/4.0/",
            "rightsHolder": "tellkamp"
          },
          {
            "url": "https://inaturalist-open-data.s3.amazonaws.com/photos/280161983/original.jpeg",
            "references": "https://www.inaturalist.org/photos/280161983",
            "title": null,
            "creator": "tellkamp",
            "publisher": "iNaturalist",
            "license": "http://creativecommons.org/licenses/by-nc/4.0/",
            "rightsHolder": "tellkamp"
          },
          {
            "url": "https://inaturalist-open-data.s3.amazonaws.com/photos/280161994/original.jpeg",
            "references": "https://www.inaturalist.org/photos/280161994",
            "title": null,
            "creator": "tellkamp",
            "publisher": "iNaturalist",
            "license": "http://creativecommons.org/licenses/by-nc/4.0/",
            "rightsHolder": "tellkamp"
          }
        ]
      }
    },
    {
      "type": "Feature",
      "geometry": {
        "type": "Point",
        "coordinates": [
          -78.798323,
          -0.382244
        ]
      },
      "properties": {
        "gbifID": "3961397644",
        "species": "Capsicum lycianthoides",
        "genus": "Capsicum",
        "family": "Solanaceae",
        "scientificName": "Capsicum lycianthoides Bitter",
        "coordinateUncertaintyInMeters": "1119.0",
        "basisOfRecord": "HUMAN_OBSERVATION",
        "eventDate": "2022-10-14T15:34",
        "country": null,
        "datasetName": "iNaturalist research-grade observations",
        "publisher": "iNaturalist.org",
        "license": "CC_BY_NC_4_0",
        "issues": [
          "COORDINATE_ROUNDED",
          "CONTINENT_DERIVED_FROM_COORDINATES",
          "TAXON_ID_NOT_FOUND"
        ],
        "media": [
          {
            "url": "https://inaturalist-open-data.s3.amazonaws.com/photos/237245245/original.jpg",
            "references": "https://www.inaturalist.org/photos/237245245",
            "title": null,
            "creator": "Armando Castellanos",
            "publisher": "iNaturalist",
            "license": "http://creativecommons.org/licenses/by-nc/4.0/",
            "rightsHolder": "Armando Castellanos"
          }
        ]
      }
    },
    {
      "type": "Feature",
      "geometry": {
        "type": "Point",
        "coordinates": [
          -78.763881,
          -0.075217
        ]
      },
      "properties": {
        "gbifID": "4137808968",
        "species": "Capsicum lycianthoides",
        "genus": "Capsicum",
        "family": "Solanaceae",
        "scientificName": "Capsicum lycianthoides Bitter",
        "coordinateUncertaintyInMeters": "",
        "basisOfRecord": "HUMAN_OBSERVATION",
        "eventDate": "2023-05-06T14:01:27",
        "country": null,
        "datasetName": "iNaturalist research-grade observations",
        "publisher": "iNaturalist.org",
        "license": "CC_BY_4_0",
        "issues": [
          "COORDINATE_ROUNDED",
          "CONTINENT_DERIVED_FROM_COORDINATES",
          "TAXON_ID_NOT_FOUND"
        ],
        "media": [
          {
            "url": "https://inaturalist-open-data.s3.amazonaws.com/photos/290697191/original.jpeg",
            "references": "https://www.inaturalist.org/photos/290697191",
            "title": null,
            "creator": "Attila Oláh",
            "publisher": "iNaturalist",
            "license": "http://creativecommons.org/licenses/by/4.0/",
            "rightsHolder": "Attila Oláh"
          },
          {
            "url": "https://inaturalist-open-data.s3.amazonaws.com/photos/290697211/original.jpeg",
            "references": "https://www.inaturalist.org/photos/290697211",
            "title": null,
            "creator": "Attila Oláh",
            "publisher": "iNaturalist",
            "license": "http://creativecommons.org/licenses/by/4.0/",
            "rightsHolder": "Attila Oláh"
          }
        ]
      }
    },
    {
      "type": "Feature",
      "geometry": {
        "type": "Point",
        "coordinates": [
          -78.85358,
          0.159222
        ]
      },
      "properties": {
        "gbifID": "4909002724",
        "species": "Capsicum lycianthoides",
        "genus": "Capsicum",
        "family": "Solanaceae",
        "scientificName": "Capsicum lycianthoides Bitter",
        "coordinateUncertaintyInMeters": "",
        "basisOfRecord": "HUMAN_OBSERVATION",
        "eventDate": "2024-07-13T15:10",
        "country": null,
        "datasetName": "iNaturalist research-grade observations",
        "publisher": "iNaturalist.org",
        "license": "CC_BY_NC_4_0",
        "issues": [
          "COORDINATE_ROUNDED",
          "CONTINENT_DERIVED_FROM_COORDINATES",
          "TAXON_ID_NOT_FOUND"
        ],
        "media": [
          {
            "url": "https://inaturalist-open-data.s3.amazonaws.com/photos/407206690/original.jpg",
            "references": "https://www.inaturalist.org/photos/407206690",
            "title": null,
            "creator": "David Torres",
            "publisher": "iNaturalist",
            "license": "http://creativecommons.org/licenses/by-nc/4.0/",
            "rightsHolder": "David Torres"
          },
          {
            "url": "https://inaturalist-open-data.s3.amazonaws.com/photos/407206835/original.jpg",
            "references": "https://www.inaturalist.org/photos/407206835",
            "title": null,
            "creator": "David Torres",
            "publisher": "iNaturalist",
            "license": "http://creativecommons.org/licenses/by-nc/4.0/",
            "rightsHolder": "David Torres"
          }
        ]
      }
    },
    {
      "type": "Feature",
      "geometry": {
        "type": "Point",
        "coordinates": [
          -78.75912,
          -0.076932
        ]
      },
      "properties": {
        "gbifID": "3986003345",
        "species": "Capsicum lycianthoides",
        "genus": "Capsicum",
        "family": "Solanaceae",
        "scientificName": "Capsicum lycianthoides Bitter",
        "coordinateUncertaintyInMeters": "7.0",
        "basisOfRecord": "HUMAN_OBSERVATION",
        "eventDate": "2019-07-30T10:10",
        "country": null,
        "datasetName": "iNaturalist research-grade observations",
        "publisher": "iNaturalist.org",
        "license": "CC_BY_4_0",
        "issues": [
          "COORDINATE_ROUNDED",
          "CONTINENT_DERIVED_FROM_COORDINATES",
          "TAXON_ID_NOT_FOUND"
        ],
        "media": [
          {
            "url": "https://inaturalist-open-data.s3.amazonaws.com/photos/52593031/original.jpeg",
            "references": "https://www.inaturalist.org/photos/52593031",
            "title": null,
            "creator": "sea-kangaroo",
            "publisher": "iNaturalist",
            "license": "http://creativecommons.org/licenses/by-nc-nd/4.0/",
            "rightsHolder": "sea-kangaroo"
          },
          {
            "url": "https://inaturalist-open-data.s3.amazonaws.com/photos/52593015/original.jpeg",
            "references": "https://www.inaturalist.org/photos/52593015",
            "title": null,
            "creator": "sea-kangaroo",
            "publisher": "iNaturalist",
            "license": "http://creativecommons.org/licenses/by-nc-nd/4.0/",
            "rightsHolder": "sea-kangaroo"
          }
        ]
      }
    },
    {
      "type": "Feature",
      "geometry": {
        "type": "Point",
        "coordinates": [
          -78.628987,
          0.12285
        ]
      },
      "properties": {
        "gbifID": "4102603478",
        "species": "Capsicum lycianthoides",
        "genus": "Capsicum",
        "family": "Solanaceae",
        "scientificName": "Capsicum lycianthoides Bitter",
        "coordinateUncertaintyInMeters": "8.0",
        "basisOfRecord": "HUMAN_OBSERVATION",
        "eventDate": "2023-01-20T22:22",
        "country": null,
        "datasetName": "iNaturalist research-grade observations",
        "publisher": "iNaturalist.org",
        "license": "CC_BY_NC_4_0",
        "issues": [
          "COORDINATE_ROUNDED",
          "CONTINENT_DERIVED_FROM_COORDINATES",
          "TAXON_ID_NOT_FOUND"
        ],
        "media": [
          {
            "url": "https://inaturalist-open-data.s3.amazonaws.com/photos/253158942/original.jpg",
            "references": "https://www.inaturalist.org/photos/253158942",
            "title": null,
            "creator": "David Torres",
            "publisher": "iNaturalist",
            "license": "http://creativecommons.org/licenses/by-nc/4.0/",
            "rightsHolder": "David Torres"
          }
        ]
      }
    },
    {
      "type": "Feature",
      "geometry": {
        "type": "Point",
        "coordinates": [
          -78.685934,
          -0.01475
        ]
      },
      "properties": {
        "gbifID": "4096441833",
        "species": "Capsicum lycianthoides",
        "genus": "Capsicum",
        "family": "Solanaceae",
        "scientificName": "Capsicum lycianthoides Bitter",
        "coordinateUncertaintyInMeters": "8.0",
        "basisOfRecord": "HUMAN_OBSERVATION",
        "eventDate": "2023-04-15T09:13",
        "country": null,
        "datasetName": "iNaturalist research-grade observations",
        "publisher": "iNaturalist.org",
        "license": "CC_BY_NC_4_0",
        "issues": [
          "COORDINATE_ROUNDED",
          "CONTINENT_DERIVED_FROM_COORDINATES",
          "TAXON_ID_NOT_FOUND"
        ],
        "media": [
          {
            "url": "https://inaturalist-open-data.s3.amazonaws.com/photos/269081521/original.jpg",
            "references": "https://www.inaturalist.org/photos/269081521",
            "title": null,
            "creator": "David Torres",
            "publisher": "iNaturalist",
            "license": "http://creativecommons.org/licenses/by-nc/4.0/",
            "rightsHolder": "David Torres"
          },
          {
            "url": "https://inaturalist-open-data.s3.amazonaws.com/photos/269081505/original.jpg",
            "references": "https://www.inaturalist.org/photos/269081505",
            "title": null,
            "creator": "David Torres",
            "publisher": "iNaturalist",
            "license": "http://creativecommons.org/licenses/by-nc/4.0/",
            "rightsHolder": "David Torres"
          },
          {
            "url": "https://inaturalist-open-data.s3.amazonaws.com/photos/269081483/original.jpg",
            "references": "https://www.inaturalist.org/photos/269081483",
            "title": null,
            "creator": "David Torres",
            "publisher": "iNaturalist",
            "license": "http://creativecommons.org/licenses/by-nc/4.0/",
            "rightsHolder": "David Torres"
          },
          {
            "url": "https://inaturalist-open-data.s3.amazonaws.com/photos/269081459/original.jpg",
            "references": "https://www.inaturalist.org/photos/269081459",
            "title": null,
            "creator": "David Torres",
            "publisher": "iNaturalist",
            "license": "http://creativecommons.org/licenses/by-nc/4.0/",
            "rightsHolder": "David Torres"
          }
        ]
      }
    },
    {
      "type": "Feature",
      "geometry": {
        "type": "Point",
        "coordinates": [
          -78.779883,
          0.316866
        ]
      },
      "properties": {
        "gbifID": "4054813534",
        "species": "Capsicum lycianthoides",
        "genus": "Capsicum",
        "family": "Solanaceae",
        "scientificName": "Capsicum lycianthoides Bitter",
        "coordinateUncertaintyInMeters": "43.0",
        "basisOfRecord": "HUMAN_OBSERVATION",
        "eventDate": "2023-02-06T11:15:47",
        "country": null,
        "datasetName": "iNaturalist research-grade observations",
        "publisher": "iNaturalist.org",
        "license": "CC_BY_NC_4_0",
        "issues": [
          "COORDINATE_ROUNDED",
          "CONTINENT_DERIVED_FROM_COORDINATES",
          "TAXON_ID_NOT_FOUND"
        ],
        "media": [
          {
            "url": "https://inaturalist-open-data.s3.amazonaws.com/photos/256410455/original.jpg",
            "references": "https://www.inaturalist.org/photos/256410455",
            "title": null,
            "creator": "ulsterbotany",
            "publisher": "iNaturalist",
            "license": "http://creativecommons.org/licenses/by-nc/4.0/",
            "rightsHolder": "ulsterbotany"
          },
          {
            "url": "https://inaturalist-open-data.s3.amazonaws.com/photos/256410463/original.jpg",
            "references": "https://www.inaturalist.org/photos/256410463",
            "title": null,
            "creator": "ulsterbotany",
            "publisher": "iNaturalist",
            "license": "http://creativecommons.org/licenses/by-nc/4.0/",
            "rightsHolder": "ulsterbotany"
          },
          {
            "url": "https://inaturalist-open-data.s3.amazonaws.com/photos/256410480/original.jpg",
            "references": "https://www.inaturalist.org/photos/256410480",
            "title": null,
            "creator": "ulsterbotany",
            "publisher": "iNaturalist",
            "license": "http://creativecommons.org/licenses/by-nc/4.0/",
            "rightsHolder": "ulsterbotany"
          }
        ]
      }
    },
    {
      "type": "Feature",
      "geometry": {
        "type": "Point",
        "coordinates": [
          -78.628598,
          0.11422
        ]
      },
      "properties": {
        "gbifID": "4407084366",
        "species": "Capsicum lycianthoides",
        "genus": "Capsicum",
        "family": "Solanaceae",
        "scientificName": "Capsicum lycianthoides Bitter",
        "coordinateUncertaintyInMeters": "61.0",
        "basisOfRecord": "HUMAN_OBSERVATION",
        "eventDate": "2021-05-24T12:57",
        "country": null,
        "datasetName": "iNaturalist research-grade observations",
        "publisher": "iNaturalist.org",
        "license": "CC_BY_NC_4_0",
        "issues": [
          "COORDINATE_ROUNDED",
          "CONTINENT_DERIVED_FROM_COORDINATES",
          "TAXON_ID_NOT_FOUND"
        ],
        "media": [
          {
            "url": "https://inaturalist-open-data.s3.amazonaws.com/photos/131617230/original.jpg",
            "references": "https://www.inaturalist.org/photos/131617230",
            "title": null,
            "creator": "David Torres",
            "publisher": "iNaturalist",
            "license": "http://creativecommons.org/licenses/by-nc/4.0/",
            "rightsHolder": "David Torres"
          },
          {
            "url": "https://inaturalist-open-data.s3.amazonaws.com/photos/131617247/original.jpg",
            "references": "https://www.inaturalist.org/photos/131617247",
            "title": null,
            "creator": "David Torres",
            "publisher": "iNaturalist",
            "license": "http://creativecommons.org/licenses/by-nc/4.0/",
            "rightsHolder": "David Torres"
          }
        ]
      }
    },
    {
      "type": "Feature",
      "geometry": {
        "type": "Point",
        "coordinates": [
          -78.626947,
          0.101829
        ]
      },
      "properties": {
        "gbifID": "4974323790",
        "species": "Capsicum lycianthoides",
        "genus": "Capsicum",
        "family": "Solanaceae",
        "scientificName": "Capsicum lycianthoides Bitter",
        "coordinateUncertaintyInMeters": "",
        "basisOfRecord": "HUMAN_OBSERVATION",
        "eventDate": "2024-10-10T13:10",
        "country": null,
        "datasetName": "iNaturalist research-grade observations",
        "publisher": "iNaturalist.org",
        "license": "CC_BY_NC_4_0",
        "issues": [
          "COORDINATE_ROUNDED",
          "CONTINENT_DERIVED_FROM_COORDINATES",
          "TAXON_ID_NOT_FOUND"
        ],
        "media": [
          {
            "url": "https://inaturalist-open-data.s3.amazonaws.com/photos/442245798/original.jpeg",
            "references": "https://www.inaturalist.org/photos/442245798",
            "title": null,
            "creator": "Johannes Klein",
            "publisher": "iNaturalist",
            "license": "http://creativecommons.org/licenses/by-nc/4.0/",
            "rightsHolder": "Johannes Klein"
          },
          {
            "url": "https://inaturalist-open-data.s3.amazonaws.com/photos/442245801/original.jpeg",
            "references": "https://www.inaturalist.org/photos/442245801",
            "title": null,
            "creator": "Johannes Klein",
            "publisher": "iNaturalist",
            "license": "http://creativecommons.org/licenses/by-nc/4.0/",
            "rightsHolder": "Johannes Klein"
          },
          {
            "url": "https://inaturalist-open-data.s3.amazonaws.com/photos/442245800/original.jpeg",
            "references": "https://www.inaturalist.org/photos/442245800",
            "title": null,
            "creator": "Johannes Klein",
            "publisher": "iNaturalist",
            "license": "http://creativecommons.org/licenses/by-nc/4.0/",
            "rightsHolder": "Johannes Klein"
          }
        ]
      }
    },
    {
      "type": "Feature",
      "geometry": {
        "type": "Point",
        "coordinates": [
          -78.684141,
          -0.019787
        ]
      },
      "properties": {
        "gbifID": "4028662646",
        "species": "Capsicum lycianthoides",
        "genus": "Capsicum",
        "family": "Solanaceae",
        "scientificName": "Capsicum lycianthoides Bitter",
        "coordinateUncertaintyInMeters": "",
        "basisOfRecord": "HUMAN_OBSERVATION",
        "eventDate": "2022-12-24T11:58:43",
        "country": null,
        "datasetName": "iNaturalist research-grade observations",
        "publisher": "iNaturalist.org",
        "license": "CC_BY_NC_4_0",
        "issues": [
          "COORDINATE_ROUNDED",
          "CONTINENT_DERIVED_FROM_COORDINATES",
          "TAXON_ID_NOT_FOUND"
        ],
        "media": [
          {
            "url": "https://inaturalist-open-data.s3.amazonaws.com/photos/249285831/original.jpeg",
            "references": "https://www.inaturalist.org/photos/249285831",
            "title": null,
            "creator": "botanicalkatz",
            "publisher": "iNaturalist",
            "license": "http://creativecommons.org/licenses/by-nc/4.0/",
            "rightsHolder": "botanicalkatz"
          },
          {
            "url": "https://inaturalist-open-data.s3.amazonaws.com/photos/249287408/original.jpeg",
            "references": "https://www.inaturalist.org/photos/249287408",
            "title": null,
            "creator": "botanicalkatz",
            "publisher": "iNaturalist",
            "license": "http://creativecommons.org/licenses/by-nc/4.0/",
            "rightsHolder": "botanicalkatz"
          },
          {
            "url": "https://inaturalist-open-data.s3.amazonaws.com/photos/249287621/original.jpeg",
            "references": "https://www.inaturalist.org/photos/249287621",
            "title": null,
            "creator": "botanicalkatz",
            "publisher": "iNaturalist",
            "license": "http://creativecommons.org/licenses/by-nc/4.0/",
            "rightsHolder": "botanicalkatz"
          },
          {
            "url": "https://inaturalist-open-data.s3.amazonaws.com/photos/249298333/original.jpeg",
            "references": "https://www.inaturalist.org/photos/249298333",
            "title": null,
            "creator": "botanicalkatz",
            "publisher": "iNaturalist",
            "license": "http://creativecommons.org/licenses/by-nc/4.0/",
            "rightsHolder": "botanicalkatz"
          },
          {
            "url": "https://inaturalist-open-data.s3.amazonaws.com/photos/249350335/original.jpeg",
            "references": "https://www.inaturalist.org/photos/249350335",
            "title": null,
            "creator": "botanicalkatz",
            "publisher": "iNaturalist",
            "license": "http://creativecommons.org/licenses/by-nc/4.0/",
            "rightsHolder": "botanicalkatz"
          }
        ]
      }
    },
    {
      "type": "Feature",
      "geometry": {
        "type": "Point",
        "coordinates": [
          -78.770387,
          -0.076211
        ]
      },
      "properties": {
        "gbifID": "3985613323",
        "species": "Capsicum lycianthoides",
        "genus": "Capsicum",
        "family": "Solanaceae",
        "scientificName": "Capsicum lycianthoides Bitter",
        "coordinateUncertaintyInMeters": "5.0",
        "basisOfRecord": "HUMAN_OBSERVATION",
        "eventDate": "2019-03-16T12:39:07",
        "country": null,
        "datasetName": "iNaturalist research-grade observations",
        "publisher": "iNaturalist.org",
        "license": "CC_BY_NC_4_0",
        "issues": [
          "COORDINATE_ROUNDED",
          "CONTINENT_DERIVED_FROM_COORDINATES",
          "TAXON_ID_NOT_FOUND"
        ],
        "media": [
          {
            "url": "https://inaturalist-open-data.s3.amazonaws.com/photos/33161715/original.jpg",
            "references": "https://www.inaturalist.org/photos/33161715",
            "title": null,
            "creator": "Camille Plaisance",
            "publisher": "iNaturalist",
            "license": "http://creativecommons.org/licenses/by-nc/4.0/",
            "rightsHolder": "Camille Plaisance"
          },
          {
            "url": "https://inaturalist-open-data.s3.amazonaws.com/photos/33161718/original.jpg",
            "references": "https://www.inaturalist.org/photos/33161718",
            "title": null,
            "creator": "Camille Plaisance",
            "publisher": "iNaturalist",
            "license": "http://creativecommons.org/licenses/by-nc/4.0/",
            "rightsHolder": "Camille Plaisance"
          }
        ]
      }
    },
    {
      "type": "Feature",
      "geometry": {
        "type": "Point",
        "coordinates": [
          -78.763206,
          -0.074575
        ]
      },
      "properties": {
        "gbifID": "3961003309",
        "species": "Capsicum lycianthoides",
        "genus": "Capsicum",
        "family": "Solanaceae",
        "scientificName": "Capsicum lycianthoides Bitter",
        "coordinateUncertaintyInMeters": "5.0",
        "basisOfRecord": "HUMAN_OBSERVATION",
        "eventDate": "2019-02-02T09:57",
        "country": null,
        "datasetName": "iNaturalist research-grade observations",
        "publisher": "iNaturalist.org",
        "license": "CC_BY_NC_4_0",
        "issues": [
          "COORDINATE_ROUNDED",
          "CONTINENT_DERIVED_FROM_COORDINATES",
          "TAXON_ID_NOT_FOUND"
        ],
        "media": [
          {
            "url": "https://inaturalist-open-data.s3.amazonaws.com/photos/32248806/original.jpeg",
            "references": "https://www.inaturalist.org/photos/32248806",
            "title": null,
            "creator": "Damon Tighe",
            "publisher": "iNaturalist",
            "license": "http://creativecommons.org/licenses/by-nc/4.0/",
            "rightsHolder": "Damon Tighe"
          },
          {
            "url": "https://inaturalist-open-data.s3.amazonaws.com/photos/32248811/original.jpeg",
            "references": "https://www.inaturalist.org/photos/32248811",
            "title": null,
            "creator": "Damon Tighe",
            "publisher": "iNaturalist",
            "license": "http://creativecommons.org/licenses/by-nc/4.0/",
            "rightsHolder": "Damon Tighe"
          },
          {
            "url": "https://inaturalist-open-data.s3.amazonaws.com/photos/32248820/original.jpeg",
            "references": "https://www.inaturalist.org/photos/32248820",
            "title": null,
            "creator": "Damon Tighe",
            "publisher": "iNaturalist",
            "license": "http://creativecommons.org/licenses/by-nc/4.0/",
            "rightsHolder": "Damon Tighe"
          }
        ]
      }
    },
    {
      "type": "Feature",
      "geometry": {
        "type": "Point",
        "coordinates": [
          -73.042,
          7.092
        ]
      },
      "properties": {
        "gbifID": "3003777623",
        "species": "Capsicum lycianthoides",
        "genus": "Capsicum",
        "family": "Solanaceae",
        "scientificName": "Capsicum lycianthoides Bitter",
        "coordinateUncertaintyInMeters": "",
        "basisOfRecord": "PRESERVED_SPECIMEN",
        "eventDate": "2002-08-19",
        "country": null,
        "datasetName": "",
        "publisher": "CDMB - Corporación Autónoma Regional Para la Defensa de la Meseta de Bucaramanga",
        "license": "CC_BY_4_0",
        "issues": [
          "CONTINENT_DERIVED_FROM_COORDINATES",
          "INSTITUTION_MATCH_FUZZY"
        ],
        "fallback_media": {
          "url": "https://inaturalist-open-data.s3.amazonaws.com/photos/257818702/original.jpeg",
          "references": "https://www.inaturalist.org/photos/257818702",
          "title": null,
          "creator": "Nolan Exe",
          "publisher": "iNaturalist",
          "license": "http://creativecommons.org/licenses/by/4.0/",
          "rightsHolder": "Nolan Exe"
        }
      }
    },
    {
      "type": "Feature",
      "geometry": {
        "type": "Point",
        "coordinates": [
          -78.763062,
          -0.070369
        ]
      },
      "properties": {
        "gbifID": "5920177828",
        "species": "Capsicum lycianthoides",
        "genus": "Capsicum",
        "family": "Solanaceae",
        "scientificName": "Capsicum lycianthoides Bitter",
        "coordinateUncertaintyInMeters": "4.0",
        "basisOfRecord": "HUMAN_OBSERVATION",
        "eventDate": "2025-06-21T13:25:28",
        "country": null,
        "datasetName": "iNaturalist research-grade observations",
        "publisher": "iNaturalist.org",
        "license": "CC_BY_NC_4_0",
        "issues": [
          "COORDINATE_ROUNDED",
          "CONTINENT_DERIVED_FROM_COORDINATES",
          "TAXON_ID_NOT_FOUND"
        ],
        "media": [
          {
            "url": "https://inaturalist-open-data.s3.amazonaws.com/photos/597092241/original.jpg",
            "references": "https://www.inaturalist.org/photos/597092241",
            "title": null,
            "creator": "Zarek",
            "publisher": "iNaturalist",
            "license": "http://creativecommons.org/licenses/by-nc/4.0/",
            "rightsHolder": "Zarek"
          },
          {
            "url": "https://inaturalist-open-data.s3.amazonaws.com/photos/597092256/original.jpg",
            "references": "https://www.inaturalist.org/photos/597092256",
            "title": null,
            "creator": "Zarek",
            "publisher": "iNaturalist",
            "license": "http://creativecommons.org/licenses/by-nc/4.0/",
            "rightsHolder": "Zarek"
          },
          {
            "url": "https://inaturalist-open-data.s3.amazonaws.com/photos/597092270/original.jpg",
            "references": "https://www.inaturalist.org/photos/597092270",
            "title": null,
            "creator": "Zarek",
            "publisher": "iNaturalist",
            "license": "http://creativecommons.org/licenses/by-nc/4.0/",
            "rightsHolder": "Zarek"
          }
        ]
      }
    },
    {
      "type": "Feature",
      "geometry": {
        "type": "Point",
        "coordinates": [
          -76.215745,
          1.72058
        ]
      },
      "properties": {
        "gbifID": "5897192900",
        "species": "Capsicum lycianthoides",
        "genus": "Capsicum",
        "family": "Solanaceae",
        "scientificName": "Capsicum lycianthoides Bitter",
        "coordinateUncertaintyInMeters": "7.0",
        "basisOfRecord": "HUMAN_OBSERVATION",
        "eventDate": "2025-10-26T14:04:57",
        "country": null,
        "datasetName": "iNaturalist research-grade observations",
        "publisher": "iNaturalist.org",
        "license": "CC_BY_NC_4_0",
        "issues": [
          "CONTINENT_DERIVED_FROM_COORDINATES",
          "TAXON_ID_NOT_FOUND"
        ],
        "media": [
          {
            "url": "https://inaturalist-open-data.s3.amazonaws.com/photos/589456821/original.jpg",
            "references": "https://www.inaturalist.org/photos/589456821",
            "title": null,
            "creator": "Jorge L. Peña",
            "publisher": "iNaturalist",
            "license": "http://creativecommons.org/licenses/by-nc/4.0/",
            "rightsHolder": "Jorge L. Peña"
          },
          {
            "url": "https://inaturalist-open-data.s3.amazonaws.com/photos/589456822/original.jpg",
            "references": "https://www.inaturalist.org/photos/589456822",
            "title": null,
            "creator": "Jorge L. Peña",
            "publisher": "iNaturalist",
            "license": "http://creativecommons.org/licenses/by-nc/4.0/",
            "rightsHolder": "Jorge L. Peña"
          },
          {
            "url": "https://inaturalist-open-data.s3.amazonaws.com/photos/589456818/original.jpg",
            "references": "https://www.inaturalist.org/photos/589456818",
            "title": null,
            "creator": "Jorge L. Peña",
            "publisher": "iNaturalist",
            "license": "http://creativecommons.org/licenses/by-nc/4.0/",
            "rightsHolder": "Jorge L. Peña"
          }
        ]
      }
    },
    {
      "type": "Feature",
      "geometry": {
        "type": "Point",
        "coordinates": [
          -77.98289,
          1.14692
        ]
      },
      "properties": {
        "gbifID": "1099636463",
        "species": "Capsicum lycianthoides",
        "genus": "Capsicum",
        "family": "Solanaceae",
        "scientificName": "Capsicum lycianthoides Bitter",
        "coordinateUncertaintyInMeters": "5125.47",
        "basisOfRecord": "PRESERVED_SPECIMEN",
        "eventDate": "1989-09-25",
        "country": null,
        "datasetName": "",
        "publisher": "Universidad de Nariño",
        "license": "CC0_1_0",
        "issues": [
          "INSTITUTION_MATCH_FUZZY"
        ],
        "fallback_media": {
          "url": "https://inaturalist-open-data.s3.amazonaws.com/photos/257818702/original.jpeg",
          "references": "https://www.inaturalist.org/photos/257818702",
          "title": null,
          "creator": "Nolan Exe",
          "publisher": "iNaturalist",
          "license": "http://creativecommons.org/licenses/by/4.0/",
          "rightsHolder": "Nolan Exe"
        }
      }
    },
    {
      "type": "Feature",
      "geometry": {
        "type": "Point",
        "coordinates": [
          -77.97539,
          1.13688
        ]
      },
      "properties": {
        "gbifID": "1099636714",
        "species": "Capsicum lycianthoides",
        "genus": "Capsicum",
        "family": "Solanaceae",
        "scientificName": "Capsicum lycianthoides Bitter",
        "coordinateUncertaintyInMeters": "7895.71",
        "basisOfRecord": "PRESERVED_SPECIMEN",
        "eventDate": "1990-01-16",
        "country": null,
        "datasetName": "",
        "publisher": "Universidad de Nariño",
        "license": "CC0_1_0",
        "issues": [
          "INSTITUTION_MATCH_FUZZY"
        ],
        "fallback_media": {
          "url": "https://inaturalist-open-data.s3.amazonaws.com/photos/257818702/original.jpeg",
          "references": "https://www.inaturalist.org/photos/257818702",
          "title": null,
          "creator": "Nolan Exe",
          "publisher": "iNaturalist",
          "license": "http://creativecommons.org/licenses/by/4.0/",
          "rightsHolder": "Nolan Exe"
        }
      }
    },
    {
      "type": "Feature",
      "geometry": {
        "type": "Point",
        "coordinates": [
          -77.95092,
          1.09731
        ]
      },
      "properties": {
        "gbifID": "1099636437",
        "species": "Capsicum lycianthoides",
        "genus": "Capsicum",
        "family": "Solanaceae",
        "scientificName": "Capsicum lycianthoides Bitter",
        "coordinateUncertaintyInMeters": "5659.31",
        "basisOfRecord": "PRESERVED_SPECIMEN",
        "eventDate": "1988-07-22",
        "country": null,
        "datasetName": "",
        "publisher": "Universidad de Nariño",
        "license": "CC0_1_0",
        "issues": [
          "INSTITUTION_MATCH_FUZZY"
        ],
        "fallback_media": {
          "url": "https://inaturalist-open-data.s3.amazonaws.com/photos/257818702/original.jpeg",
          "references": "https://www.inaturalist.org/photos/257818702",
          "title": null,
          "creator": "Nolan Exe",
          "publisher": "iNaturalist",
          "license": "http://creativecommons.org/licenses/by/4.0/",
          "rightsHolder": "Nolan Exe"
        }
      }
    },
    {
      "type": "Feature",
      "geometry": {
        "type": "Point",
        "coordinates": [
          -78.615395,
          0.119647
        ]
      },
      "properties": {
        "gbifID": "5909416131",
        "species": "Capsicum lycianthoides",
        "genus": "Capsicum",
        "family": "Solanaceae",
        "scientificName": "Capsicum lycianthoides Bitter",
        "coordinateUncertaintyInMeters": "5.0",
        "basisOfRecord": "HUMAN_OBSERVATION",
        "eventDate": "2025-11-23T10:48:12",
        "country": null,
        "datasetName": "iNaturalist research-grade observations",
        "publisher": "iNaturalist.org",
        "license": "CC_BY_NC_4_0",
        "issues": [
          "COORDINATE_ROUNDED",
          "CONTINENT_DERIVED_FROM_COORDINATES",
          "TAXON_ID_NOT_FOUND"
        ],
        "media": [
          {
            "url": "https://inaturalist-open-data.s3.amazonaws.com/photos/594853750/original.jpg",
            "references": "https://www.inaturalist.org/photos/594853750",
            "title": null,
            "creator": "Vanesa Cruz Jumbo",
            "publisher": "iNaturalist",
            "license": "http://creativecommons.org/licenses/by-nc/4.0/",
            "rightsHolder": "Vanesa Cruz Jumbo"
          },
          {
            "url": "https://inaturalist-open-data.s3.amazonaws.com/photos/594853826/original.jpg",
            "references": "https://www.inaturalist.org/photos/594853826",
            "title": null,
            "creator": "Vanesa Cruz Jumbo",
            "publisher": "iNaturalist",
            "license": "http://creativecommons.org/licenses/by-nc/4.0/",
            "rightsHolder": "Vanesa Cruz Jumbo"
          },
          {
            "url": "https://inaturalist-open-data.s3.amazonaws.com/photos/594853980/original.jpg",
            "references": "https://www.inaturalist.org/photos/594853980",
            "title": null,
            "creator": "Vanesa Cruz Jumbo",
            "publisher": "iNaturalist",
            "license": "http://creativecommons.org/licenses/by-nc/4.0/",
            "rightsHolder": "Vanesa Cruz Jumbo"
          }
        ]
      }
    },
    {
      "type": "Feature",
      "geometry": {
        "type": "Point",
        "coordinates": [
          -78.758967,
          -0.06329
        ]
      },
      "properties": {
        "gbifID": "6130627668",
        "species": "Capsicum lycianthoides",
        "genus": "Capsicum",
        "family": "Solanaceae",
        "scientificName": "Capsicum lycianthoides Bitter",
        "coordinateUncertaintyInMeters": "6.0",
        "basisOfRecord": "HUMAN_OBSERVATION",
        "eventDate": "2026-01-15T12:10:21",
        "country": null,
        "datasetName": "iNaturalist research-grade observations",
        "publisher": "iNaturalist.org",
        "license": "CC_BY_4_0",
        "issues": [
          "COORDINATE_ROUNDED",
          "CONTINENT_DERIVED_FROM_COORDINATES",
          "TAXON_ID_NOT_FOUND"
        ],
        "media": [
          {
            "url": "https://inaturalist-open-data.s3.amazonaws.com/photos/608220066/original.jpg",
            "references": "https://www.inaturalist.org/photos/608220066",
            "title": null,
            "creator": "Anna Hess",
            "publisher": "iNaturalist",
            "license": "http://creativecommons.org/licenses/by/4.0/",
            "rightsHolder": "Anna Hess"
          },
          {
            "url": "https://inaturalist-open-data.s3.amazonaws.com/photos/608220103/original.jpg",
            "references": "https://www.inaturalist.org/photos/608220103",
            "title": null,
            "creator": "Anna Hess",
            "publisher": "iNaturalist",
            "license": "http://creativecommons.org/licenses/by/4.0/",
            "rightsHolder": "Anna Hess"
          }
        ]
      }
    },
    {
      "type": "Feature",
      "geometry": {
        "type": "Point",
        "coordinates": [
          -78.77055,
          -0.075667
        ]
      },
      "properties": {
        "gbifID": "6131123246",
        "species": "Capsicum lycianthoides",
        "genus": "Capsicum",
        "family": "Solanaceae",
        "scientificName": "Capsicum lycianthoides Bitter",
        "coordinateUncertaintyInMeters": "",
        "basisOfRecord": "HUMAN_OBSERVATION",
        "eventDate": "2026-01-07T09:41",
        "country": null,
        "datasetName": "iNaturalist research-grade observations",
        "publisher": "iNaturalist.org",
        "license": "CC0_1_0",
        "issues": [
          "COORDINATE_ROUNDED",
          "CONTINENT_DERIVED_FROM_COORDINATES",
          "TAXON_ID_NOT_FOUND"
        ],
        "media": [
          {
            "url": "https://inaturalist-open-data.s3.amazonaws.com/photos/606434495/original.jpg",
            "references": "https://www.inaturalist.org/photos/606434495",
            "title": null,
            "creator": "davidenrique",
            "publisher": "iNaturalist",
            "license": "http://creativecommons.org/licenses/by-nc-sa/4.0/",
            "rightsHolder": "davidenrique"
          },
          {
            "url": "https://inaturalist-open-data.s3.amazonaws.com/photos/606434484/original.jpg",
            "references": "https://www.inaturalist.org/photos/606434484",
            "title": null,
            "creator": "davidenrique",
            "publisher": "iNaturalist",
            "license": "http://creativecommons.org/licenses/by-nc-sa/4.0/",
            "rightsHolder": "davidenrique"
          },
          {
            "url": "https://inaturalist-open-data.s3.amazonaws.com/photos/606434499/original.jpg",
            "references": "https://www.inaturalist.org/photos/606434499",
            "title": null,
            "creator": "davidenrique",
            "publisher": "iNaturalist",
            "license": "http://creativecommons.org/licenses/by-nc-sa/4.0/",
            "rightsHolder": "davidenrique"
          }
        ]
      }
    },
    {
      "type": "Feature",
      "geometry": {
        "type": "Point",
        "coordinates": [
          -78.628339,
          0.120852
        ]
      },
      "properties": {
        "gbifID": "6179268700",
        "species": "Capsicum lycianthoides",
        "genus": "Capsicum",
        "family": "Solanaceae",
        "scientificName": "Capsicum lycianthoides Bitter",
        "coordinateUncertaintyInMeters": "17.0",
        "basisOfRecord": "HUMAN_OBSERVATION",
        "eventDate": "2026-02-06T17:35:05",
        "country": null,
        "datasetName": "iNaturalist research-grade observations",
        "publisher": "iNaturalist.org",
        "license": "CC_BY_NC_4_0",
        "issues": [
          "COORDINATE_ROUNDED",
          "CONTINENT_DERIVED_FROM_COORDINATES",
          "TAXON_ID_NOT_FOUND"
        ],
        "fallback_media": {
          "url": "https://inaturalist-open-data.s3.amazonaws.com/photos/257818702/original.jpeg",
          "references": "https://www.inaturalist.org/photos/257818702",
          "title": null,
          "creator": "Nolan Exe",
          "publisher": "iNaturalist",
          "license": "http://creativecommons.org/licenses/by/4.0/",
          "rightsHolder": "Nolan Exe"
        }
      }
    },
    {
      "type": "Feature",
      "geometry": {
        "type": "Point",
        "coordinates": [
          -75.483333,
          6.3
        ]
      },
      "properties": {
        "gbifID": "1062304844",
        "species": "Capsicum lycianthoides",
        "genus": "Capsicum",
        "family": "Solanaceae",
        "scientificName": "Capsicum lycianthoides Bitter",
        "coordinateUncertaintyInMeters": "1962.0",
        "basisOfRecord": "PRESERVED_SPECIMEN",
        "eventDate": "1994-08-13",
        "country": null,
        "datasetName": "",
        "publisher": "Universidad Industrial de Santander",
        "license": "CC0_1_0",
        "issues": [
          "COORDINATE_ROUNDED",
          "INSTITUTION_MATCH_FUZZY",
          "COLLECTION_MATCH_FUZZY"
        ],
        "fallback_media": {
          "url": "https://inaturalist-open-data.s3.amazonaws.com/photos/257818702/original.jpeg",
          "references": "https://www.inaturalist.org/photos/257818702",
          "title": null,
          "creator": "Nolan Exe",
          "publisher": "iNaturalist",
          "license": "http://creativecommons.org/licenses/by/4.0/",
          "rightsHolder": "Nolan Exe"
        }
      }
    },
    {
      "type": "Feature",
      "geometry": {
        "type": "Point",
        "coordinates": [
          -76.662453,
          3.327244
        ]
      },
      "properties": {
        "gbifID": "4171333114",
        "species": "Capsicum lycianthoides",
        "genus": "Capsicum",
        "family": "Solanaceae",
        "scientificName": "Capsicum lycianthoides Bitter",
        "coordinateUncertaintyInMeters": "",
        "basisOfRecord": "HUMAN_OBSERVATION",
        "eventDate": "2023-06-04T11:59:51",
        "country": null,
        "datasetName": "iNaturalist research-grade observations",
        "publisher": "iNaturalist.org",
        "license": "CC_BY_4_0",
        "issues": [
          "COORDINATE_ROUNDED",
          "CONTINENT_DERIVED_FROM_COORDINATES",
          "TAXON_ID_NOT_FOUND"
        ],
        "media": [
          {
            "url": "https://inaturalist-open-data.s3.amazonaws.com/photos/299100518/original.jpeg",
            "references": "https://www.inaturalist.org/photos/299100518",
            "title": null,
            "creator": "coyote",
            "publisher": "iNaturalist",
            "license": "http://creativecommons.org/licenses/by-nc/4.0/",
            "rightsHolder": "coyote"
          },
          {
            "url": "https://inaturalist-open-data.s3.amazonaws.com/photos/299100541/original.jpeg",
            "references": "https://www.inaturalist.org/photos/299100541",
            "title": null,
            "creator": "coyote",
            "publisher": "iNaturalist",
            "license": "http://creativecommons.org/licenses/by-nc/4.0/",
            "rightsHolder": "coyote"
          },
          {
            "url": "https://inaturalist-open-data.s3.amazonaws.com/photos/299100563/original.jpeg",
            "references": "https://www.inaturalist.org/photos/299100563",
            "title": null,
            "creator": "coyote",
            "publisher": "iNaturalist",
            "license": "http://creativecommons.org/licenses/by-nc/4.0/",
            "rightsHolder": "coyote"
          },
          {
            "url": "https://inaturalist-open-data.s3.amazonaws.com/photos/299100578/original.jpeg",
            "references": "https://www.inaturalist.org/photos/299100578",
            "title": null,
            "creator": "coyote",
            "publisher": "iNaturalist",
            "license": "http://creativecommons.org/licenses/by-nc/4.0/",
            "rightsHolder": "coyote"
          }
        ]
      }
    },
    {
      "type": "Feature",
      "geometry": {
        "type": "Point",
        "coordinates": [
          -78.761076,
          -0.081913
        ]
      },
      "properties": {
        "gbifID": "4872246214",
        "species": "Capsicum lycianthoides",
        "genus": "Capsicum",
        "family": "Solanaceae",
        "scientificName": "Capsicum lycianthoides Bitter",
        "coordinateUncertaintyInMeters": "1065.0",
        "basisOfRecord": "HUMAN_OBSERVATION",
        "eventDate": "2024-04-14T11:15",
        "country": null,
        "datasetName": "iNaturalist research-grade observations",
        "publisher": "iNaturalist.org",
        "license": "CC_BY_NC_4_0",
        "issues": [
          "COORDINATE_ROUNDED",
          "CONTINENT_DERIVED_FROM_COORDINATES",
          "TAXON_ID_NOT_FOUND"
        ],
        "media": [
          {
            "url": "https://inaturalist-open-data.s3.amazonaws.com/photos/378751813/original.jpeg",
            "references": "https://www.inaturalist.org/photos/378751813",
            "title": null,
            "creator": "Riley Fortier",
            "publisher": "iNaturalist",
            "license": "http://creativecommons.org/licenses/by-nc/4.0/",
            "rightsHolder": "Riley Fortier"
          },
          {
            "url": "https://inaturalist-open-data.s3.amazonaws.com/photos/378751797/original.jpeg",
            "references": "https://www.inaturalist.org/photos/378751797",
            "title": null,
            "creator": "Riley Fortier",
            "publisher": "iNaturalist",
            "license": "http://creativecommons.org/licenses/by-nc/4.0/",
            "rightsHolder": "Riley Fortier"
          }
        ]
      }
    },
    {
      "type": "Feature",
      "geometry": {
        "type": "Point",
        "coordinates": [
          -78.468786,
          -2.591246
        ]
      },
      "properties": {
        "gbifID": "5217425466",
        "species": "Capsicum lycianthoides",
        "genus": "Capsicum",
        "family": "Solanaceae",
        "scientificName": "Capsicum lycianthoides Bitter",
        "coordinateUncertaintyInMeters": "10.0",
        "basisOfRecord": "HUMAN_OBSERVATION",
        "eventDate": "2024-07-26T12:25:15",
        "country": null,
        "datasetName": "iNaturalist research-grade observations",
        "publisher": "iNaturalist.org",
        "license": "CC_BY_NC_4_0",
        "issues": [
          "COORDINATE_ROUNDED",
          "CONTINENT_DERIVED_FROM_COORDINATES",
          "TAXON_ID_NOT_FOUND"
        ],
        "media": [
          {
            "url": "https://inaturalist-open-data.s3.amazonaws.com/photos/530442145/original.jpg",
            "references": "https://www.inaturalist.org/photos/530442145",
            "title": null,
            "creator": "Nelson Espinosa-Ortega",
            "publisher": "iNaturalist",
            "license": "http://creativecommons.org/licenses/by-nc/4.0/",
            "rightsHolder": "Nelson Espinosa-Ortega"
          },
          {
            "url": "https://inaturalist-open-data.s3.amazonaws.com/photos/530442173/original.jpg",
            "references": "https://www.inaturalist.org/photos/530442173",
            "title": null,
            "creator": "Nelson Espinosa-Ortega",
            "publisher": "iNaturalist",
            "license": "http://creativecommons.org/licenses/by-nc/4.0/",
            "rightsHolder": "Nelson Espinosa-Ortega"
          },
          {
            "url": "https://inaturalist-open-data.s3.amazonaws.com/photos/530442212/original.jpg",
            "references": "https://www.inaturalist.org/photos/530442212",
            "title": null,
            "creator": "Nelson Espinosa-Ortega",
            "publisher": "iNaturalist",
            "license": "http://creativecommons.org/licenses/by-nc/4.0/",
            "rightsHolder": "Nelson Espinosa-Ortega"
          },
          {
            "url": "https://inaturalist-open-data.s3.amazonaws.com/photos/530442253/original.jpg",
            "references": "https://www.inaturalist.org/photos/530442253",
            "title": null,
            "creator": "Nelson Espinosa-Ortega",
            "publisher": "iNaturalist",
            "license": "http://creativecommons.org/licenses/by-nc/4.0/",
            "rightsHolder": "Nelson Espinosa-Ortega"
          },
          {
            "url": "https://inaturalist-open-data.s3.amazonaws.com/photos/530442314/original.jpg",
            "references": "https://www.inaturalist.org/photos/530442314",
            "title": null,
            "creator": "Nelson Espinosa-Ortega",
            "publisher": "iNaturalist",
            "license": "http://creativecommons.org/licenses/by-nc/4.0/",
            "rightsHolder": "Nelson Espinosa-Ortega"
          }
        ]
      }
    },
    {
      "type": "Feature",
      "geometry": {
        "type": "Point",
        "coordinates": [
          -78.758099,
          -0.024152
        ]
      },
      "properties": {
        "gbifID": "6179504826",
        "species": "Capsicum lycianthoides",
        "genus": "Capsicum",
        "family": "Solanaceae",
        "scientificName": "Capsicum lycianthoides Bitter",
        "coordinateUncertaintyInMeters": "265.0",
        "basisOfRecord": "HUMAN_OBSERVATION",
        "eventDate": "2017-12-25",
        "country": null,
        "datasetName": "iNaturalist research-grade observations",
        "publisher": "iNaturalist.org",
        "license": "CC_BY_NC_4_0",
        "issues": [
          "CONTINENT_DERIVED_FROM_COORDINATES",
          "TAXON_ID_NOT_FOUND"
        ],
        "media": [
          {
            "url": "https://inaturalist-open-data.s3.amazonaws.com/photos/622786672/original.jpg",
            "references": "https://www.inaturalist.org/photos/622786672",
            "title": null,
            "creator": "Stephanie Lyon",
            "publisher": "iNaturalist",
            "license": "http://creativecommons.org/licenses/by-nc/4.0/",
            "rightsHolder": "Stephanie Lyon"
          },
          {
            "url": "https://inaturalist-open-data.s3.amazonaws.com/photos/622786673/original.jpg",
            "references": "https://www.inaturalist.org/photos/622786673",
            "title": null,
            "creator": "Stephanie Lyon",
            "publisher": "iNaturalist",
            "license": "http://creativecommons.org/licenses/by-nc/4.0/",
            "rightsHolder": "Stephanie Lyon"
          },
          {
            "url": "https://inaturalist-open-data.s3.amazonaws.com/photos/622786680/original.jpg",
            "references": "https://www.inaturalist.org/photos/622786680",
            "title": null,
            "creator": "Stephanie Lyon",
            "publisher": "iNaturalist",
            "license": "http://creativecommons.org/licenses/by-nc/4.0/",
            "rightsHolder": "Stephanie Lyon"
          },
          {
            "url": "https://inaturalist-open-data.s3.amazonaws.com/photos/622786691/original.jpg",
            "references": "https://www.inaturalist.org/photos/622786691",
            "title": null,
            "creator": "Stephanie Lyon",
            "publisher": "iNaturalist",
            "license": "http://creativecommons.org/licenses/by-nc/4.0/",
            "rightsHolder": "Stephanie Lyon"
          },
          {
            "url": "https://inaturalist-open-data.s3.amazonaws.com/photos/622786687/original.jpg",
            "references": "https://www.inaturalist.org/photos/622786687",
            "title": null,
            "creator": "Stephanie Lyon",
            "publisher": "iNaturalist",
            "license": "http://creativecommons.org/licenses/by-nc/4.0/",
            "rightsHolder": "Stephanie Lyon"
          },
          {
            "url": "https://inaturalist-open-data.s3.amazonaws.com/photos/622786697/original.jpg",
            "references": "https://www.inaturalist.org/photos/622786697",
            "title": null,
            "creator": "Stephanie Lyon",
            "publisher": "iNaturalist",
            "license": "http://creativecommons.org/licenses/by-nc/4.0/",
            "rightsHolder": "Stephanie Lyon"
          }
        ]
      }
    },
    {
      "type": "Feature",
      "geometry": {
        "type": "Point",
        "coordinates": [
          -78.628798,
          0.122644
        ]
      },
      "properties": {
        "gbifID": "6162990996",
        "species": "Capsicum lycianthoides",
        "genus": "Capsicum",
        "family": "Solanaceae",
        "scientificName": "Capsicum lycianthoides Bitter",
        "coordinateUncertaintyInMeters": "599.0",
        "basisOfRecord": "HUMAN_OBSERVATION",
        "eventDate": "2026-02-23T07:20",
        "country": null,
        "datasetName": "iNaturalist research-grade observations",
        "publisher": "iNaturalist.org",
        "license": "CC_BY_NC_4_0",
        "issues": [
          "COORDINATE_ROUNDED",
          "CONTINENT_DERIVED_FROM_COORDINATES",
          "TAXON_ID_NOT_FOUND"
        ],
        "media": [
          {
            "url": "https://inaturalist-open-data.s3.amazonaws.com/photos/618413230/original.jpg",
            "references": "https://www.inaturalist.org/photos/618413230",
            "title": null,
            "creator": "Nate Sprague",
            "publisher": "iNaturalist",
            "license": "http://creativecommons.org/licenses/by-nc/4.0/",
            "rightsHolder": "Nate Sprague"
          },
          {
            "url": "https://inaturalist-open-data.s3.amazonaws.com/photos/618413268/original.jpg",
            "references": "https://www.inaturalist.org/photos/618413268",
            "title": null,
            "creator": "Nate Sprague",
            "publisher": "iNaturalist",
            "license": "http://creativecommons.org/licenses/by-nc/4.0/",
            "rightsHolder": "Nate Sprague"
          },
          {
            "url": "https://inaturalist-open-data.s3.amazonaws.com/photos/618413251/original.jpg",
            "references": "https://www.inaturalist.org/photos/618413251",
            "title": null,
            "creator": "Nate Sprague",
            "publisher": "iNaturalist",
            "license": "http://creativecommons.org/licenses/by-nc/4.0/",
            "rightsHolder": "Nate Sprague"
          },
          {
            "url": "https://inaturalist-open-data.s3.amazonaws.com/photos/618413252/original.jpg",
            "references": "https://www.inaturalist.org/photos/618413252",
            "title": null,
            "creator": "Nate Sprague",
            "publisher": "iNaturalist",
            "license": "http://creativecommons.org/licenses/by-nc/4.0/",
            "rightsHolder": "Nate Sprague"
          },
          {
            "url": "https://inaturalist-open-data.s3.amazonaws.com/photos/618413273/original.jpg",
            "references": "https://www.inaturalist.org/photos/618413273",
            "title": null,
            "creator": "Nate Sprague",
            "publisher": "iNaturalist",
            "license": "http://creativecommons.org/licenses/by-nc/4.0/",
            "rightsHolder": "Nate Sprague"
          },
          {
            "url": "https://inaturalist-open-data.s3.amazonaws.com/photos/618413277/original.jpg",
            "references": "https://www.inaturalist.org/photos/618413277",
            "title": null,
            "creator": "Nate Sprague",
            "publisher": "iNaturalist",
            "license": "http://creativecommons.org/licenses/by-nc/4.0/",
            "rightsHolder": "Nate Sprague"
          }
        ]
      }
    },
    {
      "type": "Feature",
      "geometry": {
        "type": "Point",
        "coordinates": [
          -78.853143,
          0.157743
        ]
      },
      "properties": {
        "gbifID": "6234357932",
        "species": "Capsicum lycianthoides",
        "genus": "Capsicum",
        "family": "Solanaceae",
        "scientificName": "Capsicum lycianthoides Bitter",
        "coordinateUncertaintyInMeters": "2.0",
        "basisOfRecord": "HUMAN_OBSERVATION",
        "eventDate": "2026-01-29T20:01",
        "country": null,
        "datasetName": "iNaturalist research-grade observations",
        "publisher": "iNaturalist.org",
        "license": "CC_BY_NC_4_0",
        "issues": [
          "COORDINATE_ROUNDED",
          "CONTINENT_DERIVED_FROM_COORDINATES",
          "TAXON_ID_NOT_FOUND"
        ],
        "media": [
          {
            "url": "https://inaturalist-open-data.s3.amazonaws.com/photos/639289807/original.jpg",
            "references": "https://www.inaturalist.org/photos/639289807",
            "title": null,
            "creator": "Caleb Villar",
            "publisher": "iNaturalist",
            "license": "http://creativecommons.org/licenses/by-nc/4.0/",
            "rightsHolder": "Caleb Villar"
          },
          {
            "url": "https://inaturalist-open-data.s3.amazonaws.com/photos/639289812/original.jpg",
            "references": "https://www.inaturalist.org/photos/639289812",
            "title": null,
            "creator": "Caleb Villar",
            "publisher": "iNaturalist",
            "license": "http://creativecommons.org/licenses/by-nc/4.0/",
            "rightsHolder": "Caleb Villar"
          },
          {
            "url": "https://inaturalist-open-data.s3.amazonaws.com/photos/639289801/original.jpg",
            "references": "https://www.inaturalist.org/photos/639289801",
            "title": null,
            "creator": "Caleb Villar",
            "publisher": "iNaturalist",
            "license": "http://creativecommons.org/licenses/by-nc/4.0/",
            "rightsHolder": "Caleb Villar"
          },
          {
            "url": "https://inaturalist-open-data.s3.amazonaws.com/photos/639289895/original.jpg",
            "references": "https://www.inaturalist.org/photos/639289895",
            "title": null,
            "creator": "Caleb Villar",
            "publisher": "iNaturalist",
            "license": "http://creativecommons.org/licenses/by-nc/4.0/",
            "rightsHolder": "Caleb Villar"
          },
          {
            "url": "https://inaturalist-open-data.s3.amazonaws.com/photos/639289863/original.jpg",
            "references": "https://www.inaturalist.org/photos/639289863",
            "title": null,
            "creator": "Caleb Villar",
            "publisher": "iNaturalist",
            "license": "http://creativecommons.org/licenses/by-nc/4.0/",
            "rightsHolder": "Caleb Villar"
          },
          {
            "url": "https://inaturalist-open-data.s3.amazonaws.com/photos/639289866/original.jpg",
            "references": "https://www.inaturalist.org/photos/639289866",
            "title": null,
            "creator": "Caleb Villar",
            "publisher": "iNaturalist",
            "license": "http://creativecommons.org/licenses/by-nc/4.0/",
            "rightsHolder": "Caleb Villar"
          },
          {
            "url": "https://inaturalist-open-data.s3.amazonaws.com/photos/639289860/original.jpg",
            "references": "https://www.inaturalist.org/photos/639289860",
            "title": null,
            "creator": "Caleb Villar",
            "publisher": "iNaturalist",
            "license": "http://creativecommons.org/licenses/by-nc/4.0/",
            "rightsHolder": "Caleb Villar"
          }
        ]
      }
    },
    {
      "type": "Feature",
      "geometry": {
        "type": "Point",
        "coordinates": [
          -79.051173,
          -5.922344
        ]
      },
      "properties": {
        "gbifID": "6178697940",
        "species": "Capsicum lycianthoides",
        "genus": "Capsicum",
        "family": "Solanaceae",
        "scientificName": "Capsicum lycianthoides Bitter",
        "coordinateUncertaintyInMeters": "59.0",
        "basisOfRecord": "HUMAN_OBSERVATION",
        "eventDate": "2026-02-13T06:29:48",
        "country": null,
        "datasetName": "iNaturalist research-grade observations",
        "publisher": "iNaturalist.org",
        "license": "CC_BY_NC_4_0",
        "issues": [
          "COORDINATE_ROUNDED",
          "CONTINENT_DERIVED_FROM_COORDINATES",
          "TAXON_ID_NOT_FOUND"
        ],
        "media": [
          {
            "url": "https://inaturalist-open-data.s3.amazonaws.com/photos/625446499/original.jpg",
            "references": "https://www.inaturalist.org/photos/625446499",
            "title": null,
            "creator": "Carlos Pérez Peña",
            "publisher": "iNaturalist",
            "license": "http://creativecommons.org/licenses/by-nc/4.0/",
            "rightsHolder": "Carlos Pérez Peña"
          },
          {
            "url": "https://inaturalist-open-data.s3.amazonaws.com/photos/625446528/original.jpg",
            "references": "https://www.inaturalist.org/photos/625446528",
            "title": null,
            "creator": "Carlos Pérez Peña",
            "publisher": "iNaturalist",
            "license": "http://creativecommons.org/licenses/by-nc/4.0/",
            "rightsHolder": "Carlos Pérez Peña"
          }
        ]
      }
    },
    {
      "type": "Feature",
      "geometry": {
        "type": "Point",
        "coordinates": [
          -75.6375,
          4.678056
        ]
      },
      "properties": {
        "gbifID": "1934713622",
        "species": "Capsicum lycianthoides",
        "genus": "Capsicum",
        "family": "Solanaceae",
        "scientificName": "Capsicum lycianthoides Bitter",
        "coordinateUncertaintyInMeters": "4267.0",
        "basisOfRecord": "PRESERVED_SPECIMEN",
        "eventDate": "2002-08-01",
        "country": null,
        "datasetName": "Datos Depurados/sistematizados por Expedición por la historia - ColombiaBio",
        "publisher": "Universidad Nacional de Colombia",
        "license": "CC_BY_4_0",
        "issues": [
          "COORDINATE_ROUNDED"
        ],
        "fallback_media": {
          "url": "https://inaturalist-open-data.s3.amazonaws.com/photos/257818702/original.jpeg",
          "references": "https://www.inaturalist.org/photos/257818702",
          "title": null,
          "creator": "Nolan Exe",
          "publisher": "iNaturalist",
          "license": "http://creativecommons.org/licenses/by/4.0/",
          "rightsHolder": "Nolan Exe"
        }
      }
    },
    {
      "type": "Feature",
      "geometry": {
        "type": "Point",
        "coordinates": [
          -75.533333,
          4.7
        ]
      },
      "properties": {
        "gbifID": "1898897913",
        "species": "Capsicum lycianthoides",
        "genus": "Capsicum",
        "family": "Solanaceae",
        "scientificName": "Capsicum lycianthoides Bitter",
        "coordinateUncertaintyInMeters": "",
        "basisOfRecord": "PRESERVED_SPECIMEN",
        "eventDate": "1992-02-20",
        "country": null,
        "datasetName": "Datos Depurados/sistematizados por Expedición por la historia - ColombiaBio",
        "publisher": "Universidad Nacional de Colombia",
        "license": "CC_BY_4_0",
        "issues": [
          "GEODETIC_DATUM_ASSUMED_WGS84"
        ],
        "fallback_media": {
          "url": "https://inaturalist-open-data.s3.amazonaws.com/photos/257818702/original.jpeg",
          "references": "https://www.inaturalist.org/photos/257818702",
          "title": null,
          "creator": "Nolan Exe",
          "publisher": "iNaturalist",
          "license": "http://creativecommons.org/licenses/by/4.0/",
          "rightsHolder": "Nolan Exe"
        }
      }
    },
    {
      "type": "Feature",
      "geometry": {
        "type": "Point",
        "coordinates": [
          -76.14654,
          4.77568
        ]
      },
      "properties": {
        "gbifID": "1890993726",
        "species": "Capsicum lycianthoides",
        "genus": "Capsicum",
        "family": "Solanaceae",
        "scientificName": "Capsicum lycianthoides Bitter",
        "coordinateUncertaintyInMeters": "1435.21",
        "basisOfRecord": "PRESERVED_SPECIMEN",
        "eventDate": "1983-01-22",
        "country": null,
        "datasetName": "Datos Depurados/sistematizados por Expedición por la historia - ColombiaBio",
        "publisher": "Universidad Nacional de Colombia",
        "license": "CC_BY_4_0",
        "issues": [],
        "fallback_media": {
          "url": "https://inaturalist-open-data.s3.amazonaws.com/photos/257818702/original.jpeg",
          "references": "https://www.inaturalist.org/photos/257818702",
          "title": null,
          "creator": "Nolan Exe",
          "publisher": "iNaturalist",
          "license": "http://creativecommons.org/licenses/by/4.0/",
          "rightsHolder": "Nolan Exe"
        }
      }
    },
    {
      "type": "Feature",
      "geometry": {
        "type": "Point",
        "coordinates": [
          -76.621208,
          3.528014
        ]
      },
      "properties": {
        "gbifID": "1934707880",
        "species": "Capsicum lycianthoides",
        "genus": "Capsicum",
        "family": "Solanaceae",
        "scientificName": "Capsicum lycianthoides Bitter",
        "coordinateUncertaintyInMeters": "11461.0",
        "basisOfRecord": "PRESERVED_SPECIMEN",
        "eventDate": "2010-02-14",
        "country": null,
        "datasetName": "Datos Depurados/sistematizados por Expedición por la historia - ColombiaBio",
        "publisher": "Universidad Nacional de Colombia",
        "license": "CC_BY_4_0",
        "issues": [],
        "fallback_media": {
          "url": "https://inaturalist-open-data.s3.amazonaws.com/photos/257818702/original.jpeg",
          "references": "https://www.inaturalist.org/photos/257818702",
          "title": null,
          "creator": "Nolan Exe",
          "publisher": "iNaturalist",
          "license": "http://creativecommons.org/licenses/by/4.0/",
          "rightsHolder": "Nolan Exe"
        }
      }
    },
    {
      "type": "Feature",
      "geometry": {
        "type": "Point",
        "coordinates": [
          -75.68676,
          4.60351
        ]
      },
      "properties": {
        "gbifID": "1898874163",
        "species": "Capsicum lycianthoides",
        "genus": "Capsicum",
        "family": "Solanaceae",
        "scientificName": "Capsicum lycianthoides Bitter",
        "coordinateUncertaintyInMeters": "2511.1",
        "basisOfRecord": "PRESERVED_SPECIMEN",
        "eventDate": "1979-06-12",
        "country": null,
        "datasetName": "Datos Depurados/sistematizados por Expedición por la historia - ColombiaBio",
        "publisher": "Universidad Nacional de Colombia",
        "license": "CC_BY_4_0",
        "issues": [],
        "fallback_media": {
          "url": "https://inaturalist-open-data.s3.amazonaws.com/photos/257818702/original.jpeg",
          "references": "https://www.inaturalist.org/photos/257818702",
          "title": null,
          "creator": "Nolan Exe",
          "publisher": "iNaturalist",
          "license": "http://creativecommons.org/licenses/by/4.0/",
          "rightsHolder": "Nolan Exe"
        }
      }
    },
    {
      "type": "Feature",
      "geometry": {
        "type": "Point",
        "coordinates": [
          -73.633331,
          1.2
        ]
      },
      "properties": {
        "gbifID": "1898914790",
        "species": "Capsicum lycianthoides",
        "genus": "Capsicum",
        "family": "Solanaceae",
        "scientificName": "Capsicum lycianthoides Bitter",
        "coordinateUncertaintyInMeters": "",
        "basisOfRecord": "PRESERVED_SPECIMEN",
        "eventDate": "1994",
        "country": null,
        "datasetName": "Datos Depurados/sistematizados por Expedición por la historia - ColombiaBio",
        "publisher": "Universidad Nacional de Colombia",
        "license": "CC_BY_4_0",
        "issues": [
          "RECORDED_DATE_MISMATCH",
          "GEODETIC_DATUM_ASSUMED_WGS84"
        ],
        "fallback_media": {
          "url": "https://inaturalist-open-data.s3.amazonaws.com/photos/257818702/original.jpeg",
          "references": "https://www.inaturalist.org/photos/257818702",
          "title": null,
          "creator": "Nolan Exe",
          "publisher": "iNaturalist",
          "license": "http://creativecommons.org/licenses/by/4.0/",
          "rightsHolder": "Nolan Exe"
        }
      }
    }
  ]
}
