{
  "type": "FeatureCollection",
  "metadata": {
    "host_taxon": {
      "canonical_name": "Solanum accrescens",
      "rank": "species",
      "family": "Solanaceae",
      "genus": "Solanum",
      "species": "Solanum accrescens",
      "slug": "species_solanum_accrescens",
      "resolvable_to_gbif": true,
      "use_for_default_download": true,
      "association_count": 2,
      "butterfly_taxa": [
        "Hyalyris excelsa",
        "Hypothyris lycaste"
      ],
      "confidence_counts": {
        "medium": 2
      },
      "occurrence_file": "occurrences/species_solanum_accrescens.geojson",
      "gbif_resolution": {
        "query": "Solanum accrescens",
        "rank": "species",
        "status": "resolved",
        "gbif_taxon_key": 2930938,
        "accepted_usage_key": null,
        "scientific_name": "Solanum accrescens Standl. & C.V.Morton",
        "canonical_name": "Solanum accrescens",
        "gbif_rank": "SPECIES",
        "taxonomic_status": "ACCEPTED",
        "match_type": "EXACT",
        "confidence": 100,
        "kingdom": "Plantae",
        "family": "Solanaceae",
        "genus": "Solanum",
        "resolved_at": "2026-05-21T03:59:18+00:00"
      },
      "gbif_taxon_key": 2930938,
      "gbif_status": "resolved",
      "occurrence_count": 0,
      "occurrence_mode": "not_generated",
      "occurrence_cap": null
    },
    "gbif_resolution": {
      "query": "Solanum accrescens",
      "rank": "species",
      "status": "resolved",
      "gbif_taxon_key": 2930938,
      "accepted_usage_key": null,
      "scientific_name": "Solanum accrescens Standl. & C.V.Morton",
      "canonical_name": "Solanum accrescens",
      "gbif_rank": "SPECIES",
      "taxonomic_status": "ACCEPTED",
      "match_type": "EXACT",
      "confidence": 100,
      "kingdom": "Plantae",
      "family": "Solanaceae",
      "genus": "Solanum",
      "resolved_at": "2026-05-21T03:59:18+00:00"
    },
    "occurrence_query": {
      "method": "gbif_download_api",
      "download_key": "0004690-260519110011954",
      "download_doi": "10.15468/dl.s2gcc3",
      "download_doi_url": "https://doi.org/10.15468/dl.s2gcc3",
      "limit": null,
      "dedupe": "Exact duplicate coordinates removed per taxon after DWCA download.",
      "filters": "GBIF Download API DWCA with TAXON_KEY, HAS_COORDINATE=true, HAS_GEOSPATIAL_ISSUE=false, OCCURRENCE_STATUS=PRESENT; app study extent and coordinate uncertainty <=100km applied locally.",
      "returned_unique_coordinate_records": 129
    },
    "scientific_caveat": "GBIF plant occurrences are sampling-biased context records and do not prove local host use or ecological availability for the butterfly.",
    "generated_at": "2026-05-21T15:57:22+00:00"
  },
  "features": [
    {
      "type": "Feature",
      "geometry": {
        "type": "Point",
        "coordinates": [
          -83.452778,
          9.972222
        ]
      },
      "properties": {
        "gbifID": "1089171726",
        "species": "Solanum accrescens",
        "genus": "Solanum",
        "family": "Solanaceae",
        "scientificName": "Solanum accrescens Standl. & C.V.Morton",
        "coordinateUncertaintyInMeters": "",
        "basisOfRecord": "PRESERVED_SPECIMEN",
        "eventDate": "2000-10-19",
        "country": null,
        "datasetName": "",
        "publisher": "Universidade Federal da Paraíba",
        "license": "CC_BY_4_0",
        "issues": [
          "CONTINENT_COORDINATE_MISMATCH",
          "CONTINENT_COUNTRY_MISMATCH",
          "INSTITUTION_MATCH_FUZZY",
          "INSTITUTION_COLLECTION_MISMATCH"
        ],
        "fallback_media": {
          "url": "https://d2jcv3kl45hlgi.cloudfront.net/499ba8f27853d5432a9fc5e85e52e971.jpg",
          "references": "http://specimens.kew.org/Herbarium/K001162483",
          "title": null,
          "creator": null,
          "publisher": null,
          "license": "http://creativecommons.org/licenses/by/4.0/",
          "rightsHolder": "Royal Botanic Gardens, Kew"
        }
      }
    },
    {
      "type": "Feature",
      "geometry": {
        "type": "Point",
        "coordinates": [
          -79.344722,
          9.302778
        ]
      },
      "properties": {
        "gbifID": "1259417951",
        "species": "Solanum accrescens",
        "genus": "Solanum",
        "family": "Solanaceae",
        "scientificName": "Solanum accrescens Standl. & C.V.Morton",
        "coordinateUncertaintyInMeters": "",
        "basisOfRecord": "PRESERVED_SPECIMEN",
        "eventDate": "1967-12-14",
        "country": null,
        "datasetName": "Tropicos",
        "publisher": "Missouri Botanical Garden",
        "license": "CC_BY_4_0",
        "issues": [
          "OCCURRENCE_STATUS_INFERRED_FROM_INDIVIDUAL_COUNT",
          "COORDINATE_ROUNDED",
          "GEODETIC_DATUM_ASSUMED_WGS84",
          "INSTITUTION_MATCH_FUZZY",
          "COLLECTION_MATCH_NONE",
          "TAXON_ID_NOT_FOUND"
        ],
        "fallback_media": {
          "url": "https://d2jcv3kl45hlgi.cloudfront.net/499ba8f27853d5432a9fc5e85e52e971.jpg",
          "references": "http://specimens.kew.org/Herbarium/K001162483",
          "title": null,
          "creator": null,
          "publisher": null,
          "license": "http://creativecommons.org/licenses/by/4.0/",
          "rightsHolder": "Royal Botanic Gardens, Kew"
        }
      }
    },
    {
      "type": "Feature",
      "geometry": {
        "type": "Point",
        "coordinates": [
          -79.745555,
          9.16
        ]
      },
      "properties": {
        "gbifID": "1258695688",
        "species": "Solanum accrescens",
        "genus": "Solanum",
        "family": "Solanaceae",
        "scientificName": "Solanum accrescens Standl. & C.V.Morton",
        "coordinateUncertaintyInMeters": "",
        "basisOfRecord": "PRESERVED_SPECIMEN",
        "eventDate": "1973-12-14",
        "country": null,
        "datasetName": "Tropicos",
        "publisher": "Missouri Botanical Garden",
        "license": "CC_BY_4_0",
        "issues": [
          "OCCURRENCE_STATUS_INFERRED_FROM_INDIVIDUAL_COUNT",
          "COORDINATE_ROUNDED",
          "GEODETIC_DATUM_ASSUMED_WGS84",
          "INSTITUTION_MATCH_FUZZY",
          "COLLECTION_MATCH_NONE",
          "TAXON_ID_NOT_FOUND"
        ],
        "fallback_media": {
          "url": "https://d2jcv3kl45hlgi.cloudfront.net/499ba8f27853d5432a9fc5e85e52e971.jpg",
          "references": "http://specimens.kew.org/Herbarium/K001162483",
          "title": null,
          "creator": null,
          "publisher": null,
          "license": "http://creativecommons.org/licenses/by/4.0/",
          "rightsHolder": "Royal Botanic Gardens, Kew"
        }
      }
    },
    {
      "type": "Feature",
      "geometry": {
        "type": "Point",
        "coordinates": [
          -84.039592,
          9.902583
        ]
      },
      "properties": {
        "gbifID": "5898422567",
        "species": "Solanum accrescens",
        "genus": "Solanum",
        "family": "Solanaceae",
        "scientificName": "Solanum accrescens Standl. & C.V.Morton",
        "coordinateUncertaintyInMeters": "",
        "basisOfRecord": "PRESERVED_SPECIMEN",
        "eventDate": "2022-10-11",
        "country": null,
        "datasetName": "Tropicos",
        "publisher": "Missouri Botanical Garden",
        "license": "CC_BY_4_0",
        "issues": [
          "OCCURRENCE_STATUS_INFERRED_FROM_INDIVIDUAL_COUNT",
          "COORDINATE_ROUNDED",
          "GEODETIC_DATUM_ASSUMED_WGS84",
          "INSTITUTION_MATCH_FUZZY",
          "COLLECTION_MATCH_NONE",
          "TAXON_ID_NOT_FOUND"
        ],
        "fallback_media": {
          "url": "https://d2jcv3kl45hlgi.cloudfront.net/499ba8f27853d5432a9fc5e85e52e971.jpg",
          "references": "http://specimens.kew.org/Herbarium/K001162483",
          "title": null,
          "creator": null,
          "publisher": null,
          "license": "http://creativecommons.org/licenses/by/4.0/",
          "rightsHolder": "Royal Botanic Gardens, Kew"
        }
      }
    },
    {
      "type": "Feature",
      "geometry": {
        "type": "Point",
        "coordinates": [
          -79.61666,
          9.1
        ]
      },
      "properties": {
        "gbifID": "1259419230",
        "species": "Solanum accrescens",
        "genus": "Solanum",
        "family": "Solanaceae",
        "scientificName": "Solanum accrescens Standl. & C.V.Morton",
        "coordinateUncertaintyInMeters": "",
        "basisOfRecord": "PRESERVED_SPECIMEN",
        "eventDate": "1971-05-04",
        "country": null,
        "datasetName": "Tropicos",
        "publisher": "Missouri Botanical Garden",
        "license": "CC_BY_4_0",
        "issues": [
          "GEODETIC_DATUM_ASSUMED_WGS84",
          "INSTITUTION_MATCH_FUZZY",
          "COLLECTION_MATCH_NONE",
          "TAXON_ID_NOT_FOUND"
        ],
        "fallback_media": {
          "url": "https://d2jcv3kl45hlgi.cloudfront.net/499ba8f27853d5432a9fc5e85e52e971.jpg",
          "references": "http://specimens.kew.org/Herbarium/K001162483",
          "title": null,
          "creator": null,
          "publisher": null,
          "license": "http://creativecommons.org/licenses/by/4.0/",
          "rightsHolder": "Royal Botanic Gardens, Kew"
        }
      }
    },
    {
      "type": "Feature",
      "geometry": {
        "type": "Point",
        "coordinates": [
          -79.91194,
          8.69166
        ]
      },
      "properties": {
        "gbifID": "1259416750",
        "species": "Solanum accrescens",
        "genus": "Solanum",
        "family": "Solanaceae",
        "scientificName": "Solanum accrescens Standl. & C.V.Morton",
        "coordinateUncertaintyInMeters": "",
        "basisOfRecord": "PRESERVED_SPECIMEN",
        "eventDate": "1971-11-27",
        "country": null,
        "datasetName": "Tropicos",
        "publisher": "Missouri Botanical Garden",
        "license": "CC_BY_4_0",
        "issues": [
          "GEODETIC_DATUM_ASSUMED_WGS84",
          "INSTITUTION_MATCH_FUZZY",
          "COLLECTION_MATCH_NONE",
          "TAXON_ID_NOT_FOUND"
        ],
        "fallback_media": {
          "url": "https://d2jcv3kl45hlgi.cloudfront.net/499ba8f27853d5432a9fc5e85e52e971.jpg",
          "references": "http://specimens.kew.org/Herbarium/K001162483",
          "title": null,
          "creator": null,
          "publisher": null,
          "license": "http://creativecommons.org/licenses/by/4.0/",
          "rightsHolder": "Royal Botanic Gardens, Kew"
        }
      }
    },
    {
      "type": "Feature",
      "geometry": {
        "type": "Point",
        "coordinates": [
          -84.825,
          10.272222
        ]
      },
      "properties": {
        "gbifID": "4031826032",
        "species": "Solanum accrescens",
        "genus": "Solanum",
        "family": "Solanaceae",
        "scientificName": "Solanum accrescens Standl. & C.V.Morton",
        "coordinateUncertaintyInMeters": "",
        "basisOfRecord": "PRESERVED_SPECIMEN",
        "eventDate": "1993-02-04",
        "country": null,
        "datasetName": "Tropicos",
        "publisher": "Missouri Botanical Garden",
        "license": "CC_BY_4_0",
        "issues": [
          "OCCURRENCE_STATUS_INFERRED_FROM_INDIVIDUAL_COUNT",
          "COORDINATE_ROUNDED",
          "GEODETIC_DATUM_ASSUMED_WGS84",
          "INSTITUTION_MATCH_FUZZY",
          "COLLECTION_MATCH_NONE",
          "TAXON_ID_NOT_FOUND"
        ],
        "fallback_media": {
          "url": "https://d2jcv3kl45hlgi.cloudfront.net/499ba8f27853d5432a9fc5e85e52e971.jpg",
          "references": "http://specimens.kew.org/Herbarium/K001162483",
          "title": null,
          "creator": null,
          "publisher": null,
          "license": "http://creativecommons.org/licenses/by/4.0/",
          "rightsHolder": "Royal Botanic Gardens, Kew"
        }
      }
    },
    {
      "type": "Feature",
      "geometry": {
        "type": "Point",
        "coordinates": [
          -79.90416,
          8.69444
        ]
      },
      "properties": {
        "gbifID": "1259417947",
        "species": "Solanum accrescens",
        "genus": "Solanum",
        "family": "Solanaceae",
        "scientificName": "Solanum accrescens Standl. & C.V.Morton",
        "coordinateUncertaintyInMeters": "",
        "basisOfRecord": "PRESERVED_SPECIMEN",
        "eventDate": "1967-10-17",
        "country": null,
        "datasetName": "Tropicos",
        "publisher": "Missouri Botanical Garden",
        "license": "CC_BY_4_0",
        "issues": [
          "GEODETIC_DATUM_ASSUMED_WGS84",
          "INSTITUTION_MATCH_FUZZY",
          "COLLECTION_MATCH_NONE",
          "TAXON_ID_NOT_FOUND"
        ],
        "fallback_media": {
          "url": "https://d2jcv3kl45hlgi.cloudfront.net/499ba8f27853d5432a9fc5e85e52e971.jpg",
          "references": "http://specimens.kew.org/Herbarium/K001162483",
          "title": null,
          "creator": null,
          "publisher": null,
          "license": "http://creativecommons.org/licenses/by/4.0/",
          "rightsHolder": "Royal Botanic Gardens, Kew"
        }
      }
    },
    {
      "type": "Feature",
      "geometry": {
        "type": "Point",
        "coordinates": [
          -79.9,
          8.683333
        ]
      },
      "properties": {
        "gbifID": "1259419381",
        "species": "Solanum accrescens",
        "genus": "Solanum",
        "family": "Solanaceae",
        "scientificName": "Solanum accrescens Standl. & C.V.Morton",
        "coordinateUncertaintyInMeters": "",
        "basisOfRecord": "PRESERVED_SPECIMEN",
        "eventDate": "1967-12-10",
        "country": null,
        "datasetName": "Tropicos",
        "publisher": "Missouri Botanical Garden",
        "license": "CC_BY_4_0",
        "issues": [
          "OCCURRENCE_STATUS_INFERRED_FROM_INDIVIDUAL_COUNT",
          "COORDINATE_ROUNDED",
          "GEODETIC_DATUM_ASSUMED_WGS84",
          "INSTITUTION_MATCH_FUZZY",
          "COLLECTION_MATCH_NONE",
          "TAXON_ID_NOT_FOUND"
        ],
        "fallback_media": {
          "url": "https://d2jcv3kl45hlgi.cloudfront.net/499ba8f27853d5432a9fc5e85e52e971.jpg",
          "references": "http://specimens.kew.org/Herbarium/K001162483",
          "title": null,
          "creator": null,
          "publisher": null,
          "license": "http://creativecommons.org/licenses/by/4.0/",
          "rightsHolder": "Royal Botanic Gardens, Kew"
        }
      }
    },
    {
      "type": "Feature",
      "geometry": {
        "type": "Point",
        "coordinates": [
          -79.921667,
          8.688611
        ]
      },
      "properties": {
        "gbifID": "1259418311",
        "species": "Solanum accrescens",
        "genus": "Solanum",
        "family": "Solanaceae",
        "scientificName": "Solanum accrescens Standl. & C.V.Morton",
        "coordinateUncertaintyInMeters": "",
        "basisOfRecord": "PRESERVED_SPECIMEN",
        "eventDate": "1969-03-31",
        "country": null,
        "datasetName": "Tropicos",
        "publisher": "Missouri Botanical Garden",
        "license": "CC_BY_4_0",
        "issues": [
          "OCCURRENCE_STATUS_INFERRED_FROM_INDIVIDUAL_COUNT",
          "COORDINATE_ROUNDED",
          "GEODETIC_DATUM_ASSUMED_WGS84",
          "INSTITUTION_MATCH_FUZZY",
          "COLLECTION_MATCH_NONE",
          "TAXON_ID_NOT_FOUND"
        ],
        "fallback_media": {
          "url": "https://d2jcv3kl45hlgi.cloudfront.net/499ba8f27853d5432a9fc5e85e52e971.jpg",
          "references": "http://specimens.kew.org/Herbarium/K001162483",
          "title": null,
          "creator": null,
          "publisher": null,
          "license": "http://creativecommons.org/licenses/by/4.0/",
          "rightsHolder": "Royal Botanic Gardens, Kew"
        }
      }
    },
    {
      "type": "Feature",
      "geometry": {
        "type": "Point",
        "coordinates": [
          -85.31139,
          10.763333
        ]
      },
      "properties": {
        "gbifID": "1257836516",
        "species": "Solanum accrescens",
        "genus": "Solanum",
        "family": "Solanaceae",
        "scientificName": "Solanum accrescens Standl. & C.V.Morton",
        "coordinateUncertaintyInMeters": "",
        "basisOfRecord": "PRESERVED_SPECIMEN",
        "eventDate": "2005-05-10",
        "country": null,
        "datasetName": "Tropicos",
        "publisher": "Missouri Botanical Garden",
        "license": "CC_BY_4_0",
        "issues": [
          "OCCURRENCE_STATUS_INFERRED_FROM_INDIVIDUAL_COUNT",
          "GEODETIC_DATUM_ASSUMED_WGS84",
          "INSTITUTION_MATCH_FUZZY",
          "COLLECTION_MATCH_NONE",
          "TAXON_ID_NOT_FOUND"
        ],
        "fallback_media": {
          "url": "https://d2jcv3kl45hlgi.cloudfront.net/499ba8f27853d5432a9fc5e85e52e971.jpg",
          "references": "http://specimens.kew.org/Herbarium/K001162483",
          "title": null,
          "creator": null,
          "publisher": null,
          "license": "http://creativecommons.org/licenses/by/4.0/",
          "rightsHolder": "Royal Botanic Gardens, Kew"
        }
      }
    },
    {
      "type": "Feature",
      "geometry": {
        "type": "Point",
        "coordinates": [
          -84.47556,
          9.780833
        ]
      },
      "properties": {
        "gbifID": "4032156945",
        "species": "Solanum accrescens",
        "genus": "Solanum",
        "family": "Solanaceae",
        "scientificName": "Solanum accrescens Standl. & C.V.Morton",
        "coordinateUncertaintyInMeters": "",
        "basisOfRecord": "PRESERVED_SPECIMEN",
        "eventDate": "2004-12-09",
        "country": null,
        "datasetName": "Tropicos",
        "publisher": "Missouri Botanical Garden",
        "license": "CC_BY_4_0",
        "issues": [
          "OCCURRENCE_STATUS_INFERRED_FROM_INDIVIDUAL_COUNT",
          "COORDINATE_ROUNDED",
          "GEODETIC_DATUM_ASSUMED_WGS84",
          "INSTITUTION_MATCH_FUZZY",
          "COLLECTION_MATCH_NONE",
          "TAXON_ID_NOT_FOUND"
        ],
        "fallback_media": {
          "url": "https://d2jcv3kl45hlgi.cloudfront.net/499ba8f27853d5432a9fc5e85e52e971.jpg",
          "references": "http://specimens.kew.org/Herbarium/K001162483",
          "title": null,
          "creator": null,
          "publisher": null,
          "license": "http://creativecommons.org/licenses/by/4.0/",
          "rightsHolder": "Royal Botanic Gardens, Kew"
        }
      }
    },
    {
      "type": "Feature",
      "geometry": {
        "type": "Point",
        "coordinates": [
          -79.375,
          9.233889
        ]
      },
      "properties": {
        "gbifID": "1259416905",
        "species": "Solanum accrescens",
        "genus": "Solanum",
        "family": "Solanaceae",
        "scientificName": "Solanum accrescens Standl. & C.V.Morton",
        "coordinateUncertaintyInMeters": "",
        "basisOfRecord": "PRESERVED_SPECIMEN",
        "eventDate": "1966-01-27",
        "country": null,
        "datasetName": "Tropicos",
        "publisher": "Missouri Botanical Garden",
        "license": "CC_BY_4_0",
        "issues": [
          "OCCURRENCE_STATUS_INFERRED_FROM_INDIVIDUAL_COUNT",
          "COORDINATE_ROUNDED",
          "GEODETIC_DATUM_ASSUMED_WGS84",
          "INSTITUTION_MATCH_FUZZY",
          "COLLECTION_MATCH_NONE",
          "TAXON_ID_NOT_FOUND"
        ],
        "fallback_media": {
          "url": "https://d2jcv3kl45hlgi.cloudfront.net/499ba8f27853d5432a9fc5e85e52e971.jpg",
          "references": "http://specimens.kew.org/Herbarium/K001162483",
          "title": null,
          "creator": null,
          "publisher": null,
          "license": "http://creativecommons.org/licenses/by/4.0/",
          "rightsHolder": "Royal Botanic Gardens, Kew"
        }
      }
    },
    {
      "type": "Feature",
      "geometry": {
        "type": "Point",
        "coordinates": [
          -85.40165,
          10.882909
        ]
      },
      "properties": {
        "gbifID": "4032077000",
        "species": "Solanum accrescens",
        "genus": "Solanum",
        "family": "Solanaceae",
        "scientificName": "Solanum accrescens Standl. & C.V.Morton",
        "coordinateUncertaintyInMeters": "",
        "basisOfRecord": "PRESERVED_SPECIMEN",
        "eventDate": "1997-10-18",
        "country": null,
        "datasetName": "Tropicos",
        "publisher": "Missouri Botanical Garden",
        "license": "CC_BY_4_0",
        "issues": [
          "OCCURRENCE_STATUS_INFERRED_FROM_INDIVIDUAL_COUNT",
          "GEODETIC_DATUM_ASSUMED_WGS84",
          "INSTITUTION_MATCH_FUZZY",
          "COLLECTION_MATCH_NONE",
          "TAXON_ID_NOT_FOUND"
        ],
        "fallback_media": {
          "url": "https://d2jcv3kl45hlgi.cloudfront.net/499ba8f27853d5432a9fc5e85e52e971.jpg",
          "references": "http://specimens.kew.org/Herbarium/K001162483",
          "title": null,
          "creator": null,
          "publisher": null,
          "license": "http://creativecommons.org/licenses/by/4.0/",
          "rightsHolder": "Royal Botanic Gardens, Kew"
        }
      }
    },
    {
      "type": "Feature",
      "geometry": {
        "type": "Point",
        "coordinates": [
          -84.242156,
          9.898658
        ]
      },
      "properties": {
        "gbifID": "5831933715",
        "species": "Solanum accrescens",
        "genus": "Solanum",
        "family": "Solanaceae",
        "scientificName": "Solanum accrescens Standl. & C.V.Morton",
        "coordinateUncertaintyInMeters": "",
        "basisOfRecord": "PRESERVED_SPECIMEN",
        "eventDate": "2002-10-25",
        "country": null,
        "datasetName": "Tropicos",
        "publisher": "Missouri Botanical Garden",
        "license": "CC_BY_4_0",
        "issues": [
          "OCCURRENCE_STATUS_INFERRED_FROM_INDIVIDUAL_COUNT",
          "COORDINATE_ROUNDED",
          "GEODETIC_DATUM_ASSUMED_WGS84",
          "INSTITUTION_MATCH_FUZZY",
          "COLLECTION_MATCH_NONE",
          "TAXON_ID_NOT_FOUND"
        ],
        "fallback_media": {
          "url": "https://d2jcv3kl45hlgi.cloudfront.net/499ba8f27853d5432a9fc5e85e52e971.jpg",
          "references": "http://specimens.kew.org/Herbarium/K001162483",
          "title": null,
          "creator": null,
          "publisher": null,
          "license": "http://creativecommons.org/licenses/by/4.0/",
          "rightsHolder": "Royal Botanic Gardens, Kew"
        }
      }
    },
    {
      "type": "Feature",
      "geometry": {
        "type": "Point",
        "coordinates": [
          -85.366667,
          13.25
        ]
      },
      "properties": {
        "gbifID": "1262248899",
        "species": "Solanum accrescens",
        "genus": "Solanum",
        "family": "Solanaceae",
        "scientificName": "Solanum accrescens Standl. & C.V.Morton",
        "coordinateUncertaintyInMeters": "",
        "basisOfRecord": "PRESERVED_SPECIMEN",
        "eventDate": "1982-03-04",
        "country": null,
        "datasetName": "Tropicos",
        "publisher": "Missouri Botanical Garden",
        "license": "CC_BY_4_0",
        "issues": [
          "OCCURRENCE_STATUS_INFERRED_FROM_INDIVIDUAL_COUNT",
          "COORDINATE_ROUNDED",
          "GEODETIC_DATUM_ASSUMED_WGS84",
          "INSTITUTION_MATCH_FUZZY",
          "COLLECTION_MATCH_NONE",
          "TAXON_ID_NOT_FOUND",
          "TAXON_MATCH_HIGHERRANK"
        ],
        "fallback_media": {
          "url": "https://d2jcv3kl45hlgi.cloudfront.net/499ba8f27853d5432a9fc5e85e52e971.jpg",
          "references": "http://specimens.kew.org/Herbarium/K001162483",
          "title": null,
          "creator": null,
          "publisher": null,
          "license": "http://creativecommons.org/licenses/by/4.0/",
          "rightsHolder": "Royal Botanic Gardens, Kew"
        }
      }
    },
    {
      "type": "Feature",
      "geometry": {
        "type": "Point",
        "coordinates": [
          -84.815278,
          10.308333
        ]
      },
      "properties": {
        "gbifID": "1262253303",
        "species": "Solanum accrescens",
        "genus": "Solanum",
        "family": "Solanaceae",
        "scientificName": "Solanum accrescens Standl. & C.V.Morton",
        "coordinateUncertaintyInMeters": "",
        "basisOfRecord": "PRESERVED_SPECIMEN",
        "eventDate": "1984-10-13",
        "country": null,
        "datasetName": "Tropicos",
        "publisher": "Missouri Botanical Garden",
        "license": "CC_BY_4_0",
        "issues": [
          "OCCURRENCE_STATUS_INFERRED_FROM_INDIVIDUAL_COUNT",
          "COORDINATE_ROUNDED",
          "GEODETIC_DATUM_ASSUMED_WGS84",
          "INSTITUTION_MATCH_FUZZY",
          "COLLECTION_MATCH_NONE",
          "TAXON_ID_NOT_FOUND",
          "TAXON_MATCH_HIGHERRANK"
        ],
        "fallback_media": {
          "url": "https://d2jcv3kl45hlgi.cloudfront.net/499ba8f27853d5432a9fc5e85e52e971.jpg",
          "references": "http://specimens.kew.org/Herbarium/K001162483",
          "title": null,
          "creator": null,
          "publisher": null,
          "license": "http://creativecommons.org/licenses/by/4.0/",
          "rightsHolder": "Royal Botanic Gardens, Kew"
        }
      }
    },
    {
      "type": "Feature",
      "geometry": {
        "type": "Point",
        "coordinates": [
          -86.240278,
          13.434444
        ]
      },
      "properties": {
        "gbifID": "4031766718",
        "species": "Solanum accrescens",
        "genus": "Solanum",
        "family": "Solanaceae",
        "scientificName": "Solanum accrescens Standl. & C.V.Morton",
        "coordinateUncertaintyInMeters": "",
        "basisOfRecord": "PRESERVED_SPECIMEN",
        "eventDate": "2007-10-17",
        "country": null,
        "datasetName": "Tropicos",
        "publisher": "Missouri Botanical Garden",
        "license": "CC_BY_4_0",
        "issues": [
          "OCCURRENCE_STATUS_INFERRED_FROM_INDIVIDUAL_COUNT",
          "COORDINATE_ROUNDED",
          "GEODETIC_DATUM_ASSUMED_WGS84",
          "INSTITUTION_MATCH_FUZZY",
          "COLLECTION_MATCH_NONE",
          "TAXON_ID_NOT_FOUND"
        ],
        "fallback_media": {
          "url": "https://d2jcv3kl45hlgi.cloudfront.net/499ba8f27853d5432a9fc5e85e52e971.jpg",
          "references": "http://specimens.kew.org/Herbarium/K001162483",
          "title": null,
          "creator": null,
          "publisher": null,
          "license": "http://creativecommons.org/licenses/by/4.0/",
          "rightsHolder": "Royal Botanic Gardens, Kew"
        }
      }
    },
    {
      "type": "Feature",
      "geometry": {
        "type": "Point",
        "coordinates": [
          -79.398611,
          9.191667
        ]
      },
      "properties": {
        "gbifID": "1259419691",
        "species": "Solanum accrescens",
        "genus": "Solanum",
        "family": "Solanaceae",
        "scientificName": "Solanum accrescens Standl. & C.V.Morton",
        "coordinateUncertaintyInMeters": "",
        "basisOfRecord": "PRESERVED_SPECIMEN",
        "eventDate": "1966-12-10",
        "country": null,
        "datasetName": "Tropicos",
        "publisher": "Missouri Botanical Garden",
        "license": "CC_BY_4_0",
        "issues": [
          "OCCURRENCE_STATUS_INFERRED_FROM_INDIVIDUAL_COUNT",
          "COORDINATE_ROUNDED",
          "GEODETIC_DATUM_ASSUMED_WGS84",
          "INSTITUTION_MATCH_FUZZY",
          "COLLECTION_MATCH_NONE",
          "TAXON_ID_NOT_FOUND"
        ],
        "fallback_media": {
          "url": "https://d2jcv3kl45hlgi.cloudfront.net/499ba8f27853d5432a9fc5e85e52e971.jpg",
          "references": "http://specimens.kew.org/Herbarium/K001162483",
          "title": null,
          "creator": null,
          "publisher": null,
          "license": "http://creativecommons.org/licenses/by/4.0/",
          "rightsHolder": "Royal Botanic Gardens, Kew"
        }
      }
    },
    {
      "type": "Feature",
      "geometry": {
        "type": "Point",
        "coordinates": [
          -79.58361,
          9.32694
        ]
      },
      "properties": {
        "gbifID": "1259418098",
        "species": "Solanum accrescens",
        "genus": "Solanum",
        "family": "Solanaceae",
        "scientificName": "Solanum accrescens Standl. & C.V.Morton",
        "coordinateUncertaintyInMeters": "",
        "basisOfRecord": "PRESERVED_SPECIMEN",
        "eventDate": "1972-11-26",
        "country": null,
        "datasetName": "Tropicos",
        "publisher": "Missouri Botanical Garden",
        "license": "CC_BY_4_0",
        "issues": [
          "GEODETIC_DATUM_ASSUMED_WGS84",
          "INSTITUTION_MATCH_FUZZY",
          "COLLECTION_MATCH_NONE",
          "TAXON_ID_NOT_FOUND"
        ],
        "fallback_media": {
          "url": "https://d2jcv3kl45hlgi.cloudfront.net/499ba8f27853d5432a9fc5e85e52e971.jpg",
          "references": "http://specimens.kew.org/Herbarium/K001162483",
          "title": null,
          "creator": null,
          "publisher": null,
          "license": "http://creativecommons.org/licenses/by/4.0/",
          "rightsHolder": "Royal Botanic Gardens, Kew"
        }
      }
    },
    {
      "type": "Feature",
      "geometry": {
        "type": "Point",
        "coordinates": [
          -86.182417,
          13.97725
        ]
      },
      "properties": {
        "gbifID": "4032101648",
        "species": "Solanum accrescens",
        "genus": "Solanum",
        "family": "Solanaceae",
        "scientificName": "Solanum accrescens Standl. & C.V.Morton",
        "coordinateUncertaintyInMeters": "",
        "basisOfRecord": "PRESERVED_SPECIMEN",
        "eventDate": "2012-07-08",
        "country": null,
        "datasetName": "Tropicos",
        "publisher": "Missouri Botanical Garden",
        "license": "CC_BY_4_0",
        "issues": [
          "OCCURRENCE_STATUS_INFERRED_FROM_INDIVIDUAL_COUNT",
          "COORDINATE_ROUNDED",
          "GEODETIC_DATUM_ASSUMED_WGS84",
          "INSTITUTION_MATCH_FUZZY",
          "COLLECTION_MATCH_NONE",
          "TAXON_ID_NOT_FOUND"
        ],
        "fallback_media": {
          "url": "https://d2jcv3kl45hlgi.cloudfront.net/499ba8f27853d5432a9fc5e85e52e971.jpg",
          "references": "http://specimens.kew.org/Herbarium/K001162483",
          "title": null,
          "creator": null,
          "publisher": null,
          "license": "http://creativecommons.org/licenses/by/4.0/",
          "rightsHolder": "Royal Botanic Gardens, Kew"
        }
      }
    },
    {
      "type": "Feature",
      "geometry": {
        "type": "Point",
        "coordinates": [
          -79.39861,
          9.19166
        ]
      },
      "properties": {
        "gbifID": "1259415778",
        "species": "Solanum accrescens",
        "genus": "Solanum",
        "family": "Solanaceae",
        "scientificName": "Solanum accrescens Standl. & C.V.Morton",
        "coordinateUncertaintyInMeters": "",
        "basisOfRecord": "PRESERVED_SPECIMEN",
        "eventDate": "1974-12-18",
        "country": null,
        "datasetName": "Tropicos",
        "publisher": "Missouri Botanical Garden",
        "license": "CC_BY_4_0",
        "issues": [
          "GEODETIC_DATUM_ASSUMED_WGS84",
          "INSTITUTION_MATCH_FUZZY",
          "COLLECTION_MATCH_NONE",
          "TAXON_ID_NOT_FOUND"
        ],
        "fallback_media": {
          "url": "https://d2jcv3kl45hlgi.cloudfront.net/499ba8f27853d5432a9fc5e85e52e971.jpg",
          "references": "http://specimens.kew.org/Herbarium/K001162483",
          "title": null,
          "creator": null,
          "publisher": null,
          "license": "http://creativecommons.org/licenses/by/4.0/",
          "rightsHolder": "Royal Botanic Gardens, Kew"
        }
      }
    },
    {
      "type": "Feature",
      "geometry": {
        "type": "Point",
        "coordinates": [
          -85.315278,
          10.7675
        ]
      },
      "properties": {
        "gbifID": "4031457134",
        "species": "Solanum accrescens",
        "genus": "Solanum",
        "family": "Solanaceae",
        "scientificName": "Solanum accrescens Standl. & C.V.Morton",
        "coordinateUncertaintyInMeters": "",
        "basisOfRecord": "PRESERVED_SPECIMEN",
        "eventDate": "1996-08-13",
        "country": null,
        "datasetName": "Tropicos",
        "publisher": "Missouri Botanical Garden",
        "license": "CC_BY_4_0",
        "issues": [
          "OCCURRENCE_STATUS_INFERRED_FROM_INDIVIDUAL_COUNT",
          "COORDINATE_ROUNDED",
          "GEODETIC_DATUM_ASSUMED_WGS84",
          "INSTITUTION_MATCH_FUZZY",
          "COLLECTION_MATCH_NONE",
          "TAXON_ID_NOT_FOUND"
        ],
        "fallback_media": {
          "url": "https://d2jcv3kl45hlgi.cloudfront.net/499ba8f27853d5432a9fc5e85e52e971.jpg",
          "references": "http://specimens.kew.org/Herbarium/K001162483",
          "title": null,
          "creator": null,
          "publisher": null,
          "license": "http://creativecommons.org/licenses/by/4.0/",
          "rightsHolder": "Royal Botanic Gardens, Kew"
        }
      }
    },
    {
      "type": "Feature",
      "geometry": {
        "type": "Point",
        "coordinates": [
          -84.985278,
          10.58
        ]
      },
      "properties": {
        "gbifID": "2268985581",
        "species": "Solanum accrescens",
        "genus": "Solanum",
        "family": "Solanaceae",
        "scientificName": "Solanum accrescens Standl. & C.V.Morton",
        "coordinateUncertaintyInMeters": "",
        "basisOfRecord": "PRESERVED_SPECIMEN",
        "eventDate": "2000-04-11",
        "country": null,
        "datasetName": "Tropicos",
        "publisher": "Missouri Botanical Garden",
        "license": "CC_BY_4_0",
        "issues": [
          "OCCURRENCE_STATUS_INFERRED_FROM_INDIVIDUAL_COUNT",
          "COORDINATE_ROUNDED",
          "GEODETIC_DATUM_ASSUMED_WGS84",
          "INSTITUTION_MATCH_FUZZY",
          "COLLECTION_MATCH_NONE",
          "TAXON_ID_NOT_FOUND"
        ],
        "fallback_media": {
          "url": "https://d2jcv3kl45hlgi.cloudfront.net/499ba8f27853d5432a9fc5e85e52e971.jpg",
          "references": "http://specimens.kew.org/Herbarium/K001162483",
          "title": null,
          "creator": null,
          "publisher": null,
          "license": "http://creativecommons.org/licenses/by/4.0/",
          "rightsHolder": "Royal Botanic Gardens, Kew"
        }
      }
    },
    {
      "type": "Feature",
      "geometry": {
        "type": "Point",
        "coordinates": [
          -79.358333,
          9.233333
        ]
      },
      "properties": {
        "gbifID": "1259415243",
        "species": "Solanum accrescens",
        "genus": "Solanum",
        "family": "Solanaceae",
        "scientificName": "Solanum accrescens Standl. & C.V.Morton",
        "coordinateUncertaintyInMeters": "",
        "basisOfRecord": "PRESERVED_SPECIMEN",
        "eventDate": "1966-02-12",
        "country": null,
        "datasetName": "Tropicos",
        "publisher": "Missouri Botanical Garden",
        "license": "CC_BY_4_0",
        "issues": [
          "OCCURRENCE_STATUS_INFERRED_FROM_INDIVIDUAL_COUNT",
          "COORDINATE_ROUNDED",
          "GEODETIC_DATUM_ASSUMED_WGS84",
          "INSTITUTION_MATCH_FUZZY",
          "COLLECTION_MATCH_NONE",
          "TAXON_ID_NOT_FOUND"
        ],
        "fallback_media": {
          "url": "https://d2jcv3kl45hlgi.cloudfront.net/499ba8f27853d5432a9fc5e85e52e971.jpg",
          "references": "http://specimens.kew.org/Herbarium/K001162483",
          "title": null,
          "creator": null,
          "publisher": null,
          "license": "http://creativecommons.org/licenses/by/4.0/",
          "rightsHolder": "Royal Botanic Gardens, Kew"
        }
      }
    },
    {
      "type": "Feature",
      "geometry": {
        "type": "Point",
        "coordinates": [
          -79.375,
          9.23388
        ]
      },
      "properties": {
        "gbifID": "1259415587",
        "species": "Solanum accrescens",
        "genus": "Solanum",
        "family": "Solanaceae",
        "scientificName": "Solanum accrescens Standl. & C.V.Morton",
        "coordinateUncertaintyInMeters": "",
        "basisOfRecord": "PRESERVED_SPECIMEN",
        "eventDate": "1970-04-08",
        "country": null,
        "datasetName": "Tropicos",
        "publisher": "Missouri Botanical Garden",
        "license": "CC_BY_4_0",
        "issues": [
          "GEODETIC_DATUM_ASSUMED_WGS84",
          "INSTITUTION_MATCH_FUZZY",
          "COLLECTION_MATCH_NONE",
          "TAXON_ID_NOT_FOUND"
        ],
        "fallback_media": {
          "url": "https://d2jcv3kl45hlgi.cloudfront.net/499ba8f27853d5432a9fc5e85e52e971.jpg",
          "references": "http://specimens.kew.org/Herbarium/K001162483",
          "title": null,
          "creator": null,
          "publisher": null,
          "license": "http://creativecommons.org/licenses/by/4.0/",
          "rightsHolder": "Royal Botanic Gardens, Kew"
        }
      }
    },
    {
      "type": "Feature",
      "geometry": {
        "type": "Point",
        "coordinates": [
          -85.58,
          10.83
        ]
      },
      "properties": {
        "gbifID": "1258695692",
        "species": "Solanum accrescens",
        "genus": "Solanum",
        "family": "Solanaceae",
        "scientificName": "Solanum accrescens Standl. & C.V.Morton",
        "coordinateUncertaintyInMeters": "",
        "basisOfRecord": "PRESERVED_SPECIMEN",
        "eventDate": "1979-07-16",
        "country": null,
        "datasetName": "Tropicos",
        "publisher": "Missouri Botanical Garden",
        "license": "CC_BY_4_0",
        "issues": [
          "OCCURRENCE_STATUS_INFERRED_FROM_INDIVIDUAL_COUNT",
          "GEODETIC_DATUM_ASSUMED_WGS84",
          "ELEVATION_NON_NUMERIC",
          "INSTITUTION_MATCH_FUZZY",
          "COLLECTION_MATCH_NONE",
          "TAXON_ID_NOT_FOUND",
          "TAXON_MATCH_HIGHERRANK"
        ],
        "fallback_media": {
          "url": "https://d2jcv3kl45hlgi.cloudfront.net/499ba8f27853d5432a9fc5e85e52e971.jpg",
          "references": "http://specimens.kew.org/Herbarium/K001162483",
          "title": null,
          "creator": null,
          "publisher": null,
          "license": "http://creativecommons.org/licenses/by/4.0/",
          "rightsHolder": "Royal Botanic Gardens, Kew"
        }
      }
    },
    {
      "type": "Feature",
      "geometry": {
        "type": "Point",
        "coordinates": [
          -84.46944,
          9.811111
        ]
      },
      "properties": {
        "gbifID": "4032084097",
        "species": "Solanum accrescens",
        "genus": "Solanum",
        "family": "Solanaceae",
        "scientificName": "Solanum accrescens Standl. & C.V.Morton",
        "coordinateUncertaintyInMeters": "",
        "basisOfRecord": "PRESERVED_SPECIMEN",
        "eventDate": "2004-10-08",
        "country": null,
        "datasetName": "Tropicos",
        "publisher": "Missouri Botanical Garden",
        "license": "CC_BY_4_0",
        "issues": [
          "OCCURRENCE_STATUS_INFERRED_FROM_INDIVIDUAL_COUNT",
          "COORDINATE_ROUNDED",
          "GEODETIC_DATUM_ASSUMED_WGS84",
          "INSTITUTION_MATCH_FUZZY",
          "COLLECTION_MATCH_NONE",
          "TAXON_ID_NOT_FOUND"
        ],
        "fallback_media": {
          "url": "https://d2jcv3kl45hlgi.cloudfront.net/499ba8f27853d5432a9fc5e85e52e971.jpg",
          "references": "http://specimens.kew.org/Herbarium/K001162483",
          "title": null,
          "creator": null,
          "publisher": null,
          "license": "http://creativecommons.org/licenses/by/4.0/",
          "rightsHolder": "Royal Botanic Gardens, Kew"
        }
      }
    },
    {
      "type": "Feature",
      "geometry": {
        "type": "Point",
        "coordinates": [
          -79.41638,
          9.16666
        ]
      },
      "properties": {
        "gbifID": "1259417277",
        "species": "Solanum accrescens",
        "genus": "Solanum",
        "family": "Solanaceae",
        "scientificName": "Solanum accrescens Standl. & C.V.Morton",
        "coordinateUncertaintyInMeters": "",
        "basisOfRecord": "PRESERVED_SPECIMEN",
        "eventDate": "1966-11-26",
        "country": null,
        "datasetName": "Tropicos",
        "publisher": "Missouri Botanical Garden",
        "license": "CC_BY_4_0",
        "issues": [
          "GEODETIC_DATUM_ASSUMED_WGS84",
          "INSTITUTION_MATCH_FUZZY",
          "COLLECTION_MATCH_NONE",
          "TAXON_ID_NOT_FOUND"
        ],
        "fallback_media": {
          "url": "https://d2jcv3kl45hlgi.cloudfront.net/499ba8f27853d5432a9fc5e85e52e971.jpg",
          "references": "http://specimens.kew.org/Herbarium/K001162483",
          "title": null,
          "creator": null,
          "publisher": null,
          "license": "http://creativecommons.org/licenses/by/4.0/",
          "rightsHolder": "Royal Botanic Gardens, Kew"
        }
      }
    },
    {
      "type": "Feature",
      "geometry": {
        "type": "Point",
        "coordinates": [
          -83.663611,
          9.360556
        ]
      },
      "properties": {
        "gbifID": "1258695656",
        "species": "Solanum accrescens",
        "genus": "Solanum",
        "family": "Solanaceae",
        "scientificName": "Solanum accrescens Standl. & C.V.Morton",
        "coordinateUncertaintyInMeters": "",
        "basisOfRecord": "PRESERVED_SPECIMEN",
        "eventDate": "1939-01",
        "country": null,
        "datasetName": "Tropicos",
        "publisher": "Missouri Botanical Garden",
        "license": "CC_BY_4_0",
        "issues": [
          "OCCURRENCE_STATUS_INFERRED_FROM_INDIVIDUAL_COUNT",
          "COORDINATE_ROUNDED",
          "GEODETIC_DATUM_ASSUMED_WGS84",
          "INSTITUTION_MATCH_FUZZY",
          "COLLECTION_MATCH_NONE",
          "TAXON_ID_NOT_FOUND",
          "TAXON_MATCH_HIGHERRANK"
        ],
        "fallback_media": {
          "url": "https://d2jcv3kl45hlgi.cloudfront.net/499ba8f27853d5432a9fc5e85e52e971.jpg",
          "references": "http://specimens.kew.org/Herbarium/K001162483",
          "title": null,
          "creator": null,
          "publisher": null,
          "license": "http://creativecommons.org/licenses/by/4.0/",
          "rightsHolder": "Royal Botanic Gardens, Kew"
        }
      }
    },
    {
      "type": "Feature",
      "geometry": {
        "type": "Point",
        "coordinates": [
          -83.51,
          8.54
        ]
      },
      "properties": {
        "gbifID": "1257658258",
        "species": "Solanum accrescens",
        "genus": "Solanum",
        "family": "Solanaceae",
        "scientificName": "Solanum accrescens Standl. & C.V.Morton",
        "coordinateUncertaintyInMeters": "",
        "basisOfRecord": "PRESERVED_SPECIMEN",
        "eventDate": "1996-04-14",
        "country": null,
        "datasetName": "Tropicos",
        "publisher": "Missouri Botanical Garden",
        "license": "CC_BY_4_0",
        "issues": [
          "OCCURRENCE_STATUS_INFERRED_FROM_INDIVIDUAL_COUNT",
          "GEODETIC_DATUM_ASSUMED_WGS84",
          "INSTITUTION_MATCH_FUZZY",
          "COLLECTION_MATCH_NONE",
          "TAXON_ID_NOT_FOUND"
        ],
        "fallback_media": {
          "url": "https://d2jcv3kl45hlgi.cloudfront.net/499ba8f27853d5432a9fc5e85e52e971.jpg",
          "references": "http://specimens.kew.org/Herbarium/K001162483",
          "title": null,
          "creator": null,
          "publisher": null,
          "license": "http://creativecommons.org/licenses/by/4.0/",
          "rightsHolder": "Royal Botanic Gardens, Kew"
        }
      }
    },
    {
      "type": "Feature",
      "geometry": {
        "type": "Point",
        "coordinates": [
          -85.354167,
          10.791667
        ]
      },
      "properties": {
        "gbifID": "4032115307",
        "species": "Solanum accrescens",
        "genus": "Solanum",
        "family": "Solanaceae",
        "scientificName": "Solanum accrescens Standl. & C.V.Morton",
        "coordinateUncertaintyInMeters": "",
        "basisOfRecord": "PRESERVED_SPECIMEN",
        "eventDate": "1994-09-18",
        "country": null,
        "datasetName": "Tropicos",
        "publisher": "Missouri Botanical Garden",
        "license": "CC_BY_4_0",
        "issues": [
          "OCCURRENCE_STATUS_INFERRED_FROM_INDIVIDUAL_COUNT",
          "COORDINATE_ROUNDED",
          "GEODETIC_DATUM_ASSUMED_WGS84",
          "INSTITUTION_MATCH_FUZZY",
          "COLLECTION_MATCH_NONE",
          "TAXON_ID_NOT_FOUND"
        ],
        "fallback_media": {
          "url": "https://d2jcv3kl45hlgi.cloudfront.net/499ba8f27853d5432a9fc5e85e52e971.jpg",
          "references": "http://specimens.kew.org/Herbarium/K001162483",
          "title": null,
          "creator": null,
          "publisher": null,
          "license": "http://creativecommons.org/licenses/by/4.0/",
          "rightsHolder": "Royal Botanic Gardens, Kew"
        }
      }
    },
    {
      "type": "Feature",
      "geometry": {
        "type": "Point",
        "coordinates": [
          -85.583333,
          10.833333
        ]
      },
      "properties": {
        "gbifID": "1259390979",
        "species": "Solanum accrescens",
        "genus": "Solanum",
        "family": "Solanaceae",
        "scientificName": "Solanum accrescens Standl. & C.V.Morton",
        "coordinateUncertaintyInMeters": "",
        "basisOfRecord": "PRESERVED_SPECIMEN",
        "eventDate": "1978-07-04",
        "country": null,
        "datasetName": "Tropicos",
        "publisher": "Missouri Botanical Garden",
        "license": "CC_BY_4_0",
        "issues": [
          "OCCURRENCE_STATUS_INFERRED_FROM_INDIVIDUAL_COUNT",
          "COORDINATE_ROUNDED",
          "GEODETIC_DATUM_ASSUMED_WGS84",
          "ELEVATION_NON_NUMERIC",
          "INSTITUTION_MATCH_FUZZY",
          "COLLECTION_MATCH_NONE",
          "TAXON_ID_NOT_FOUND",
          "TAXON_MATCH_HIGHERRANK"
        ],
        "fallback_media": {
          "url": "https://d2jcv3kl45hlgi.cloudfront.net/499ba8f27853d5432a9fc5e85e52e971.jpg",
          "references": "http://specimens.kew.org/Herbarium/K001162483",
          "title": null,
          "creator": null,
          "publisher": null,
          "license": "http://creativecommons.org/licenses/by/4.0/",
          "rightsHolder": "Royal Botanic Gardens, Kew"
        }
      }
    },
    {
      "type": "Feature",
      "geometry": {
        "type": "Point",
        "coordinates": [
          -83.03778,
          9.008333
        ]
      },
      "properties": {
        "gbifID": "1257836604",
        "species": "Solanum accrescens",
        "genus": "Solanum",
        "family": "Solanaceae",
        "scientificName": "Solanum accrescens Standl. & C.V.Morton",
        "coordinateUncertaintyInMeters": "",
        "basisOfRecord": "PRESERVED_SPECIMEN",
        "eventDate": "2006-01-19",
        "country": null,
        "datasetName": "Tropicos",
        "publisher": "Missouri Botanical Garden",
        "license": "CC_BY_4_0",
        "issues": [
          "OCCURRENCE_STATUS_INFERRED_FROM_INDIVIDUAL_COUNT",
          "COORDINATE_ROUNDED",
          "GEODETIC_DATUM_ASSUMED_WGS84",
          "INSTITUTION_MATCH_FUZZY",
          "COLLECTION_MATCH_NONE",
          "TAXON_ID_NOT_FOUND"
        ],
        "fallback_media": {
          "url": "https://d2jcv3kl45hlgi.cloudfront.net/499ba8f27853d5432a9fc5e85e52e971.jpg",
          "references": "http://specimens.kew.org/Herbarium/K001162483",
          "title": null,
          "creator": null,
          "publisher": null,
          "license": "http://creativecommons.org/licenses/by/4.0/",
          "rightsHolder": "Royal Botanic Gardens, Kew"
        }
      }
    },
    {
      "type": "Feature",
      "geometry": {
        "type": "Point",
        "coordinates": [
          -84.165647,
          9.937703
        ]
      },
      "properties": {
        "gbifID": "5903667179",
        "species": "Solanum accrescens",
        "genus": "Solanum",
        "family": "Solanaceae",
        "scientificName": "Solanum accrescens Standl. & C.V.Morton",
        "coordinateUncertaintyInMeters": "",
        "basisOfRecord": "PRESERVED_SPECIMEN",
        "eventDate": "2023-09-27",
        "country": null,
        "datasetName": "Tropicos",
        "publisher": "Missouri Botanical Garden",
        "license": "CC_BY_4_0",
        "issues": [
          "OCCURRENCE_STATUS_INFERRED_FROM_INDIVIDUAL_COUNT",
          "COORDINATE_ROUNDED",
          "GEODETIC_DATUM_ASSUMED_WGS84",
          "INSTITUTION_MATCH_FUZZY",
          "COLLECTION_MATCH_NONE",
          "TAXON_ID_NOT_FOUND"
        ],
        "fallback_media": {
          "url": "https://d2jcv3kl45hlgi.cloudfront.net/499ba8f27853d5432a9fc5e85e52e971.jpg",
          "references": "http://specimens.kew.org/Herbarium/K001162483",
          "title": null,
          "creator": null,
          "publisher": null,
          "license": "http://creativecommons.org/licenses/by/4.0/",
          "rightsHolder": "Royal Botanic Gardens, Kew"
        }
      }
    },
    {
      "type": "Feature",
      "geometry": {
        "type": "Point",
        "coordinates": [
          -84.82,
          10.31
        ]
      },
      "properties": {
        "gbifID": "4031409074",
        "species": "Solanum accrescens",
        "genus": "Solanum",
        "family": "Solanaceae",
        "scientificName": "Solanum accrescens Standl. & C.V.Morton",
        "coordinateUncertaintyInMeters": "",
        "basisOfRecord": "PRESERVED_SPECIMEN",
        "eventDate": "1991-08-21",
        "country": null,
        "datasetName": "Tropicos",
        "publisher": "Missouri Botanical Garden",
        "license": "CC_BY_4_0",
        "issues": [
          "OCCURRENCE_STATUS_INFERRED_FROM_INDIVIDUAL_COUNT",
          "GEODETIC_DATUM_ASSUMED_WGS84",
          "INSTITUTION_MATCH_FUZZY",
          "COLLECTION_MATCH_NONE",
          "TAXON_ID_NOT_FOUND",
          "TAXON_MATCH_HIGHERRANK"
        ],
        "fallback_media": {
          "url": "https://d2jcv3kl45hlgi.cloudfront.net/499ba8f27853d5432a9fc5e85e52e971.jpg",
          "references": "http://specimens.kew.org/Herbarium/K001162483",
          "title": null,
          "creator": null,
          "publisher": null,
          "license": "http://creativecommons.org/licenses/by/4.0/",
          "rightsHolder": "Royal Botanic Gardens, Kew"
        }
      }
    },
    {
      "type": "Feature",
      "geometry": {
        "type": "Point",
        "coordinates": [
          -85.55,
          11.0
        ]
      },
      "properties": {
        "gbifID": "1257658248",
        "species": "Solanum accrescens",
        "genus": "Solanum",
        "family": "Solanaceae",
        "scientificName": "Solanum accrescens Standl. & C.V.Morton",
        "coordinateUncertaintyInMeters": "",
        "basisOfRecord": "PRESERVED_SPECIMEN",
        "eventDate": "1992-11-10",
        "country": null,
        "datasetName": "Tropicos",
        "publisher": "Missouri Botanical Garden",
        "license": "CC_BY_4_0",
        "issues": [
          "OCCURRENCE_STATUS_INFERRED_FROM_INDIVIDUAL_COUNT",
          "GEODETIC_DATUM_ASSUMED_WGS84",
          "INSTITUTION_MATCH_FUZZY",
          "COLLECTION_MATCH_NONE",
          "TAXON_ID_NOT_FOUND"
        ],
        "fallback_media": {
          "url": "https://d2jcv3kl45hlgi.cloudfront.net/499ba8f27853d5432a9fc5e85e52e971.jpg",
          "references": "http://specimens.kew.org/Herbarium/K001162483",
          "title": null,
          "creator": null,
          "publisher": null,
          "license": "http://creativecommons.org/licenses/by/4.0/",
          "rightsHolder": "Royal Botanic Gardens, Kew"
        }
      }
    },
    {
      "type": "Feature",
      "geometry": {
        "type": "Point",
        "coordinates": [
          -84.199475,
          9.938286
        ]
      },
      "properties": {
        "gbifID": "5903666374",
        "species": "Solanum accrescens",
        "genus": "Solanum",
        "family": "Solanaceae",
        "scientificName": "Solanum accrescens Standl. & C.V.Morton",
        "coordinateUncertaintyInMeters": "",
        "basisOfRecord": "PRESERVED_SPECIMEN",
        "eventDate": "2023-07-17",
        "country": null,
        "datasetName": "Tropicos",
        "publisher": "Missouri Botanical Garden",
        "license": "CC_BY_4_0",
        "issues": [
          "OCCURRENCE_STATUS_INFERRED_FROM_INDIVIDUAL_COUNT",
          "COORDINATE_ROUNDED",
          "GEODETIC_DATUM_ASSUMED_WGS84",
          "INSTITUTION_MATCH_FUZZY",
          "COLLECTION_MATCH_NONE",
          "TAXON_ID_NOT_FOUND"
        ],
        "fallback_media": {
          "url": "https://d2jcv3kl45hlgi.cloudfront.net/499ba8f27853d5432a9fc5e85e52e971.jpg",
          "references": "http://specimens.kew.org/Herbarium/K001162483",
          "title": null,
          "creator": null,
          "publisher": null,
          "license": "http://creativecommons.org/licenses/by/4.0/",
          "rightsHolder": "Royal Botanic Gardens, Kew"
        }
      }
    },
    {
      "type": "Feature",
      "geometry": {
        "type": "Point",
        "coordinates": [
          -79.90361,
          8.71111
        ]
      },
      "properties": {
        "gbifID": "1259418396",
        "species": "Solanum accrescens",
        "genus": "Solanum",
        "family": "Solanaceae",
        "scientificName": "Solanum accrescens Standl. & C.V.Morton",
        "coordinateUncertaintyInMeters": "",
        "basisOfRecord": "PRESERVED_SPECIMEN",
        "eventDate": "1971-05-16",
        "country": null,
        "datasetName": "Tropicos",
        "publisher": "Missouri Botanical Garden",
        "license": "CC_BY_4_0",
        "issues": [
          "GEODETIC_DATUM_ASSUMED_WGS84",
          "INSTITUTION_MATCH_FUZZY",
          "COLLECTION_MATCH_NONE",
          "TAXON_ID_NOT_FOUND"
        ],
        "fallback_media": {
          "url": "https://d2jcv3kl45hlgi.cloudfront.net/499ba8f27853d5432a9fc5e85e52e971.jpg",
          "references": "http://specimens.kew.org/Herbarium/K001162483",
          "title": null,
          "creator": null,
          "publisher": null,
          "license": "http://creativecommons.org/licenses/by/4.0/",
          "rightsHolder": "Royal Botanic Gardens, Kew"
        }
      }
    },
    {
      "type": "Feature",
      "geometry": {
        "type": "Point",
        "coordinates": [
          -85.427778,
          10.990556
        ]
      },
      "properties": {
        "gbifID": "4031430326",
        "species": "Solanum accrescens",
        "genus": "Solanum",
        "family": "Solanaceae",
        "scientificName": "Solanum accrescens Standl. & C.V.Morton",
        "coordinateUncertaintyInMeters": "",
        "basisOfRecord": "PRESERVED_SPECIMEN",
        "eventDate": "1992-12-19",
        "country": null,
        "datasetName": "Tropicos",
        "publisher": "Missouri Botanical Garden",
        "license": "CC_BY_4_0",
        "issues": [
          "OCCURRENCE_STATUS_INFERRED_FROM_INDIVIDUAL_COUNT",
          "COORDINATE_ROUNDED",
          "GEODETIC_DATUM_ASSUMED_WGS84",
          "INSTITUTION_MATCH_FUZZY",
          "COLLECTION_MATCH_NONE",
          "TAXON_ID_NOT_FOUND"
        ],
        "fallback_media": {
          "url": "https://d2jcv3kl45hlgi.cloudfront.net/499ba8f27853d5432a9fc5e85e52e971.jpg",
          "references": "http://specimens.kew.org/Herbarium/K001162483",
          "title": null,
          "creator": null,
          "publisher": null,
          "license": "http://creativecommons.org/licenses/by/4.0/",
          "rightsHolder": "Royal Botanic Gardens, Kew"
        }
      }
    },
    {
      "type": "Feature",
      "geometry": {
        "type": "Point",
        "coordinates": [
          -82.76,
          8.9
        ]
      },
      "properties": {
        "gbifID": "1262254353",
        "species": "Solanum accrescens",
        "genus": "Solanum",
        "family": "Solanaceae",
        "scientificName": "Solanum accrescens Standl. & C.V.Morton",
        "coordinateUncertaintyInMeters": "",
        "basisOfRecord": "PRESERVED_SPECIMEN",
        "eventDate": "1984",
        "country": null,
        "datasetName": "Tropicos",
        "publisher": "Missouri Botanical Garden",
        "license": "CC_BY_4_0",
        "issues": [
          "OCCURRENCE_STATUS_INFERRED_FROM_INDIVIDUAL_COUNT",
          "GEODETIC_DATUM_ASSUMED_WGS84",
          "INSTITUTION_MATCH_FUZZY",
          "COLLECTION_MATCH_NONE",
          "TAXON_ID_NOT_FOUND"
        ],
        "fallback_media": {
          "url": "https://d2jcv3kl45hlgi.cloudfront.net/499ba8f27853d5432a9fc5e85e52e971.jpg",
          "references": "http://specimens.kew.org/Herbarium/K001162483",
          "title": null,
          "creator": null,
          "publisher": null,
          "license": "http://creativecommons.org/licenses/by/4.0/",
          "rightsHolder": "Royal Botanic Gardens, Kew"
        }
      }
    },
    {
      "type": "Feature",
      "geometry": {
        "type": "Point",
        "coordinates": [
          -84.15775,
          9.944678
        ]
      },
      "properties": {
        "gbifID": "4031721999",
        "species": "Solanum accrescens",
        "genus": "Solanum",
        "family": "Solanaceae",
        "scientificName": "Solanum accrescens Standl. & C.V.Morton",
        "coordinateUncertaintyInMeters": "",
        "basisOfRecord": "PRESERVED_SPECIMEN",
        "eventDate": "2006-07-09",
        "country": null,
        "datasetName": "Tropicos",
        "publisher": "Missouri Botanical Garden",
        "license": "CC_BY_4_0",
        "issues": [
          "OCCURRENCE_STATUS_INFERRED_FROM_INDIVIDUAL_COUNT",
          "COORDINATE_ROUNDED",
          "GEODETIC_DATUM_ASSUMED_WGS84",
          "INSTITUTION_MATCH_FUZZY",
          "COLLECTION_MATCH_NONE",
          "TAXON_ID_NOT_FOUND"
        ],
        "fallback_media": {
          "url": "https://d2jcv3kl45hlgi.cloudfront.net/499ba8f27853d5432a9fc5e85e52e971.jpg",
          "references": "http://specimens.kew.org/Herbarium/K001162483",
          "title": null,
          "creator": null,
          "publisher": null,
          "license": "http://creativecommons.org/licenses/by/4.0/",
          "rightsHolder": "Royal Botanic Gardens, Kew"
        }
      }
    },
    {
      "type": "Feature",
      "geometry": {
        "type": "Point",
        "coordinates": [
          -84.39,
          9.68
        ]
      },
      "properties": {
        "gbifID": "1258614818",
        "species": "Solanum accrescens",
        "genus": "Solanum",
        "family": "Solanaceae",
        "scientificName": "Solanum accrescens Standl. & C.V.Morton",
        "coordinateUncertaintyInMeters": "",
        "basisOfRecord": "PRESERVED_SPECIMEN",
        "eventDate": "1997-03-21",
        "country": null,
        "datasetName": "Tropicos",
        "publisher": "Missouri Botanical Garden",
        "license": "CC_BY_4_0",
        "issues": [
          "OCCURRENCE_STATUS_INFERRED_FROM_INDIVIDUAL_COUNT",
          "GEODETIC_DATUM_ASSUMED_WGS84",
          "INSTITUTION_MATCH_FUZZY",
          "COLLECTION_MATCH_NONE",
          "TAXON_ID_NOT_FOUND"
        ],
        "fallback_media": {
          "url": "https://d2jcv3kl45hlgi.cloudfront.net/499ba8f27853d5432a9fc5e85e52e971.jpg",
          "references": "http://specimens.kew.org/Herbarium/K001162483",
          "title": null,
          "creator": null,
          "publisher": null,
          "license": "http://creativecommons.org/licenses/by/4.0/",
          "rightsHolder": "Royal Botanic Gardens, Kew"
        }
      }
    },
    {
      "type": "Feature",
      "geometry": {
        "type": "Point",
        "coordinates": [
          -79.30833,
          9.10833
        ]
      },
      "properties": {
        "gbifID": "1259416935",
        "species": "Solanum accrescens",
        "genus": "Solanum",
        "family": "Solanaceae",
        "scientificName": "Solanum accrescens Standl. & C.V.Morton",
        "coordinateUncertaintyInMeters": "",
        "basisOfRecord": "PRESERVED_SPECIMEN",
        "eventDate": "1967-11-16",
        "country": null,
        "datasetName": "Tropicos",
        "publisher": "Missouri Botanical Garden",
        "license": "CC_BY_4_0",
        "issues": [
          "GEODETIC_DATUM_ASSUMED_WGS84",
          "INSTITUTION_MATCH_FUZZY",
          "COLLECTION_MATCH_NONE",
          "TAXON_ID_NOT_FOUND"
        ],
        "fallback_media": {
          "url": "https://d2jcv3kl45hlgi.cloudfront.net/499ba8f27853d5432a9fc5e85e52e971.jpg",
          "references": "http://specimens.kew.org/Herbarium/K001162483",
          "title": null,
          "creator": null,
          "publisher": null,
          "license": "http://creativecommons.org/licenses/by/4.0/",
          "rightsHolder": "Royal Botanic Gardens, Kew"
        }
      }
    },
    {
      "type": "Feature",
      "geometry": {
        "type": "Point",
        "coordinates": [
          -79.921389,
          8.689444
        ]
      },
      "properties": {
        "gbifID": "1259415932",
        "species": "Solanum accrescens",
        "genus": "Solanum",
        "family": "Solanaceae",
        "scientificName": "Solanum accrescens Standl. & C.V.Morton",
        "coordinateUncertaintyInMeters": "",
        "basisOfRecord": "PRESERVED_SPECIMEN",
        "eventDate": "1973-03-11",
        "country": null,
        "datasetName": "Tropicos",
        "publisher": "Missouri Botanical Garden",
        "license": "CC_BY_4_0",
        "issues": [
          "OCCURRENCE_STATUS_INFERRED_FROM_INDIVIDUAL_COUNT",
          "COORDINATE_ROUNDED",
          "GEODETIC_DATUM_ASSUMED_WGS84",
          "INSTITUTION_MATCH_FUZZY",
          "COLLECTION_MATCH_NONE",
          "TAXON_ID_NOT_FOUND"
        ],
        "fallback_media": {
          "url": "https://d2jcv3kl45hlgi.cloudfront.net/499ba8f27853d5432a9fc5e85e52e971.jpg",
          "references": "http://specimens.kew.org/Herbarium/K001162483",
          "title": null,
          "creator": null,
          "publisher": null,
          "license": "http://creativecommons.org/licenses/by/4.0/",
          "rightsHolder": "Royal Botanic Gardens, Kew"
        }
      }
    },
    {
      "type": "Feature",
      "geometry": {
        "type": "Point",
        "coordinates": [
          -79.134444,
          9.256944
        ]
      },
      "properties": {
        "gbifID": "1259416673",
        "species": "Solanum accrescens",
        "genus": "Solanum",
        "family": "Solanaceae",
        "scientificName": "Solanum accrescens Standl. & C.V.Morton",
        "coordinateUncertaintyInMeters": "",
        "basisOfRecord": "PRESERVED_SPECIMEN",
        "eventDate": "1979-01-31",
        "country": null,
        "datasetName": "Tropicos",
        "publisher": "Missouri Botanical Garden",
        "license": "CC_BY_4_0",
        "issues": [
          "OCCURRENCE_STATUS_INFERRED_FROM_INDIVIDUAL_COUNT",
          "COORDINATE_ROUNDED",
          "GEODETIC_DATUM_ASSUMED_WGS84",
          "INSTITUTION_MATCH_FUZZY",
          "COLLECTION_MATCH_NONE",
          "TAXON_ID_NOT_FOUND"
        ],
        "fallback_media": {
          "url": "https://d2jcv3kl45hlgi.cloudfront.net/499ba8f27853d5432a9fc5e85e52e971.jpg",
          "references": "http://specimens.kew.org/Herbarium/K001162483",
          "title": null,
          "creator": null,
          "publisher": null,
          "license": "http://creativecommons.org/licenses/by/4.0/",
          "rightsHolder": "Royal Botanic Gardens, Kew"
        }
      }
    },
    {
      "type": "Feature",
      "geometry": {
        "type": "Point",
        "coordinates": [
          -79.41638,
          9.16722
        ]
      },
      "properties": {
        "gbifID": "1259415768",
        "species": "Solanum accrescens",
        "genus": "Solanum",
        "family": "Solanaceae",
        "scientificName": "Solanum accrescens Standl. & C.V.Morton",
        "coordinateUncertaintyInMeters": "",
        "basisOfRecord": "PRESERVED_SPECIMEN",
        "eventDate": "1972-01-05",
        "country": null,
        "datasetName": "Tropicos",
        "publisher": "Missouri Botanical Garden",
        "license": "CC_BY_4_0",
        "issues": [
          "GEODETIC_DATUM_ASSUMED_WGS84",
          "INSTITUTION_MATCH_FUZZY",
          "COLLECTION_MATCH_NONE",
          "TAXON_ID_NOT_FOUND"
        ],
        "fallback_media": {
          "url": "https://d2jcv3kl45hlgi.cloudfront.net/499ba8f27853d5432a9fc5e85e52e971.jpg",
          "references": "http://specimens.kew.org/Herbarium/K001162483",
          "title": null,
          "creator": null,
          "publisher": null,
          "license": "http://creativecommons.org/licenses/by/4.0/",
          "rightsHolder": "Royal Botanic Gardens, Kew"
        }
      }
    },
    {
      "type": "Feature",
      "geometry": {
        "type": "Point",
        "coordinates": [
          -86.668889,
          14.453333
        ]
      },
      "properties": {
        "gbifID": "1258978638",
        "species": "Solanum accrescens",
        "genus": "Solanum",
        "family": "Solanaceae",
        "scientificName": "Solanum accrescens Standl. & C.V.Morton",
        "coordinateUncertaintyInMeters": "",
        "basisOfRecord": "PRESERVED_SPECIMEN",
        "eventDate": "1979-10-06",
        "country": null,
        "datasetName": "Tropicos",
        "publisher": "Missouri Botanical Garden",
        "license": "CC_BY_4_0",
        "issues": [
          "OCCURRENCE_STATUS_INFERRED_FROM_INDIVIDUAL_COUNT",
          "COORDINATE_ROUNDED",
          "GEODETIC_DATUM_ASSUMED_WGS84",
          "INSTITUTION_MATCH_FUZZY",
          "COLLECTION_MATCH_NONE",
          "TAXON_ID_NOT_FOUND"
        ],
        "fallback_media": {
          "url": "https://d2jcv3kl45hlgi.cloudfront.net/499ba8f27853d5432a9fc5e85e52e971.jpg",
          "references": "http://specimens.kew.org/Herbarium/K001162483",
          "title": null,
          "creator": null,
          "publisher": null,
          "license": "http://creativecommons.org/licenses/by/4.0/",
          "rightsHolder": "Royal Botanic Gardens, Kew"
        }
      }
    },
    {
      "type": "Feature",
      "geometry": {
        "type": "Point",
        "coordinates": [
          -79.554722,
          9.096111
        ]
      },
      "properties": {
        "gbifID": "1259418853",
        "species": "Solanum accrescens",
        "genus": "Solanum",
        "family": "Solanaceae",
        "scientificName": "Solanum accrescens Standl. & C.V.Morton",
        "coordinateUncertaintyInMeters": "",
        "basisOfRecord": "PRESERVED_SPECIMEN",
        "eventDate": "1973-12-18",
        "country": null,
        "datasetName": "Tropicos",
        "publisher": "Missouri Botanical Garden",
        "license": "CC_BY_4_0",
        "issues": [
          "OCCURRENCE_STATUS_INFERRED_FROM_INDIVIDUAL_COUNT",
          "COORDINATE_ROUNDED",
          "GEODETIC_DATUM_ASSUMED_WGS84",
          "INSTITUTION_MATCH_FUZZY",
          "COLLECTION_MATCH_NONE",
          "TAXON_ID_NOT_FOUND"
        ],
        "fallback_media": {
          "url": "https://d2jcv3kl45hlgi.cloudfront.net/499ba8f27853d5432a9fc5e85e52e971.jpg",
          "references": "http://specimens.kew.org/Herbarium/K001162483",
          "title": null,
          "creator": null,
          "publisher": null,
          "license": "http://creativecommons.org/licenses/by/4.0/",
          "rightsHolder": "Royal Botanic Gardens, Kew"
        }
      }
    },
    {
      "type": "Feature",
      "geometry": {
        "type": "Point",
        "coordinates": [
          -83.6325,
          9.396111
        ]
      },
      "properties": {
        "gbifID": "1258491460",
        "species": "Solanum accrescens",
        "genus": "Solanum",
        "family": "Solanaceae",
        "scientificName": "Solanum accrescens Standl. & C.V.Morton",
        "coordinateUncertaintyInMeters": "",
        "basisOfRecord": "PRESERVED_SPECIMEN",
        "eventDate": "1936-12",
        "country": null,
        "datasetName": "Tropicos",
        "publisher": "Missouri Botanical Garden",
        "license": "CC_BY_4_0",
        "issues": [
          "OCCURRENCE_STATUS_INFERRED_FROM_INDIVIDUAL_COUNT",
          "COORDINATE_ROUNDED",
          "GEODETIC_DATUM_ASSUMED_WGS84",
          "INSTITUTION_MATCH_FUZZY",
          "COLLECTION_MATCH_NONE",
          "TAXON_ID_NOT_FOUND",
          "TAXON_MATCH_HIGHERRANK"
        ],
        "media": [
          {
            "url": "https://images.mobot.org/tropicosimages3/detailimages/Tropicos/296/5F1031CD-E8DD-4755-A3BC-B351079EB240.jpg",
            "references": "https://www.tropicos.org/ImageFullView.aspx?imageid=6913",
            "title": "Skutch - 2979 - Costa Rica",
            "creator": "MBG",
            "publisher": null,
            "license": "http://creativecommons.org/licenses/by-nc-sa/3.0/",
            "rightsHolder": "MBG"
          }
        ]
      }
    },
    {
      "type": "Feature",
      "geometry": {
        "type": "Point",
        "coordinates": [
          -79.416389,
          9.167222
        ]
      },
      "properties": {
        "gbifID": "1259418589",
        "species": "Solanum accrescens",
        "genus": "Solanum",
        "family": "Solanaceae",
        "scientificName": "Solanum accrescens Standl. & C.V.Morton",
        "coordinateUncertaintyInMeters": "",
        "basisOfRecord": "PRESERVED_SPECIMEN",
        "eventDate": "1974-12-01",
        "country": null,
        "datasetName": "Tropicos",
        "publisher": "Missouri Botanical Garden",
        "license": "CC_BY_4_0",
        "issues": [
          "OCCURRENCE_STATUS_INFERRED_FROM_INDIVIDUAL_COUNT",
          "COORDINATE_ROUNDED",
          "GEODETIC_DATUM_ASSUMED_WGS84",
          "INSTITUTION_MATCH_FUZZY",
          "COLLECTION_MATCH_NONE",
          "TAXON_ID_NOT_FOUND"
        ],
        "fallback_media": {
          "url": "https://d2jcv3kl45hlgi.cloudfront.net/499ba8f27853d5432a9fc5e85e52e971.jpg",
          "references": "http://specimens.kew.org/Herbarium/K001162483",
          "title": null,
          "creator": null,
          "publisher": null,
          "license": "http://creativecommons.org/licenses/by/4.0/",
          "rightsHolder": "Royal Botanic Gardens, Kew"
        }
      }
    },
    {
      "type": "Feature",
      "geometry": {
        "type": "Point",
        "coordinates": [
          -79.9,
          8.71666
        ]
      },
      "properties": {
        "gbifID": "1259417364",
        "species": "Solanum accrescens",
        "genus": "Solanum",
        "family": "Solanaceae",
        "scientificName": "Solanum accrescens Standl. & C.V.Morton",
        "coordinateUncertaintyInMeters": "",
        "basisOfRecord": "PRESERVED_SPECIMEN",
        "eventDate": "1971-04-09",
        "country": null,
        "datasetName": "Tropicos",
        "publisher": "Missouri Botanical Garden",
        "license": "CC_BY_4_0",
        "issues": [
          "GEODETIC_DATUM_ASSUMED_WGS84",
          "INSTITUTION_MATCH_FUZZY",
          "COLLECTION_MATCH_NONE",
          "TAXON_ID_NOT_FOUND"
        ],
        "fallback_media": {
          "url": "https://d2jcv3kl45hlgi.cloudfront.net/499ba8f27853d5432a9fc5e85e52e971.jpg",
          "references": "http://specimens.kew.org/Herbarium/K001162483",
          "title": null,
          "creator": null,
          "publisher": null,
          "license": "http://creativecommons.org/licenses/by/4.0/",
          "rightsHolder": "Royal Botanic Gardens, Kew"
        }
      }
    },
    {
      "type": "Feature",
      "geometry": {
        "type": "Point",
        "coordinates": [
          -79.416389,
          9.166667
        ]
      },
      "properties": {
        "gbifID": "1259416040",
        "species": "Solanum accrescens",
        "genus": "Solanum",
        "family": "Solanaceae",
        "scientificName": "Solanum accrescens Standl. & C.V.Morton",
        "coordinateUncertaintyInMeters": "",
        "basisOfRecord": "PRESERVED_SPECIMEN",
        "eventDate": "1961-08-13",
        "country": null,
        "datasetName": "Tropicos",
        "publisher": "Missouri Botanical Garden",
        "license": "CC_BY_4_0",
        "issues": [
          "OCCURRENCE_STATUS_INFERRED_FROM_INDIVIDUAL_COUNT",
          "COORDINATE_ROUNDED",
          "GEODETIC_DATUM_ASSUMED_WGS84",
          "INSTITUTION_MATCH_FUZZY",
          "COLLECTION_MATCH_NONE",
          "TAXON_ID_NOT_FOUND"
        ],
        "fallback_media": {
          "url": "https://d2jcv3kl45hlgi.cloudfront.net/499ba8f27853d5432a9fc5e85e52e971.jpg",
          "references": "http://specimens.kew.org/Herbarium/K001162483",
          "title": null,
          "creator": null,
          "publisher": null,
          "license": "http://creativecommons.org/licenses/by/4.0/",
          "rightsHolder": "Royal Botanic Gardens, Kew"
        }
      }
    },
    {
      "type": "Feature",
      "geometry": {
        "type": "Point",
        "coordinates": [
          -79.38472,
          9.21388
        ]
      },
      "properties": {
        "gbifID": "1259415265",
        "species": "Solanum accrescens",
        "genus": "Solanum",
        "family": "Solanaceae",
        "scientificName": "Solanum accrescens Standl. & C.V.Morton",
        "coordinateUncertaintyInMeters": "",
        "basisOfRecord": "PRESERVED_SPECIMEN",
        "eventDate": "1971-01-25",
        "country": null,
        "datasetName": "Tropicos",
        "publisher": "Missouri Botanical Garden",
        "license": "CC_BY_4_0",
        "issues": [
          "GEODETIC_DATUM_ASSUMED_WGS84",
          "INSTITUTION_MATCH_FUZZY",
          "COLLECTION_MATCH_NONE",
          "TAXON_ID_NOT_FOUND"
        ],
        "fallback_media": {
          "url": "https://d2jcv3kl45hlgi.cloudfront.net/499ba8f27853d5432a9fc5e85e52e971.jpg",
          "references": "http://specimens.kew.org/Herbarium/K001162483",
          "title": null,
          "creator": null,
          "publisher": null,
          "license": "http://creativecommons.org/licenses/by/4.0/",
          "rightsHolder": "Royal Botanic Gardens, Kew"
        }
      }
    },
    {
      "type": "Feature",
      "geometry": {
        "type": "Point",
        "coordinates": [
          -84.98759,
          10.579924
        ]
      },
      "properties": {
        "gbifID": "1257838199",
        "species": "Solanum accrescens",
        "genus": "Solanum",
        "family": "Solanaceae",
        "scientificName": "Solanum accrescens Standl. & C.V.Morton",
        "coordinateUncertaintyInMeters": "",
        "basisOfRecord": "PRESERVED_SPECIMEN",
        "eventDate": "2000-11-07",
        "country": null,
        "datasetName": "Tropicos",
        "publisher": "Missouri Botanical Garden",
        "license": "CC_BY_4_0",
        "issues": [
          "OCCURRENCE_STATUS_INFERRED_FROM_INDIVIDUAL_COUNT",
          "GEODETIC_DATUM_ASSUMED_WGS84",
          "INSTITUTION_MATCH_FUZZY",
          "COLLECTION_MATCH_NONE",
          "TAXON_ID_NOT_FOUND"
        ],
        "fallback_media": {
          "url": "https://d2jcv3kl45hlgi.cloudfront.net/499ba8f27853d5432a9fc5e85e52e971.jpg",
          "references": "http://specimens.kew.org/Herbarium/K001162483",
          "title": null,
          "creator": null,
          "publisher": null,
          "license": "http://creativecommons.org/licenses/by/4.0/",
          "rightsHolder": "Royal Botanic Gardens, Kew"
        }
      }
    },
    {
      "type": "Feature",
      "geometry": {
        "type": "Point",
        "coordinates": [
          -84.29556,
          9.708889
        ]
      },
      "properties": {
        "gbifID": "1257835068",
        "species": "Solanum accrescens",
        "genus": "Solanum",
        "family": "Solanaceae",
        "scientificName": "Solanum accrescens Standl. & C.V.Morton",
        "coordinateUncertaintyInMeters": "",
        "basisOfRecord": "PRESERVED_SPECIMEN",
        "eventDate": "2004-04-07",
        "country": null,
        "datasetName": "Tropicos",
        "publisher": "Missouri Botanical Garden",
        "license": "CC_BY_4_0",
        "issues": [
          "OCCURRENCE_STATUS_INFERRED_FROM_INDIVIDUAL_COUNT",
          "COORDINATE_ROUNDED",
          "GEODETIC_DATUM_ASSUMED_WGS84",
          "INSTITUTION_MATCH_FUZZY",
          "COLLECTION_MATCH_NONE",
          "TAXON_ID_NOT_FOUND"
        ],
        "fallback_media": {
          "url": "https://d2jcv3kl45hlgi.cloudfront.net/499ba8f27853d5432a9fc5e85e52e971.jpg",
          "references": "http://specimens.kew.org/Herbarium/K001162483",
          "title": null,
          "creator": null,
          "publisher": null,
          "license": "http://creativecommons.org/licenses/by/4.0/",
          "rightsHolder": "Royal Botanic Gardens, Kew"
        }
      }
    },
    {
      "type": "Feature",
      "geometry": {
        "type": "Point",
        "coordinates": [
          -79.42027,
          9.17027
        ]
      },
      "properties": {
        "gbifID": "1258697875",
        "species": "Solanum accrescens",
        "genus": "Solanum",
        "family": "Solanaceae",
        "scientificName": "Solanum accrescens Standl. & C.V.Morton",
        "coordinateUncertaintyInMeters": "",
        "basisOfRecord": "PRESERVED_SPECIMEN",
        "eventDate": "1974-11-28",
        "country": null,
        "datasetName": "Tropicos",
        "publisher": "Missouri Botanical Garden",
        "license": "CC_BY_4_0",
        "issues": [
          "GEODETIC_DATUM_ASSUMED_WGS84",
          "INSTITUTION_MATCH_FUZZY",
          "COLLECTION_MATCH_NONE",
          "TAXON_ID_NOT_FOUND"
        ],
        "fallback_media": {
          "url": "https://d2jcv3kl45hlgi.cloudfront.net/499ba8f27853d5432a9fc5e85e52e971.jpg",
          "references": "http://specimens.kew.org/Herbarium/K001162483",
          "title": null,
          "creator": null,
          "publisher": null,
          "license": "http://creativecommons.org/licenses/by/4.0/",
          "rightsHolder": "Royal Botanic Gardens, Kew"
        }
      }
    },
    {
      "type": "Feature",
      "geometry": {
        "type": "Point",
        "coordinates": [
          -84.8,
          10.25
        ]
      },
      "properties": {
        "gbifID": "1262250416",
        "species": "Solanum accrescens",
        "genus": "Solanum",
        "family": "Solanaceae",
        "scientificName": "Solanum accrescens Standl. & C.V.Morton",
        "coordinateUncertaintyInMeters": "",
        "basisOfRecord": "PRESERVED_SPECIMEN",
        "eventDate": "1990-09-25",
        "country": null,
        "datasetName": "Tropicos",
        "publisher": "Missouri Botanical Garden",
        "license": "CC_BY_4_0",
        "issues": [
          "OCCURRENCE_STATUS_INFERRED_FROM_INDIVIDUAL_COUNT",
          "GEODETIC_DATUM_ASSUMED_WGS84",
          "INSTITUTION_MATCH_FUZZY",
          "COLLECTION_MATCH_NONE",
          "TAXON_ID_NOT_FOUND"
        ],
        "fallback_media": {
          "url": "https://d2jcv3kl45hlgi.cloudfront.net/499ba8f27853d5432a9fc5e85e52e971.jpg",
          "references": "http://specimens.kew.org/Herbarium/K001162483",
          "title": null,
          "creator": null,
          "publisher": null,
          "license": "http://creativecommons.org/licenses/by/4.0/",
          "rightsHolder": "Royal Botanic Gardens, Kew"
        }
      }
    },
    {
      "type": "Feature",
      "geometry": {
        "type": "Point",
        "coordinates": [
          -85.35,
          10.784722
        ]
      },
      "properties": {
        "gbifID": "1260347703",
        "species": "Solanum accrescens",
        "genus": "Solanum",
        "family": "Solanaceae",
        "scientificName": "Solanum accrescens Standl. & C.V.Morton",
        "coordinateUncertaintyInMeters": "",
        "basisOfRecord": "PRESERVED_SPECIMEN",
        "eventDate": "1983-01-28",
        "country": null,
        "datasetName": "Tropicos",
        "publisher": "Missouri Botanical Garden",
        "license": "CC_BY_4_0",
        "issues": [
          "OCCURRENCE_STATUS_INFERRED_FROM_INDIVIDUAL_COUNT",
          "COORDINATE_ROUNDED",
          "GEODETIC_DATUM_ASSUMED_WGS84",
          "INSTITUTION_MATCH_FUZZY",
          "COLLECTION_MATCH_NONE",
          "TAXON_ID_NOT_FOUND",
          "TAXON_MATCH_HIGHERRANK"
        ],
        "fallback_media": {
          "url": "https://d2jcv3kl45hlgi.cloudfront.net/499ba8f27853d5432a9fc5e85e52e971.jpg",
          "references": "http://specimens.kew.org/Herbarium/K001162483",
          "title": null,
          "creator": null,
          "publisher": null,
          "license": "http://creativecommons.org/licenses/by/4.0/",
          "rightsHolder": "Royal Botanic Gardens, Kew"
        }
      }
    },
    {
      "type": "Feature",
      "geometry": {
        "type": "Point",
        "coordinates": [
          -85.35,
          10.79
        ]
      },
      "properties": {
        "gbifID": "4031814018",
        "species": "Solanum accrescens",
        "genus": "Solanum",
        "family": "Solanaceae",
        "scientificName": "Solanum accrescens Standl. & C.V.Morton",
        "coordinateUncertaintyInMeters": "",
        "basisOfRecord": "PRESERVED_SPECIMEN",
        "eventDate": "1993-01-13",
        "country": null,
        "datasetName": "Tropicos",
        "publisher": "Missouri Botanical Garden",
        "license": "CC_BY_4_0",
        "issues": [
          "OCCURRENCE_STATUS_INFERRED_FROM_INDIVIDUAL_COUNT",
          "GEODETIC_DATUM_ASSUMED_WGS84",
          "INSTITUTION_MATCH_FUZZY",
          "COLLECTION_MATCH_NONE",
          "TAXON_ID_NOT_FOUND"
        ],
        "fallback_media": {
          "url": "https://d2jcv3kl45hlgi.cloudfront.net/499ba8f27853d5432a9fc5e85e52e971.jpg",
          "references": "http://specimens.kew.org/Herbarium/K001162483",
          "title": null,
          "creator": null,
          "publisher": null,
          "license": "http://creativecommons.org/licenses/by/4.0/",
          "rightsHolder": "Royal Botanic Gardens, Kew"
        }
      }
    },
    {
      "type": "Feature",
      "geometry": {
        "type": "Point",
        "coordinates": [
          -53.23333,
          3.6
        ]
      },
      "properties": {
        "gbifID": "2515439338",
        "species": "Solanum accrescens",
        "genus": "Solanum",
        "family": "Solanaceae",
        "scientificName": "Solanum accrescens Standl. & C.V.Morton",
        "coordinateUncertaintyInMeters": "",
        "basisOfRecord": "PRESERVED_SPECIMEN",
        "eventDate": "1972-10-19",
        "country": null,
        "datasetName": "",
        "publisher": "Naturalis Biodiversity Center",
        "license": "CC0_1_0",
        "issues": [],
        "media": [
          {
            "url": "https://medialib.naturalis.nl/file/id/U.1741317/format/large",
            "references": null,
            "title": null,
            "creator": null,
            "publisher": null,
            "license": "http://creativecommons.org/publicdomain/zero/1.0/",
            "rightsHolder": "Naturalis Biodiversity Center"
          }
        ]
      }
    },
    {
      "type": "Feature",
      "geometry": {
        "type": "Point",
        "coordinates": [
          -84.0396,
          9.90258
        ]
      },
      "properties": {
        "gbifID": "4976689958",
        "species": "Solanum accrescens",
        "genus": "Solanum",
        "family": "Solanaceae",
        "scientificName": "Solanum accrescens Standl. & C.V.Morton",
        "coordinateUncertaintyInMeters": "",
        "basisOfRecord": "PRESERVED_SPECIMEN",
        "eventDate": "2022-10-11",
        "country": null,
        "datasetName": "NMNH Extant Biology",
        "publisher": "National Museum of Natural History, Smithsonian Institution",
        "license": "CC0_1_0",
        "issues": [
          "OCCURRENCE_STATUS_INFERRED_FROM_INDIVIDUAL_COUNT",
          "GEODETIC_DATUM_ASSUMED_WGS84"
        ],
        "media": [
          {
            "url": "https://collections.nmnh.si.edu/media/?i=16926328&h=2000",
            "references": null,
            "title": "04710817.tif",
            "creator": "Ingrid P. Lin",
            "publisher": "Smithsonian Institution, NMNH, Botany",
            "license": "http://creativecommons.org/publicdomain/zero/1.0/",
            "rightsHolder": null
          }
        ]
      }
    },
    {
      "type": "Feature",
      "geometry": {
        "type": "Point",
        "coordinates": [
          -84.8,
          10.3
        ]
      },
      "properties": {
        "gbifID": "1304605892",
        "species": "Solanum accrescens",
        "genus": "Solanum",
        "family": "Solanaceae",
        "scientificName": "Solanum accrescens Standl. & C.V.Morton",
        "coordinateUncertaintyInMeters": "",
        "basisOfRecord": "OCCURRENCE",
        "eventDate": "1977-02-25",
        "country": null,
        "datasetName": "",
        "publisher": "Centro Internacional de Agricultura Tropical - CIAT",
        "license": "CC_BY_4_0",
        "issues": [
          "RECORDED_DATE_INVALID",
          "GEODETIC_DATUM_ASSUMED_WGS84",
          "CONTINENT_DERIVED_FROM_COORDINATES"
        ],
        "fallback_media": {
          "url": "https://d2jcv3kl45hlgi.cloudfront.net/499ba8f27853d5432a9fc5e85e52e971.jpg",
          "references": "http://specimens.kew.org/Herbarium/K001162483",
          "title": null,
          "creator": null,
          "publisher": null,
          "license": "http://creativecommons.org/licenses/by/4.0/",
          "rightsHolder": "Royal Botanic Gardens, Kew"
        }
      }
    },
    {
      "type": "Feature",
      "geometry": {
        "type": "Point",
        "coordinates": [
          -83.9519,
          10.0114
        ]
      },
      "properties": {
        "gbifID": "1302646171",
        "species": "Solanum accrescens",
        "genus": "Solanum",
        "family": "Solanaceae",
        "scientificName": "Solanum accrescens Standl. & C.V.Morton",
        "coordinateUncertaintyInMeters": "",
        "basisOfRecord": "OCCURRENCE",
        "eventDate": "1936-12",
        "country": null,
        "datasetName": "",
        "publisher": "Centro Internacional de Agricultura Tropical - CIAT",
        "license": "CC_BY_4_0",
        "issues": [
          "GEODETIC_DATUM_ASSUMED_WGS84",
          "CONTINENT_DERIVED_FROM_COORDINATES"
        ],
        "fallback_media": {
          "url": "https://d2jcv3kl45hlgi.cloudfront.net/499ba8f27853d5432a9fc5e85e52e971.jpg",
          "references": "http://specimens.kew.org/Herbarium/K001162483",
          "title": null,
          "creator": null,
          "publisher": null,
          "license": "http://creativecommons.org/licenses/by/4.0/",
          "rightsHolder": "Royal Botanic Gardens, Kew"
        }
      }
    },
    {
      "type": "Feature",
      "geometry": {
        "type": "Point",
        "coordinates": [
          -80.116667,
          8.616667
        ]
      },
      "properties": {
        "gbifID": "1304607373",
        "species": "Solanum accrescens",
        "genus": "Solanum",
        "family": "Solanaceae",
        "scientificName": "Solanum accrescens Standl. & C.V.Morton",
        "coordinateUncertaintyInMeters": "",
        "basisOfRecord": "OCCURRENCE",
        "eventDate": "1981-02-14",
        "country": null,
        "datasetName": "",
        "publisher": "Centro Internacional de Agricultura Tropical - CIAT",
        "license": "CC_BY_4_0",
        "issues": [
          "RECORDED_DATE_INVALID",
          "COORDINATE_ROUNDED",
          "GEODETIC_DATUM_ASSUMED_WGS84",
          "CONTINENT_DERIVED_FROM_COORDINATES"
        ],
        "fallback_media": {
          "url": "https://d2jcv3kl45hlgi.cloudfront.net/499ba8f27853d5432a9fc5e85e52e971.jpg",
          "references": "http://specimens.kew.org/Herbarium/K001162483",
          "title": null,
          "creator": null,
          "publisher": null,
          "license": "http://creativecommons.org/licenses/by/4.0/",
          "rightsHolder": "Royal Botanic Gardens, Kew"
        }
      }
    },
    {
      "type": "Feature",
      "geometry": {
        "type": "Point",
        "coordinates": [
          -83.692948,
          9.352396
        ]
      },
      "properties": {
        "gbifID": "1930039987",
        "species": "Solanum accrescens",
        "genus": "Solanum",
        "family": "Solanaceae",
        "scientificName": "Solanum accrescens Standl. & C.V.Morton",
        "coordinateUncertaintyInMeters": "",
        "basisOfRecord": "PRESERVED_SPECIMEN",
        "eventDate": "1936-12",
        "country": null,
        "datasetName": "Vascular plants",
        "publisher": "The New York Botanical Garden",
        "license": "CC0_1_0",
        "issues": [
          "MODIFIED_DATE_INVALID"
        ],
        "media": [
          {
            "url": "http://sweetgum.nybg.org/images3/539/980/00138961.jpg",
            "references": null,
            "title": null,
            "creator": "The New York Botanical Garden",
            "publisher": null,
            "license": "http://creativecommons.org/licenses/by/4.0/",
            "rightsHolder": "The New York Botanical Garden"
          }
        ]
      }
    },
    {
      "type": "Feature",
      "geometry": {
        "type": "Point",
        "coordinates": [
          -79.376558,
          9.233152
        ]
      },
      "properties": {
        "gbifID": "1928035277",
        "species": "Solanum accrescens",
        "genus": "Solanum",
        "family": "Solanaceae",
        "scientificName": "Solanum accrescens Standl. & C.V.Morton",
        "coordinateUncertaintyInMeters": "2902.0",
        "basisOfRecord": "PRESERVED_SPECIMEN",
        "eventDate": "1980-12-27",
        "country": null,
        "datasetName": "Vascular plants",
        "publisher": "The New York Botanical Garden",
        "license": "CC0_1_0",
        "issues": [
          "MODIFIED_DATE_INVALID"
        ],
        "media": [
          {
            "url": "http://sweetgum.nybg.org/images3/1230/976/00744116.jpg",
            "references": null,
            "title": null,
            "creator": "The New York Botanical Garden",
            "publisher": null,
            "license": "http://creativecommons.org/licenses/by/4.0/",
            "rightsHolder": "The New York Botanical Garden"
          }
        ]
      }
    },
    {
      "type": "Feature",
      "geometry": {
        "type": "Point",
        "coordinates": [
          -79.349997,
          9.23335
        ]
      },
      "properties": {
        "gbifID": "1930427344",
        "species": "Solanum accrescens",
        "genus": "Solanum",
        "family": "Solanaceae",
        "scientificName": "Solanum accrescens Standl. & C.V.Morton",
        "coordinateUncertaintyInMeters": "",
        "basisOfRecord": "PRESERVED_SPECIMEN",
        "eventDate": "1970-04-08",
        "country": null,
        "datasetName": "Vascular plants",
        "publisher": "The New York Botanical Garden",
        "license": "CC0_1_0",
        "issues": [
          "MODIFIED_DATE_INVALID"
        ],
        "media": [
          {
            "url": "http://sweetgum.nybg.org/images3/111/573/v-287-00744118.jpg",
            "references": null,
            "title": null,
            "creator": "The New York Botanical Garden",
            "publisher": null,
            "license": "http://creativecommons.org/licenses/by/4.0/",
            "rightsHolder": "The New York Botanical Garden"
          }
        ]
      }
    },
    {
      "type": "Feature",
      "geometry": {
        "type": "Point",
        "coordinates": [
          -78.1,
          -1.43
        ]
      },
      "properties": {
        "gbifID": "1928018081",
        "species": "Solanum accrescens",
        "genus": "Solanum",
        "family": "Solanaceae",
        "scientificName": "Solanum accrescens Standl. & C.V.Morton",
        "coordinateUncertaintyInMeters": "",
        "basisOfRecord": "PRESERVED_SPECIMEN",
        "eventDate": "1985-03-13/1985-03-16",
        "country": null,
        "datasetName": "Vascular plants",
        "publisher": "The New York Botanical Garden",
        "license": "CC0_1_0",
        "issues": [
          "MODIFIED_DATE_INVALID",
          "GEODETIC_DATUM_ASSUMED_WGS84"
        ],
        "media": [
          {
            "url": "http://sweetgum.nybg.org/images3/4363/731/00711778.jpg",
            "references": null,
            "title": null,
            "creator": "The New York Botanical Garden",
            "publisher": null,
            "license": "http://creativecommons.org/licenses/by/4.0/",
            "rightsHolder": "The New York Botanical Garden"
          }
        ]
      }
    },
    {
      "type": "Feature",
      "geometry": {
        "type": "Point",
        "coordinates": [
          -77.58,
          -0.7
        ]
      },
      "properties": {
        "gbifID": "1927930592",
        "species": "Solanum accrescens",
        "genus": "Solanum",
        "family": "Solanaceae",
        "scientificName": "Solanum accrescens Standl. & C.V.Morton",
        "coordinateUncertaintyInMeters": "",
        "basisOfRecord": "PRESERVED_SPECIMEN",
        "eventDate": "1988-07-15",
        "country": null,
        "datasetName": "Vascular plants",
        "publisher": "The New York Botanical Garden",
        "license": "CC0_1_0",
        "issues": [
          "MODIFIED_DATE_INVALID",
          "GEODETIC_DATUM_ASSUMED_WGS84"
        ],
        "media": [
          {
            "url": "http://sweetgum.nybg.org/images3/4363/749/00742018.jpg",
            "references": null,
            "title": null,
            "creator": "The New York Botanical Garden",
            "publisher": null,
            "license": "http://creativecommons.org/licenses/by/4.0/",
            "rightsHolder": "The New York Botanical Garden"
          }
        ]
      }
    },
    {
      "type": "Feature",
      "geometry": {
        "type": "Point",
        "coordinates": [
          -80.12,
          8.62
        ]
      },
      "properties": {
        "gbifID": "1931074272",
        "species": "Solanum accrescens",
        "genus": "Solanum",
        "family": "Solanaceae",
        "scientificName": "Solanum accrescens Standl. & C.V.Morton",
        "coordinateUncertaintyInMeters": "",
        "basisOfRecord": "PRESERVED_SPECIMEN",
        "eventDate": "1981-02-14",
        "country": null,
        "datasetName": "Vascular plants",
        "publisher": "The New York Botanical Garden",
        "license": "CC0_1_0",
        "issues": [
          "MODIFIED_DATE_INVALID",
          "GEODETIC_DATUM_ASSUMED_WGS84"
        ],
        "media": [
          {
            "url": "http://sweetgum.nybg.org/images3/111/572/v-287-00744115.jpg",
            "references": null,
            "title": null,
            "creator": "The New York Botanical Garden",
            "publisher": null,
            "license": "http://creativecommons.org/licenses/by/4.0/",
            "rightsHolder": "The New York Botanical Garden"
          }
        ]
      }
    },
    {
      "type": "Feature",
      "geometry": {
        "type": "Point",
        "coordinates": [
          -89.083415,
          16.818161
        ]
      },
      "properties": {
        "gbifID": "1928498853",
        "species": "Solanum accrescens",
        "genus": "Solanum",
        "family": "Solanaceae",
        "scientificName": "Solanum accrescens Standl. & C.V.Morton",
        "coordinateUncertaintyInMeters": "",
        "basisOfRecord": "PRESERVED_SPECIMEN",
        "eventDate": "1936-06/1936-08",
        "country": null,
        "datasetName": "Vascular plants",
        "publisher": "The New York Botanical Garden",
        "license": "CC0_1_0",
        "issues": [
          "MODIFIED_DATE_INVALID",
          "COORDINATE_ROUNDED"
        ],
        "media": [
          {
            "url": "http://sweetgum.nybg.org/images3/1254/733/00753624.jpg",
            "references": null,
            "title": null,
            "creator": "The New York Botanical Garden",
            "publisher": null,
            "license": "http://creativecommons.org/licenses/by/4.0/",
            "rightsHolder": "The New York Botanical Garden"
          }
        ]
      }
    },
    {
      "type": "Feature",
      "geometry": {
        "type": "Point",
        "coordinates": [
          -78.57,
          -3.45
        ]
      },
      "properties": {
        "gbifID": "1928291766",
        "species": "Solanum accrescens",
        "genus": "Solanum",
        "family": "Solanaceae",
        "scientificName": "Solanum accrescens Standl. & C.V.Morton",
        "coordinateUncertaintyInMeters": "",
        "basisOfRecord": "PRESERVED_SPECIMEN",
        "eventDate": "1985-07-25",
        "country": null,
        "datasetName": "Vascular plants",
        "publisher": "The New York Botanical Garden",
        "license": "CC0_1_0",
        "issues": [
          "MODIFIED_DATE_INVALID",
          "GEODETIC_DATUM_ASSUMED_WGS84"
        ],
        "media": [
          {
            "url": "http://sweetgum.nybg.org/images3/4363/752/00742043.jpg",
            "references": null,
            "title": null,
            "creator": "The New York Botanical Garden",
            "publisher": null,
            "license": "http://creativecommons.org/licenses/by/4.0/",
            "rightsHolder": "The New York Botanical Garden"
          }
        ]
      }
    },
    {
      "type": "Feature",
      "geometry": {
        "type": "Point",
        "coordinates": [
          -78.000151,
          -1.488141
        ]
      },
      "properties": {
        "gbifID": "1928157825",
        "species": "Solanum accrescens",
        "genus": "Solanum",
        "family": "Solanaceae",
        "scientificName": "Solanum accrescens Standl. & C.V.Morton",
        "coordinateUncertaintyInMeters": "",
        "basisOfRecord": "PRESERVED_SPECIMEN",
        "eventDate": "1953-02-16",
        "country": null,
        "datasetName": "Vascular plants",
        "publisher": "The New York Botanical Garden",
        "license": "CC0_1_0",
        "issues": [
          "MODIFIED_DATE_INVALID"
        ],
        "media": [
          {
            "url": "http://sweetgum.nybg.org/images3/4363/732/00711779.jpg",
            "references": null,
            "title": null,
            "creator": "The New York Botanical Garden",
            "publisher": null,
            "license": "http://creativecommons.org/licenses/by/4.0/",
            "rightsHolder": "The New York Botanical Garden"
          }
        ]
      }
    },
    {
      "type": "Feature",
      "geometry": {
        "type": "Point",
        "coordinates": [
          -78.5,
          8.4833
        ]
      },
      "properties": {
        "gbifID": "1228235070",
        "species": "Solanum accrescens",
        "genus": "Solanum",
        "family": "Solanaceae",
        "scientificName": "Solanum accrescens Standl. & C.V.Morton",
        "coordinateUncertaintyInMeters": "",
        "basisOfRecord": "PRESERVED_SPECIMEN",
        "eventDate": "1973-03-11",
        "country": null,
        "datasetName": "seeds-22-sep-2023",
        "publisher": "Field Museum",
        "license": "CC0_1_0",
        "issues": [
          "GEODETIC_DATUM_ASSUMED_WGS84",
          "INSTITUTION_MATCH_FUZZY",
          "AMBIGUOUS_COLLECTION"
        ],
        "fallback_media": {
          "url": "https://d2jcv3kl45hlgi.cloudfront.net/499ba8f27853d5432a9fc5e85e52e971.jpg",
          "references": "http://specimens.kew.org/Herbarium/K001162483",
          "title": null,
          "creator": null,
          "publisher": null,
          "license": "http://creativecommons.org/licenses/by/4.0/",
          "rightsHolder": "Royal Botanic Gardens, Kew"
        }
      }
    },
    {
      "type": "Feature",
      "geometry": {
        "type": "Point",
        "coordinates": [
          -79.65,
          9.06667
        ]
      },
      "properties": {
        "gbifID": "1802484393",
        "species": "Solanum accrescens",
        "genus": "Solanum",
        "family": "Solanaceae",
        "scientificName": "Solanum accrescens Standl. & C.V.Morton",
        "coordinateUncertaintyInMeters": "",
        "basisOfRecord": "PRESERVED_SPECIMEN",
        "eventDate": "1973-03-11",
        "country": null,
        "datasetName": "",
        "publisher": "USF Water Institute",
        "license": "CC_BY_4_0",
        "issues": [
          "GEODETIC_DATUM_ASSUMED_WGS84",
          "CONTINENT_DERIVED_FROM_COORDINATES",
          "INSTITUTION_COLLECTION_MISMATCH"
        ],
        "media": [
          {
            "url": "https://cdn.plantatlas.org/img/specimens/USF/110607.jpg",
            "references": null,
            "title": "Solanum accrescens Standl. & C.V. Morton - Panama, Panamá Prov. (BARCODE: 110607) - USF Herbarium",
            "creator": null,
            "publisher": null,
            "license": "http://creativecommons.org/licenses/by-nc-sa/4.0/",
            "rightsHolder": "University of South Florida Herbarium (USF)"
          }
        ]
      }
    },
    {
      "type": "Feature",
      "geometry": {
        "type": "Point",
        "coordinates": [
          -85.47,
          10.9
        ]
      },
      "properties": {
        "gbifID": "3350230404",
        "species": "Solanum accrescens",
        "genus": "Solanum",
        "family": "Solanaceae",
        "scientificName": "Solanum accrescens Standl. & C.V.Morton",
        "coordinateUncertaintyInMeters": "",
        "basisOfRecord": "PRESERVED_SPECIMEN",
        "eventDate": "2009-11-24",
        "country": null,
        "datasetName": "",
        "publisher": "European Nucleotide Archive (EMBL-EBI)",
        "license": "CC_BY_4_0",
        "issues": [
          "GEODETIC_DATUM_ASSUMED_WGS84",
          "CONTINENT_DERIVED_FROM_COORDINATES",
          "TAXON_CONCEPT_ID_NOT_FOUND",
          "TAXON_ID_NOT_FOUND"
        ],
        "fallback_media": {
          "url": "https://d2jcv3kl45hlgi.cloudfront.net/499ba8f27853d5432a9fc5e85e52e971.jpg",
          "references": "http://specimens.kew.org/Herbarium/K001162483",
          "title": null,
          "creator": null,
          "publisher": null,
          "license": "http://creativecommons.org/licenses/by/4.0/",
          "rightsHolder": "Royal Botanic Gardens, Kew"
        }
      }
    },
    {
      "type": "Feature",
      "geometry": {
        "type": "Point",
        "coordinates": [
          -77.75,
          8.0
        ]
      },
      "properties": {
        "gbifID": "3308415817",
        "species": "Solanum accrescens",
        "genus": "Solanum",
        "family": "Solanaceae",
        "scientificName": "Solanum accrescens Standl. & C.V.Morton",
        "coordinateUncertaintyInMeters": "",
        "basisOfRecord": "PRESERVED_SPECIMEN",
        "eventDate": "1991-02-11",
        "country": null,
        "datasetName": "Digitalización y Sistematización de las Colecciones Biológicas Nacionales del Instituto de Biología, UNAM",
        "publisher": "Comisión nacional para el conocimiento y uso de la biodiversidad",
        "license": "CC_BY_4_0",
        "issues": [
          "OCCURRENCE_STATUS_INFERRED_FROM_INDIVIDUAL_COUNT",
          "RECORDED_DATE_INVALID",
          "CONTINENT_DERIVED_FROM_COORDINATES",
          "TAXON_ID_NOT_FOUND",
          "SCIENTIFIC_NAME_ID_NOT_FOUND"
        ],
        "fallback_media": {
          "url": "https://d2jcv3kl45hlgi.cloudfront.net/499ba8f27853d5432a9fc5e85e52e971.jpg",
          "references": "http://specimens.kew.org/Herbarium/K001162483",
          "title": null,
          "creator": null,
          "publisher": null,
          "license": "http://creativecommons.org/licenses/by/4.0/",
          "rightsHolder": "Royal Botanic Gardens, Kew"
        }
      }
    },
    {
      "type": "Feature",
      "geometry": {
        "type": "Point",
        "coordinates": [
          -85.489167,
          10.955556
        ]
      },
      "properties": {
        "gbifID": "4441037411",
        "species": "Solanum accrescens",
        "genus": "Solanum",
        "family": "Solanaceae",
        "scientificName": "Solanum accrescens Standl. & C.V.Morton",
        "coordinateUncertaintyInMeters": "",
        "basisOfRecord": "PRESERVED_SPECIMEN",
        "eventDate": "2014-08-12",
        "country": null,
        "datasetName": "Tropicos",
        "publisher": "Missouri Botanical Garden",
        "license": "CC_BY_4_0",
        "issues": [
          "COORDINATE_ROUNDED",
          "GEODETIC_DATUM_ASSUMED_WGS84",
          "INSTITUTION_MATCH_FUZZY",
          "COLLECTION_MATCH_NONE",
          "TAXON_ID_NOT_FOUND"
        ],
        "media": [
          {
            "url": "https://images.mobot.org/tropicosimages5/detailimages/TropicosImagesVol5/101921000/0AEEAFD9-53A8-45C9-9A55-9F4A3B2AE8E5.jpg",
            "references": "https://www.tropicos.org/ImageFullView.aspx?imageid=101921938",
            "title": "Zamora Villalobos - 7098 - Costa Rica",
            "creator": "N. Zamora",
            "publisher": null,
            "license": "http://creativecommons.org/licenses/by-nc-sa/3.0/",
            "rightsHolder": "MBG"
          },
          {
            "url": "https://images.mobot.org/tropicosimages5/detailimages/TropicosImagesVol5/101921000/19B81604-88C8-4169-8AC3-223B7C0881FE.jpg",
            "references": "https://www.tropicos.org/ImageFullView.aspx?imageid=101921940",
            "title": "Zamora Villalobos - 7098 - Costa Rica",
            "creator": "N. Zamora",
            "publisher": null,
            "license": "http://creativecommons.org/licenses/by-nc-sa/3.0/",
            "rightsHolder": "MBG"
          },
          {
            "url": "https://images.mobot.org/tropicosimages5/detailimages/TropicosImagesVol5/101921000/AC7F50F5-2086-4CA2-9783-FE1CA343A03C.jpg",
            "references": "https://www.tropicos.org/ImageFullView.aspx?imageid=101921939",
            "title": "Zamora Villalobos - 7098 - Costa Rica",
            "creator": "N. Zamora",
            "publisher": null,
            "license": "http://creativecommons.org/licenses/by-nc-sa/3.0/",
            "rightsHolder": "MBG"
          },
          {
            "url": "https://images.mobot.org/tropicosimages5/detailimages/TropicosImagesVol5/101921000/BF9B4F97-E23E-494F-A4BC-DF826511725F.jpg",
            "references": "https://www.tropicos.org/ImageFullView.aspx?imageid=101921941",
            "title": "Zamora Villalobos - 7098 - Costa Rica",
            "creator": "N. Zamora",
            "publisher": null,
            "license": "http://creativecommons.org/licenses/by-nc-sa/3.0/",
            "rightsHolder": "MBG"
          },
          {
            "url": "https://images.mobot.org/tropicosimages5/detailimages/TropicosImagesVol5/101921000/D5132FA0-6F1E-4A97-A839-07D82CA24E7B.jpg",
            "references": "https://www.tropicos.org/ImageFullView.aspx?imageid=101921936",
            "title": "Zamora Villalobos - 7098 - Costa Rica",
            "creator": "N. Zamora",
            "publisher": null,
            "license": "http://creativecommons.org/licenses/by-nc-sa/3.0/",
            "rightsHolder": "MBG"
          }
        ]
      }
    },
    {
      "type": "Feature",
      "geometry": {
        "type": "Point",
        "coordinates": [
          -84.6,
          11.46666
        ]
      },
      "properties": {
        "gbifID": "4061054804",
        "species": "Solanum accrescens",
        "genus": "Solanum",
        "family": "Solanaceae",
        "scientificName": "Solanum accrescens Standl. & C.V.Morton",
        "coordinateUncertaintyInMeters": "",
        "basisOfRecord": "PRESERVED_SPECIMEN",
        "eventDate": "1951-11-20",
        "country": null,
        "datasetName": "Tropicos",
        "publisher": "Missouri Botanical Garden",
        "license": "CC_BY_4_0",
        "issues": [
          "GEODETIC_DATUM_ASSUMED_WGS84",
          "INSTITUTION_MATCH_NONE",
          "TAXON_ID_NOT_FOUND"
        ],
        "fallback_media": {
          "url": "https://d2jcv3kl45hlgi.cloudfront.net/499ba8f27853d5432a9fc5e85e52e971.jpg",
          "references": "http://specimens.kew.org/Herbarium/K001162483",
          "title": null,
          "creator": null,
          "publisher": null,
          "license": "http://creativecommons.org/licenses/by/4.0/",
          "rightsHolder": "Royal Botanic Gardens, Kew"
        }
      }
    },
    {
      "type": "Feature",
      "geometry": {
        "type": "Point",
        "coordinates": [
          -85.12921,
          10.75391
        ]
      },
      "properties": {
        "gbifID": "3763006658",
        "species": "Solanum accrescens",
        "genus": "Solanum",
        "family": "Solanaceae",
        "scientificName": "Solanum accrescens Standl. & C.V.Morton",
        "coordinateUncertaintyInMeters": "",
        "basisOfRecord": "PRESERVED_SPECIMEN",
        "eventDate": "2000-01-12",
        "country": null,
        "datasetName": "",
        "publisher": "Botanic Garden and Botanical Museum Berlin",
        "license": "CC0_1_0",
        "issues": [
          "GEODETIC_DATUM_ASSUMED_WGS84",
          "CONTINENT_DERIVED_FROM_COORDINATES"
        ],
        "media": [
          {
            "url": "https://image.bgbm.org/images/internal/HerbarThumbs/B101143460_1700",
            "references": "https://herbarium.bgbm.org/object/B101143460",
            "title": null,
            "creator": null,
            "publisher": null,
            "license": "Partial images provided by this server are released under the Creative Commons cc-by-sa 3.0 (generic) licence [https://creativecommons.org/licenses/by-sa/3.0/de/]. Please credit images to BGBM following our citation guidelines [https://ww2.bgbm.org/Herbarium/cite.cfm]. If you would like to use images in a format or resolution which is not provided here, please contact us (d.roepert[at]bgbm.org).",
            "rightsHolder": null
          }
        ]
      }
    },
    {
      "type": "Feature",
      "geometry": {
        "type": "Point",
        "coordinates": [
          -84.76,
          10.3
        ]
      },
      "properties": {
        "gbifID": "45999119",
        "species": "Solanum accrescens",
        "genus": "Solanum",
        "family": "Solanaceae",
        "scientificName": "Solanum accrescens Standl. & C.V.Morton",
        "coordinateUncertaintyInMeters": "",
        "basisOfRecord": "PRESERVED_SPECIMEN",
        "eventDate": "1978-10-17",
        "country": null,
        "datasetName": "",
        "publisher": "Museo Nacional de Costa Rica",
        "license": "CC_BY_4_0",
        "issues": [
          "RECORDED_DATE_INVALID",
          "GEODETIC_DATUM_ASSUMED_WGS84",
          "CONTINENT_DERIVED_FROM_COORDINATES",
          "INSTITUTION_MATCH_NONE",
          "TAXON_MATCH_HIGHERRANK"
        ],
        "fallback_media": {
          "url": "https://d2jcv3kl45hlgi.cloudfront.net/499ba8f27853d5432a9fc5e85e52e971.jpg",
          "references": "http://specimens.kew.org/Herbarium/K001162483",
          "title": null,
          "creator": null,
          "publisher": null,
          "license": "http://creativecommons.org/licenses/by/4.0/",
          "rightsHolder": "Royal Botanic Gardens, Kew"
        }
      }
    },
    {
      "type": "Feature",
      "geometry": {
        "type": "Point",
        "coordinates": [
          -84.26,
          9.9
        ]
      },
      "properties": {
        "gbifID": "46000244",
        "species": "Solanum accrescens",
        "genus": "Solanum",
        "family": "Solanaceae",
        "scientificName": "Solanum accrescens Standl. & C.V.Morton",
        "coordinateUncertaintyInMeters": "",
        "basisOfRecord": "PRESERVED_SPECIMEN",
        "eventDate": "1996-06-12",
        "country": null,
        "datasetName": "",
        "publisher": "Museo Nacional de Costa Rica",
        "license": "CC_BY_4_0",
        "issues": [
          "RECORDED_DATE_INVALID",
          "GEODETIC_DATUM_ASSUMED_WGS84",
          "CONTINENT_DERIVED_FROM_COORDINATES",
          "INSTITUTION_MATCH_NONE",
          "TAXON_MATCH_HIGHERRANK"
        ],
        "fallback_media": {
          "url": "https://d2jcv3kl45hlgi.cloudfront.net/499ba8f27853d5432a9fc5e85e52e971.jpg",
          "references": "http://specimens.kew.org/Herbarium/K001162483",
          "title": null,
          "creator": null,
          "publisher": null,
          "license": "http://creativecommons.org/licenses/by/4.0/",
          "rightsHolder": "Royal Botanic Gardens, Kew"
        }
      }
    },
    {
      "type": "Feature",
      "geometry": {
        "type": "Point",
        "coordinates": [
          -84.71,
          10.31
        ]
      },
      "properties": {
        "gbifID": "46000259",
        "species": "Solanum accrescens",
        "genus": "Solanum",
        "family": "Solanaceae",
        "scientificName": "Solanum accrescens Standl. & C.V.Morton",
        "coordinateUncertaintyInMeters": "",
        "basisOfRecord": "PRESERVED_SPECIMEN",
        "eventDate": "1990-09-25",
        "country": null,
        "datasetName": "",
        "publisher": "Museo Nacional de Costa Rica",
        "license": "CC_BY_4_0",
        "issues": [
          "RECORDED_DATE_INVALID",
          "GEODETIC_DATUM_ASSUMED_WGS84",
          "CONTINENT_DERIVED_FROM_COORDINATES",
          "INSTITUTION_MATCH_NONE",
          "TAXON_MATCH_HIGHERRANK"
        ],
        "fallback_media": {
          "url": "https://d2jcv3kl45hlgi.cloudfront.net/499ba8f27853d5432a9fc5e85e52e971.jpg",
          "references": "http://specimens.kew.org/Herbarium/K001162483",
          "title": null,
          "creator": null,
          "publisher": null,
          "license": "http://creativecommons.org/licenses/by/4.0/",
          "rightsHolder": "Royal Botanic Gardens, Kew"
        }
      }
    },
    {
      "type": "Feature",
      "geometry": {
        "type": "Point",
        "coordinates": [
          -84.27,
          9.91
        ]
      },
      "properties": {
        "gbifID": "46000268",
        "species": "Solanum accrescens",
        "genus": "Solanum",
        "family": "Solanaceae",
        "scientificName": "Solanum accrescens Standl. & C.V.Morton",
        "coordinateUncertaintyInMeters": "",
        "basisOfRecord": "PRESERVED_SPECIMEN",
        "eventDate": "1993-01-19",
        "country": null,
        "datasetName": "",
        "publisher": "Museo Nacional de Costa Rica",
        "license": "CC_BY_4_0",
        "issues": [
          "RECORDED_DATE_INVALID",
          "GEODETIC_DATUM_ASSUMED_WGS84",
          "CONTINENT_DERIVED_FROM_COORDINATES",
          "INSTITUTION_MATCH_NONE",
          "TAXON_MATCH_HIGHERRANK"
        ],
        "fallback_media": {
          "url": "https://d2jcv3kl45hlgi.cloudfront.net/499ba8f27853d5432a9fc5e85e52e971.jpg",
          "references": "http://specimens.kew.org/Herbarium/K001162483",
          "title": null,
          "creator": null,
          "publisher": null,
          "license": "http://creativecommons.org/licenses/by/4.0/",
          "rightsHolder": "Royal Botanic Gardens, Kew"
        }
      }
    },
    {
      "type": "Feature",
      "geometry": {
        "type": "Point",
        "coordinates": [
          -84.27,
          9.9
        ]
      },
      "properties": {
        "gbifID": "46000317",
        "species": "Solanum accrescens",
        "genus": "Solanum",
        "family": "Solanaceae",
        "scientificName": "Solanum accrescens Standl. & C.V.Morton",
        "coordinateUncertaintyInMeters": "",
        "basisOfRecord": "PRESERVED_SPECIMEN",
        "eventDate": "1998-01-21",
        "country": null,
        "datasetName": "",
        "publisher": "Museo Nacional de Costa Rica",
        "license": "CC_BY_4_0",
        "issues": [
          "RECORDED_DATE_INVALID",
          "GEODETIC_DATUM_ASSUMED_WGS84",
          "CONTINENT_DERIVED_FROM_COORDINATES",
          "INSTITUTION_MATCH_NONE",
          "TAXON_MATCH_HIGHERRANK"
        ],
        "fallback_media": {
          "url": "https://d2jcv3kl45hlgi.cloudfront.net/499ba8f27853d5432a9fc5e85e52e971.jpg",
          "references": "http://specimens.kew.org/Herbarium/K001162483",
          "title": null,
          "creator": null,
          "publisher": null,
          "license": "http://creativecommons.org/licenses/by/4.0/",
          "rightsHolder": "Royal Botanic Gardens, Kew"
        }
      }
    },
    {
      "type": "Feature",
      "geometry": {
        "type": "Point",
        "coordinates": [
          -82.78,
          8.9
        ]
      },
      "properties": {
        "gbifID": "46000195",
        "species": "Solanum accrescens",
        "genus": "Solanum",
        "family": "Solanaceae",
        "scientificName": "Solanum accrescens Standl. & C.V.Morton",
        "coordinateUncertaintyInMeters": "",
        "basisOfRecord": "PRESERVED_SPECIMEN",
        "eventDate": "1990-07-04",
        "country": null,
        "datasetName": "",
        "publisher": "Museo Nacional de Costa Rica",
        "license": "CC_BY_4_0",
        "issues": [
          "RECORDED_DATE_INVALID",
          "GEODETIC_DATUM_ASSUMED_WGS84",
          "CONTINENT_DERIVED_FROM_COORDINATES",
          "INSTITUTION_MATCH_NONE",
          "TAXON_MATCH_HIGHERRANK"
        ],
        "fallback_media": {
          "url": "https://d2jcv3kl45hlgi.cloudfront.net/499ba8f27853d5432a9fc5e85e52e971.jpg",
          "references": "http://specimens.kew.org/Herbarium/K001162483",
          "title": null,
          "creator": null,
          "publisher": null,
          "license": "http://creativecommons.org/licenses/by/4.0/",
          "rightsHolder": "Royal Botanic Gardens, Kew"
        }
      }
    },
    {
      "type": "Feature",
      "geometry": {
        "type": "Point",
        "coordinates": [
          -85.4,
          11.03
        ]
      },
      "properties": {
        "gbifID": "46000262",
        "species": "Solanum accrescens",
        "genus": "Solanum",
        "family": "Solanaceae",
        "scientificName": "Solanum accrescens Standl. & C.V.Morton",
        "coordinateUncertaintyInMeters": "",
        "basisOfRecord": "PRESERVED_SPECIMEN",
        "eventDate": "1990-11-12",
        "country": null,
        "datasetName": "",
        "publisher": "Museo Nacional de Costa Rica",
        "license": "CC_BY_4_0",
        "issues": [
          "RECORDED_DATE_INVALID",
          "GEODETIC_DATUM_ASSUMED_WGS84",
          "CONTINENT_DERIVED_FROM_COORDINATES",
          "INSTITUTION_MATCH_NONE",
          "TAXON_MATCH_HIGHERRANK"
        ],
        "fallback_media": {
          "url": "https://d2jcv3kl45hlgi.cloudfront.net/499ba8f27853d5432a9fc5e85e52e971.jpg",
          "references": "http://specimens.kew.org/Herbarium/K001162483",
          "title": null,
          "creator": null,
          "publisher": null,
          "license": "http://creativecommons.org/licenses/by/4.0/",
          "rightsHolder": "Royal Botanic Gardens, Kew"
        }
      }
    },
    {
      "type": "Feature",
      "geometry": {
        "type": "Point",
        "coordinates": [
          -84.25,
          9.91
        ]
      },
      "properties": {
        "gbifID": "45997418",
        "species": "Solanum accrescens",
        "genus": "Solanum",
        "family": "Solanaceae",
        "scientificName": "Solanum accrescens Standl. & C.V.Morton",
        "coordinateUncertaintyInMeters": "",
        "basisOfRecord": "PRESERVED_SPECIMEN",
        "eventDate": "1965-05-26",
        "country": null,
        "datasetName": "",
        "publisher": "Museo Nacional de Costa Rica",
        "license": "CC_BY_4_0",
        "issues": [
          "RECORDED_DATE_INVALID",
          "GEODETIC_DATUM_ASSUMED_WGS84",
          "CONTINENT_DERIVED_FROM_COORDINATES",
          "INSTITUTION_MATCH_NONE",
          "TAXON_MATCH_HIGHERRANK"
        ],
        "fallback_media": {
          "url": "https://d2jcv3kl45hlgi.cloudfront.net/499ba8f27853d5432a9fc5e85e52e971.jpg",
          "references": "http://specimens.kew.org/Herbarium/K001162483",
          "title": null,
          "creator": null,
          "publisher": null,
          "license": "http://creativecommons.org/licenses/by/4.0/",
          "rightsHolder": "Royal Botanic Gardens, Kew"
        }
      }
    },
    {
      "type": "Feature",
      "geometry": {
        "type": "Point",
        "coordinates": [
          -82.91,
          8.96
        ]
      },
      "properties": {
        "gbifID": "46000256",
        "species": "Solanum accrescens",
        "genus": "Solanum",
        "family": "Solanaceae",
        "scientificName": "Solanum accrescens Standl. & C.V.Morton",
        "coordinateUncertaintyInMeters": "",
        "basisOfRecord": "PRESERVED_SPECIMEN",
        "eventDate": "1992-09-01",
        "country": null,
        "datasetName": "",
        "publisher": "Museo Nacional de Costa Rica",
        "license": "CC_BY_4_0",
        "issues": [
          "RECORDED_DATE_INVALID",
          "GEODETIC_DATUM_ASSUMED_WGS84",
          "CONTINENT_DERIVED_FROM_COORDINATES",
          "INSTITUTION_MATCH_NONE",
          "TAXON_MATCH_HIGHERRANK"
        ],
        "fallback_media": {
          "url": "https://d2jcv3kl45hlgi.cloudfront.net/499ba8f27853d5432a9fc5e85e52e971.jpg",
          "references": "http://specimens.kew.org/Herbarium/K001162483",
          "title": null,
          "creator": null,
          "publisher": null,
          "license": "http://creativecommons.org/licenses/by/4.0/",
          "rightsHolder": "Royal Botanic Gardens, Kew"
        }
      }
    },
    {
      "type": "Feature",
      "geometry": {
        "type": "Point",
        "coordinates": [
          -84.82,
          10.27
        ]
      },
      "properties": {
        "gbifID": "46000261",
        "species": "Solanum accrescens",
        "genus": "Solanum",
        "family": "Solanaceae",
        "scientificName": "Solanum accrescens Standl. & C.V.Morton",
        "coordinateUncertaintyInMeters": "",
        "basisOfRecord": "PRESERVED_SPECIMEN",
        "eventDate": "1993-02-04",
        "country": null,
        "datasetName": "",
        "publisher": "Museo Nacional de Costa Rica",
        "license": "CC_BY_4_0",
        "issues": [
          "RECORDED_DATE_INVALID",
          "GEODETIC_DATUM_ASSUMED_WGS84",
          "CONTINENT_DERIVED_FROM_COORDINATES",
          "INSTITUTION_MATCH_NONE",
          "TAXON_MATCH_HIGHERRANK"
        ],
        "fallback_media": {
          "url": "https://d2jcv3kl45hlgi.cloudfront.net/499ba8f27853d5432a9fc5e85e52e971.jpg",
          "references": "http://specimens.kew.org/Herbarium/K001162483",
          "title": null,
          "creator": null,
          "publisher": null,
          "license": "http://creativecommons.org/licenses/by/4.0/",
          "rightsHolder": "Royal Botanic Gardens, Kew"
        }
      }
    },
    {
      "type": "Feature",
      "geometry": {
        "type": "Point",
        "coordinates": [
          -84.93,
          10.58
        ]
      },
      "properties": {
        "gbifID": "46000160",
        "species": "Solanum accrescens",
        "genus": "Solanum",
        "family": "Solanaceae",
        "scientificName": "Solanum accrescens Standl. & C.V.Morton",
        "coordinateUncertaintyInMeters": "",
        "basisOfRecord": "PRESERVED_SPECIMEN",
        "eventDate": "1994-10-14",
        "country": null,
        "datasetName": "",
        "publisher": "Museo Nacional de Costa Rica",
        "license": "CC_BY_4_0",
        "issues": [
          "RECORDED_DATE_INVALID",
          "GEODETIC_DATUM_ASSUMED_WGS84",
          "CONTINENT_DERIVED_FROM_COORDINATES",
          "INSTITUTION_MATCH_NONE",
          "TAXON_MATCH_HIGHERRANK"
        ],
        "fallback_media": {
          "url": "https://d2jcv3kl45hlgi.cloudfront.net/499ba8f27853d5432a9fc5e85e52e971.jpg",
          "references": "http://specimens.kew.org/Herbarium/K001162483",
          "title": null,
          "creator": null,
          "publisher": null,
          "license": "http://creativecommons.org/licenses/by/4.0/",
          "rightsHolder": "Royal Botanic Gardens, Kew"
        }
      }
    },
    {
      "type": "Feature",
      "geometry": {
        "type": "Point",
        "coordinates": [
          -85.42,
          10.99
        ]
      },
      "properties": {
        "gbifID": "46000252",
        "species": "Solanum accrescens",
        "genus": "Solanum",
        "family": "Solanaceae",
        "scientificName": "Solanum accrescens Standl. & C.V.Morton",
        "coordinateUncertaintyInMeters": "",
        "basisOfRecord": "PRESERVED_SPECIMEN",
        "eventDate": "",
        "country": null,
        "datasetName": "",
        "publisher": "Museo Nacional de Costa Rica",
        "license": "CC_BY_4_0",
        "issues": [
          "RECORDED_DATE_INVALID",
          "GEODETIC_DATUM_ASSUMED_WGS84",
          "CONTINENT_DERIVED_FROM_COORDINATES",
          "INSTITUTION_MATCH_NONE",
          "TAXON_MATCH_HIGHERRANK"
        ],
        "fallback_media": {
          "url": "https://d2jcv3kl45hlgi.cloudfront.net/499ba8f27853d5432a9fc5e85e52e971.jpg",
          "references": "http://specimens.kew.org/Herbarium/K001162483",
          "title": null,
          "creator": null,
          "publisher": null,
          "license": "http://creativecommons.org/licenses/by/4.0/",
          "rightsHolder": "Royal Botanic Gardens, Kew"
        }
      }
    },
    {
      "type": "Feature",
      "geometry": {
        "type": "Point",
        "coordinates": [
          -85.31,
          10.76
        ]
      },
      "properties": {
        "gbifID": "46000301",
        "species": "Solanum accrescens",
        "genus": "Solanum",
        "family": "Solanaceae",
        "scientificName": "Solanum accrescens Standl. & C.V.Morton",
        "coordinateUncertaintyInMeters": "",
        "basisOfRecord": "PRESERVED_SPECIMEN",
        "eventDate": "1996-08-13",
        "country": null,
        "datasetName": "",
        "publisher": "Museo Nacional de Costa Rica",
        "license": "CC_BY_4_0",
        "issues": [
          "RECORDED_DATE_INVALID",
          "GEODETIC_DATUM_ASSUMED_WGS84",
          "CONTINENT_DERIVED_FROM_COORDINATES",
          "INSTITUTION_MATCH_NONE",
          "TAXON_MATCH_HIGHERRANK"
        ],
        "fallback_media": {
          "url": "https://d2jcv3kl45hlgi.cloudfront.net/499ba8f27853d5432a9fc5e85e52e971.jpg",
          "references": "http://specimens.kew.org/Herbarium/K001162483",
          "title": null,
          "creator": null,
          "publisher": null,
          "license": "http://creativecommons.org/licenses/by/4.0/",
          "rightsHolder": "Royal Botanic Gardens, Kew"
        }
      }
    },
    {
      "type": "Feature",
      "geometry": {
        "type": "Point",
        "coordinates": [
          -84.126362,
          9.918959
        ]
      },
      "properties": {
        "gbifID": "3118397382",
        "species": "Solanum accrescens",
        "genus": "Solanum",
        "family": "Solanaceae",
        "scientificName": "Solanum accrescens Standl. & C.V.Morton",
        "coordinateUncertaintyInMeters": "1052.0",
        "basisOfRecord": "HUMAN_OBSERVATION",
        "eventDate": "2020-09-06T13:50:14Z",
        "country": null,
        "datasetName": "iNaturalist research-grade observations",
        "publisher": "iNaturalist.org",
        "license": "CC0_1_0",
        "issues": [
          "COORDINATE_ROUNDED",
          "CONTINENT_DERIVED_FROM_COORDINATES",
          "TAXON_ID_NOT_FOUND"
        ],
        "media": [
          {
            "url": "https://inaturalist-open-data.s3.amazonaws.com/photos/93893376/original.jpeg",
            "references": "https://www.inaturalist.org/photos/93893376",
            "title": null,
            "creator": "Jake Rehage",
            "publisher": "iNaturalist",
            "license": "http://creativecommons.org/publicdomain/zero/1.0/",
            "rightsHolder": "Jake Rehage"
          },
          {
            "url": "https://inaturalist-open-data.s3.amazonaws.com/photos/93893384/original.jpeg",
            "references": "https://www.inaturalist.org/photos/93893384",
            "title": null,
            "creator": "Jake Rehage",
            "publisher": "iNaturalist",
            "license": "http://creativecommons.org/publicdomain/zero/1.0/",
            "rightsHolder": "Jake Rehage"
          },
          {
            "url": "https://inaturalist-open-data.s3.amazonaws.com/photos/93893392/original.jpeg",
            "references": "https://www.inaturalist.org/photos/93893392",
            "title": null,
            "creator": "Jake Rehage",
            "publisher": "iNaturalist",
            "license": "http://creativecommons.org/publicdomain/zero/1.0/",
            "rightsHolder": "Jake Rehage"
          },
          {
            "url": "https://inaturalist-open-data.s3.amazonaws.com/photos/93893402/original.jpeg",
            "references": "https://www.inaturalist.org/photos/93893402",
            "title": null,
            "creator": "Jake Rehage",
            "publisher": "iNaturalist",
            "license": "http://creativecommons.org/publicdomain/zero/1.0/",
            "rightsHolder": "Jake Rehage"
          },
          {
            "url": "https://inaturalist-open-data.s3.amazonaws.com/photos/93893411/original.jpeg",
            "references": "https://www.inaturalist.org/photos/93893411",
            "title": null,
            "creator": "Jake Rehage",
            "publisher": "iNaturalist",
            "license": "http://creativecommons.org/publicdomain/zero/1.0/",
            "rightsHolder": "Jake Rehage"
          }
        ]
      }
    },
    {
      "type": "Feature",
      "geometry": {
        "type": "Point",
        "coordinates": [
          -84.155429,
          9.967788
        ]
      },
      "properties": {
        "gbifID": "5828792906",
        "species": "Solanum accrescens",
        "genus": "Solanum",
        "family": "Solanaceae",
        "scientificName": "Solanum accrescens Standl. & C.V.Morton",
        "coordinateUncertaintyInMeters": "",
        "basisOfRecord": "HUMAN_OBSERVATION",
        "eventDate": "2025-07-02T08:53:16",
        "country": null,
        "datasetName": "iNaturalist research-grade observations",
        "publisher": "iNaturalist.org",
        "license": "CC_BY_NC_4_0",
        "issues": [
          "COORDINATE_ROUNDED",
          "CONTINENT_DERIVED_FROM_COORDINATES",
          "TAXON_ID_NOT_FOUND"
        ],
        "media": [
          {
            "url": "https://inaturalist-open-data.s3.amazonaws.com/photos/532990653/original.jpg",
            "references": "https://www.inaturalist.org/photos/532990653",
            "title": null,
            "creator": "SG-JOS",
            "publisher": "iNaturalist",
            "license": "http://creativecommons.org/licenses/by-nc/4.0/",
            "rightsHolder": "SG-JOS"
          },
          {
            "url": "https://inaturalist-open-data.s3.amazonaws.com/photos/532990718/original.jpg",
            "references": "https://www.inaturalist.org/photos/532990718",
            "title": null,
            "creator": "SG-JOS",
            "publisher": "iNaturalist",
            "license": "http://creativecommons.org/licenses/by-nc/4.0/",
            "rightsHolder": "SG-JOS"
          },
          {
            "url": "https://inaturalist-open-data.s3.amazonaws.com/photos/532990767/original.jpg",
            "references": "https://www.inaturalist.org/photos/532990767",
            "title": null,
            "creator": "SG-JOS",
            "publisher": "iNaturalist",
            "license": "http://creativecommons.org/licenses/by-nc/4.0/",
            "rightsHolder": "SG-JOS"
          },
          {
            "url": "https://inaturalist-open-data.s3.amazonaws.com/photos/532990823/original.jpg",
            "references": "https://www.inaturalist.org/photos/532990823",
            "title": null,
            "creator": "SG-JOS",
            "publisher": "iNaturalist",
            "license": "http://creativecommons.org/licenses/by-nc/4.0/",
            "rightsHolder": "SG-JOS"
          },
          {
            "url": "https://inaturalist-open-data.s3.amazonaws.com/photos/532990859/original.jpg",
            "references": "https://www.inaturalist.org/photos/532990859",
            "title": null,
            "creator": "SG-JOS",
            "publisher": "iNaturalist",
            "license": "http://creativecommons.org/licenses/by-nc/4.0/",
            "rightsHolder": "SG-JOS"
          },
          {
            "url": "https://inaturalist-open-data.s3.amazonaws.com/photos/532990894/original.jpg",
            "references": "https://www.inaturalist.org/photos/532990894",
            "title": null,
            "creator": "SG-JOS",
            "publisher": "iNaturalist",
            "license": "http://creativecommons.org/licenses/by-nc/4.0/",
            "rightsHolder": "SG-JOS"
          },
          {
            "url": "https://inaturalist-open-data.s3.amazonaws.com/photos/532990934/original.jpg",
            "references": "https://www.inaturalist.org/photos/532990934",
            "title": null,
            "creator": "SG-JOS",
            "publisher": "iNaturalist",
            "license": "http://creativecommons.org/licenses/by-nc/4.0/",
            "rightsHolder": "SG-JOS"
          },
          {
            "url": "https://inaturalist-open-data.s3.amazonaws.com/photos/532990997/original.jpg",
            "references": "https://www.inaturalist.org/photos/532990997",
            "title": null,
            "creator": "SG-JOS",
            "publisher": "iNaturalist",
            "license": "http://creativecommons.org/licenses/by-nc/4.0/",
            "rightsHolder": "SG-JOS"
          },
          {
            "url": "https://inaturalist-open-data.s3.amazonaws.com/photos/532991035/original.jpg",
            "references": "https://www.inaturalist.org/photos/532991035",
            "title": null,
            "creator": "SG-JOS",
            "publisher": "iNaturalist",
            "license": "http://creativecommons.org/licenses/by-nc/4.0/",
            "rightsHolder": "SG-JOS"
          },
          {
            "url": "https://inaturalist-open-data.s3.amazonaws.com/photos/532991074/original.jpg",
            "references": "https://www.inaturalist.org/photos/532991074",
            "title": null,
            "creator": "SG-JOS",
            "publisher": "iNaturalist",
            "license": "http://creativecommons.org/licenses/by-nc/4.0/",
            "rightsHolder": "SG-JOS"
          },
          {
            "url": "https://inaturalist-open-data.s3.amazonaws.com/photos/532991118/original.jpg",
            "references": "https://www.inaturalist.org/photos/532991118",
            "title": null,
            "creator": "SG-JOS",
            "publisher": "iNaturalist",
            "license": "http://creativecommons.org/licenses/by-nc/4.0/",
            "rightsHolder": "SG-JOS"
          },
          {
            "url": "https://inaturalist-open-data.s3.amazonaws.com/photos/532991167/original.jpg",
            "references": "https://www.inaturalist.org/photos/532991167",
            "title": null,
            "creator": "SG-JOS",
            "publisher": "iNaturalist",
            "license": "http://creativecommons.org/licenses/by-nc/4.0/",
            "rightsHolder": "SG-JOS"
          }
        ]
      }
    },
    {
      "type": "Feature",
      "geometry": {
        "type": "Point",
        "coordinates": [
          -84.110989,
          9.943824
        ]
      },
      "properties": {
        "gbifID": "5844174291",
        "species": "Solanum accrescens",
        "genus": "Solanum",
        "family": "Solanaceae",
        "scientificName": "Solanum accrescens Standl. & C.V.Morton",
        "coordinateUncertaintyInMeters": "112.0",
        "basisOfRecord": "HUMAN_OBSERVATION",
        "eventDate": "2024-09-01T11:17",
        "country": null,
        "datasetName": "iNaturalist research-grade observations",
        "publisher": "iNaturalist.org",
        "license": "CC_BY_NC_4_0",
        "issues": [
          "COORDINATE_ROUNDED",
          "CONTINENT_DERIVED_FROM_COORDINATES",
          "TAXON_ID_NOT_FOUND"
        ],
        "media": [
          {
            "url": "https://inaturalist-open-data.s3.amazonaws.com/photos/426122169/original.jpg",
            "references": "https://www.inaturalist.org/photos/426122169",
            "title": null,
            "creator": "Jo Jiménez",
            "publisher": "iNaturalist",
            "license": "http://creativecommons.org/licenses/by-nc/4.0/",
            "rightsHolder": "Jo Jiménez"
          },
          {
            "url": "https://inaturalist-open-data.s3.amazonaws.com/photos/426122177/original.jpg",
            "references": "https://www.inaturalist.org/photos/426122177",
            "title": null,
            "creator": "Jo Jiménez",
            "publisher": "iNaturalist",
            "license": "http://creativecommons.org/licenses/by-nc/4.0/",
            "rightsHolder": "Jo Jiménez"
          },
          {
            "url": "https://inaturalist-open-data.s3.amazonaws.com/photos/426122205/original.jpg",
            "references": "https://www.inaturalist.org/photos/426122205",
            "title": null,
            "creator": "Jo Jiménez",
            "publisher": "iNaturalist",
            "license": "http://creativecommons.org/licenses/by-nc/4.0/",
            "rightsHolder": "Jo Jiménez"
          },
          {
            "url": "https://inaturalist-open-data.s3.amazonaws.com/photos/426122175/original.jpg",
            "references": "https://www.inaturalist.org/photos/426122175",
            "title": null,
            "creator": "Jo Jiménez",
            "publisher": "iNaturalist",
            "license": "http://creativecommons.org/licenses/by-nc/4.0/",
            "rightsHolder": "Jo Jiménez"
          },
          {
            "url": "https://inaturalist-open-data.s3.amazonaws.com/photos/426122216/original.jpg",
            "references": "https://www.inaturalist.org/photos/426122216",
            "title": null,
            "creator": "Jo Jiménez",
            "publisher": "iNaturalist",
            "license": "http://creativecommons.org/licenses/by-nc/4.0/",
            "rightsHolder": "Jo Jiménez"
          }
        ]
      }
    },
    {
      "type": "Feature",
      "geometry": {
        "type": "Point",
        "coordinates": [
          -83.5125,
          8.547222
        ]
      },
      "properties": {
        "gbifID": "1135479296",
        "species": "Solanum accrescens",
        "genus": "Solanum",
        "family": "Solanaceae",
        "scientificName": "Solanum accrescens Standl. & C.V.Morton",
        "coordinateUncertaintyInMeters": "",
        "basisOfRecord": "PRESERVED_SPECIMEN",
        "eventDate": "1996-04-14",
        "country": null,
        "datasetName": "",
        "publisher": "Natural History Museum",
        "license": "CC0_1_0",
        "issues": [
          "GEODETIC_DATUM_ASSUMED_WGS84",
          "INSTITUTION_MATCH_FUZZY",
          "COLLECTION_MATCH_FUZZY"
        ],
        "media": [
          {
            "url": "https://data.nhm.ac.uk/media/14d3e3d7-9fba-40be-bd04-5aa6586a2548",
            "references": null,
            "title": "BM000604889",
            "creator": null,
            "publisher": null,
            "license": "http://creativecommons.org/licenses/by/4.0/",
            "rightsHolder": "The Trustees of the Natural History Museum, London"
          }
        ]
      }
    },
    {
      "type": "Feature",
      "geometry": {
        "type": "Point",
        "coordinates": [
          -80.102665,
          8.507188
        ]
      },
      "properties": {
        "gbifID": "1055569339",
        "species": "Solanum accrescens",
        "genus": "Solanum",
        "family": "Solanaceae",
        "scientificName": "Solanum accrescens Standl. & C.V.Morton",
        "coordinateUncertaintyInMeters": "650.0",
        "basisOfRecord": "PRESERVED_SPECIMEN",
        "eventDate": "1961-08-13",
        "country": null,
        "datasetName": "",
        "publisher": "Natural History Museum",
        "license": "CC0_1_0",
        "issues": [
          "GEODETIC_DATUM_ASSUMED_WGS84",
          "INSTITUTION_MATCH_FUZZY",
          "COLLECTION_MATCH_FUZZY"
        ],
        "media": [
          {
            "url": "https://data.nhm.ac.uk/media/72259307-a4ff-4fd2-aa62-4c206cf33e26",
            "references": null,
            "title": "BM000578929",
            "creator": null,
            "publisher": null,
            "license": "http://creativecommons.org/licenses/by/4.0/",
            "rightsHolder": "The Trustees of the Natural History Museum, London"
          }
        ]
      }
    },
    {
      "type": "Feature",
      "geometry": {
        "type": "Point",
        "coordinates": [
          -84.711672,
          10.316111
        ]
      },
      "properties": {
        "gbifID": "1135479263",
        "species": "Solanum accrescens",
        "genus": "Solanum",
        "family": "Solanaceae",
        "scientificName": "Solanum accrescens Standl. & C.V.Morton",
        "coordinateUncertaintyInMeters": "",
        "basisOfRecord": "PRESERVED_SPECIMEN",
        "eventDate": "1990-09-25",
        "country": null,
        "datasetName": "",
        "publisher": "Natural History Museum",
        "license": "CC0_1_0",
        "issues": [
          "GEODETIC_DATUM_ASSUMED_WGS84",
          "INSTITUTION_MATCH_FUZZY",
          "COLLECTION_MATCH_FUZZY"
        ],
        "media": [
          {
            "url": "https://data.nhm.ac.uk/media/0e553586-a622-4369-9382-391fa8698fb7",
            "references": null,
            "title": "BM000602771",
            "creator": null,
            "publisher": null,
            "license": "http://creativecommons.org/licenses/by/4.0/",
            "rightsHolder": "The Trustees of the Natural History Museum, London"
          }
        ]
      }
    },
    {
      "type": "Feature",
      "geometry": {
        "type": "Point",
        "coordinates": [
          -85.034783,
          12.839906
        ]
      },
      "properties": {
        "gbifID": "1055450529",
        "species": "Solanum accrescens",
        "genus": "Solanum",
        "family": "Solanaceae",
        "scientificName": "Solanum accrescens Standl. & C.V.Morton",
        "coordinateUncertaintyInMeters": "508.0",
        "basisOfRecord": "PRESERVED_SPECIMEN",
        "eventDate": "1870",
        "country": null,
        "datasetName": "",
        "publisher": "Natural History Museum",
        "license": "CC0_1_0",
        "issues": [
          "GEODETIC_DATUM_ASSUMED_WGS84",
          "INSTITUTION_MATCH_FUZZY",
          "COLLECTION_MATCH_FUZZY"
        ],
        "media": [
          {
            "url": "https://data.nhm.ac.uk/media/783f0f27-ff9e-4dcf-b162-afa2b44479f2",
            "references": null,
            "title": "BM000513277_back",
            "creator": null,
            "publisher": null,
            "license": "http://creativecommons.org/licenses/by/4.0/",
            "rightsHolder": "The Trustees of the Natural History Museum, London"
          },
          {
            "url": "https://data.nhm.ac.uk/media/78bf3023-b111-47d8-a31c-a1fb0f7601e6",
            "references": null,
            "title": "BM000513277",
            "creator": null,
            "publisher": null,
            "license": "http://creativecommons.org/licenses/by/4.0/",
            "rightsHolder": "The Trustees of the Natural History Museum, London"
          }
        ]
      }
    },
    {
      "type": "Feature",
      "geometry": {
        "type": "Point",
        "coordinates": [
          -52.165833,
          3.885833
        ]
      },
      "properties": {
        "gbifID": "1056963168",
        "species": "Solanum accrescens",
        "genus": "Solanum",
        "family": "Solanaceae",
        "scientificName": "Solanum accrescens Standl. & C.V.Morton",
        "coordinateUncertaintyInMeters": "",
        "basisOfRecord": "PRESERVED_SPECIMEN",
        "eventDate": "2011-03-08",
        "country": null,
        "datasetName": "",
        "publisher": "Natural History Museum",
        "license": "CC0_1_0",
        "issues": [
          "GEODETIC_DATUM_ASSUMED_WGS84",
          "INSTITUTION_MATCH_FUZZY",
          "COLLECTION_MATCH_FUZZY"
        ],
        "media": [
          {
            "url": "https://data.nhm.ac.uk/media/8aafdd4f-67a8-4d18-80db-fc28c45ea497",
            "references": null,
            "title": "BM001120598",
            "creator": null,
            "publisher": null,
            "license": "http://creativecommons.org/licenses/by/4.0/",
            "rightsHolder": "The Trustees of the Natural History Museum, London"
          }
        ]
      }
    },
    {
      "type": "Feature",
      "geometry": {
        "type": "Point",
        "coordinates": [
          -78.1,
          -1.433333
        ]
      },
      "properties": {
        "gbifID": "1056239108",
        "species": "Solanum accrescens",
        "genus": "Solanum",
        "family": "Solanaceae",
        "scientificName": "Solanum accrescens Standl. & C.V.Morton",
        "coordinateUncertaintyInMeters": "",
        "basisOfRecord": "PRESERVED_SPECIMEN",
        "eventDate": "1985-03-13",
        "country": null,
        "datasetName": "",
        "publisher": "Natural History Museum",
        "license": "CC0_1_0",
        "issues": [
          "GEODETIC_DATUM_ASSUMED_WGS84",
          "INSTITUTION_MATCH_FUZZY",
          "COLLECTION_MATCH_FUZZY"
        ],
        "media": [
          {
            "url": "https://data.nhm.ac.uk/media/c8f021b4-35c1-4f6f-8003-52fcdbbec543",
            "references": null,
            "title": "BM000887247",
            "creator": null,
            "publisher": null,
            "license": "http://creativecommons.org/licenses/by/4.0/",
            "rightsHolder": "The Trustees of the Natural History Museum, London"
          }
        ]
      }
    },
    {
      "type": "Feature",
      "geometry": {
        "type": "Point",
        "coordinates": [
          -78.566667,
          -3.45
        ]
      },
      "properties": {
        "gbifID": "1135481789",
        "species": "Solanum accrescens",
        "genus": "Solanum",
        "family": "Solanaceae",
        "scientificName": "Solanum accrescens Standl. & C.V.Morton",
        "coordinateUncertaintyInMeters": "",
        "basisOfRecord": "PRESERVED_SPECIMEN",
        "eventDate": "1985-07-25",
        "country": null,
        "datasetName": "",
        "publisher": "Natural History Museum",
        "license": "CC0_1_0",
        "issues": [
          "GEODETIC_DATUM_ASSUMED_WGS84",
          "INSTITUTION_MATCH_FUZZY",
          "COLLECTION_MATCH_FUZZY"
        ],
        "media": [
          {
            "url": "https://data.nhm.ac.uk/media/e31ced47-e842-44af-9f85-5ef94098c3e6",
            "references": null,
            "title": "BM000887246",
            "creator": null,
            "publisher": null,
            "license": "http://creativecommons.org/licenses/by/4.0/",
            "rightsHolder": "The Trustees of the Natural History Museum, London"
          }
        ]
      }
    },
    {
      "type": "Feature",
      "geometry": {
        "type": "Point",
        "coordinates": [
          -85.607063,
          10.871508
        ]
      },
      "properties": {
        "gbifID": "4011660310",
        "species": "Solanum accrescens",
        "genus": "Solanum",
        "family": "Solanaceae",
        "scientificName": "Solanum accrescens Standl. & C.V.Morton",
        "coordinateUncertaintyInMeters": "10.0",
        "basisOfRecord": "HUMAN_OBSERVATION",
        "eventDate": "2018-12-28T14:39:54",
        "country": null,
        "datasetName": "iNaturalist research-grade observations",
        "publisher": "iNaturalist.org",
        "license": "CC_BY_NC_4_0",
        "issues": [
          "COORDINATE_ROUNDED",
          "CONTINENT_DERIVED_FROM_COORDINATES",
          "TAXON_ID_NOT_FOUND"
        ],
        "media": [
          {
            "url": "https://inaturalist-open-data.s3.amazonaws.com/photos/29665259/original.jpg",
            "references": "https://www.inaturalist.org/photos/29665259",
            "title": null,
            "creator": "Richard Joyce",
            "publisher": "iNaturalist",
            "license": "http://creativecommons.org/licenses/by-nc/4.0/",
            "rightsHolder": "Richard Joyce"
          },
          {
            "url": "https://inaturalist-open-data.s3.amazonaws.com/photos/29665294/original.jpg",
            "references": "https://www.inaturalist.org/photos/29665294",
            "title": null,
            "creator": "Richard Joyce",
            "publisher": "iNaturalist",
            "license": "http://creativecommons.org/licenses/by-nc/4.0/",
            "rightsHolder": "Richard Joyce"
          }
        ]
      }
    },
    {
      "type": "Feature",
      "geometry": {
        "type": "Point",
        "coordinates": [
          -84.284295,
          9.909156
        ]
      },
      "properties": {
        "gbifID": "6163310098",
        "species": "Solanum accrescens",
        "genus": "Solanum",
        "family": "Solanaceae",
        "scientificName": "Solanum accrescens Standl. & C.V.Morton",
        "coordinateUncertaintyInMeters": "9.0",
        "basisOfRecord": "HUMAN_OBSERVATION",
        "eventDate": "2026-01-16T09:23:03",
        "country": null,
        "datasetName": "iNaturalist research-grade observations",
        "publisher": "iNaturalist.org",
        "license": "CC_BY_NC_4_0",
        "issues": [
          "COORDINATE_ROUNDED",
          "CONTINENT_DERIVED_FROM_COORDINATES",
          "TAXON_ID_NOT_FOUND"
        ],
        "media": [
          {
            "url": "https://inaturalist-open-data.s3.amazonaws.com/photos/608414689/original.jpg",
            "references": "https://www.inaturalist.org/photos/608414689",
            "title": null,
            "creator": "Pablo Alejandro Montero Herrera",
            "publisher": "iNaturalist",
            "license": "http://creativecommons.org/licenses/by-nc/4.0/",
            "rightsHolder": "Pablo Alejandro Montero Herrera"
          },
          {
            "url": "https://inaturalist-open-data.s3.amazonaws.com/photos/608414624/original.jpg",
            "references": "https://www.inaturalist.org/photos/608414624",
            "title": null,
            "creator": "Pablo Alejandro Montero Herrera",
            "publisher": "iNaturalist",
            "license": "http://creativecommons.org/licenses/by-nc/4.0/",
            "rightsHolder": "Pablo Alejandro Montero Herrera"
          },
          {
            "url": "https://inaturalist-open-data.s3.amazonaws.com/photos/608414649/original.jpg",
            "references": "https://www.inaturalist.org/photos/608414649",
            "title": null,
            "creator": "Pablo Alejandro Montero Herrera",
            "publisher": "iNaturalist",
            "license": "http://creativecommons.org/licenses/by-nc/4.0/",
            "rightsHolder": "Pablo Alejandro Montero Herrera"
          },
          {
            "url": "https://inaturalist-open-data.s3.amazonaws.com/photos/608414663/original.jpg",
            "references": "https://www.inaturalist.org/photos/608414663",
            "title": null,
            "creator": "Pablo Alejandro Montero Herrera",
            "publisher": "iNaturalist",
            "license": "http://creativecommons.org/licenses/by-nc/4.0/",
            "rightsHolder": "Pablo Alejandro Montero Herrera"
          },
          {
            "url": "https://inaturalist-open-data.s3.amazonaws.com/photos/608414675/original.jpg",
            "references": "https://www.inaturalist.org/photos/608414675",
            "title": null,
            "creator": "Pablo Alejandro Montero Herrera",
            "publisher": "iNaturalist",
            "license": "http://creativecommons.org/licenses/by-nc/4.0/",
            "rightsHolder": "Pablo Alejandro Montero Herrera"
          },
          {
            "url": "https://inaturalist-open-data.s3.amazonaws.com/photos/608414700/original.jpg",
            "references": "https://www.inaturalist.org/photos/608414700",
            "title": null,
            "creator": "Pablo Alejandro Montero Herrera",
            "publisher": "iNaturalist",
            "license": "http://creativecommons.org/licenses/by-nc/4.0/",
            "rightsHolder": "Pablo Alejandro Montero Herrera"
          },
          {
            "url": "https://inaturalist-open-data.s3.amazonaws.com/photos/608414717/original.jpg",
            "references": "https://www.inaturalist.org/photos/608414717",
            "title": null,
            "creator": "Pablo Alejandro Montero Herrera",
            "publisher": "iNaturalist",
            "license": "http://creativecommons.org/licenses/by-nc/4.0/",
            "rightsHolder": "Pablo Alejandro Montero Herrera"
          },
          {
            "url": "https://inaturalist-open-data.s3.amazonaws.com/photos/608414730/original.jpg",
            "references": "https://www.inaturalist.org/photos/608414730",
            "title": null,
            "creator": "Pablo Alejandro Montero Herrera",
            "publisher": "iNaturalist",
            "license": "http://creativecommons.org/licenses/by-nc/4.0/",
            "rightsHolder": "Pablo Alejandro Montero Herrera"
          },
          {
            "url": "https://inaturalist-open-data.s3.amazonaws.com/photos/608414739/original.jpg",
            "references": "https://www.inaturalist.org/photos/608414739",
            "title": null,
            "creator": "Pablo Alejandro Montero Herrera",
            "publisher": "iNaturalist",
            "license": "http://creativecommons.org/licenses/by-nc/4.0/",
            "rightsHolder": "Pablo Alejandro Montero Herrera"
          },
          {
            "url": "https://inaturalist-open-data.s3.amazonaws.com/photos/608414752/original.jpg",
            "references": "https://www.inaturalist.org/photos/608414752",
            "title": null,
            "creator": "Pablo Alejandro Montero Herrera",
            "publisher": "iNaturalist",
            "license": "http://creativecommons.org/licenses/by-nc/4.0/",
            "rightsHolder": "Pablo Alejandro Montero Herrera"
          },
          {
            "url": "https://inaturalist-open-data.s3.amazonaws.com/photos/608414760/original.jpg",
            "references": "https://www.inaturalist.org/photos/608414760",
            "title": null,
            "creator": "Pablo Alejandro Montero Herrera",
            "publisher": "iNaturalist",
            "license": "http://creativecommons.org/licenses/by-nc/4.0/",
            "rightsHolder": "Pablo Alejandro Montero Herrera"
          },
          {
            "url": "https://inaturalist-open-data.s3.amazonaws.com/photos/608414767/original.jpg",
            "references": "https://www.inaturalist.org/photos/608414767",
            "title": null,
            "creator": "Pablo Alejandro Montero Herrera",
            "publisher": "iNaturalist",
            "license": "http://creativecommons.org/licenses/by-nc/4.0/",
            "rightsHolder": "Pablo Alejandro Montero Herrera"
          },
          {
            "url": "https://inaturalist-open-data.s3.amazonaws.com/photos/608414778/original.jpg",
            "references": "https://www.inaturalist.org/photos/608414778",
            "title": null,
            "creator": "Pablo Alejandro Montero Herrera",
            "publisher": "iNaturalist",
            "license": "http://creativecommons.org/licenses/by-nc/4.0/",
            "rightsHolder": "Pablo Alejandro Montero Herrera"
          }
        ]
      }
    },
    {
      "type": "Feature",
      "geometry": {
        "type": "Point",
        "coordinates": [
          -82.733333,
          8.866667
        ]
      },
      "properties": {
        "gbifID": "1252679866",
        "species": "Solanum accrescens",
        "genus": "Solanum",
        "family": "Solanaceae",
        "scientificName": "Solanum accrescens Standl. & C.V.Morton",
        "coordinateUncertaintyInMeters": "",
        "basisOfRecord": "PRESERVED_SPECIMEN",
        "eventDate": "1981-10-09T00:00",
        "country": null,
        "datasetName": "",
        "publisher": "Royal Botanic Gardens, Kew",
        "license": "CC_BY_4_0",
        "issues": [
          "COORDINATE_ROUNDED",
          "GEODETIC_DATUM_ASSUMED_WGS84",
          "CONTINENT_DERIVED_FROM_COORDINATES",
          "INSTITUTION_MATCH_FUZZY",
          "INSTITUTION_COLLECTION_MISMATCH"
        ],
        "media": [
          {
            "url": "https://d2jcv3kl45hlgi.cloudfront.net/499ba8f27853d5432a9fc5e85e52e971.jpg",
            "references": "http://specimens.kew.org/Herbarium/K001162483",
            "title": null,
            "creator": null,
            "publisher": null,
            "license": "http://creativecommons.org/licenses/by/4.0/",
            "rightsHolder": "Royal Botanic Gardens, Kew"
          }
        ]
      }
    },
    {
      "type": "Feature",
      "geometry": {
        "type": "Point",
        "coordinates": [
          -84.266667,
          9.9
        ]
      },
      "properties": {
        "gbifID": "1252677720",
        "species": "Solanum accrescens",
        "genus": "Solanum",
        "family": "Solanaceae",
        "scientificName": "Solanum accrescens Standl. & C.V.Morton",
        "coordinateUncertaintyInMeters": "",
        "basisOfRecord": "PRESERVED_SPECIMEN",
        "eventDate": "1996-06-12T00:00",
        "country": null,
        "datasetName": "",
        "publisher": "Royal Botanic Gardens, Kew",
        "license": "CC_BY_4_0",
        "issues": [
          "COORDINATE_ROUNDED",
          "GEODETIC_DATUM_ASSUMED_WGS84",
          "CONTINENT_DERIVED_FROM_COORDINATES",
          "INSTITUTION_MATCH_FUZZY",
          "INSTITUTION_COLLECTION_MISMATCH"
        ],
        "media": [
          {
            "url": "https://d2jcv3kl45hlgi.cloudfront.net/f1e5921189851668aca439b592ce04c9.jpg",
            "references": "http://specimens.kew.org/Herbarium/K001159968",
            "title": null,
            "creator": null,
            "publisher": null,
            "license": "http://creativecommons.org/licenses/by/4.0/",
            "rightsHolder": "Royal Botanic Gardens, Kew"
          }
        ]
      }
    },
    {
      "type": "Feature",
      "geometry": {
        "type": "Point",
        "coordinates": [
          -85.607003,
          10.871755
        ]
      },
      "properties": {
        "gbifID": "5844059340",
        "species": "Solanum accrescens",
        "genus": "Solanum",
        "family": "Solanaceae",
        "scientificName": "Solanum accrescens Standl. & C.V.Morton",
        "coordinateUncertaintyInMeters": "5.0",
        "basisOfRecord": "HUMAN_OBSERVATION",
        "eventDate": "2019-12-28T14:37:36",
        "country": null,
        "datasetName": "iNaturalist research-grade observations",
        "publisher": "iNaturalist.org",
        "license": "CC_BY_NC_4_0",
        "issues": [
          "COORDINATE_ROUNDED",
          "CONTINENT_DERIVED_FROM_COORDINATES",
          "TAXON_ID_NOT_FOUND"
        ],
        "media": [
          {
            "url": "https://inaturalist-open-data.s3.amazonaws.com/photos/58792772/original.jpg",
            "references": "https://www.inaturalist.org/photos/58792772",
            "title": null,
            "creator": "Richard Joyce",
            "publisher": "iNaturalist",
            "license": "http://creativecommons.org/licenses/by-nc/4.0/",
            "rightsHolder": "Richard Joyce"
          },
          {
            "url": "https://inaturalist-open-data.s3.amazonaws.com/photos/58792740/original.jpg",
            "references": "https://www.inaturalist.org/photos/58792740",
            "title": null,
            "creator": "Richard Joyce",
            "publisher": "iNaturalist",
            "license": "http://creativecommons.org/licenses/by-nc/4.0/",
            "rightsHolder": "Richard Joyce"
          }
        ]
      }
    },
    {
      "type": "Feature",
      "geometry": {
        "type": "Point",
        "coordinates": [
          -85.352778,
          10.797222
        ]
      },
      "properties": {
        "gbifID": "1253642744",
        "species": "Solanum accrescens",
        "genus": "Solanum",
        "family": "Solanaceae",
        "scientificName": "Solanum accrescens Standl. & C.V.Morton",
        "coordinateUncertaintyInMeters": "",
        "basisOfRecord": "PRESERVED_SPECIMEN",
        "eventDate": "1993-01-13",
        "country": null,
        "datasetName": "Atta",
        "publisher": "Instituto Nacional de Biodiversidad (INBio), Costa Rica",
        "license": "CC0_1_0",
        "issues": [
          "IDENTIFIED_DATE_INVALID",
          "COORDINATE_ROUNDED",
          "CONTINENT_DERIVED_FROM_COORDINATES",
          "CONTINENT_INVALID",
          "INSTITUTION_MATCH_FUZZY",
          "COLLECTION_MATCH_NONE",
          "TAXON_ID_NOT_FOUND"
        ],
        "fallback_media": {
          "url": "https://d2jcv3kl45hlgi.cloudfront.net/499ba8f27853d5432a9fc5e85e52e971.jpg",
          "references": "http://specimens.kew.org/Herbarium/K001162483",
          "title": null,
          "creator": null,
          "publisher": null,
          "license": "http://creativecommons.org/licenses/by/4.0/",
          "rightsHolder": "Royal Botanic Gardens, Kew"
        }
      }
    },
    {
      "type": "Feature",
      "geometry": {
        "type": "Point",
        "coordinates": [
          -83.941667,
          10.166111
        ]
      },
      "properties": {
        "gbifID": "1253789335",
        "species": "Solanum accrescens",
        "genus": "Solanum",
        "family": "Solanaceae",
        "scientificName": "Solanum accrescens Standl. & C.V.Morton",
        "coordinateUncertaintyInMeters": "",
        "basisOfRecord": "PRESERVED_SPECIMEN",
        "eventDate": "2003-01-17",
        "country": null,
        "datasetName": "Atta",
        "publisher": "Instituto Nacional de Biodiversidad (INBio), Costa Rica",
        "license": "CC0_1_0",
        "issues": [
          "IDENTIFIED_DATE_INVALID",
          "COORDINATE_ROUNDED",
          "CONTINENT_DERIVED_FROM_COORDINATES",
          "CONTINENT_INVALID",
          "INSTITUTION_MATCH_FUZZY",
          "COLLECTION_MATCH_NONE",
          "TAXON_ID_NOT_FOUND"
        ],
        "fallback_media": {
          "url": "https://d2jcv3kl45hlgi.cloudfront.net/499ba8f27853d5432a9fc5e85e52e971.jpg",
          "references": "http://specimens.kew.org/Herbarium/K001162483",
          "title": null,
          "creator": null,
          "publisher": null,
          "license": "http://creativecommons.org/licenses/by/4.0/",
          "rightsHolder": "Royal Botanic Gardens, Kew"
        }
      }
    },
    {
      "type": "Feature",
      "geometry": {
        "type": "Point",
        "coordinates": [
          -83.037778,
          9.008333
        ]
      },
      "properties": {
        "gbifID": "1253822442",
        "species": "Solanum accrescens",
        "genus": "Solanum",
        "family": "Solanaceae",
        "scientificName": "Solanum accrescens Standl. & C.V.Morton",
        "coordinateUncertaintyInMeters": "",
        "basisOfRecord": "PRESERVED_SPECIMEN",
        "eventDate": "2006-01-19",
        "country": null,
        "datasetName": "Atta",
        "publisher": "Instituto Nacional de Biodiversidad (INBio), Costa Rica",
        "license": "CC0_1_0",
        "issues": [
          "IDENTIFIED_DATE_INVALID",
          "COORDINATE_ROUNDED",
          "CONTINENT_DERIVED_FROM_COORDINATES",
          "CONTINENT_INVALID",
          "INSTITUTION_MATCH_FUZZY",
          "COLLECTION_MATCH_NONE",
          "TAXON_ID_NOT_FOUND"
        ],
        "fallback_media": {
          "url": "https://d2jcv3kl45hlgi.cloudfront.net/499ba8f27853d5432a9fc5e85e52e971.jpg",
          "references": "http://specimens.kew.org/Herbarium/K001162483",
          "title": null,
          "creator": null,
          "publisher": null,
          "license": "http://creativecommons.org/licenses/by/4.0/",
          "rightsHolder": "Royal Botanic Gardens, Kew"
        }
      }
    },
    {
      "type": "Feature",
      "geometry": {
        "type": "Point",
        "coordinates": [
          -85.351034,
          10.784926
        ]
      },
      "properties": {
        "gbifID": "1265841710",
        "species": "Solanum accrescens",
        "genus": "Solanum",
        "family": "Solanaceae",
        "scientificName": "Solanum accrescens Standl. & C.V.Morton",
        "coordinateUncertaintyInMeters": "",
        "basisOfRecord": "PRESERVED_SPECIMEN",
        "eventDate": "2015-11-11",
        "country": null,
        "datasetName": "Atta",
        "publisher": "Instituto Nacional de Biodiversidad (INBio), Costa Rica",
        "license": "CC0_1_0",
        "issues": [
          "IDENTIFIED_DATE_INVALID",
          "COORDINATE_ROUNDED",
          "CONTINENT_DERIVED_FROM_COORDINATES",
          "CONTINENT_INVALID",
          "INSTITUTION_MATCH_FUZZY",
          "COLLECTION_MATCH_NONE",
          "TAXON_ID_NOT_FOUND"
        ],
        "fallback_media": {
          "url": "https://d2jcv3kl45hlgi.cloudfront.net/499ba8f27853d5432a9fc5e85e52e971.jpg",
          "references": "http://specimens.kew.org/Herbarium/K001162483",
          "title": null,
          "creator": null,
          "publisher": null,
          "license": "http://creativecommons.org/licenses/by/4.0/",
          "rightsHolder": "Royal Botanic Gardens, Kew"
        }
      }
    },
    {
      "type": "Feature",
      "geometry": {
        "type": "Point",
        "coordinates": [
          -85.401652,
          10.882909
        ]
      },
      "properties": {
        "gbifID": "1253669577",
        "species": "Solanum accrescens",
        "genus": "Solanum",
        "family": "Solanaceae",
        "scientificName": "Solanum accrescens Standl. & C.V.Morton",
        "coordinateUncertaintyInMeters": "",
        "basisOfRecord": "PRESERVED_SPECIMEN",
        "eventDate": "1997-10-18",
        "country": null,
        "datasetName": "Atta",
        "publisher": "Instituto Nacional de Biodiversidad (INBio), Costa Rica",
        "license": "CC0_1_0",
        "issues": [
          "IDENTIFIED_DATE_INVALID",
          "COORDINATE_ROUNDED",
          "CONTINENT_DERIVED_FROM_COORDINATES",
          "CONTINENT_INVALID",
          "INSTITUTION_MATCH_FUZZY",
          "COLLECTION_MATCH_NONE",
          "TAXON_ID_NOT_FOUND"
        ],
        "fallback_media": {
          "url": "https://d2jcv3kl45hlgi.cloudfront.net/499ba8f27853d5432a9fc5e85e52e971.jpg",
          "references": "http://specimens.kew.org/Herbarium/K001162483",
          "title": null,
          "creator": null,
          "publisher": null,
          "license": "http://creativecommons.org/licenses/by/4.0/",
          "rightsHolder": "Royal Botanic Gardens, Kew"
        }
      }
    },
    {
      "type": "Feature",
      "geometry": {
        "type": "Point",
        "coordinates": [
          -84.395278,
          9.680556
        ]
      },
      "properties": {
        "gbifID": "1253570067",
        "species": "Solanum accrescens",
        "genus": "Solanum",
        "family": "Solanaceae",
        "scientificName": "Solanum accrescens Standl. & C.V.Morton",
        "coordinateUncertaintyInMeters": "",
        "basisOfRecord": "PRESERVED_SPECIMEN",
        "eventDate": "1997-03-21",
        "country": null,
        "datasetName": "Atta",
        "publisher": "Instituto Nacional de Biodiversidad (INBio), Costa Rica",
        "license": "CC0_1_0",
        "issues": [
          "IDENTIFIED_DATE_INVALID",
          "COORDINATE_ROUNDED",
          "CONTINENT_DERIVED_FROM_COORDINATES",
          "CONTINENT_INVALID",
          "INSTITUTION_MATCH_FUZZY",
          "COLLECTION_MATCH_NONE",
          "TAXON_ID_NOT_FOUND"
        ],
        "fallback_media": {
          "url": "https://d2jcv3kl45hlgi.cloudfront.net/499ba8f27853d5432a9fc5e85e52e971.jpg",
          "references": "http://specimens.kew.org/Herbarium/K001162483",
          "title": null,
          "creator": null,
          "publisher": null,
          "license": "http://creativecommons.org/licenses/by/4.0/",
          "rightsHolder": "Royal Botanic Gardens, Kew"
        }
      }
    },
    {
      "type": "Feature",
      "geometry": {
        "type": "Point",
        "coordinates": [
          -84.157747,
          9.944678
        ]
      },
      "properties": {
        "gbifID": "1253841067",
        "species": "Solanum accrescens",
        "genus": "Solanum",
        "family": "Solanaceae",
        "scientificName": "Solanum accrescens Standl. & C.V.Morton",
        "coordinateUncertaintyInMeters": "",
        "basisOfRecord": "PRESERVED_SPECIMEN",
        "eventDate": "2006-07-09",
        "country": null,
        "datasetName": "Atta",
        "publisher": "Instituto Nacional de Biodiversidad (INBio), Costa Rica",
        "license": "CC0_1_0",
        "issues": [
          "IDENTIFIED_DATE_INVALID",
          "COORDINATE_ROUNDED",
          "CONTINENT_DERIVED_FROM_COORDINATES",
          "CONTINENT_INVALID",
          "INSTITUTION_MATCH_FUZZY",
          "COLLECTION_MATCH_NONE",
          "TAXON_ID_NOT_FOUND"
        ],
        "fallback_media": {
          "url": "https://d2jcv3kl45hlgi.cloudfront.net/499ba8f27853d5432a9fc5e85e52e971.jpg",
          "references": "http://specimens.kew.org/Herbarium/K001162483",
          "title": null,
          "creator": null,
          "publisher": null,
          "license": "http://creativecommons.org/licenses/by/4.0/",
          "rightsHolder": "Royal Botanic Gardens, Kew"
        }
      }
    },
    {
      "type": "Feature",
      "geometry": {
        "type": "Point",
        "coordinates": [
          -84.475556,
          9.780833
        ]
      },
      "properties": {
        "gbifID": "1253797235",
        "species": "Solanum accrescens",
        "genus": "Solanum",
        "family": "Solanaceae",
        "scientificName": "Solanum accrescens Standl. & C.V.Morton",
        "coordinateUncertaintyInMeters": "",
        "basisOfRecord": "PRESERVED_SPECIMEN",
        "eventDate": "2004-12-09",
        "country": null,
        "datasetName": "Atta",
        "publisher": "Instituto Nacional de Biodiversidad (INBio), Costa Rica",
        "license": "CC0_1_0",
        "issues": [
          "IDENTIFIED_DATE_INVALID",
          "COORDINATE_ROUNDED",
          "CONTINENT_DERIVED_FROM_COORDINATES",
          "CONTINENT_INVALID",
          "INSTITUTION_MATCH_FUZZY",
          "COLLECTION_MATCH_NONE",
          "TAXON_ID_NOT_FOUND"
        ],
        "fallback_media": {
          "url": "https://d2jcv3kl45hlgi.cloudfront.net/499ba8f27853d5432a9fc5e85e52e971.jpg",
          "references": "http://specimens.kew.org/Herbarium/K001162483",
          "title": null,
          "creator": null,
          "publisher": null,
          "license": "http://creativecommons.org/licenses/by/4.0/",
          "rightsHolder": "Royal Botanic Gardens, Kew"
        }
      }
    },
    {
      "type": "Feature",
      "geometry": {
        "type": "Point",
        "coordinates": [
          -85.129212,
          10.75391
        ]
      },
      "properties": {
        "gbifID": "1253665956",
        "species": "Solanum accrescens",
        "genus": "Solanum",
        "family": "Solanaceae",
        "scientificName": "Solanum accrescens Standl. & C.V.Morton",
        "coordinateUncertaintyInMeters": "",
        "basisOfRecord": "PRESERVED_SPECIMEN",
        "eventDate": "2000-01-12",
        "country": null,
        "datasetName": "Atta",
        "publisher": "Instituto Nacional de Biodiversidad (INBio), Costa Rica",
        "license": "CC0_1_0",
        "issues": [
          "IDENTIFIED_DATE_INVALID",
          "COORDINATE_ROUNDED",
          "CONTINENT_DERIVED_FROM_COORDINATES",
          "CONTINENT_INVALID",
          "INSTITUTION_MATCH_FUZZY",
          "COLLECTION_MATCH_NONE",
          "TAXON_ID_NOT_FOUND"
        ],
        "fallback_media": {
          "url": "https://d2jcv3kl45hlgi.cloudfront.net/499ba8f27853d5432a9fc5e85e52e971.jpg",
          "references": "http://specimens.kew.org/Herbarium/K001162483",
          "title": null,
          "creator": null,
          "publisher": null,
          "license": "http://creativecommons.org/licenses/by/4.0/",
          "rightsHolder": "Royal Botanic Gardens, Kew"
        }
      }
    },
    {
      "type": "Feature",
      "geometry": {
        "type": "Point",
        "coordinates": [
          -84.295556,
          9.708889
        ]
      },
      "properties": {
        "gbifID": "1253791723",
        "species": "Solanum accrescens",
        "genus": "Solanum",
        "family": "Solanaceae",
        "scientificName": "Solanum accrescens Standl. & C.V.Morton",
        "coordinateUncertaintyInMeters": "",
        "basisOfRecord": "PRESERVED_SPECIMEN",
        "eventDate": "2004-04-07",
        "country": null,
        "datasetName": "Atta",
        "publisher": "Instituto Nacional de Biodiversidad (INBio), Costa Rica",
        "license": "CC0_1_0",
        "issues": [
          "IDENTIFIED_DATE_INVALID",
          "COORDINATE_ROUNDED",
          "CONTINENT_DERIVED_FROM_COORDINATES",
          "CONTINENT_INVALID",
          "INSTITUTION_MATCH_FUZZY",
          "COLLECTION_MATCH_NONE",
          "TAXON_ID_NOT_FOUND"
        ],
        "fallback_media": {
          "url": "https://d2jcv3kl45hlgi.cloudfront.net/499ba8f27853d5432a9fc5e85e52e971.jpg",
          "references": "http://specimens.kew.org/Herbarium/K001162483",
          "title": null,
          "creator": null,
          "publisher": null,
          "license": "http://creativecommons.org/licenses/by/4.0/",
          "rightsHolder": "Royal Botanic Gardens, Kew"
        }
      }
    },
    {
      "type": "Feature",
      "geometry": {
        "type": "Point",
        "coordinates": [
          -84.825,
          10.313889
        ]
      },
      "properties": {
        "gbifID": "1253610393",
        "species": "Solanum accrescens",
        "genus": "Solanum",
        "family": "Solanaceae",
        "scientificName": "Solanum accrescens Standl. & C.V.Morton",
        "coordinateUncertaintyInMeters": "",
        "basisOfRecord": "PRESERVED_SPECIMEN",
        "eventDate": "1991-08-21",
        "country": null,
        "datasetName": "Atta",
        "publisher": "Instituto Nacional de Biodiversidad (INBio), Costa Rica",
        "license": "CC0_1_0",
        "issues": [
          "IDENTIFIED_DATE_INVALID",
          "COORDINATE_ROUNDED",
          "CONTINENT_DERIVED_FROM_COORDINATES",
          "CONTINENT_INVALID",
          "INSTITUTION_MATCH_FUZZY",
          "COLLECTION_MATCH_NONE",
          "TAXON_ID_NOT_FOUND"
        ],
        "fallback_media": {
          "url": "https://d2jcv3kl45hlgi.cloudfront.net/499ba8f27853d5432a9fc5e85e52e971.jpg",
          "references": "http://specimens.kew.org/Herbarium/K001162483",
          "title": null,
          "creator": null,
          "publisher": null,
          "license": "http://creativecommons.org/licenses/by/4.0/",
          "rightsHolder": "Royal Botanic Gardens, Kew"
        }
      }
    },
    {
      "type": "Feature",
      "geometry": {
        "type": "Point",
        "coordinates": [
          -84.711667,
          10.316111
        ]
      },
      "properties": {
        "gbifID": "1253642765",
        "species": "Solanum accrescens",
        "genus": "Solanum",
        "family": "Solanaceae",
        "scientificName": "Solanum accrescens Standl. & C.V.Morton",
        "coordinateUncertaintyInMeters": "",
        "basisOfRecord": "PRESERVED_SPECIMEN",
        "eventDate": "1990-09-25",
        "country": null,
        "datasetName": "Atta",
        "publisher": "Instituto Nacional de Biodiversidad (INBio), Costa Rica",
        "license": "CC0_1_0",
        "issues": [
          "IDENTIFIED_DATE_INVALID",
          "COORDINATE_ROUNDED",
          "CONTINENT_DERIVED_FROM_COORDINATES",
          "CONTINENT_INVALID",
          "INSTITUTION_MATCH_FUZZY",
          "COLLECTION_MATCH_NONE",
          "TAXON_ID_NOT_FOUND"
        ],
        "fallback_media": {
          "url": "https://d2jcv3kl45hlgi.cloudfront.net/499ba8f27853d5432a9fc5e85e52e971.jpg",
          "references": "http://specimens.kew.org/Herbarium/K001162483",
          "title": null,
          "creator": null,
          "publisher": null,
          "license": "http://creativecommons.org/licenses/by/4.0/",
          "rightsHolder": "Royal Botanic Gardens, Kew"
        }
      }
    },
    {
      "type": "Feature",
      "geometry": {
        "type": "Point",
        "coordinates": [
          -84.469444,
          9.811111
        ]
      },
      "properties": {
        "gbifID": "1253862930",
        "species": "Solanum accrescens",
        "genus": "Solanum",
        "family": "Solanaceae",
        "scientificName": "Solanum accrescens Standl. & C.V.Morton",
        "coordinateUncertaintyInMeters": "",
        "basisOfRecord": "PRESERVED_SPECIMEN",
        "eventDate": "2004-10-08",
        "country": null,
        "datasetName": "Atta",
        "publisher": "Instituto Nacional de Biodiversidad (INBio), Costa Rica",
        "license": "CC0_1_0",
        "issues": [
          "IDENTIFIED_DATE_INVALID",
          "COORDINATE_ROUNDED",
          "CONTINENT_DERIVED_FROM_COORDINATES",
          "CONTINENT_INVALID",
          "INSTITUTION_MATCH_FUZZY",
          "COLLECTION_MATCH_NONE",
          "TAXON_ID_NOT_FOUND"
        ],
        "fallback_media": {
          "url": "https://d2jcv3kl45hlgi.cloudfront.net/499ba8f27853d5432a9fc5e85e52e971.jpg",
          "references": "http://specimens.kew.org/Herbarium/K001162483",
          "title": null,
          "creator": null,
          "publisher": null,
          "license": "http://creativecommons.org/licenses/by/4.0/",
          "rightsHolder": "Royal Botanic Gardens, Kew"
        }
      }
    },
    {
      "type": "Feature",
      "geometry": {
        "type": "Point",
        "coordinates": [
          -85.527778,
          11.033333
        ]
      },
      "properties": {
        "gbifID": "1253614977",
        "species": "Solanum accrescens",
        "genus": "Solanum",
        "family": "Solanaceae",
        "scientificName": "Solanum accrescens Standl. & C.V.Morton",
        "coordinateUncertaintyInMeters": "",
        "basisOfRecord": "PRESERVED_SPECIMEN",
        "eventDate": "1992-12-19",
        "country": null,
        "datasetName": "Atta",
        "publisher": "Instituto Nacional de Biodiversidad (INBio), Costa Rica",
        "license": "CC0_1_0",
        "issues": [
          "IDENTIFIED_DATE_INVALID",
          "COORDINATE_ROUNDED",
          "CONTINENT_DERIVED_FROM_COORDINATES",
          "CONTINENT_INVALID",
          "INSTITUTION_MATCH_FUZZY",
          "COLLECTION_MATCH_NONE",
          "TAXON_ID_NOT_FOUND"
        ],
        "fallback_media": {
          "url": "https://d2jcv3kl45hlgi.cloudfront.net/499ba8f27853d5432a9fc5e85e52e971.jpg",
          "references": "http://specimens.kew.org/Herbarium/K001162483",
          "title": null,
          "creator": null,
          "publisher": null,
          "license": "http://creativecommons.org/licenses/by/4.0/",
          "rightsHolder": "Royal Botanic Gardens, Kew"
        }
      }
    },
    {
      "type": "Feature",
      "geometry": {
        "type": "Point",
        "coordinates": [
          -84.275,
          9.911111
        ]
      },
      "properties": {
        "gbifID": "1253614926",
        "species": "Solanum accrescens",
        "genus": "Solanum",
        "family": "Solanaceae",
        "scientificName": "Solanum accrescens Standl. & C.V.Morton",
        "coordinateUncertaintyInMeters": "",
        "basisOfRecord": "PRESERVED_SPECIMEN",
        "eventDate": "1993-01-19",
        "country": null,
        "datasetName": "Atta",
        "publisher": "Instituto Nacional de Biodiversidad (INBio), Costa Rica",
        "license": "CC0_1_0",
        "issues": [
          "IDENTIFIED_DATE_INVALID",
          "COORDINATE_ROUNDED",
          "CONTINENT_DERIVED_FROM_COORDINATES",
          "CONTINENT_INVALID",
          "INSTITUTION_MATCH_FUZZY",
          "COLLECTION_MATCH_NONE",
          "TAXON_ID_NOT_FOUND"
        ],
        "fallback_media": {
          "url": "https://d2jcv3kl45hlgi.cloudfront.net/499ba8f27853d5432a9fc5e85e52e971.jpg",
          "references": "http://specimens.kew.org/Herbarium/K001162483",
          "title": null,
          "creator": null,
          "publisher": null,
          "license": "http://creativecommons.org/licenses/by/4.0/",
          "rightsHolder": "Royal Botanic Gardens, Kew"
        }
      }
    },
    {
      "type": "Feature",
      "geometry": {
        "type": "Point",
        "coordinates": [
          -84.151944,
          9.595833
        ]
      },
      "properties": {
        "gbifID": "1253653684",
        "species": "Solanum accrescens",
        "genus": "Solanum",
        "family": "Solanaceae",
        "scientificName": "Solanum accrescens Standl. & C.V.Morton",
        "coordinateUncertaintyInMeters": "",
        "basisOfRecord": "PRESERVED_SPECIMEN",
        "eventDate": "1998-04-22",
        "country": null,
        "datasetName": "Atta",
        "publisher": "Instituto Nacional de Biodiversidad (INBio), Costa Rica",
        "license": "CC0_1_0",
        "issues": [
          "IDENTIFIED_DATE_INVALID",
          "COORDINATE_ROUNDED",
          "CONTINENT_DERIVED_FROM_COORDINATES",
          "CONTINENT_INVALID",
          "INSTITUTION_MATCH_FUZZY",
          "COLLECTION_MATCH_NONE",
          "TAXON_ID_NOT_FOUND"
        ],
        "fallback_media": {
          "url": "https://d2jcv3kl45hlgi.cloudfront.net/499ba8f27853d5432a9fc5e85e52e971.jpg",
          "references": "http://specimens.kew.org/Herbarium/K001162483",
          "title": null,
          "creator": null,
          "publisher": null,
          "license": "http://creativecommons.org/licenses/by/4.0/",
          "rightsHolder": "Royal Botanic Gardens, Kew"
        }
      }
    },
    {
      "type": "Feature",
      "geometry": {
        "type": "Point",
        "coordinates": [
          -84.272222,
          9.9
        ]
      },
      "properties": {
        "gbifID": "1253840414",
        "species": "Solanum accrescens",
        "genus": "Solanum",
        "family": "Solanaceae",
        "scientificName": "Solanum accrescens Standl. & C.V.Morton",
        "coordinateUncertaintyInMeters": "",
        "basisOfRecord": "PRESERVED_SPECIMEN",
        "eventDate": "2005-07-30",
        "country": null,
        "datasetName": "Atta",
        "publisher": "Instituto Nacional de Biodiversidad (INBio), Costa Rica",
        "license": "CC0_1_0",
        "issues": [
          "IDENTIFIED_DATE_INVALID",
          "COORDINATE_ROUNDED",
          "CONTINENT_DERIVED_FROM_COORDINATES",
          "CONTINENT_INVALID",
          "INSTITUTION_MATCH_FUZZY",
          "COLLECTION_MATCH_NONE",
          "TAXON_ID_NOT_FOUND"
        ],
        "fallback_media": {
          "url": "https://d2jcv3kl45hlgi.cloudfront.net/499ba8f27853d5432a9fc5e85e52e971.jpg",
          "references": "http://specimens.kew.org/Herbarium/K001162483",
          "title": null,
          "creator": null,
          "publisher": null,
          "license": "http://creativecommons.org/licenses/by/4.0/",
          "rightsHolder": "Royal Botanic Gardens, Kew"
        }
      }
    },
    {
      "type": "Feature",
      "geometry": {
        "type": "Point",
        "coordinates": [
          -85.468,
          10.905
        ]
      },
      "properties": {
        "gbifID": "2250941155",
        "species": "Solanum accrescens",
        "genus": "Solanum",
        "family": "Solanaceae",
        "scientificName": "Solanum accrescens Standl. & C.V.Morton",
        "coordinateUncertaintyInMeters": "",
        "basisOfRecord": "MATERIAL_SAMPLE",
        "eventDate": "2009-11-24",
        "country": null,
        "datasetName": "",
        "publisher": "The International Barcode of Life Consortium",
        "license": "CC_BY_4_0",
        "issues": [
          "COUNTRY_DERIVED_FROM_COORDINATES",
          "GEODETIC_DATUM_ASSUMED_WGS84",
          "CONTINENT_DERIVED_FROM_COORDINATES",
          "INSTITUTION_MATCH_NONE",
          "NUCLEOTIDE_SEQUENCE_GAPS_REMOVED"
        ],
        "media": [
          {
            "url": "http://www.boldsystems.org/pics/MHPAC/BioBot10813-BB045129+1259091322.JPG",
            "references": "http://bins.boldsystems.org/index.php/Public_RecordView?processid=MHPAD2358-10",
            "title": "MHPAD2358-10 Fruit",
            "creator": null,
            "publisher": null,
            "license": "http://creativecommons.org/licenses/by-nc-sa/4.0/",
            "rightsHolder": null
          },
          {
            "url": "http://www.boldsystems.org/pics/MHPAC/BioBot10813-BB045130+1259866924.JPG",
            "references": "http://bins.boldsystems.org/index.php/Public_RecordView?processid=MHPAD2358-10",
            "title": "MHPAD2358-10 Fruit",
            "creator": null,
            "publisher": null,
            "license": "http://creativecommons.org/licenses/by-nc-sa/4.0/",
            "rightsHolder": null
          },
          {
            "url": "http://www.boldsystems.org/pics/MHPAC/BioBot10813-BB045132+1259866926.JPG",
            "references": "http://bins.boldsystems.org/index.php/Public_RecordView?processid=MHPAD2358-10",
            "title": "MHPAD2358-10 Leaf",
            "creator": null,
            "publisher": null,
            "license": "http://creativecommons.org/licenses/by-nc-sa/4.0/",
            "rightsHolder": null
          },
          {
            "url": "http://www.boldsystems.org/pics/MHPAC/BioBot10813-BB045133+1259866926.JPG",
            "references": "http://bins.boldsystems.org/index.php/Public_RecordView?processid=MHPAD2358-10",
            "title": "MHPAD2358-10 Leaf",
            "creator": null,
            "publisher": null,
            "license": "http://creativecommons.org/licenses/by-nc-sa/4.0/",
            "rightsHolder": null
          },
          {
            "url": "http://www.boldsystems.org/pics/MHPAC/BioBot10813-BB045131+1259866926.JPG",
            "references": "http://bins.boldsystems.org/index.php/Public_RecordView?processid=MHPAD2358-10",
            "title": "MHPAD2358-10 Stem",
            "creator": null,
            "publisher": null,
            "license": "http://creativecommons.org/licenses/by-nc-sa/4.0/",
            "rightsHolder": null
          },
          {
            "url": "http://www.boldsystems.org/pics/MHPAC/BioBot10813-BB045134+1259866928.JPG",
            "references": "http://bins.boldsystems.org/index.php/Public_RecordView?processid=MHPAD2358-10",
            "title": "MHPAD2358-10 Stem",
            "creator": null,
            "publisher": null,
            "license": "http://creativecommons.org/licenses/by-nc-sa/4.0/",
            "rightsHolder": null
          },
          {
            "url": "http://www.boldsystems.org/pics/MHPAC/BioBot10813-BB045128+1259091266.JPG",
            "references": "http://bins.boldsystems.org/index.php/Public_RecordView?processid=MHPAD2358-10",
            "title": "MHPAD2358-10 Whole Specimen",
            "creator": null,
            "publisher": null,
            "license": "http://creativecommons.org/licenses/by-nc-sa/4.0/",
            "rightsHolder": null
          }
        ]
      }
    },
    {
      "type": "Feature",
      "geometry": {
        "type": "Point",
        "coordinates": [
          -85.472,
          10.885
        ]
      },
      "properties": {
        "gbifID": "4917169490",
        "species": "Solanum accrescens",
        "genus": "Solanum",
        "family": "Solanaceae",
        "scientificName": "Solanum accrescens Standl. & C.V.Morton",
        "coordinateUncertaintyInMeters": "",
        "basisOfRecord": "MATERIAL_SAMPLE",
        "eventDate": "2010-05-05",
        "country": null,
        "datasetName": "",
        "publisher": "The International Barcode of Life Consortium",
        "license": "CC_BY_4_0",
        "issues": [
          "COUNTRY_DERIVED_FROM_COORDINATES",
          "GEODETIC_DATUM_ASSUMED_WGS84",
          "CONTINENT_DERIVED_FROM_COORDINATES",
          "INSTITUTION_MATCH_NONE"
        ],
        "media": [
          {
            "url": "http://www.boldsystems.org/pics/MHPAC/BioBot11058-BB046714+1273523322.JPG",
            "references": "http://bins.boldsystems.org/index.php/Public_RecordView?processid=MHPAD2602-10",
            "title": "MHPAD2602-10 Leaf",
            "creator": null,
            "publisher": null,
            "license": "http://creativecommons.org/licenses/by-nc-sa/4.0/",
            "rightsHolder": null
          },
          {
            "url": "http://www.boldsystems.org/pics/MHPAC/BioBot11058-BB046717+1273523324.JPG",
            "references": "http://bins.boldsystems.org/index.php/Public_RecordView?processid=MHPAD2602-10",
            "title": "MHPAD2602-10 Leaf",
            "creator": null,
            "publisher": null,
            "license": "http://creativecommons.org/licenses/by-nc-sa/4.0/",
            "rightsHolder": null
          },
          {
            "url": "http://www.boldsystems.org/pics/MHPAC/BioBot11058-BB046718+1273523324.JPG",
            "references": "http://bins.boldsystems.org/index.php/Public_RecordView?processid=MHPAD2602-10",
            "title": "MHPAD2602-10 Leaf",
            "creator": null,
            "publisher": null,
            "license": "http://creativecommons.org/licenses/by-nc-sa/4.0/",
            "rightsHolder": null
          },
          {
            "url": "http://www.boldsystems.org/pics/MHPAC/BioBot11058-BB046715+1273523322.JPG",
            "references": "http://bins.boldsystems.org/index.php/Public_RecordView?processid=MHPAD2602-10",
            "title": "MHPAD2602-10 Stem",
            "creator": null,
            "publisher": null,
            "license": "http://creativecommons.org/licenses/by-nc-sa/4.0/",
            "rightsHolder": null
          },
          {
            "url": "http://www.boldsystems.org/pics/MHPAC/BioBot11058-BB046716+1273523322.JPG",
            "references": "http://bins.boldsystems.org/index.php/Public_RecordView?processid=MHPAD2602-10",
            "title": "MHPAD2602-10 Stem",
            "creator": null,
            "publisher": null,
            "license": "http://creativecommons.org/licenses/by-nc-sa/4.0/",
            "rightsHolder": null
          },
          {
            "url": "http://www.boldsystems.org/pics/MHPAC/BioBot11058-BB046713+1273067284.JPG",
            "references": "http://bins.boldsystems.org/index.php/Public_RecordView?processid=MHPAD2602-10",
            "title": "MHPAD2602-10 Whole Specimen",
            "creator": null,
            "publisher": null,
            "license": "http://creativecommons.org/licenses/by-nc-sa/4.0/",
            "rightsHolder": null
          }
        ]
      }
    },
    {
      "type": "Feature",
      "geometry": {
        "type": "Point",
        "coordinates": [
          -85.59798,
          10.89131
        ]
      },
      "properties": {
        "gbifID": "4914068235",
        "species": "Solanum accrescens",
        "genus": "Solanum",
        "family": "Solanaceae",
        "scientificName": "Solanum accrescens Standl. & C.V.Morton",
        "coordinateUncertaintyInMeters": "",
        "basisOfRecord": "MATERIAL_SAMPLE",
        "eventDate": "2011-12-04",
        "country": null,
        "datasetName": "",
        "publisher": "The International Barcode of Life Consortium",
        "license": "CC_BY_4_0",
        "issues": [
          "COUNTRY_DERIVED_FROM_COORDINATES",
          "GEODETIC_DATUM_ASSUMED_WGS84",
          "CONTINENT_DERIVED_FROM_COORDINATES",
          "INSTITUTION_MATCH_NONE"
        ],
        "media": [
          {
            "url": "http://www.boldsystems.org/pics/MHPAC/BioBot12589-BB056216+1351007920.JPG",
            "references": "http://bins.boldsystems.org/index.php/Public_RecordView?processid=MHPAC2256-12",
            "title": "MHPAC2256-12 Specimen",
            "creator": null,
            "publisher": null,
            "license": "http://creativecommons.org/licenses/by-nc-sa/4.0/",
            "rightsHolder": null
          },
          {
            "url": "http://www.boldsystems.org/pics/MHPAC/BioBot12589-BB056217+1351007920.JPG",
            "references": "http://bins.boldsystems.org/index.php/Public_RecordView?processid=MHPAC2256-12",
            "title": "MHPAC2256-12 Specimen",
            "creator": null,
            "publisher": null,
            "license": "http://creativecommons.org/licenses/by-nc-sa/4.0/",
            "rightsHolder": null
          },
          {
            "url": "http://www.boldsystems.org/pics/MHPAC/BioBot12589-BB056218+1351007920.JPG",
            "references": "http://bins.boldsystems.org/index.php/Public_RecordView?processid=MHPAC2256-12",
            "title": "MHPAC2256-12 Specimen",
            "creator": null,
            "publisher": null,
            "license": "http://creativecommons.org/licenses/by-nc-sa/4.0/",
            "rightsHolder": null
          },
          {
            "url": "http://www.boldsystems.org/pics/MHPAC/BioBot12589-BB056219+1351007922.JPG",
            "references": "http://bins.boldsystems.org/index.php/Public_RecordView?processid=MHPAC2256-12",
            "title": "MHPAC2256-12 Specimen",
            "creator": null,
            "publisher": null,
            "license": "http://creativecommons.org/licenses/by-nc-sa/4.0/",
            "rightsHolder": null
          },
          {
            "url": "http://www.boldsystems.org/pics/MHPAC/BioBot12589-BB056220+1351007922.JPG",
            "references": "http://bins.boldsystems.org/index.php/Public_RecordView?processid=MHPAC2256-12",
            "title": "MHPAC2256-12 Specimen",
            "creator": null,
            "publisher": null,
            "license": "http://creativecommons.org/licenses/by-nc-sa/4.0/",
            "rightsHolder": null
          },
          {
            "url": "http://www.boldsystems.org/pics/MHPAC/BioBot12589-BB056221+1351007922.JPG",
            "references": "http://bins.boldsystems.org/index.php/Public_RecordView?processid=MHPAC2256-12",
            "title": "MHPAC2256-12 Specimen",
            "creator": null,
            "publisher": null,
            "license": "http://creativecommons.org/licenses/by-nc-sa/4.0/",
            "rightsHolder": null
          },
          {
            "url": "http://www.boldsystems.org/pics/MHPAC/BioBot12589-BB056222+1351007922.JPG",
            "references": "http://bins.boldsystems.org/index.php/Public_RecordView?processid=MHPAC2256-12",
            "title": "MHPAC2256-12 Specimen",
            "creator": null,
            "publisher": null,
            "license": "http://creativecommons.org/licenses/by-nc-sa/4.0/",
            "rightsHolder": null
          },
          {
            "url": "http://www.boldsystems.org/pics/MHPAC/BioBot12589-BB056223+1351007922.JPG",
            "references": "http://bins.boldsystems.org/index.php/Public_RecordView?processid=MHPAC2256-12",
            "title": "MHPAC2256-12 Specimen",
            "creator": null,
            "publisher": null,
            "license": "http://creativecommons.org/licenses/by-nc-sa/4.0/",
            "rightsHolder": null
          }
        ]
      }
    }
  ]
}
