{
  "type": "FeatureCollection",
  "metadata": {
    "host_taxon": {
      "canonical_name": "Prestonia portobellensis",
      "rank": "species",
      "family": "Apocynaceae",
      "genus": "Prestonia",
      "species": "Prestonia portobellensis",
      "slug": "species_prestonia_portobellensis",
      "resolvable_to_gbif": true,
      "use_for_default_download": true,
      "association_count": 3,
      "butterfly_taxa": [
        "Aeria eurimedia",
        "Tithorea harmonia",
        "Tithorea tarricina"
      ],
      "confidence_counts": {
        "medium": 3
      },
      "occurrence_file": "occurrences/species_prestonia_portobellensis.geojson",
      "gbif_resolution": {
        "query": "Prestonia portobellensis",
        "rank": "species",
        "status": "resolved",
        "gbif_taxon_key": 5536313,
        "accepted_usage_key": null,
        "scientific_name": "Prestonia portobellensis (Beurl.) Woodson",
        "canonical_name": "Prestonia portobellensis",
        "gbif_rank": "SPECIES",
        "taxonomic_status": "ACCEPTED",
        "match_type": "EXACT",
        "confidence": 100,
        "kingdom": "Plantae",
        "family": "Apocynaceae",
        "genus": "Prestonia",
        "resolved_at": "2026-05-21T03:59:13+00:00"
      },
      "gbif_taxon_key": 5536313,
      "gbif_status": "resolved",
      "occurrence_count": 0,
      "occurrence_mode": "not_generated",
      "occurrence_cap": null
    },
    "gbif_resolution": {
      "query": "Prestonia portobellensis",
      "rank": "species",
      "status": "resolved",
      "gbif_taxon_key": 5536313,
      "accepted_usage_key": null,
      "scientific_name": "Prestonia portobellensis (Beurl.) Woodson",
      "canonical_name": "Prestonia portobellensis",
      "gbif_rank": "SPECIES",
      "taxonomic_status": "ACCEPTED",
      "match_type": "EXACT",
      "confidence": 100,
      "kingdom": "Plantae",
      "family": "Apocynaceae",
      "genus": "Prestonia",
      "resolved_at": "2026-05-21T03:59:13+00:00"
    },
    "occurrence_query": {
      "method": "gbif_download_api",
      "download_key": "0004690-260519110011954",
      "download_doi": "10.15468/dl.s2gcc3",
      "download_doi_url": "https://doi.org/10.15468/dl.s2gcc3",
      "limit": null,
      "dedupe": "Exact duplicate coordinates removed per taxon after DWCA download.",
      "filters": "GBIF Download API DWCA with TAXON_KEY, HAS_COORDINATE=true, HAS_GEOSPATIAL_ISSUE=false, OCCURRENCE_STATUS=PRESENT; app study extent and coordinate uncertainty <=100km applied locally.",
      "returned_unique_coordinate_records": 541
    },
    "scientific_caveat": "GBIF plant occurrences are sampling-biased context records and do not prove local host use or ecological availability for the butterfly.",
    "generated_at": "2026-05-21T15:57:22+00:00"
  },
  "features": [
    {
      "type": "Feature",
      "geometry": {
        "type": "Point",
        "coordinates": [
          -74.006967,
          7.2953
        ]
      },
      "properties": {
        "gbifID": "1702875773",
        "species": "Prestonia portobellensis",
        "genus": "Prestonia",
        "family": "Apocynaceae",
        "scientificName": "Prestonia portobellensis (Beurl.) Woodson",
        "coordinateUncertaintyInMeters": "",
        "basisOfRecord": "HUMAN_OBSERVATION",
        "eventDate": "2017-02-26",
        "country": null,
        "datasetName": "",
        "publisher": "Universidad del Tolima",
        "license": "CC_BY_NC_4_0",
        "issues": [
          "COORDINATE_ROUNDED",
          "GEODETIC_DATUM_ASSUMED_WGS84"
        ],
        "fallback_media": {
          "url": "https://d2jcv3kl45hlgi.cloudfront.net/3cbfc9b66d986725079a7d37a8f83225.jpg",
          "references": "http://specimens.kew.org/Herbarium/K006231299",
          "title": null,
          "creator": null,
          "publisher": null,
          "license": "http://creativecommons.org/licenses/by/4.0/",
          "rightsHolder": "Royal Botanic Gardens, Kew"
        }
      }
    },
    {
      "type": "Feature",
      "geometry": {
        "type": "Point",
        "coordinates": [
          -95.183333,
          18.351667
        ]
      },
      "properties": {
        "gbifID": "2629450826",
        "species": "Prestonia portobellensis",
        "genus": "Prestonia",
        "family": "Apocynaceae",
        "scientificName": "Prestonia portobellensis (Beurl.) Woodson",
        "coordinateUncertaintyInMeters": "90.0",
        "basisOfRecord": "PRESERVED_SPECIMEN",
        "eventDate": "1985-05-22",
        "country": null,
        "datasetName": "Digitalización y sistematización de las colecciones biológicas del INECOL",
        "publisher": "Comisión nacional para el conocimiento y uso de la biodiversidad",
        "license": "CC_BY_4_0",
        "issues": [
          "OCCURRENCE_STATUS_INFERRED_FROM_INDIVIDUAL_COUNT",
          "COORDINATE_ROUNDED",
          "GEODETIC_DATUM_ASSUMED_WGS84",
          "GEODETIC_DATUM_INVALID",
          "CONTINENT_DERIVED_FROM_COORDINATES",
          "AMBIGUOUS_INSTITUTION",
          "SCIENTIFIC_NAME_ID_NOT_FOUND",
          "TAXON_ID_NOT_FOUND"
        ],
        "fallback_media": {
          "url": "https://d2jcv3kl45hlgi.cloudfront.net/3cbfc9b66d986725079a7d37a8f83225.jpg",
          "references": "http://specimens.kew.org/Herbarium/K006231299",
          "title": null,
          "creator": null,
          "publisher": null,
          "license": "http://creativecommons.org/licenses/by/4.0/",
          "rightsHolder": "Royal Botanic Gardens, Kew"
        }
      }
    },
    {
      "type": "Feature",
      "geometry": {
        "type": "Point",
        "coordinates": [
          -94.809444,
          18.528611
        ]
      },
      "properties": {
        "gbifID": "2629587484",
        "species": "Prestonia portobellensis",
        "genus": "Prestonia",
        "family": "Apocynaceae",
        "scientificName": "Prestonia portobellensis (Beurl.) Woodson",
        "coordinateUncertaintyInMeters": "90.0",
        "basisOfRecord": "PRESERVED_SPECIMEN",
        "eventDate": "2011-03-18",
        "country": null,
        "datasetName": "Digitalización y sistematización de las colecciones biológicas del INECOL",
        "publisher": "Comisión nacional para el conocimiento y uso de la biodiversidad",
        "license": "CC_BY_4_0",
        "issues": [
          "OCCURRENCE_STATUS_INFERRED_FROM_INDIVIDUAL_COUNT",
          "COORDINATE_ROUNDED",
          "GEODETIC_DATUM_ASSUMED_WGS84",
          "GEODETIC_DATUM_INVALID",
          "CONTINENT_DERIVED_FROM_COORDINATES",
          "AMBIGUOUS_INSTITUTION",
          "TAXON_ID_NOT_FOUND",
          "SCIENTIFIC_NAME_ID_NOT_FOUND"
        ],
        "fallback_media": {
          "url": "https://d2jcv3kl45hlgi.cloudfront.net/3cbfc9b66d986725079a7d37a8f83225.jpg",
          "references": "http://specimens.kew.org/Herbarium/K006231299",
          "title": null,
          "creator": null,
          "publisher": null,
          "license": "http://creativecommons.org/licenses/by/4.0/",
          "rightsHolder": "Royal Botanic Gardens, Kew"
        }
      }
    },
    {
      "type": "Feature",
      "geometry": {
        "type": "Point",
        "coordinates": [
          -95.305555,
          18.533056
        ]
      },
      "properties": {
        "gbifID": "2629619808",
        "species": "Prestonia portobellensis",
        "genus": "Prestonia",
        "family": "Apocynaceae",
        "scientificName": "Prestonia portobellensis (Beurl.) Woodson",
        "coordinateUncertaintyInMeters": "90.0",
        "basisOfRecord": "PRESERVED_SPECIMEN",
        "eventDate": "1972-06-19",
        "country": null,
        "datasetName": "Digitalización y sistematización de las colecciones biológicas del INECOL",
        "publisher": "Comisión nacional para el conocimiento y uso de la biodiversidad",
        "license": "CC_BY_4_0",
        "issues": [
          "OCCURRENCE_STATUS_INFERRED_FROM_INDIVIDUAL_COUNT",
          "COORDINATE_ROUNDED",
          "GEODETIC_DATUM_ASSUMED_WGS84",
          "GEODETIC_DATUM_INVALID",
          "CONTINENT_DERIVED_FROM_COORDINATES",
          "AMBIGUOUS_INSTITUTION",
          "TAXON_ID_NOT_FOUND",
          "SCIENTIFIC_NAME_ID_NOT_FOUND"
        ],
        "fallback_media": {
          "url": "https://d2jcv3kl45hlgi.cloudfront.net/3cbfc9b66d986725079a7d37a8f83225.jpg",
          "references": "http://specimens.kew.org/Herbarium/K006231299",
          "title": null,
          "creator": null,
          "publisher": null,
          "license": "http://creativecommons.org/licenses/by/4.0/",
          "rightsHolder": "Royal Botanic Gardens, Kew"
        }
      }
    },
    {
      "type": "Feature",
      "geometry": {
        "type": "Point",
        "coordinates": [
          -94.612778,
          17.2525
        ]
      },
      "properties": {
        "gbifID": "2629618791",
        "species": "Prestonia portobellensis",
        "genus": "Prestonia",
        "family": "Apocynaceae",
        "scientificName": "Prestonia portobellensis (Beurl.) Woodson",
        "coordinateUncertaintyInMeters": "90.0",
        "basisOfRecord": "PRESERVED_SPECIMEN",
        "eventDate": "1974-04-04",
        "country": null,
        "datasetName": "Digitalización y sistematización de las colecciones biológicas del INECOL",
        "publisher": "Comisión nacional para el conocimiento y uso de la biodiversidad",
        "license": "CC_BY_4_0",
        "issues": [
          "OCCURRENCE_STATUS_INFERRED_FROM_INDIVIDUAL_COUNT",
          "COORDINATE_ROUNDED",
          "GEODETIC_DATUM_ASSUMED_WGS84",
          "GEODETIC_DATUM_INVALID",
          "CONTINENT_DERIVED_FROM_COORDINATES",
          "AMBIGUOUS_INSTITUTION",
          "TAXON_ID_NOT_FOUND",
          "SCIENTIFIC_NAME_ID_NOT_FOUND"
        ],
        "fallback_media": {
          "url": "https://d2jcv3kl45hlgi.cloudfront.net/3cbfc9b66d986725079a7d37a8f83225.jpg",
          "references": "http://specimens.kew.org/Herbarium/K006231299",
          "title": null,
          "creator": null,
          "publisher": null,
          "license": "http://creativecommons.org/licenses/by/4.0/",
          "rightsHolder": "Royal Botanic Gardens, Kew"
        }
      }
    },
    {
      "type": "Feature",
      "geometry": {
        "type": "Point",
        "coordinates": [
          -92.953333,
          17.546667
        ]
      },
      "properties": {
        "gbifID": "2629624829",
        "species": "Prestonia portobellensis",
        "genus": "Prestonia",
        "family": "Apocynaceae",
        "scientificName": "Prestonia portobellensis (Beurl.) Woodson",
        "coordinateUncertaintyInMeters": "90.0",
        "basisOfRecord": "PRESERVED_SPECIMEN",
        "eventDate": "1996-08-23",
        "country": null,
        "datasetName": "Digitalización y sistematización de las colecciones biológicas del INECOL",
        "publisher": "Comisión nacional para el conocimiento y uso de la biodiversidad",
        "license": "CC_BY_4_0",
        "issues": [
          "OCCURRENCE_STATUS_INFERRED_FROM_INDIVIDUAL_COUNT",
          "COORDINATE_ROUNDED",
          "GEODETIC_DATUM_ASSUMED_WGS84",
          "GEODETIC_DATUM_INVALID",
          "CONTINENT_DERIVED_FROM_COORDINATES",
          "AMBIGUOUS_INSTITUTION",
          "TAXON_ID_NOT_FOUND",
          "SCIENTIFIC_NAME_ID_NOT_FOUND"
        ],
        "fallback_media": {
          "url": "https://d2jcv3kl45hlgi.cloudfront.net/3cbfc9b66d986725079a7d37a8f83225.jpg",
          "references": "http://specimens.kew.org/Herbarium/K006231299",
          "title": null,
          "creator": null,
          "publisher": null,
          "license": "http://creativecommons.org/licenses/by/4.0/",
          "rightsHolder": "Royal Botanic Gardens, Kew"
        }
      }
    },
    {
      "type": "Feature",
      "geometry": {
        "type": "Point",
        "coordinates": [
          -93.391667,
          17.829167
        ]
      },
      "properties": {
        "gbifID": "2629446818",
        "species": "Prestonia portobellensis",
        "genus": "Prestonia",
        "family": "Apocynaceae",
        "scientificName": "Prestonia portobellensis (Beurl.) Woodson",
        "coordinateUncertaintyInMeters": "90.0",
        "basisOfRecord": "PRESERVED_SPECIMEN",
        "eventDate": "1989-04-12",
        "country": null,
        "datasetName": "Digitalización y sistematización de las colecciones biológicas del INECOL",
        "publisher": "Comisión nacional para el conocimiento y uso de la biodiversidad",
        "license": "CC_BY_4_0",
        "issues": [
          "OCCURRENCE_STATUS_INFERRED_FROM_INDIVIDUAL_COUNT",
          "COORDINATE_ROUNDED",
          "GEODETIC_DATUM_ASSUMED_WGS84",
          "GEODETIC_DATUM_INVALID",
          "CONTINENT_DERIVED_FROM_COORDINATES",
          "AMBIGUOUS_INSTITUTION",
          "TAXON_ID_NOT_FOUND",
          "SCIENTIFIC_NAME_ID_NOT_FOUND"
        ],
        "fallback_media": {
          "url": "https://d2jcv3kl45hlgi.cloudfront.net/3cbfc9b66d986725079a7d37a8f83225.jpg",
          "references": "http://specimens.kew.org/Herbarium/K006231299",
          "title": null,
          "creator": null,
          "publisher": null,
          "license": "http://creativecommons.org/licenses/by/4.0/",
          "rightsHolder": "Royal Botanic Gardens, Kew"
        }
      }
    },
    {
      "type": "Feature",
      "geometry": {
        "type": "Point",
        "coordinates": [
          -95.076389,
          18.588611
        ]
      },
      "properties": {
        "gbifID": "2629446817",
        "species": "Prestonia portobellensis",
        "genus": "Prestonia",
        "family": "Apocynaceae",
        "scientificName": "Prestonia portobellensis (Beurl.) Woodson",
        "coordinateUncertaintyInMeters": "90.0",
        "basisOfRecord": "PRESERVED_SPECIMEN",
        "eventDate": "1983-05-04",
        "country": null,
        "datasetName": "Digitalización y sistematización de las colecciones biológicas del INECOL",
        "publisher": "Comisión nacional para el conocimiento y uso de la biodiversidad",
        "license": "CC_BY_4_0",
        "issues": [
          "OCCURRENCE_STATUS_INFERRED_FROM_INDIVIDUAL_COUNT",
          "COORDINATE_ROUNDED",
          "GEODETIC_DATUM_ASSUMED_WGS84",
          "GEODETIC_DATUM_INVALID",
          "CONTINENT_DERIVED_FROM_COORDINATES",
          "AMBIGUOUS_INSTITUTION",
          "TAXON_ID_NOT_FOUND",
          "SCIENTIFIC_NAME_ID_NOT_FOUND"
        ],
        "fallback_media": {
          "url": "https://d2jcv3kl45hlgi.cloudfront.net/3cbfc9b66d986725079a7d37a8f83225.jpg",
          "references": "http://specimens.kew.org/Herbarium/K006231299",
          "title": null,
          "creator": null,
          "publisher": null,
          "license": "http://creativecommons.org/licenses/by/4.0/",
          "rightsHolder": "Royal Botanic Gardens, Kew"
        }
      }
    },
    {
      "type": "Feature",
      "geometry": {
        "type": "Point",
        "coordinates": [
          -97.413055,
          21.355833
        ]
      },
      "properties": {
        "gbifID": "2629582274",
        "species": "Prestonia portobellensis",
        "genus": "Prestonia",
        "family": "Apocynaceae",
        "scientificName": "Prestonia portobellensis (Beurl.) Woodson",
        "coordinateUncertaintyInMeters": "70.0",
        "basisOfRecord": "PRESERVED_SPECIMEN",
        "eventDate": "2010-11-18",
        "country": null,
        "datasetName": "Digitalización y sistematización de las colecciones biológicas del INECOL",
        "publisher": "Comisión nacional para el conocimiento y uso de la biodiversidad",
        "license": "CC_BY_4_0",
        "issues": [
          "OCCURRENCE_STATUS_INFERRED_FROM_INDIVIDUAL_COUNT",
          "COORDINATE_ROUNDED",
          "GEODETIC_DATUM_ASSUMED_WGS84",
          "GEODETIC_DATUM_INVALID",
          "CONTINENT_DERIVED_FROM_COORDINATES",
          "AMBIGUOUS_INSTITUTION",
          "TAXON_ID_NOT_FOUND",
          "SCIENTIFIC_NAME_ID_NOT_FOUND"
        ],
        "fallback_media": {
          "url": "https://d2jcv3kl45hlgi.cloudfront.net/3cbfc9b66d986725079a7d37a8f83225.jpg",
          "references": "http://specimens.kew.org/Herbarium/K006231299",
          "title": null,
          "creator": null,
          "publisher": null,
          "license": "http://creativecommons.org/licenses/by/4.0/",
          "rightsHolder": "Royal Botanic Gardens, Kew"
        }
      }
    },
    {
      "type": "Feature",
      "geometry": {
        "type": "Point",
        "coordinates": [
          -91.546944,
          17.215
        ]
      },
      "properties": {
        "gbifID": "2629448764",
        "species": "Prestonia portobellensis",
        "genus": "Prestonia",
        "family": "Apocynaceae",
        "scientificName": "Prestonia portobellensis (Beurl.) Woodson",
        "coordinateUncertaintyInMeters": "90.0",
        "basisOfRecord": "PRESERVED_SPECIMEN",
        "eventDate": "1991-05-20",
        "country": null,
        "datasetName": "Digitalización y sistematización de las colecciones biológicas del INECOL",
        "publisher": "Comisión nacional para el conocimiento y uso de la biodiversidad",
        "license": "CC_BY_4_0",
        "issues": [
          "OCCURRENCE_STATUS_INFERRED_FROM_INDIVIDUAL_COUNT",
          "COORDINATE_ROUNDED",
          "GEODETIC_DATUM_ASSUMED_WGS84",
          "GEODETIC_DATUM_INVALID",
          "CONTINENT_DERIVED_FROM_COORDINATES",
          "AMBIGUOUS_INSTITUTION",
          "SCIENTIFIC_NAME_ID_NOT_FOUND",
          "TAXON_ID_NOT_FOUND"
        ],
        "fallback_media": {
          "url": "https://d2jcv3kl45hlgi.cloudfront.net/3cbfc9b66d986725079a7d37a8f83225.jpg",
          "references": "http://specimens.kew.org/Herbarium/K006231299",
          "title": null,
          "creator": null,
          "publisher": null,
          "license": "http://creativecommons.org/licenses/by/4.0/",
          "rightsHolder": "Royal Botanic Gardens, Kew"
        }
      }
    },
    {
      "type": "Feature",
      "geometry": {
        "type": "Point",
        "coordinates": [
          -95.073889,
          18.584722
        ]
      },
      "properties": {
        "gbifID": "2629449810",
        "species": "Prestonia portobellensis",
        "genus": "Prestonia",
        "family": "Apocynaceae",
        "scientificName": "Prestonia portobellensis (Beurl.) Woodson",
        "coordinateUncertaintyInMeters": "90.0",
        "basisOfRecord": "PRESERVED_SPECIMEN",
        "eventDate": "1979-03-29",
        "country": null,
        "datasetName": "Digitalización y sistematización de las colecciones biológicas del INECOL",
        "publisher": "Comisión nacional para el conocimiento y uso de la biodiversidad",
        "license": "CC_BY_4_0",
        "issues": [
          "OCCURRENCE_STATUS_INFERRED_FROM_INDIVIDUAL_COUNT",
          "COORDINATE_ROUNDED",
          "GEODETIC_DATUM_ASSUMED_WGS84",
          "GEODETIC_DATUM_INVALID",
          "CONTINENT_DERIVED_FROM_COORDINATES",
          "AMBIGUOUS_INSTITUTION",
          "TAXON_ID_NOT_FOUND",
          "SCIENTIFIC_NAME_ID_NOT_FOUND"
        ],
        "fallback_media": {
          "url": "https://d2jcv3kl45hlgi.cloudfront.net/3cbfc9b66d986725079a7d37a8f83225.jpg",
          "references": "http://specimens.kew.org/Herbarium/K006231299",
          "title": null,
          "creator": null,
          "publisher": null,
          "license": "http://creativecommons.org/licenses/by/4.0/",
          "rightsHolder": "Royal Botanic Gardens, Kew"
        }
      }
    },
    {
      "type": "Feature",
      "geometry": {
        "type": "Point",
        "coordinates": [
          -95.016667,
          18.516667
        ]
      },
      "properties": {
        "gbifID": "2629621809",
        "species": "Prestonia portobellensis",
        "genus": "Prestonia",
        "family": "Apocynaceae",
        "scientificName": "Prestonia portobellensis (Beurl.) Woodson",
        "coordinateUncertaintyInMeters": "90.0",
        "basisOfRecord": "PRESERVED_SPECIMEN",
        "eventDate": "1972-07-15",
        "country": null,
        "datasetName": "Digitalización y sistematización de las colecciones biológicas del INECOL",
        "publisher": "Comisión nacional para el conocimiento y uso de la biodiversidad",
        "license": "CC_BY_4_0",
        "issues": [
          "OCCURRENCE_STATUS_INFERRED_FROM_INDIVIDUAL_COUNT",
          "COORDINATE_ROUNDED",
          "GEODETIC_DATUM_ASSUMED_WGS84",
          "GEODETIC_DATUM_INVALID",
          "CONTINENT_DERIVED_FROM_COORDINATES",
          "AMBIGUOUS_INSTITUTION",
          "TAXON_ID_NOT_FOUND",
          "SCIENTIFIC_NAME_ID_NOT_FOUND"
        ],
        "fallback_media": {
          "url": "https://d2jcv3kl45hlgi.cloudfront.net/3cbfc9b66d986725079a7d37a8f83225.jpg",
          "references": "http://specimens.kew.org/Herbarium/K006231299",
          "title": null,
          "creator": null,
          "publisher": null,
          "license": "http://creativecommons.org/licenses/by/4.0/",
          "rightsHolder": "Royal Botanic Gardens, Kew"
        }
      }
    },
    {
      "type": "Feature",
      "geometry": {
        "type": "Point",
        "coordinates": [
          -90.941667,
          16.180556
        ]
      },
      "properties": {
        "gbifID": "2629622797",
        "species": "Prestonia portobellensis",
        "genus": "Prestonia",
        "family": "Apocynaceae",
        "scientificName": "Prestonia portobellensis (Beurl.) Woodson",
        "coordinateUncertaintyInMeters": "100.0",
        "basisOfRecord": "PRESERVED_SPECIMEN",
        "eventDate": "1985-02-20",
        "country": null,
        "datasetName": "Digitalización y sistematización de las colecciones biológicas del INECOL",
        "publisher": "Comisión nacional para el conocimiento y uso de la biodiversidad",
        "license": "CC_BY_4_0",
        "issues": [
          "OCCURRENCE_STATUS_INFERRED_FROM_INDIVIDUAL_COUNT",
          "COORDINATE_ROUNDED",
          "GEODETIC_DATUM_ASSUMED_WGS84",
          "GEODETIC_DATUM_INVALID",
          "CONTINENT_DERIVED_FROM_COORDINATES",
          "AMBIGUOUS_INSTITUTION",
          "TAXON_ID_NOT_FOUND",
          "SCIENTIFIC_NAME_ID_NOT_FOUND"
        ],
        "fallback_media": {
          "url": "https://d2jcv3kl45hlgi.cloudfront.net/3cbfc9b66d986725079a7d37a8f83225.jpg",
          "references": "http://specimens.kew.org/Herbarium/K006231299",
          "title": null,
          "creator": null,
          "publisher": null,
          "license": "http://creativecommons.org/licenses/by/4.0/",
          "rightsHolder": "Royal Botanic Gardens, Kew"
        }
      }
    },
    {
      "type": "Feature",
      "geometry": {
        "type": "Point",
        "coordinates": [
          -94.683333,
          16.9
        ]
      },
      "properties": {
        "gbifID": "2629654530",
        "species": "Prestonia portobellensis",
        "genus": "Prestonia",
        "family": "Apocynaceae",
        "scientificName": "Prestonia portobellensis (Beurl.) Woodson",
        "coordinateUncertaintyInMeters": "100.0",
        "basisOfRecord": "PRESERVED_SPECIMEN",
        "eventDate": "1985-03-23",
        "country": null,
        "datasetName": "Digitalización y sistematización de las colecciones biológicas del INECOL",
        "publisher": "Comisión nacional para el conocimiento y uso de la biodiversidad",
        "license": "CC_BY_4_0",
        "issues": [
          "OCCURRENCE_STATUS_INFERRED_FROM_INDIVIDUAL_COUNT",
          "COORDINATE_ROUNDED",
          "GEODETIC_DATUM_ASSUMED_WGS84",
          "GEODETIC_DATUM_INVALID",
          "CONTINENT_DERIVED_FROM_COORDINATES",
          "AMBIGUOUS_INSTITUTION",
          "SCIENTIFIC_NAME_ID_NOT_FOUND",
          "TAXON_ID_NOT_FOUND"
        ],
        "fallback_media": {
          "url": "https://d2jcv3kl45hlgi.cloudfront.net/3cbfc9b66d986725079a7d37a8f83225.jpg",
          "references": "http://specimens.kew.org/Herbarium/K006231299",
          "title": null,
          "creator": null,
          "publisher": null,
          "license": "http://creativecommons.org/licenses/by/4.0/",
          "rightsHolder": "Royal Botanic Gardens, Kew"
        }
      }
    },
    {
      "type": "Feature",
      "geometry": {
        "type": "Point",
        "coordinates": [
          -94.719444,
          18.375
        ]
      },
      "properties": {
        "gbifID": "2629444787",
        "species": "Prestonia portobellensis",
        "genus": "Prestonia",
        "family": "Apocynaceae",
        "scientificName": "Prestonia portobellensis (Beurl.) Woodson",
        "coordinateUncertaintyInMeters": "90.0",
        "basisOfRecord": "PRESERVED_SPECIMEN",
        "eventDate": "1985-05-06",
        "country": null,
        "datasetName": "Digitalización y sistematización de las colecciones biológicas del INECOL",
        "publisher": "Comisión nacional para el conocimiento y uso de la biodiversidad",
        "license": "CC_BY_4_0",
        "issues": [
          "OCCURRENCE_STATUS_INFERRED_FROM_INDIVIDUAL_COUNT",
          "COORDINATE_ROUNDED",
          "GEODETIC_DATUM_ASSUMED_WGS84",
          "GEODETIC_DATUM_INVALID",
          "CONTINENT_DERIVED_FROM_COORDINATES",
          "AMBIGUOUS_INSTITUTION",
          "TAXON_ID_NOT_FOUND",
          "SCIENTIFIC_NAME_ID_NOT_FOUND"
        ],
        "fallback_media": {
          "url": "https://d2jcv3kl45hlgi.cloudfront.net/3cbfc9b66d986725079a7d37a8f83225.jpg",
          "references": "http://specimens.kew.org/Herbarium/K006231299",
          "title": null,
          "creator": null,
          "publisher": null,
          "license": "http://creativecommons.org/licenses/by/4.0/",
          "rightsHolder": "Royal Botanic Gardens, Kew"
        }
      }
    },
    {
      "type": "Feature",
      "geometry": {
        "type": "Point",
        "coordinates": [
          -98.607778,
          21.170278
        ]
      },
      "properties": {
        "gbifID": "2629620817",
        "species": "Prestonia portobellensis",
        "genus": "Prestonia",
        "family": "Apocynaceae",
        "scientificName": "Prestonia portobellensis (Beurl.) Woodson",
        "coordinateUncertaintyInMeters": "80.0",
        "basisOfRecord": "PRESERVED_SPECIMEN",
        "eventDate": "1976-08-10",
        "country": null,
        "datasetName": "Digitalización y sistematización de las colecciones biológicas del INECOL",
        "publisher": "Comisión nacional para el conocimiento y uso de la biodiversidad",
        "license": "CC_BY_4_0",
        "issues": [
          "OCCURRENCE_STATUS_INFERRED_FROM_INDIVIDUAL_COUNT",
          "COORDINATE_ROUNDED",
          "GEODETIC_DATUM_ASSUMED_WGS84",
          "GEODETIC_DATUM_INVALID",
          "CONTINENT_DERIVED_FROM_COORDINATES",
          "AMBIGUOUS_INSTITUTION",
          "TAXON_ID_NOT_FOUND",
          "SCIENTIFIC_NAME_ID_NOT_FOUND"
        ],
        "fallback_media": {
          "url": "https://d2jcv3kl45hlgi.cloudfront.net/3cbfc9b66d986725079a7d37a8f83225.jpg",
          "references": "http://specimens.kew.org/Herbarium/K006231299",
          "title": null,
          "creator": null,
          "publisher": null,
          "license": "http://creativecommons.org/licenses/by/4.0/",
          "rightsHolder": "Royal Botanic Gardens, Kew"
        }
      }
    },
    {
      "type": "Feature",
      "geometry": {
        "type": "Point",
        "coordinates": [
          -94.711758,
          17.319961
        ]
      },
      "properties": {
        "gbifID": "2629747179",
        "species": "Prestonia portobellensis",
        "genus": "Prestonia",
        "family": "Apocynaceae",
        "scientificName": "Prestonia portobellensis (Beurl.) Woodson",
        "coordinateUncertaintyInMeters": "90.0",
        "basisOfRecord": "PRESERVED_SPECIMEN",
        "eventDate": "2005-04-15",
        "country": null,
        "datasetName": "Digitalización y sistematización de las colecciones biológicas del INECOL",
        "publisher": "Comisión nacional para el conocimiento y uso de la biodiversidad",
        "license": "CC_BY_4_0",
        "issues": [
          "OCCURRENCE_STATUS_INFERRED_FROM_INDIVIDUAL_COUNT",
          "COORDINATE_ROUNDED",
          "GEODETIC_DATUM_ASSUMED_WGS84",
          "GEODETIC_DATUM_INVALID",
          "CONTINENT_DERIVED_FROM_COORDINATES",
          "AMBIGUOUS_INSTITUTION",
          "TAXON_ID_NOT_FOUND",
          "SCIENTIFIC_NAME_ID_NOT_FOUND"
        ],
        "fallback_media": {
          "url": "https://d2jcv3kl45hlgi.cloudfront.net/3cbfc9b66d986725079a7d37a8f83225.jpg",
          "references": "http://specimens.kew.org/Herbarium/K006231299",
          "title": null,
          "creator": null,
          "publisher": null,
          "license": "http://creativecommons.org/licenses/by/4.0/",
          "rightsHolder": "Royal Botanic Gardens, Kew"
        }
      }
    },
    {
      "type": "Feature",
      "geometry": {
        "type": "Point",
        "coordinates": [
          -90.75,
          16.333333
        ]
      },
      "properties": {
        "gbifID": "2629444808",
        "species": "Prestonia portobellensis",
        "genus": "Prestonia",
        "family": "Apocynaceae",
        "scientificName": "Prestonia portobellensis (Beurl.) Woodson",
        "coordinateUncertaintyInMeters": "100.0",
        "basisOfRecord": "PRESERVED_SPECIMEN",
        "eventDate": "1986-04-18",
        "country": null,
        "datasetName": "Digitalización y sistematización de las colecciones biológicas del INECOL",
        "publisher": "Comisión nacional para el conocimiento y uso de la biodiversidad",
        "license": "CC_BY_4_0",
        "issues": [
          "OCCURRENCE_STATUS_INFERRED_FROM_INDIVIDUAL_COUNT",
          "COORDINATE_ROUNDED",
          "GEODETIC_DATUM_ASSUMED_WGS84",
          "GEODETIC_DATUM_INVALID",
          "CONTINENT_DERIVED_FROM_COORDINATES",
          "AMBIGUOUS_INSTITUTION",
          "TAXON_ID_NOT_FOUND",
          "SCIENTIFIC_NAME_ID_NOT_FOUND"
        ],
        "fallback_media": {
          "url": "https://d2jcv3kl45hlgi.cloudfront.net/3cbfc9b66d986725079a7d37a8f83225.jpg",
          "references": "http://specimens.kew.org/Herbarium/K006231299",
          "title": null,
          "creator": null,
          "publisher": null,
          "license": "http://creativecommons.org/licenses/by/4.0/",
          "rightsHolder": "Royal Botanic Gardens, Kew"
        }
      }
    },
    {
      "type": "Feature",
      "geometry": {
        "type": "Point",
        "coordinates": [
          -94.1,
          18.000833
        ]
      },
      "properties": {
        "gbifID": "2629621805",
        "species": "Prestonia portobellensis",
        "genus": "Prestonia",
        "family": "Apocynaceae",
        "scientificName": "Prestonia portobellensis (Beurl.) Woodson",
        "coordinateUncertaintyInMeters": "90.0",
        "basisOfRecord": "PRESERVED_SPECIMEN",
        "eventDate": "1980-05-18",
        "country": null,
        "datasetName": "Digitalización y sistematización de las colecciones biológicas del INECOL",
        "publisher": "Comisión nacional para el conocimiento y uso de la biodiversidad",
        "license": "CC_BY_4_0",
        "issues": [
          "OCCURRENCE_STATUS_INFERRED_FROM_INDIVIDUAL_COUNT",
          "COORDINATE_ROUNDED",
          "GEODETIC_DATUM_ASSUMED_WGS84",
          "GEODETIC_DATUM_INVALID",
          "CONTINENT_DERIVED_FROM_COORDINATES",
          "AMBIGUOUS_INSTITUTION",
          "TAXON_ID_NOT_FOUND",
          "SCIENTIFIC_NAME_ID_NOT_FOUND"
        ],
        "fallback_media": {
          "url": "https://d2jcv3kl45hlgi.cloudfront.net/3cbfc9b66d986725079a7d37a8f83225.jpg",
          "references": "http://specimens.kew.org/Herbarium/K006231299",
          "title": null,
          "creator": null,
          "publisher": null,
          "license": "http://creativecommons.org/licenses/by/4.0/",
          "rightsHolder": "Royal Botanic Gardens, Kew"
        }
      }
    },
    {
      "type": "Feature",
      "geometry": {
        "type": "Point",
        "coordinates": [
          -95.878889,
          18.747222
        ]
      },
      "properties": {
        "gbifID": "2629757619",
        "species": "Prestonia portobellensis",
        "genus": "Prestonia",
        "family": "Apocynaceae",
        "scientificName": "Prestonia portobellensis (Beurl.) Woodson",
        "coordinateUncertaintyInMeters": "90.0",
        "basisOfRecord": "PRESERVED_SPECIMEN",
        "eventDate": "2008-01-18",
        "country": null,
        "datasetName": "Digitalización y sistematización de las colecciones biológicas del INECOL",
        "publisher": "Comisión nacional para el conocimiento y uso de la biodiversidad",
        "license": "CC_BY_4_0",
        "issues": [
          "OCCURRENCE_STATUS_INFERRED_FROM_INDIVIDUAL_COUNT",
          "COORDINATE_ROUNDED",
          "GEODETIC_DATUM_ASSUMED_WGS84",
          "GEODETIC_DATUM_INVALID",
          "CONTINENT_DERIVED_FROM_COORDINATES",
          "AMBIGUOUS_INSTITUTION",
          "TAXON_ID_NOT_FOUND",
          "SCIENTIFIC_NAME_ID_NOT_FOUND"
        ],
        "fallback_media": {
          "url": "https://d2jcv3kl45hlgi.cloudfront.net/3cbfc9b66d986725079a7d37a8f83225.jpg",
          "references": "http://specimens.kew.org/Herbarium/K006231299",
          "title": null,
          "creator": null,
          "publisher": null,
          "license": "http://creativecommons.org/licenses/by/4.0/",
          "rightsHolder": "Royal Botanic Gardens, Kew"
        }
      }
    },
    {
      "type": "Feature",
      "geometry": {
        "type": "Point",
        "coordinates": [
          -95.07,
          18.585
        ]
      },
      "properties": {
        "gbifID": "2629442825",
        "species": "Prestonia portobellensis",
        "genus": "Prestonia",
        "family": "Apocynaceae",
        "scientificName": "Prestonia portobellensis (Beurl.) Woodson",
        "coordinateUncertaintyInMeters": "90.0",
        "basisOfRecord": "PRESERVED_SPECIMEN",
        "eventDate": "1984-06-29",
        "country": null,
        "datasetName": "Digitalización y sistematización de las colecciones biológicas del INECOL",
        "publisher": "Comisión nacional para el conocimiento y uso de la biodiversidad",
        "license": "CC_BY_4_0",
        "issues": [
          "OCCURRENCE_STATUS_INFERRED_FROM_INDIVIDUAL_COUNT",
          "GEODETIC_DATUM_ASSUMED_WGS84",
          "GEODETIC_DATUM_INVALID",
          "CONTINENT_DERIVED_FROM_COORDINATES",
          "AMBIGUOUS_INSTITUTION",
          "TAXON_ID_NOT_FOUND",
          "SCIENTIFIC_NAME_ID_NOT_FOUND"
        ],
        "fallback_media": {
          "url": "https://d2jcv3kl45hlgi.cloudfront.net/3cbfc9b66d986725079a7d37a8f83225.jpg",
          "references": "http://specimens.kew.org/Herbarium/K006231299",
          "title": null,
          "creator": null,
          "publisher": null,
          "license": "http://creativecommons.org/licenses/by/4.0/",
          "rightsHolder": "Royal Botanic Gardens, Kew"
        }
      }
    },
    {
      "type": "Feature",
      "geometry": {
        "type": "Point",
        "coordinates": [
          -95.083333,
          18.583333
        ]
      },
      "properties": {
        "gbifID": "2629624830",
        "species": "Prestonia portobellensis",
        "genus": "Prestonia",
        "family": "Apocynaceae",
        "scientificName": "Prestonia portobellensis (Beurl.) Woodson",
        "coordinateUncertaintyInMeters": "90.0",
        "basisOfRecord": "PRESERVED_SPECIMEN",
        "eventDate": "1970-05-12",
        "country": null,
        "datasetName": "Digitalización y sistematización de las colecciones biológicas del INECOL",
        "publisher": "Comisión nacional para el conocimiento y uso de la biodiversidad",
        "license": "CC_BY_4_0",
        "issues": [
          "OCCURRENCE_STATUS_INFERRED_FROM_INDIVIDUAL_COUNT",
          "COORDINATE_ROUNDED",
          "GEODETIC_DATUM_ASSUMED_WGS84",
          "GEODETIC_DATUM_INVALID",
          "CONTINENT_DERIVED_FROM_COORDINATES",
          "AMBIGUOUS_INSTITUTION",
          "TAXON_ID_NOT_FOUND",
          "SCIENTIFIC_NAME_ID_NOT_FOUND"
        ],
        "fallback_media": {
          "url": "https://d2jcv3kl45hlgi.cloudfront.net/3cbfc9b66d986725079a7d37a8f83225.jpg",
          "references": "http://specimens.kew.org/Herbarium/K006231299",
          "title": null,
          "creator": null,
          "publisher": null,
          "license": "http://creativecommons.org/licenses/by/4.0/",
          "rightsHolder": "Royal Botanic Gardens, Kew"
        }
      }
    },
    {
      "type": "Feature",
      "geometry": {
        "type": "Point",
        "coordinates": [
          -95.066947,
          18.586269
        ]
      },
      "properties": {
        "gbifID": "1895392452",
        "species": "Prestonia portobellensis",
        "genus": "Prestonia",
        "family": "Apocynaceae",
        "scientificName": "Prestonia portobellensis (Beurl.) Woodson",
        "coordinateUncertaintyInMeters": "90.0",
        "basisOfRecord": "PRESERVED_SPECIMEN",
        "eventDate": "1979-03-29",
        "country": null,
        "datasetName": "Catálogo electrónico de especímenes depositados en el Herbario de la Universidad de Texas en Austin, Fase IV",
        "publisher": "Comisión nacional para el conocimiento y uso de la biodiversidad",
        "license": "CC_BY_4_0",
        "issues": [
          "OCCURRENCE_STATUS_INFERRED_FROM_INDIVIDUAL_COUNT",
          "COORDINATE_ROUNDED",
          "SCIENTIFIC_NAME_ID_NOT_FOUND",
          "TAXON_ID_NOT_FOUND"
        ],
        "fallback_media": {
          "url": "https://d2jcv3kl45hlgi.cloudfront.net/3cbfc9b66d986725079a7d37a8f83225.jpg",
          "references": "http://specimens.kew.org/Herbarium/K006231299",
          "title": null,
          "creator": null,
          "publisher": null,
          "license": "http://creativecommons.org/licenses/by/4.0/",
          "rightsHolder": "Royal Botanic Gardens, Kew"
        }
      }
    },
    {
      "type": "Feature",
      "geometry": {
        "type": "Point",
        "coordinates": [
          -94.683333,
          16.916667
        ]
      },
      "properties": {
        "gbifID": "1895392458",
        "species": "Prestonia portobellensis",
        "genus": "Prestonia",
        "family": "Apocynaceae",
        "scientificName": "Prestonia portobellensis (Beurl.) Woodson",
        "coordinateUncertaintyInMeters": "100.0",
        "basisOfRecord": "PRESERVED_SPECIMEN",
        "eventDate": "1984-07-08",
        "country": null,
        "datasetName": "Catálogo electrónico de especímenes depositados en el Herbario de la Universidad de Texas en Austin, Fase IV",
        "publisher": "Comisión nacional para el conocimiento y uso de la biodiversidad",
        "license": "CC_BY_4_0",
        "issues": [
          "OCCURRENCE_STATUS_INFERRED_FROM_INDIVIDUAL_COUNT",
          "RECORDED_DATE_INVALID",
          "COORDINATE_ROUNDED",
          "SCIENTIFIC_NAME_ID_NOT_FOUND",
          "TAXON_ID_NOT_FOUND"
        ],
        "fallback_media": {
          "url": "https://d2jcv3kl45hlgi.cloudfront.net/3cbfc9b66d986725079a7d37a8f83225.jpg",
          "references": "http://specimens.kew.org/Herbarium/K006231299",
          "title": null,
          "creator": null,
          "publisher": null,
          "license": "http://creativecommons.org/licenses/by/4.0/",
          "rightsHolder": "Royal Botanic Gardens, Kew"
        }
      }
    },
    {
      "type": "Feature",
      "geometry": {
        "type": "Point",
        "coordinates": [
          -80.14166,
          8.59166
        ]
      },
      "properties": {
        "gbifID": "1259252059",
        "species": "Prestonia portobellensis",
        "genus": "Prestonia",
        "family": "Apocynaceae",
        "scientificName": "Prestonia portobellensis (Beurl.) Woodson",
        "coordinateUncertaintyInMeters": "",
        "basisOfRecord": "PRESERVED_SPECIMEN",
        "eventDate": "1935-02-01",
        "country": null,
        "datasetName": "Tropicos",
        "publisher": "Missouri Botanical Garden",
        "license": "CC_BY_4_0",
        "issues": [
          "GEODETIC_DATUM_ASSUMED_WGS84",
          "INSTITUTION_MATCH_FUZZY",
          "COLLECTION_MATCH_NONE",
          "TAXON_ID_NOT_FOUND"
        ],
        "media": [
          {
            "url": "https://images.mobot.org/tropicosimages5/detailimages/TropicosImagesVol5/101439000/D5BF6DEF-7DA3-4A6E-A6A8-F13AFC7BB6A3.jpg",
            "references": "https://www.tropicos.org/ImageFullView.aspx?imageid=101439387",
            "title": "Hunter - 372 - Panama",
            "creator": "MBG",
            "publisher": null,
            "license": "http://creativecommons.org/licenses/by-nc-sa/3.0/",
            "rightsHolder": "MBG"
          }
        ]
      }
    },
    {
      "type": "Feature",
      "geometry": {
        "type": "Point",
        "coordinates": [
          -66.816667,
          10.433333
        ]
      },
      "properties": {
        "gbifID": "1260891572",
        "species": "Prestonia portobellensis",
        "genus": "Prestonia",
        "family": "Apocynaceae",
        "scientificName": "Prestonia portobellensis (Beurl.) Woodson",
        "coordinateUncertaintyInMeters": "",
        "basisOfRecord": "PRESERVED_SPECIMEN",
        "eventDate": "1975-08-10",
        "country": null,
        "datasetName": "Tropicos",
        "publisher": "Missouri Botanical Garden",
        "license": "CC_BY_4_0",
        "issues": [
          "OCCURRENCE_STATUS_INFERRED_FROM_INDIVIDUAL_COUNT",
          "COORDINATE_ROUNDED",
          "GEODETIC_DATUM_ASSUMED_WGS84",
          "INSTITUTION_MATCH_FUZZY",
          "COLLECTION_MATCH_NONE",
          "TAXON_ID_NOT_FOUND"
        ],
        "media": [
          {
            "url": "https://images.mobot.org/tropicosimages5/detailimages/TropicosImagesVol5/101456000/8B91A5C1-6070-4202-B3E1-1D3926A5B1CB.jpg",
            "references": "https://www.tropicos.org/ImageFullView.aspx?imageid=101456532",
            "title": "Steyermark - 111898 - Venezuela",
            "creator": "MBG",
            "publisher": null,
            "license": "http://creativecommons.org/licenses/by-nc-sa/3.0/",
            "rightsHolder": "MBG"
          }
        ]
      }
    },
    {
      "type": "Feature",
      "geometry": {
        "type": "Point",
        "coordinates": [
          -84.26,
          9.74
        ]
      },
      "properties": {
        "gbifID": "1258582195",
        "species": "Prestonia portobellensis",
        "genus": "Prestonia",
        "family": "Apocynaceae",
        "scientificName": "Prestonia portobellensis (Beurl.) Woodson",
        "coordinateUncertaintyInMeters": "",
        "basisOfRecord": "PRESERVED_SPECIMEN",
        "eventDate": "1996-07-28",
        "country": null,
        "datasetName": "Tropicos",
        "publisher": "Missouri Botanical Garden",
        "license": "CC_BY_4_0",
        "issues": [
          "GEODETIC_DATUM_ASSUMED_WGS84",
          "INSTITUTION_MATCH_FUZZY",
          "COLLECTION_MATCH_NONE",
          "TAXON_ID_NOT_FOUND"
        ],
        "media": [
          {
            "url": "https://images.mobot.org/tropicosimages5/detailimages/TropicosImagesVol5/101439000/7BFFA7E4-DB46-49BA-BAA4-C7C3A60FD462.jpg",
            "references": "https://www.tropicos.org/ImageFullView.aspx?imageid=101439360",
            "title": "Morales Quirós - 5555 - Costa Rica",
            "creator": "MBG",
            "publisher": null,
            "license": "http://creativecommons.org/licenses/by-nc-sa/3.0/",
            "rightsHolder": "MBG"
          }
        ]
      }
    },
    {
      "type": "Feature",
      "geometry": {
        "type": "Point",
        "coordinates": [
          -79.308333,
          9.236111
        ]
      },
      "properties": {
        "gbifID": "1258675189",
        "species": "Prestonia portobellensis",
        "genus": "Prestonia",
        "family": "Apocynaceae",
        "scientificName": "Prestonia portobellensis (Beurl.) Woodson",
        "coordinateUncertaintyInMeters": "",
        "basisOfRecord": "PRESERVED_SPECIMEN",
        "eventDate": "1967-06-09",
        "country": null,
        "datasetName": "Tropicos",
        "publisher": "Missouri Botanical Garden",
        "license": "CC_BY_4_0",
        "issues": [
          "OCCURRENCE_STATUS_INFERRED_FROM_INDIVIDUAL_COUNT",
          "COORDINATE_ROUNDED",
          "GEODETIC_DATUM_ASSUMED_WGS84",
          "INSTITUTION_MATCH_FUZZY",
          "COLLECTION_MATCH_NONE",
          "TAXON_ID_NOT_FOUND"
        ],
        "media": [
          {
            "url": "https://images.mobot.org/tropicosimages5/detailimages/TropicosImagesVol5/101439000/88982C54-99D2-4636-A3C3-E1B72E4FDD4E.jpg",
            "references": "https://www.tropicos.org/ImageFullView.aspx?imageid=101439527",
            "title": "Duke - 11988 - Panama",
            "creator": "MBG",
            "publisher": null,
            "license": "http://creativecommons.org/licenses/by-nc-sa/3.0/",
            "rightsHolder": "MBG"
          }
        ]
      }
    },
    {
      "type": "Feature",
      "geometry": {
        "type": "Point",
        "coordinates": [
          -81.768056,
          8.396389
        ]
      },
      "properties": {
        "gbifID": "1259255096",
        "species": "Prestonia portobellensis",
        "genus": "Prestonia",
        "family": "Apocynaceae",
        "scientificName": "Prestonia portobellensis (Beurl.) Woodson",
        "coordinateUncertaintyInMeters": "",
        "basisOfRecord": "PRESERVED_SPECIMEN",
        "eventDate": "1974-03-18",
        "country": null,
        "datasetName": "Tropicos",
        "publisher": "Missouri Botanical Garden",
        "license": "CC_BY_4_0",
        "issues": [
          "OCCURRENCE_STATUS_INFERRED_FROM_INDIVIDUAL_COUNT",
          "COORDINATE_ROUNDED",
          "GEODETIC_DATUM_ASSUMED_WGS84",
          "INSTITUTION_MATCH_FUZZY",
          "COLLECTION_MATCH_NONE",
          "TAXON_ID_NOT_FOUND"
        ],
        "media": [
          {
            "url": "https://images.mobot.org/tropicosimages5/detailimages/TropicosImagesVol5/101439000/EECB96A5-10E8-48BD-B934-3A509AE93880.jpg",
            "references": "https://www.tropicos.org/ImageFullView.aspx?imageid=101439393",
            "title": "Nee - 10706 - Panama",
            "creator": "MBG",
            "publisher": null,
            "license": "http://creativecommons.org/licenses/by-nc-sa/3.0/",
            "rightsHolder": "MBG"
          }
        ]
      }
    },
    {
      "type": "Feature",
      "geometry": {
        "type": "Point",
        "coordinates": [
          -84.23333,
          13.53333
        ]
      },
      "properties": {
        "gbifID": "1258659539",
        "species": "Prestonia portobellensis",
        "genus": "Prestonia",
        "family": "Apocynaceae",
        "scientificName": "Prestonia portobellensis (Beurl.) Woodson",
        "coordinateUncertaintyInMeters": "",
        "basisOfRecord": "PRESERVED_SPECIMEN",
        "eventDate": "1981-03-07",
        "country": null,
        "datasetName": "Tropicos",
        "publisher": "Missouri Botanical Garden",
        "license": "CC_BY_4_0",
        "issues": [
          "GEODETIC_DATUM_ASSUMED_WGS84",
          "INSTITUTION_MATCH_FUZZY",
          "COLLECTION_MATCH_NONE",
          "TAXON_ID_NOT_FOUND"
        ],
        "media": [
          {
            "url": "https://images.mobot.org/tropicosimages5/detailimages/TropicosImagesVol5/101439000/C563F30F-6E3C-44A4-9478-41956902582D.jpg",
            "references": "https://www.tropicos.org/ImageFullView.aspx?imageid=101439495",
            "title": "Stevens - 19447 - Nicaragua",
            "creator": "MBG",
            "publisher": null,
            "license": "http://creativecommons.org/licenses/by-nc-sa/3.0/",
            "rightsHolder": "MBG"
          }
        ]
      }
    },
    {
      "type": "Feature",
      "geometry": {
        "type": "Point",
        "coordinates": [
          -79.84444,
          9.17083
        ]
      },
      "properties": {
        "gbifID": "1259256069",
        "species": "Prestonia portobellensis",
        "genus": "Prestonia",
        "family": "Apocynaceae",
        "scientificName": "Prestonia portobellensis (Beurl.) Woodson",
        "coordinateUncertaintyInMeters": "",
        "basisOfRecord": "PRESERVED_SPECIMEN",
        "eventDate": "1968-04-25",
        "country": null,
        "datasetName": "Tropicos",
        "publisher": "Missouri Botanical Garden",
        "license": "CC_BY_4_0",
        "issues": [
          "GEODETIC_DATUM_ASSUMED_WGS84",
          "ELEVATION_NON_NUMERIC",
          "INSTITUTION_MATCH_FUZZY",
          "COLLECTION_MATCH_NONE",
          "TAXON_ID_NOT_FOUND"
        ],
        "media": [
          {
            "url": "https://images.mobot.org/tropicosimages5/detailimages/TropicosImagesVol5/101439000/18CC4622-5786-42D7-B7F7-968723389FCD.jpg",
            "references": "https://www.tropicos.org/ImageFullView.aspx?imageid=101439472",
            "title": "Croat - 5084 - Panama",
            "creator": "MBG",
            "publisher": null,
            "license": "http://creativecommons.org/licenses/by-nc-sa/3.0/",
            "rightsHolder": "MBG"
          }
        ]
      }
    },
    {
      "type": "Feature",
      "geometry": {
        "type": "Point",
        "coordinates": [
          -93.170139,
          17.023167
        ]
      },
      "properties": {
        "gbifID": "1257682075",
        "species": "Prestonia portobellensis",
        "genus": "Prestonia",
        "family": "Apocynaceae",
        "scientificName": "Prestonia portobellensis (Beurl.) Woodson",
        "coordinateUncertaintyInMeters": "",
        "basisOfRecord": "PRESERVED_SPECIMEN",
        "eventDate": "2009-10-22",
        "country": null,
        "datasetName": "Tropicos",
        "publisher": "Missouri Botanical Garden",
        "license": "CC_BY_4_0",
        "issues": [
          "OCCURRENCE_STATUS_INFERRED_FROM_INDIVIDUAL_COUNT",
          "COORDINATE_ROUNDED",
          "GEODETIC_DATUM_ASSUMED_WGS84",
          "INSTITUTION_MATCH_FUZZY",
          "COLLECTION_MATCH_NONE",
          "TAXON_ID_NOT_FOUND"
        ],
        "media": [
          {
            "url": "https://images.mobot.org/tropicosimages5/detailimages/TropicosImagesVol5/101439000/48C4F8A6-22C3-4BC1-AF7F-4FBE04FCE2E1.jpg",
            "references": "https://www.tropicos.org/ImageFullView.aspx?imageid=101439341",
            "title": "Martínez Meléndez - 389 - Mexico",
            "creator": "MBG",
            "publisher": null,
            "license": "http://creativecommons.org/licenses/by-nc-sa/3.0/",
            "rightsHolder": "MBG"
          }
        ]
      }
    },
    {
      "type": "Feature",
      "geometry": {
        "type": "Point",
        "coordinates": [
          -82.38333,
          9.245
        ]
      },
      "properties": {
        "gbifID": "1259251929",
        "species": "Prestonia portobellensis",
        "genus": "Prestonia",
        "family": "Apocynaceae",
        "scientificName": "Prestonia portobellensis (Beurl.) Woodson",
        "coordinateUncertaintyInMeters": "",
        "basisOfRecord": "PRESERVED_SPECIMEN",
        "eventDate": "1940-09-16",
        "country": null,
        "datasetName": "Tropicos",
        "publisher": "Missouri Botanical Garden",
        "license": "CC_BY_4_0",
        "issues": [
          "GEODETIC_DATUM_ASSUMED_WGS84",
          "ELEVATION_NON_NUMERIC",
          "INSTITUTION_MATCH_FUZZY",
          "COLLECTION_MATCH_NONE",
          "TAXON_ID_NOT_FOUND"
        ],
        "media": [
          {
            "url": "https://images.mobot.org/tropicosimages5/detailimages/TropicosImagesVol5/101439000/30775C8A-0E3D-4C6C-BCAC-5FD3F73BF0A0.jpg",
            "references": "https://www.tropicos.org/ImageFullView.aspx?imageid=101439425",
            "title": "von Wedel - 799 - Panama",
            "creator": "MBG",
            "publisher": null,
            "license": "http://creativecommons.org/licenses/by-nc-sa/3.0/",
            "rightsHolder": "MBG"
          }
        ]
      }
    },
    {
      "type": "Feature",
      "geometry": {
        "type": "Point",
        "coordinates": [
          -85.320833,
          14.230278
        ]
      },
      "properties": {
        "gbifID": "4031667281",
        "species": "Prestonia portobellensis",
        "genus": "Prestonia",
        "family": "Apocynaceae",
        "scientificName": "Prestonia portobellensis (Beurl.) Woodson",
        "coordinateUncertaintyInMeters": "",
        "basisOfRecord": "PRESERVED_SPECIMEN",
        "eventDate": "2008-03-03",
        "country": null,
        "datasetName": "Tropicos",
        "publisher": "Missouri Botanical Garden",
        "license": "CC_BY_4_0",
        "issues": [
          "OCCURRENCE_STATUS_INFERRED_FROM_INDIVIDUAL_COUNT",
          "COORDINATE_ROUNDED",
          "GEODETIC_DATUM_ASSUMED_WGS84",
          "INSTITUTION_MATCH_FUZZY",
          "COLLECTION_MATCH_NONE",
          "TAXON_ID_NOT_FOUND"
        ],
        "media": [
          {
            "url": "https://images.mobot.org/tropicosimages5/detailimages/TropicosImagesVol5/101458000/96BBDAA6-A5E2-4AAB-B9AF-AAB025F4DA8D.jpg",
            "references": "https://www.tropicos.org/ImageFullView.aspx?imageid=101458269",
            "title": "Herrera P. - 261 - Nicaragua",
            "creator": "MBG",
            "publisher": null,
            "license": "http://creativecommons.org/licenses/by-nc-sa/3.0/",
            "rightsHolder": "MBG"
          }
        ]
      }
    },
    {
      "type": "Feature",
      "geometry": {
        "type": "Point",
        "coordinates": [
          -74.65,
          5.88333
        ]
      },
      "properties": {
        "gbifID": "4031794875",
        "species": "Prestonia portobellensis",
        "genus": "Prestonia",
        "family": "Apocynaceae",
        "scientificName": "Prestonia portobellensis (Beurl.) Woodson",
        "coordinateUncertaintyInMeters": "",
        "basisOfRecord": "PRESERVED_SPECIMEN",
        "eventDate": "1984-04-30",
        "country": null,
        "datasetName": "Tropicos",
        "publisher": "Missouri Botanical Garden",
        "license": "CC_BY_4_0",
        "issues": [
          "OCCURRENCE_STATUS_INFERRED_FROM_INDIVIDUAL_COUNT",
          "GEODETIC_DATUM_ASSUMED_WGS84",
          "INSTITUTION_MATCH_FUZZY",
          "COLLECTION_MATCH_NONE",
          "TAXON_ID_NOT_FOUND"
        ],
        "media": [
          {
            "url": "https://images.mobot.org/tropicosimages5/detailimages/TropicosImagesVol5/101456000/AB8BD4ED-7F16-4BB3-972A-61A66D575D0C.jpg",
            "references": "https://www.tropicos.org/ImageFullView.aspx?imageid=101456522",
            "title": "Cogollo Pacheco - 1537 - Colombia",
            "creator": "MBG",
            "publisher": null,
            "license": "http://creativecommons.org/licenses/by-nc-sa/3.0/",
            "rightsHolder": "MBG"
          }
        ]
      }
    },
    {
      "type": "Feature",
      "geometry": {
        "type": "Point",
        "coordinates": [
          -83.94,
          10.15
        ]
      },
      "properties": {
        "gbifID": "1260422482",
        "species": "Prestonia portobellensis",
        "genus": "Prestonia",
        "family": "Apocynaceae",
        "scientificName": "Prestonia portobellensis (Beurl.) Woodson",
        "coordinateUncertaintyInMeters": "",
        "basisOfRecord": "PRESERVED_SPECIMEN",
        "eventDate": "1984-05",
        "country": null,
        "datasetName": "Tropicos",
        "publisher": "Missouri Botanical Garden",
        "license": "CC_BY_4_0",
        "issues": [
          "OCCURRENCE_STATUS_INFERRED_FROM_INDIVIDUAL_COUNT",
          "GEODETIC_DATUM_ASSUMED_WGS84",
          "INSTITUTION_MATCH_FUZZY",
          "COLLECTION_MATCH_NONE",
          "TAXON_ID_NOT_FOUND"
        ],
        "media": [
          {
            "url": "https://images.mobot.org/tropicosimages5/detailimages/TropicosImagesVol5/101439000/05291561-3D22-400B-B8B7-54342F9BF93E.jpg",
            "references": "https://www.tropicos.org/ImageFullView.aspx?imageid=101439334",
            "title": "Gómez Pignataro - 22782 - Costa Rica",
            "creator": "MBG",
            "publisher": null,
            "license": "http://creativecommons.org/licenses/by-nc-sa/3.0/",
            "rightsHolder": "MBG"
          },
          {
            "url": "https://images.mobot.org/tropicosimages5/detailimages/TropicosImagesVol5/101439000/32A68A63-51C8-459A-8855-BA27E9D7638F.jpg",
            "references": "https://www.tropicos.org/ImageFullView.aspx?imageid=101439333",
            "title": "Gómez Pignataro - 22782 - Costa Rica",
            "creator": "MBG",
            "publisher": null,
            "license": "http://creativecommons.org/licenses/by-nc-sa/3.0/",
            "rightsHolder": "MBG"
          }
        ]
      }
    },
    {
      "type": "Feature",
      "geometry": {
        "type": "Point",
        "coordinates": [
          -80.6725,
          7.36194
        ]
      },
      "properties": {
        "gbifID": "1259254431",
        "species": "Prestonia portobellensis",
        "genus": "Prestonia",
        "family": "Apocynaceae",
        "scientificName": "Prestonia portobellensis (Beurl.) Woodson",
        "coordinateUncertaintyInMeters": "",
        "basisOfRecord": "PRESERVED_SPECIMEN",
        "eventDate": "1978-10-27",
        "country": null,
        "datasetName": "Tropicos",
        "publisher": "Missouri Botanical Garden",
        "license": "CC_BY_4_0",
        "issues": [
          "GEODETIC_DATUM_ASSUMED_WGS84",
          "INSTITUTION_MATCH_FUZZY",
          "COLLECTION_MATCH_NONE",
          "TAXON_ID_NOT_FOUND"
        ],
        "media": [
          {
            "url": "https://images.mobot.org/tropicosimages5/detailimages/TropicosImagesVol5/101439000/01235E8A-F66A-4034-84C1-9DFB144013A0.jpg",
            "references": "https://www.tropicos.org/ImageFullView.aspx?imageid=101439476",
            "title": "Hammel - 5433 - Panama",
            "creator": "MBG",
            "publisher": null,
            "license": "http://creativecommons.org/licenses/by-nc-sa/3.0/",
            "rightsHolder": "MBG"
          }
        ]
      }
    },
    {
      "type": "Feature",
      "geometry": {
        "type": "Point",
        "coordinates": [
          -79.375,
          9.233889
        ]
      },
      "properties": {
        "gbifID": "1259255105",
        "species": "Prestonia portobellensis",
        "genus": "Prestonia",
        "family": "Apocynaceae",
        "scientificName": "Prestonia portobellensis (Beurl.) Woodson",
        "coordinateUncertaintyInMeters": "",
        "basisOfRecord": "PRESERVED_SPECIMEN",
        "eventDate": "1968-01-17",
        "country": null,
        "datasetName": "Tropicos",
        "publisher": "Missouri Botanical Garden",
        "license": "CC_BY_4_0",
        "issues": [
          "OCCURRENCE_STATUS_INFERRED_FROM_INDIVIDUAL_COUNT",
          "COORDINATE_ROUNDED",
          "GEODETIC_DATUM_ASSUMED_WGS84",
          "INSTITUTION_MATCH_FUZZY",
          "COLLECTION_MATCH_NONE",
          "TAXON_ID_NOT_FOUND"
        ],
        "media": [
          {
            "url": "https://images.mobot.org/tropicosimages5/detailimages/TropicosImagesVol5/101439000/F86620C0-0E60-468B-A271-D8275955166E.jpg",
            "references": "https://www.tropicos.org/ImageFullView.aspx?imageid=101439444",
            "title": "Dwyer - 8198 - Panama",
            "creator": "MBG",
            "publisher": null,
            "license": "http://creativecommons.org/licenses/by-nc-sa/3.0/",
            "rightsHolder": "MBG"
          }
        ]
      }
    },
    {
      "type": "Feature",
      "geometry": {
        "type": "Point",
        "coordinates": [
          -84.448611,
          9.785833
        ]
      },
      "properties": {
        "gbifID": "1257851740",
        "species": "Prestonia portobellensis",
        "genus": "Prestonia",
        "family": "Apocynaceae",
        "scientificName": "Prestonia portobellensis (Beurl.) Woodson",
        "coordinateUncertaintyInMeters": "",
        "basisOfRecord": "PRESERVED_SPECIMEN",
        "eventDate": "2004-12-09",
        "country": null,
        "datasetName": "Tropicos",
        "publisher": "Missouri Botanical Garden",
        "license": "CC_BY_4_0",
        "issues": [
          "OCCURRENCE_STATUS_INFERRED_FROM_INDIVIDUAL_COUNT",
          "COORDINATE_ROUNDED",
          "GEODETIC_DATUM_ASSUMED_WGS84",
          "INSTITUTION_MATCH_FUZZY",
          "COLLECTION_MATCH_NONE",
          "TAXON_ID_NOT_FOUND"
        ],
        "media": [
          {
            "url": "https://images.mobot.org/tropicosimages5/detailimages/TropicosImagesVol5/101439000/5C94CD66-CF4F-4248-942B-E1C2572817BA.jpg",
            "references": "https://www.tropicos.org/ImageFullView.aspx?imageid=101439362",
            "title": "Santamaría-Aguilar - 371 - Costa Rica",
            "creator": "MBG",
            "publisher": null,
            "license": "http://creativecommons.org/licenses/by-nc-sa/3.0/",
            "rightsHolder": "MBG"
          }
        ]
      }
    },
    {
      "type": "Feature",
      "geometry": {
        "type": "Point",
        "coordinates": [
          -79.915,
          8.68916
        ]
      },
      "properties": {
        "gbifID": "1259252767",
        "species": "Prestonia portobellensis",
        "genus": "Prestonia",
        "family": "Apocynaceae",
        "scientificName": "Prestonia portobellensis (Beurl.) Woodson",
        "coordinateUncertaintyInMeters": "",
        "basisOfRecord": "PRESERVED_SPECIMEN",
        "eventDate": "1971-04-19",
        "country": null,
        "datasetName": "Tropicos",
        "publisher": "Missouri Botanical Garden",
        "license": "CC_BY_4_0",
        "issues": [
          "GEODETIC_DATUM_ASSUMED_WGS84",
          "INSTITUTION_MATCH_FUZZY",
          "COLLECTION_MATCH_NONE",
          "TAXON_ID_NOT_FOUND"
        ],
        "media": [
          {
            "url": "https://images.mobot.org/tropicosimages5/detailimages/TropicosImagesVol5/101439000/BB75C34F-6044-4B24-9D08-DE5AF656AC6A.jpg",
            "references": "https://www.tropicos.org/ImageFullView.aspx?imageid=101439388",
            "title": "Dressler - 3961 - Panama",
            "creator": "MBG",
            "publisher": null,
            "license": "http://creativecommons.org/licenses/by-nc-sa/3.0/",
            "rightsHolder": "MBG"
          }
        ]
      }
    },
    {
      "type": "Feature",
      "geometry": {
        "type": "Point",
        "coordinates": [
          -90.815556,
          14.3875
        ]
      },
      "properties": {
        "gbifID": "1259252546",
        "species": "Prestonia portobellensis",
        "genus": "Prestonia",
        "family": "Apocynaceae",
        "scientificName": "Prestonia portobellensis (Beurl.) Woodson",
        "coordinateUncertaintyInMeters": "",
        "basisOfRecord": "PRESERVED_SPECIMEN",
        "eventDate": "1941-03-14",
        "country": null,
        "datasetName": "Tropicos",
        "publisher": "Missouri Botanical Garden",
        "license": "CC_BY_4_0",
        "issues": [
          "OCCURRENCE_STATUS_INFERRED_FROM_INDIVIDUAL_COUNT",
          "COORDINATE_ROUNDED",
          "GEODETIC_DATUM_ASSUMED_WGS84",
          "INSTITUTION_MATCH_FUZZY",
          "COLLECTION_MATCH_NONE",
          "TAXON_ID_NOT_FOUND"
        ],
        "media": [
          {
            "url": "https://images.mobot.org/tropicosimages5/detailimages/TropicosImagesVol5/101439000/12458D16-4004-4760-A30A-4424F12344F4.jpg",
            "references": "https://www.tropicos.org/ImageFullView.aspx?imageid=101439402",
            "title": "Standley - 89279 - Guatemala",
            "creator": "MBG",
            "publisher": null,
            "license": "http://creativecommons.org/licenses/by-nc-sa/3.0/",
            "rightsHolder": "MBG"
          }
        ]
      }
    },
    {
      "type": "Feature",
      "geometry": {
        "type": "Point",
        "coordinates": [
          -83.616667,
          10.85
        ]
      },
      "properties": {
        "gbifID": "1261124795",
        "species": "Prestonia portobellensis",
        "genus": "Prestonia",
        "family": "Apocynaceae",
        "scientificName": "Prestonia portobellensis (Beurl.) Woodson",
        "coordinateUncertaintyInMeters": "",
        "basisOfRecord": "PRESERVED_SPECIMEN",
        "eventDate": "1987-03-18",
        "country": null,
        "datasetName": "Tropicos",
        "publisher": "Missouri Botanical Garden",
        "license": "CC_BY_4_0",
        "issues": [
          "OCCURRENCE_STATUS_INFERRED_FROM_INDIVIDUAL_COUNT",
          "COORDINATE_ROUNDED",
          "GEODETIC_DATUM_ASSUMED_WGS84",
          "ELEVATION_NON_NUMERIC",
          "INSTITUTION_MATCH_FUZZY",
          "COLLECTION_MATCH_NONE",
          "TAXON_ID_NOT_FOUND"
        ],
        "media": [
          {
            "url": "https://images.mobot.org/tropicosimages5/detailimages/TropicosImagesVol5/101439000/B8FEF481-21B7-444F-919F-AC62994CAA99.jpg",
            "references": "https://www.tropicos.org/ImageFullView.aspx?imageid=101439359",
            "title": "Stevens - 25000 - Costa Rica",
            "creator": "MBG",
            "publisher": null,
            "license": "http://creativecommons.org/licenses/by-nc-sa/3.0/",
            "rightsHolder": "MBG"
          }
        ]
      }
    },
    {
      "type": "Feature",
      "geometry": {
        "type": "Point",
        "coordinates": [
          -91.433611,
          17.434167
        ]
      },
      "properties": {
        "gbifID": "4031536572",
        "species": "Prestonia portobellensis",
        "genus": "Prestonia",
        "family": "Apocynaceae",
        "scientificName": "Prestonia portobellensis (Beurl.) Woodson",
        "coordinateUncertaintyInMeters": "",
        "basisOfRecord": "PRESERVED_SPECIMEN",
        "eventDate": "1939-06-14",
        "country": null,
        "datasetName": "Tropicos",
        "publisher": "Missouri Botanical Garden",
        "license": "CC_BY_4_0",
        "issues": [
          "OCCURRENCE_STATUS_INFERRED_FROM_INDIVIDUAL_COUNT",
          "COORDINATE_ROUNDED",
          "GEODETIC_DATUM_ASSUMED_WGS84",
          "INSTITUTION_MATCH_FUZZY",
          "COLLECTION_MATCH_NONE",
          "TAXON_ID_NOT_FOUND"
        ],
        "media": [
          {
            "url": "https://images.mobot.org/tropicosimages5/detailimages/TropicosImagesVol5/101439000/BF296591-C8D8-461F-8427-749C860284B1.jpg",
            "references": "https://www.tropicos.org/ImageFullView.aspx?imageid=101439378",
            "title": "Matuda - 3405 - Mexico",
            "creator": "MBG",
            "publisher": null,
            "license": "http://creativecommons.org/licenses/by-nc-sa/3.0/",
            "rightsHolder": "MBG"
          }
        ]
      }
    },
    {
      "type": "Feature",
      "geometry": {
        "type": "Point",
        "coordinates": [
          -83.70555,
          11.59722
        ]
      },
      "properties": {
        "gbifID": "1261123646",
        "species": "Prestonia portobellensis",
        "genus": "Prestonia",
        "family": "Apocynaceae",
        "scientificName": "Prestonia portobellensis (Beurl.) Woodson",
        "coordinateUncertaintyInMeters": "",
        "basisOfRecord": "PRESERVED_SPECIMEN",
        "eventDate": "1981-10-25",
        "country": null,
        "datasetName": "Tropicos",
        "publisher": "Missouri Botanical Garden",
        "license": "CC_BY_4_0",
        "issues": [
          "OCCURRENCE_STATUS_INFERRED_FROM_INDIVIDUAL_COUNT",
          "GEODETIC_DATUM_ASSUMED_WGS84",
          "INSTITUTION_MATCH_FUZZY",
          "COLLECTION_MATCH_NONE",
          "TAXON_ID_NOT_FOUND"
        ],
        "media": [
          {
            "url": "https://images.mobot.org/tropicosimages5/detailimages/TropicosImagesVol5/101439000/F3EC894A-9853-4E51-8372-8F1A2036EA07.jpg",
            "references": "https://www.tropicos.org/ImageFullView.aspx?imageid=101439484",
            "title": "Moreno - 12400 - Nicaragua",
            "creator": "MBG",
            "publisher": null,
            "license": "http://creativecommons.org/licenses/by-nc-sa/3.0/",
            "rightsHolder": "MBG"
          }
        ]
      }
    },
    {
      "type": "Feature",
      "geometry": {
        "type": "Point",
        "coordinates": [
          -79.84805,
          9.15472
        ]
      },
      "properties": {
        "gbifID": "1259253379",
        "species": "Prestonia portobellensis",
        "genus": "Prestonia",
        "family": "Apocynaceae",
        "scientificName": "Prestonia portobellensis (Beurl.) Woodson",
        "coordinateUncertaintyInMeters": "",
        "basisOfRecord": "PRESERVED_SPECIMEN",
        "eventDate": "1968-05-01",
        "country": null,
        "datasetName": "Tropicos",
        "publisher": "Missouri Botanical Garden",
        "license": "CC_BY_4_0",
        "issues": [
          "GEODETIC_DATUM_ASSUMED_WGS84",
          "ELEVATION_NON_NUMERIC",
          "INSTITUTION_MATCH_FUZZY",
          "COLLECTION_MATCH_NONE",
          "TAXON_ID_NOT_FOUND"
        ],
        "media": [
          {
            "url": "https://images.mobot.org/tropicosimages5/detailimages/TropicosImagesVol5/101439000/A08F5CDC-BC03-460A-8745-2C33F0623CAA.jpg",
            "references": "https://www.tropicos.org/ImageFullView.aspx?imageid=101439411",
            "title": "Croat - 5272 - Panama",
            "creator": "MBG",
            "publisher": null,
            "license": "http://creativecommons.org/licenses/by-nc-sa/3.0/",
            "rightsHolder": "MBG"
          }
        ]
      }
    },
    {
      "type": "Feature",
      "geometry": {
        "type": "Point",
        "coordinates": [
          -80.333333,
          9.15
        ]
      },
      "properties": {
        "gbifID": "1259254224",
        "species": "Prestonia portobellensis",
        "genus": "Prestonia",
        "family": "Apocynaceae",
        "scientificName": "Prestonia portobellensis (Beurl.) Woodson",
        "coordinateUncertaintyInMeters": "",
        "basisOfRecord": "PRESERVED_SPECIMEN",
        "eventDate": "1970-04-22",
        "country": null,
        "datasetName": "Tropicos",
        "publisher": "Missouri Botanical Garden",
        "license": "CC_BY_4_0",
        "issues": [
          "OCCURRENCE_STATUS_INFERRED_FROM_INDIVIDUAL_COUNT",
          "COORDINATE_ROUNDED",
          "GEODETIC_DATUM_ASSUMED_WGS84",
          "INSTITUTION_MATCH_FUZZY",
          "COLLECTION_MATCH_NONE",
          "TAXON_ID_NOT_FOUND"
        ],
        "media": [
          {
            "url": "https://images.mobot.org/tropicosimages5/detailimages/TropicosImagesVol5/101595000/E456BDDE-C6D4-44AF-B5B9-2340A0F58448.jpg",
            "references": "https://www.tropicos.org/ImageFullView.aspx?imageid=101595699",
            "title": "Croat - 9875 - Panama",
            "creator": "MBG",
            "publisher": null,
            "license": "http://creativecommons.org/licenses/by-nc-sa/3.0/",
            "rightsHolder": "MBG"
          }
        ]
      }
    },
    {
      "type": "Feature",
      "geometry": {
        "type": "Point",
        "coordinates": [
          -82.95805,
          8.78555
        ]
      },
      "properties": {
        "gbifID": "1259255982",
        "species": "Prestonia portobellensis",
        "genus": "Prestonia",
        "family": "Apocynaceae",
        "scientificName": "Prestonia portobellensis (Beurl.) Woodson",
        "coordinateUncertaintyInMeters": "",
        "basisOfRecord": "PRESERVED_SPECIMEN",
        "eventDate": "1994-06-29",
        "country": null,
        "datasetName": "Tropicos",
        "publisher": "Missouri Botanical Garden",
        "license": "CC_BY_4_0",
        "issues": [
          "GEODETIC_DATUM_ASSUMED_WGS84",
          "INSTITUTION_MATCH_FUZZY",
          "COLLECTION_MATCH_NONE",
          "TAXON_ID_NOT_FOUND"
        ],
        "media": [
          {
            "url": "https://images.mobot.org/tropicosimages5/detailimages/TropicosImagesVol5/101439000/A4E29DF3-BCAB-4549-A008-7ECCC1602BE5.jpg",
            "references": "https://www.tropicos.org/ImageFullView.aspx?imageid=101439408",
            "title": "Kress - 94-4253 - Costa Rica",
            "creator": "MBG",
            "publisher": null,
            "license": "http://creativecommons.org/licenses/by-nc-sa/3.0/",
            "rightsHolder": "MBG"
          }
        ]
      }
    },
    {
      "type": "Feature",
      "geometry": {
        "type": "Point",
        "coordinates": [
          -80.683056,
          9.008333
        ]
      },
      "properties": {
        "gbifID": "1260883113",
        "species": "Prestonia portobellensis",
        "genus": "Prestonia",
        "family": "Apocynaceae",
        "scientificName": "Prestonia portobellensis (Beurl.) Woodson",
        "coordinateUncertaintyInMeters": "",
        "basisOfRecord": "PRESERVED_SPECIMEN",
        "eventDate": "2008-02-28",
        "country": null,
        "datasetName": "Tropicos",
        "publisher": "Missouri Botanical Garden",
        "license": "CC_BY_4_0",
        "issues": [
          "OCCURRENCE_STATUS_INFERRED_FROM_INDIVIDUAL_COUNT",
          "COORDINATE_ROUNDED",
          "GEODETIC_DATUM_ASSUMED_WGS84",
          "INSTITUTION_MATCH_FUZZY",
          "COLLECTION_MATCH_NONE",
          "TAXON_ID_NOT_FOUND"
        ],
        "media": [
          {
            "url": "https://images.mobot.org/tropicosimages3/detailimages/TropicosImages2/100157000/06798EE9-7305-470C-A58F-CDF2192B43D6.jpg",
            "references": "https://www.tropicos.org/ImageFullView.aspx?imageid=100157066",
            "title": "McPherson - 20325 - Panama",
            "creator": "Cynthia Lane",
            "publisher": null,
            "license": "http://creativecommons.org/licenses/by-nc-sa/3.0/",
            "rightsHolder": "MBG"
          },
          {
            "url": "https://images.mobot.org/tropicosimages3/detailimages/TropicosImages2/100157000/E92E4EBA-6D9E-45D5-995E-1D1054635A0C.jpg",
            "references": "https://www.tropicos.org/ImageFullView.aspx?imageid=100157065",
            "title": "McPherson - 20325 - Panama",
            "creator": "Cynthia Lane",
            "publisher": null,
            "license": "http://creativecommons.org/licenses/by-nc-sa/3.0/",
            "rightsHolder": "MBG"
          },
          {
            "url": "https://images.mobot.org/tropicosimages5/detailimages/TropicosImagesVol5/101595000/EB5BD156-5964-40CA-89ED-CDD5F0E00EDA.jpg",
            "references": "https://www.tropicos.org/ImageFullView.aspx?imageid=101595576",
            "title": "McPherson - 20325 - Panama",
            "creator": "MBG",
            "publisher": null,
            "license": "http://creativecommons.org/licenses/by-nc-sa/3.0/",
            "rightsHolder": "MBG"
          }
        ]
      }
    },
    {
      "type": "Feature",
      "geometry": {
        "type": "Point",
        "coordinates": [
          -79.733333,
          9.354167
        ]
      },
      "properties": {
        "gbifID": "1261511963",
        "species": "Prestonia portobellensis",
        "genus": "Prestonia",
        "family": "Apocynaceae",
        "scientificName": "Prestonia portobellensis (Beurl.) Woodson",
        "coordinateUncertaintyInMeters": "",
        "basisOfRecord": "PRESERVED_SPECIMEN",
        "eventDate": "1994-07-16",
        "country": null,
        "datasetName": "Tropicos",
        "publisher": "Missouri Botanical Garden",
        "license": "CC_BY_4_0",
        "issues": [
          "OCCURRENCE_STATUS_INFERRED_FROM_INDIVIDUAL_COUNT",
          "COORDINATE_ROUNDED",
          "GEODETIC_DATUM_ASSUMED_WGS84",
          "INSTITUTION_MATCH_FUZZY",
          "COLLECTION_MATCH_NONE",
          "TAXON_ID_NOT_FOUND"
        ],
        "media": [
          {
            "url": "https://images.mobot.org/tropicosimages5/detailimages/TropicosImagesVol5/101595000/97FE5377-E775-431F-A67E-B231B9BEE9AB.jpg",
            "references": "https://www.tropicos.org/ImageFullView.aspx?imageid=101595459",
            "title": "Croat - 76933 - Panama",
            "creator": "MBG",
            "publisher": null,
            "license": "http://creativecommons.org/licenses/by-nc-sa/3.0/",
            "rightsHolder": "MBG"
          }
        ]
      }
    },
    {
      "type": "Feature",
      "geometry": {
        "type": "Point",
        "coordinates": [
          -84.53333,
          9.77777
        ]
      },
      "properties": {
        "gbifID": "1260129001",
        "species": "Prestonia portobellensis",
        "genus": "Prestonia",
        "family": "Apocynaceae",
        "scientificName": "Prestonia portobellensis (Beurl.) Woodson",
        "coordinateUncertaintyInMeters": "",
        "basisOfRecord": "PRESERVED_SPECIMEN",
        "eventDate": "1999-05-05",
        "country": null,
        "datasetName": "Tropicos",
        "publisher": "Missouri Botanical Garden",
        "license": "CC_BY_4_0",
        "issues": [
          "GEODETIC_DATUM_ASSUMED_WGS84",
          "INSTITUTION_MATCH_FUZZY",
          "COLLECTION_MATCH_NONE",
          "TAXON_ID_NOT_FOUND"
        ],
        "media": [
          {
            "url": "https://images.mobot.org/tropicosimages5/detailimages/TropicosImagesVol5/101518000/442A2033-0FE6-4E53-A691-43C3F5C74CC7.jpg",
            "references": "https://www.tropicos.org/ImageFullView.aspx?imageid=101518671",
            "title": "Rodríguez González - 4830 - Costa Rica",
            "creator": "MBG",
            "publisher": null,
            "license": "http://creativecommons.org/licenses/by-nc-sa/3.0/",
            "rightsHolder": "MBG"
          }
        ]
      }
    },
    {
      "type": "Feature",
      "geometry": {
        "type": "Point",
        "coordinates": [
          -83.5,
          10.53
        ]
      },
      "properties": {
        "gbifID": "1261121263",
        "species": "Prestonia portobellensis",
        "genus": "Prestonia",
        "family": "Apocynaceae",
        "scientificName": "Prestonia portobellensis (Beurl.) Woodson",
        "coordinateUncertaintyInMeters": "",
        "basisOfRecord": "PRESERVED_SPECIMEN",
        "eventDate": "1988-07-07",
        "country": null,
        "datasetName": "Tropicos",
        "publisher": "Missouri Botanical Garden",
        "license": "CC_BY_4_0",
        "issues": [
          "OCCURRENCE_STATUS_INFERRED_FROM_INDIVIDUAL_COUNT",
          "GEODETIC_DATUM_ASSUMED_WGS84",
          "INSTITUTION_MATCH_FUZZY",
          "COLLECTION_MATCH_NONE",
          "TAXON_ID_NOT_FOUND"
        ],
        "fallback_media": {
          "url": "https://d2jcv3kl45hlgi.cloudfront.net/3cbfc9b66d986725079a7d37a8f83225.jpg",
          "references": "http://specimens.kew.org/Herbarium/K006231299",
          "title": null,
          "creator": null,
          "publisher": null,
          "license": "http://creativecommons.org/licenses/by/4.0/",
          "rightsHolder": "Royal Botanic Gardens, Kew"
        }
      }
    },
    {
      "type": "Feature",
      "geometry": {
        "type": "Point",
        "coordinates": [
          -79.85305,
          9.16722
        ]
      },
      "properties": {
        "gbifID": "1259254826",
        "species": "Prestonia portobellensis",
        "genus": "Prestonia",
        "family": "Apocynaceae",
        "scientificName": "Prestonia portobellensis (Beurl.) Woodson",
        "coordinateUncertaintyInMeters": "",
        "basisOfRecord": "PRESERVED_SPECIMEN",
        "eventDate": "1932-01-16",
        "country": null,
        "datasetName": "Tropicos",
        "publisher": "Missouri Botanical Garden",
        "license": "CC_BY_4_0",
        "issues": [
          "GEODETIC_DATUM_ASSUMED_WGS84",
          "ELEVATION_NON_NUMERIC",
          "INSTITUTION_MATCH_FUZZY",
          "COLLECTION_MATCH_NONE",
          "TAXON_ID_NOT_FOUND"
        ],
        "media": [
          {
            "url": "https://images.mobot.org/tropicosimages5/detailimages/TropicosImagesVol5/101439000/CDB5C7A2-1A9D-4EB8-9F81-9441D21E7DD5.jpg",
            "references": "https://www.tropicos.org/ImageFullView.aspx?imageid=101439432",
            "title": "Wetmore - 219 - Panama",
            "creator": "MBG",
            "publisher": null,
            "license": "http://creativecommons.org/licenses/by-nc-sa/3.0/",
            "rightsHolder": "MBG"
          }
        ]
      }
    },
    {
      "type": "Feature",
      "geometry": {
        "type": "Point",
        "coordinates": [
          -83.53,
          10.49
        ]
      },
      "properties": {
        "gbifID": "1261121236",
        "species": "Prestonia portobellensis",
        "genus": "Prestonia",
        "family": "Apocynaceae",
        "scientificName": "Prestonia portobellensis (Beurl.) Woodson",
        "coordinateUncertaintyInMeters": "",
        "basisOfRecord": "PRESERVED_SPECIMEN",
        "eventDate": "1988-06-10",
        "country": null,
        "datasetName": "Tropicos",
        "publisher": "Missouri Botanical Garden",
        "license": "CC_BY_4_0",
        "issues": [
          "OCCURRENCE_STATUS_INFERRED_FROM_INDIVIDUAL_COUNT",
          "GEODETIC_DATUM_ASSUMED_WGS84",
          "INSTITUTION_MATCH_FUZZY",
          "COLLECTION_MATCH_NONE",
          "TAXON_ID_NOT_FOUND"
        ],
        "media": [
          {
            "url": "https://images.mobot.org/tropicosimages5/detailimages/TropicosImagesVol5/101439000/6C553BA8-BADC-458B-B052-40B3930A56D8.jpg",
            "references": "https://www.tropicos.org/ImageFullView.aspx?imageid=101439507",
            "title": "Robles González - 1910 - Costa Rica",
            "creator": "MBG",
            "publisher": null,
            "license": "http://creativecommons.org/licenses/by-nc-sa/3.0/",
            "rightsHolder": "MBG"
          }
        ]
      }
    },
    {
      "type": "Feature",
      "geometry": {
        "type": "Point",
        "coordinates": [
          -78.95,
          9.365556
        ]
      },
      "properties": {
        "gbifID": "1261121515",
        "species": "Prestonia portobellensis",
        "genus": "Prestonia",
        "family": "Apocynaceae",
        "scientificName": "Prestonia portobellensis (Beurl.) Woodson",
        "coordinateUncertaintyInMeters": "",
        "basisOfRecord": "PRESERVED_SPECIMEN",
        "eventDate": "1987-12-16",
        "country": null,
        "datasetName": "Tropicos",
        "publisher": "Missouri Botanical Garden",
        "license": "CC_BY_4_0",
        "issues": [
          "OCCURRENCE_STATUS_INFERRED_FROM_INDIVIDUAL_COUNT",
          "COORDINATE_ROUNDED",
          "GEODETIC_DATUM_ASSUMED_WGS84",
          "INSTITUTION_MATCH_FUZZY",
          "COLLECTION_MATCH_NONE",
          "TAXON_ID_NOT_FOUND"
        ],
        "media": [
          {
            "url": "https://images.mobot.org/tropicosimages5/detailimages/TropicosImagesVol5/101595000/2FC03811-300F-4201-BABB-39435C6AF047.jpg",
            "references": "https://www.tropicos.org/ImageFullView.aspx?imageid=101595740",
            "title": "McPherson - 11874 - Panama",
            "creator": "MBG",
            "publisher": null,
            "license": "http://creativecommons.org/licenses/by-nc-sa/3.0/",
            "rightsHolder": "MBG"
          }
        ]
      }
    },
    {
      "type": "Feature",
      "geometry": {
        "type": "Point",
        "coordinates": [
          -84.53,
          9.76
        ]
      },
      "properties": {
        "gbifID": "4031514152",
        "species": "Prestonia portobellensis",
        "genus": "Prestonia",
        "family": "Apocynaceae",
        "scientificName": "Prestonia portobellensis (Beurl.) Woodson",
        "coordinateUncertaintyInMeters": "",
        "basisOfRecord": "PRESERVED_SPECIMEN",
        "eventDate": "1993-04-02",
        "country": null,
        "datasetName": "Tropicos",
        "publisher": "Missouri Botanical Garden",
        "license": "CC_BY_4_0",
        "issues": [
          "OCCURRENCE_STATUS_INFERRED_FROM_INDIVIDUAL_COUNT",
          "GEODETIC_DATUM_ASSUMED_WGS84",
          "INSTITUTION_MATCH_FUZZY",
          "COLLECTION_MATCH_NONE",
          "TAXON_ID_NOT_FOUND"
        ],
        "fallback_media": {
          "url": "https://d2jcv3kl45hlgi.cloudfront.net/3cbfc9b66d986725079a7d37a8f83225.jpg",
          "references": "http://specimens.kew.org/Herbarium/K006231299",
          "title": null,
          "creator": null,
          "publisher": null,
          "license": "http://creativecommons.org/licenses/by/4.0/",
          "rightsHolder": "Royal Botanic Gardens, Kew"
        }
      }
    },
    {
      "type": "Feature",
      "geometry": {
        "type": "Point",
        "coordinates": [
          -95.05,
          17.2
        ]
      },
      "properties": {
        "gbifID": "1259171050",
        "species": "Prestonia portobellensis",
        "genus": "Prestonia",
        "family": "Apocynaceae",
        "scientificName": "Prestonia portobellensis (Beurl.) Woodson",
        "coordinateUncertaintyInMeters": "",
        "basisOfRecord": "PRESERVED_SPECIMEN",
        "eventDate": "1977-07-02",
        "country": null,
        "datasetName": "Tropicos",
        "publisher": "Missouri Botanical Garden",
        "license": "CC_BY_4_0",
        "issues": [
          "GEODETIC_DATUM_ASSUMED_WGS84",
          "INSTITUTION_MATCH_FUZZY",
          "COLLECTION_MATCH_NONE",
          "TAXON_ID_NOT_FOUND"
        ],
        "media": [
          {
            "url": "https://images.mobot.org/tropicosimages5/detailimages/TropicosImagesVol5/101439000/D9E5661A-791C-4E9A-AEAD-B99D747638DA.jpg",
            "references": "https://www.tropicos.org/ImageFullView.aspx?imageid=101439379",
            "title": "Croat - 40009 - Mexico",
            "creator": "MBG",
            "publisher": null,
            "license": "http://creativecommons.org/licenses/by-nc-sa/3.0/",
            "rightsHolder": "MBG"
          }
        ]
      }
    },
    {
      "type": "Feature",
      "geometry": {
        "type": "Point",
        "coordinates": [
          -80.466667,
          8.783333
        ]
      },
      "properties": {
        "gbifID": "1261123092",
        "species": "Prestonia portobellensis",
        "genus": "Prestonia",
        "family": "Apocynaceae",
        "scientificName": "Prestonia portobellensis (Beurl.) Woodson",
        "coordinateUncertaintyInMeters": "",
        "basisOfRecord": "PRESERVED_SPECIMEN",
        "eventDate": "1983-12-17",
        "country": null,
        "datasetName": "Tropicos",
        "publisher": "Missouri Botanical Garden",
        "license": "CC_BY_4_0",
        "issues": [
          "OCCURRENCE_STATUS_INFERRED_FROM_INDIVIDUAL_COUNT",
          "COORDINATE_ROUNDED",
          "GEODETIC_DATUM_ASSUMED_WGS84",
          "INSTITUTION_MATCH_FUZZY",
          "COLLECTION_MATCH_NONE",
          "TAXON_ID_NOT_FOUND"
        ],
        "fallback_media": {
          "url": "https://d2jcv3kl45hlgi.cloudfront.net/3cbfc9b66d986725079a7d37a8f83225.jpg",
          "references": "http://specimens.kew.org/Herbarium/K006231299",
          "title": null,
          "creator": null,
          "publisher": null,
          "license": "http://creativecommons.org/licenses/by/4.0/",
          "rightsHolder": "Royal Botanic Gardens, Kew"
        }
      }
    },
    {
      "type": "Feature",
      "geometry": {
        "type": "Point",
        "coordinates": [
          -84.53,
          9.77
        ]
      },
      "properties": {
        "gbifID": "4031433059",
        "species": "Prestonia portobellensis",
        "genus": "Prestonia",
        "family": "Apocynaceae",
        "scientificName": "Prestonia portobellensis (Beurl.) Woodson",
        "coordinateUncertaintyInMeters": "",
        "basisOfRecord": "PRESERVED_SPECIMEN",
        "eventDate": "1995-04-19",
        "country": null,
        "datasetName": "Tropicos",
        "publisher": "Missouri Botanical Garden",
        "license": "CC_BY_4_0",
        "issues": [
          "OCCURRENCE_STATUS_INFERRED_FROM_INDIVIDUAL_COUNT",
          "GEODETIC_DATUM_ASSUMED_WGS84",
          "INSTITUTION_MATCH_FUZZY",
          "COLLECTION_MATCH_NONE",
          "TAXON_ID_NOT_FOUND"
        ],
        "media": [
          {
            "url": "https://images.mobot.org/tropicosimages5/detailimages/TropicosImagesVol5/101439000/8C7809B3-96F4-4C1D-9753-FE00EFF6E752.jpg",
            "references": "https://www.tropicos.org/ImageFullView.aspx?imageid=101439361",
            "title": "Morales Quirós - 4017 - Costa Rica",
            "creator": "MBG",
            "publisher": null,
            "license": "http://creativecommons.org/licenses/by-nc-sa/3.0/",
            "rightsHolder": "MBG"
          }
        ]
      }
    },
    {
      "type": "Feature",
      "geometry": {
        "type": "Point",
        "coordinates": [
          -94.61,
          18.21
        ]
      },
      "properties": {
        "gbifID": "1259170903",
        "species": "Prestonia portobellensis",
        "genus": "Prestonia",
        "family": "Apocynaceae",
        "scientificName": "Prestonia portobellensis (Beurl.) Woodson",
        "coordinateUncertaintyInMeters": "",
        "basisOfRecord": "PRESERVED_SPECIMEN",
        "eventDate": "1971-06",
        "country": null,
        "datasetName": "Tropicos",
        "publisher": "Missouri Botanical Garden",
        "license": "CC_BY_4_0",
        "issues": [
          "GEODETIC_DATUM_ASSUMED_WGS84",
          "INSTITUTION_MATCH_FUZZY",
          "COLLECTION_MATCH_NONE",
          "TAXON_ID_NOT_FOUND"
        ],
        "media": [
          {
            "url": "https://images.mobot.org/tropicosimages5/detailimages/TropicosImagesVol5/101439000/105817AF-510A-443A-8999-A243254CBAE7.jpg",
            "references": "https://www.tropicos.org/ImageFullView.aspx?imageid=101439373",
            "title": "Calzada - 358 - Mexico",
            "creator": "MBG",
            "publisher": null,
            "license": "http://creativecommons.org/licenses/by-nc-sa/3.0/",
            "rightsHolder": "MBG"
          },
          {
            "url": "https://images.mobot.org/tropicosimages5/detailimages/TropicosImagesVol5/101439000/140E2D31-D2F8-4A5E-A38C-90F1386B4B7F.jpg",
            "references": "https://www.tropicos.org/ImageFullView.aspx?imageid=101439374",
            "title": "Calzada - 358 - Mexico",
            "creator": "MBG",
            "publisher": null,
            "license": "http://creativecommons.org/licenses/by-nc-sa/3.0/",
            "rightsHolder": "MBG"
          }
        ]
      }
    },
    {
      "type": "Feature",
      "geometry": {
        "type": "Point",
        "coordinates": [
          -88.98333,
          16.33333
        ]
      },
      "properties": {
        "gbifID": "1259252603",
        "species": "Prestonia portobellensis",
        "genus": "Prestonia",
        "family": "Apocynaceae",
        "scientificName": "Prestonia portobellensis (Beurl.) Woodson",
        "coordinateUncertaintyInMeters": "",
        "basisOfRecord": "PRESERVED_SPECIMEN",
        "eventDate": "1946-10-12",
        "country": null,
        "datasetName": "Tropicos",
        "publisher": "Missouri Botanical Garden",
        "license": "CC_BY_4_0",
        "issues": [
          "GEODETIC_DATUM_ASSUMED_WGS84",
          "INSTITUTION_MATCH_FUZZY",
          "COLLECTION_MATCH_NONE",
          "TAXON_ID_NOT_FOUND"
        ],
        "media": [
          {
            "url": "https://images.mobot.org/tropicosimages5/detailimages/TropicosImagesVol5/101439000/C208F7E4-CC92-4F2F-8141-7105D6B43C41.jpg",
            "references": "https://www.tropicos.org/ImageFullView.aspx?imageid=101439406",
            "title": "Gentle - 6073 - Belize",
            "creator": "MBG",
            "publisher": null,
            "license": "http://creativecommons.org/licenses/by-nc-sa/3.0/",
            "rightsHolder": "MBG"
          }
        ]
      }
    },
    {
      "type": "Feature",
      "geometry": {
        "type": "Point",
        "coordinates": [
          -79.916667,
          8.683333
        ]
      },
      "properties": {
        "gbifID": "1259252518",
        "species": "Prestonia portobellensis",
        "genus": "Prestonia",
        "family": "Apocynaceae",
        "scientificName": "Prestonia portobellensis (Beurl.) Woodson",
        "coordinateUncertaintyInMeters": "",
        "basisOfRecord": "PRESERVED_SPECIMEN",
        "eventDate": "1973-03-11",
        "country": null,
        "datasetName": "Tropicos",
        "publisher": "Missouri Botanical Garden",
        "license": "CC_BY_4_0",
        "issues": [
          "OCCURRENCE_STATUS_INFERRED_FROM_INDIVIDUAL_COUNT",
          "COORDINATE_ROUNDED",
          "GEODETIC_DATUM_ASSUMED_WGS84",
          "INSTITUTION_MATCH_FUZZY",
          "COLLECTION_MATCH_NONE",
          "TAXON_ID_NOT_FOUND"
        ],
        "media": [
          {
            "url": "https://images.mobot.org/tropicosimages5/detailimages/TropicosImagesVol5/101439000/6892B05F-45D7-4D00-B53D-F3DF251FC954.jpg",
            "references": "https://www.tropicos.org/ImageFullView.aspx?imageid=101439413",
            "title": "Busey - 862 - Panama",
            "creator": "MBG",
            "publisher": null,
            "license": "http://creativecommons.org/licenses/by-nc-sa/3.0/",
            "rightsHolder": "MBG"
          }
        ]
      }
    },
    {
      "type": "Feature",
      "geometry": {
        "type": "Point",
        "coordinates": [
          -79.83638,
          9.16361
        ]
      },
      "properties": {
        "gbifID": "1259253404",
        "species": "Prestonia portobellensis",
        "genus": "Prestonia",
        "family": "Apocynaceae",
        "scientificName": "Prestonia portobellensis (Beurl.) Woodson",
        "coordinateUncertaintyInMeters": "",
        "basisOfRecord": "PRESERVED_SPECIMEN",
        "eventDate": "1968-09-15",
        "country": null,
        "datasetName": "Tropicos",
        "publisher": "Missouri Botanical Garden",
        "license": "CC_BY_4_0",
        "issues": [
          "GEODETIC_DATUM_ASSUMED_WGS84",
          "ELEVATION_NON_NUMERIC",
          "INSTITUTION_MATCH_FUZZY",
          "COLLECTION_MATCH_NONE",
          "TAXON_ID_NOT_FOUND"
        ],
        "media": [
          {
            "url": "https://images.mobot.org/tropicosimages5/detailimages/TropicosImagesVol5/101439000/59FF772B-CD79-4D48-A708-D2478F3BDA22.jpg",
            "references": "https://www.tropicos.org/ImageFullView.aspx?imageid=101439465",
            "title": "Croat - 6096 - Panama",
            "creator": "MBG",
            "publisher": null,
            "license": "http://creativecommons.org/licenses/by-nc-sa/3.0/",
            "rightsHolder": "MBG"
          }
        ]
      }
    },
    {
      "type": "Feature",
      "geometry": {
        "type": "Point",
        "coordinates": [
          -94.68,
          16.91
        ]
      },
      "properties": {
        "gbifID": "1259070798",
        "species": "Prestonia portobellensis",
        "genus": "Prestonia",
        "family": "Apocynaceae",
        "scientificName": "Prestonia portobellensis (Beurl.) Woodson",
        "coordinateUncertaintyInMeters": "",
        "basisOfRecord": "PRESERVED_SPECIMEN",
        "eventDate": "1984-06-08",
        "country": null,
        "datasetName": "Tropicos",
        "publisher": "Missouri Botanical Garden",
        "license": "CC_BY_4_0",
        "issues": [
          "GEODETIC_DATUM_ASSUMED_WGS84",
          "INSTITUTION_MATCH_FUZZY",
          "COLLECTION_MATCH_NONE",
          "TAXON_ID_NOT_FOUND"
        ],
        "media": [
          {
            "url": "https://images.mobot.org/tropicosimages5/detailimages/TropicosImagesVol5/101439000/F95BFF12-7C45-42CE-849D-D0608BD35184.jpg",
            "references": "https://www.tropicos.org/ImageFullView.aspx?imageid=101439350",
            "title": "Hernández G. - 98 - Mexico",
            "creator": "MBG",
            "publisher": null,
            "license": "http://creativecommons.org/licenses/by-nc-sa/3.0/",
            "rightsHolder": "MBG"
          }
        ]
      }
    },
    {
      "type": "Feature",
      "geometry": {
        "type": "Point",
        "coordinates": [
          -79.95666,
          9.36416
        ]
      },
      "properties": {
        "gbifID": "1259253794",
        "species": "Prestonia portobellensis",
        "genus": "Prestonia",
        "family": "Apocynaceae",
        "scientificName": "Prestonia portobellensis (Beurl.) Woodson",
        "coordinateUncertaintyInMeters": "",
        "basisOfRecord": "PRESERVED_SPECIMEN",
        "eventDate": "1965-10-13",
        "country": null,
        "datasetName": "Tropicos",
        "publisher": "Missouri Botanical Garden",
        "license": "CC_BY_4_0",
        "issues": [
          "GEODETIC_DATUM_ASSUMED_WGS84",
          "INSTITUTION_MATCH_FUZZY",
          "COLLECTION_MATCH_NONE",
          "TAXON_ID_NOT_FOUND"
        ],
        "media": [
          {
            "url": "https://images.mobot.org/tropicosimages5/detailimages/TropicosImagesVol5/101439000/3045D4CC-8F39-4455-9BE8-D0DAC9BA08B1.jpg",
            "references": "https://www.tropicos.org/ImageFullView.aspx?imageid=101439397",
            "title": "Tyson - 1683 - Panama",
            "creator": "MBG",
            "publisher": null,
            "license": "http://creativecommons.org/licenses/by-nc-sa/3.0/",
            "rightsHolder": "MBG"
          }
        ]
      }
    },
    {
      "type": "Feature",
      "geometry": {
        "type": "Point",
        "coordinates": [
          -79.74166,
          9.35833
        ]
      },
      "properties": {
        "gbifID": "1259254103",
        "species": "Prestonia portobellensis",
        "genus": "Prestonia",
        "family": "Apocynaceae",
        "scientificName": "Prestonia portobellensis (Beurl.) Woodson",
        "coordinateUncertaintyInMeters": "",
        "basisOfRecord": "PRESERVED_SPECIMEN",
        "eventDate": "1969-04-09",
        "country": null,
        "datasetName": "Tropicos",
        "publisher": "Missouri Botanical Garden",
        "license": "CC_BY_4_0",
        "issues": [
          "GEODETIC_DATUM_ASSUMED_WGS84",
          "INSTITUTION_MATCH_FUZZY",
          "COLLECTION_MATCH_NONE",
          "TAXON_ID_NOT_FOUND"
        ],
        "media": [
          {
            "url": "https://images.mobot.org/tropicosimages5/detailimages/TropicosImagesVol5/101439000/23B8A9DD-132F-4AA5-80CE-6054F5B5FCF5.jpg",
            "references": "https://www.tropicos.org/ImageFullView.aspx?imageid=101439391",
            "title": "Lewis - 5398 - Panama",
            "creator": "MBG",
            "publisher": null,
            "license": "http://creativecommons.org/licenses/by-nc-sa/3.0/",
            "rightsHolder": "MBG"
          }
        ]
      }
    },
    {
      "type": "Feature",
      "geometry": {
        "type": "Point",
        "coordinates": [
          -79.70055,
          9.11944
        ]
      },
      "properties": {
        "gbifID": "1259253482",
        "species": "Prestonia portobellensis",
        "genus": "Prestonia",
        "family": "Apocynaceae",
        "scientificName": "Prestonia portobellensis (Beurl.) Woodson",
        "coordinateUncertaintyInMeters": "",
        "basisOfRecord": "PRESERVED_SPECIMEN",
        "eventDate": "1970-04-04",
        "country": null,
        "datasetName": "Tropicos",
        "publisher": "Missouri Botanical Garden",
        "license": "CC_BY_4_0",
        "issues": [
          "GEODETIC_DATUM_ASSUMED_WGS84",
          "INSTITUTION_MATCH_FUZZY",
          "COLLECTION_MATCH_NONE",
          "TAXON_ID_NOT_FOUND"
        ],
        "media": [
          {
            "url": "https://images.mobot.org/tropicosimages5/detailimages/TropicosImagesVol5/101439000/8315B1CE-1BF7-49A9-B503-2F0B93BFFA2C.jpg",
            "references": "https://www.tropicos.org/ImageFullView.aspx?imageid=101439468",
            "title": "Croat - 9328 - Panama",
            "creator": "MBG",
            "publisher": null,
            "license": "http://creativecommons.org/licenses/by-nc-sa/3.0/",
            "rightsHolder": "MBG"
          }
        ]
      }
    },
    {
      "type": "Feature",
      "geometry": {
        "type": "Point",
        "coordinates": [
          -79.375,
          9.23388
        ]
      },
      "properties": {
        "gbifID": "1259254552",
        "species": "Prestonia portobellensis",
        "genus": "Prestonia",
        "family": "Apocynaceae",
        "scientificName": "Prestonia portobellensis (Beurl.) Woodson",
        "coordinateUncertaintyInMeters": "",
        "basisOfRecord": "PRESERVED_SPECIMEN",
        "eventDate": "1971-02-12",
        "country": null,
        "datasetName": "Tropicos",
        "publisher": "Missouri Botanical Garden",
        "license": "CC_BY_4_0",
        "issues": [
          "GEODETIC_DATUM_ASSUMED_WGS84",
          "INSTITUTION_MATCH_FUZZY",
          "COLLECTION_MATCH_NONE",
          "TAXON_ID_NOT_FOUND"
        ],
        "media": [
          {
            "url": "https://images.mobot.org/tropicosimages5/detailimages/TropicosImagesVol5/101439000/B978BCC5-0598-4F92-BE19-B444C90D8A4E.jpg",
            "references": "https://www.tropicos.org/ImageFullView.aspx?imageid=101439438",
            "title": "Correa Arroyo - 1722 - Panama",
            "creator": "MBG",
            "publisher": null,
            "license": "http://creativecommons.org/licenses/by-nc-sa/3.0/",
            "rightsHolder": "MBG"
          }
        ]
      }
    },
    {
      "type": "Feature",
      "geometry": {
        "type": "Point",
        "coordinates": [
          -77.4,
          8.66666
        ]
      },
      "properties": {
        "gbifID": "1259254306",
        "species": "Prestonia portobellensis",
        "genus": "Prestonia",
        "family": "Apocynaceae",
        "scientificName": "Prestonia portobellensis (Beurl.) Woodson",
        "coordinateUncertaintyInMeters": "",
        "basisOfRecord": "PRESERVED_SPECIMEN",
        "eventDate": "1980-04-29",
        "country": null,
        "datasetName": "Tropicos",
        "publisher": "Missouri Botanical Garden",
        "license": "CC_BY_4_0",
        "issues": [
          "GEODETIC_DATUM_ASSUMED_WGS84",
          "ELEVATION_NON_NUMERIC",
          "INSTITUTION_MATCH_FUZZY",
          "COLLECTION_MATCH_NONE",
          "TAXON_ID_NOT_FOUND"
        ],
        "media": [
          {
            "url": "https://images.mobot.org/tropicosimages5/detailimages/TropicosImagesVol5/101439000/2E115FE0-58D5-4EE2-9F32-7035EC70FF29.jpg",
            "references": "https://www.tropicos.org/ImageFullView.aspx?imageid=101439423",
            "title": "D'Arcy - 13687 - Panama",
            "creator": "MBG",
            "publisher": null,
            "license": "http://creativecommons.org/licenses/by-nc-sa/3.0/",
            "rightsHolder": "MBG"
          }
        ]
      }
    },
    {
      "type": "Feature",
      "geometry": {
        "type": "Point",
        "coordinates": [
          -77.316667,
          6.266667
        ]
      },
      "properties": {
        "gbifID": "1261118674",
        "species": "Prestonia portobellensis",
        "genus": "Prestonia",
        "family": "Apocynaceae",
        "scientificName": "Prestonia portobellensis (Beurl.) Woodson",
        "coordinateUncertaintyInMeters": "",
        "basisOfRecord": "PRESERVED_SPECIMEN",
        "eventDate": "1984-01-10",
        "country": null,
        "datasetName": "Tropicos",
        "publisher": "Missouri Botanical Garden",
        "license": "CC_BY_4_0",
        "issues": [
          "OCCURRENCE_STATUS_INFERRED_FROM_INDIVIDUAL_COUNT",
          "COORDINATE_ROUNDED",
          "GEODETIC_DATUM_ASSUMED_WGS84",
          "INSTITUTION_MATCH_FUZZY",
          "COLLECTION_MATCH_NONE",
          "TAXON_ID_NOT_FOUND"
        ],
        "media": [
          {
            "url": "https://images.mobot.org/tropicosimages5/detailimages/TropicosImagesVol5/101456000/BDE88D9D-8FB1-4334-84A4-FF772C801186.jpg",
            "references": "https://www.tropicos.org/ImageFullView.aspx?imageid=101456540",
            "title": "Juncosa - 1858 - Colombia",
            "creator": "MBG",
            "publisher": null,
            "license": "http://creativecommons.org/licenses/by-nc-sa/3.0/",
            "rightsHolder": "MBG"
          }
        ]
      }
    },
    {
      "type": "Feature",
      "geometry": {
        "type": "Point",
        "coordinates": [
          -82.66666,
          9.575
        ]
      },
      "properties": {
        "gbifID": "1260128376",
        "species": "Prestonia portobellensis",
        "genus": "Prestonia",
        "family": "Apocynaceae",
        "scientificName": "Prestonia portobellensis (Beurl.) Woodson",
        "coordinateUncertaintyInMeters": "",
        "basisOfRecord": "PRESERVED_SPECIMEN",
        "eventDate": "1997-01-22",
        "country": null,
        "datasetName": "Tropicos",
        "publisher": "Missouri Botanical Garden",
        "license": "CC_BY_4_0",
        "issues": [
          "GEODETIC_DATUM_ASSUMED_WGS84",
          "INSTITUTION_MATCH_FUZZY",
          "COLLECTION_MATCH_NONE",
          "TAXON_ID_NOT_FOUND"
        ],
        "media": [
          {
            "url": "https://images.mobot.org/tropicosimages5/detailimages/TropicosImagesVol5/101595000/022C6519-859F-464C-B3AA-C47DC85D4F60.jpg",
            "references": "https://www.tropicos.org/ImageFullView.aspx?imageid=101595394",
            "title": "González Ramírez - 1727 - Costa Rica",
            "creator": "MBG",
            "publisher": null,
            "license": "http://creativecommons.org/licenses/by-nc-sa/3.0/",
            "rightsHolder": "MBG"
          }
        ]
      }
    },
    {
      "type": "Feature",
      "geometry": {
        "type": "Point",
        "coordinates": [
          -97.42821,
          20.05922
        ]
      },
      "properties": {
        "gbifID": "2268961627",
        "species": "Prestonia portobellensis",
        "genus": "Prestonia",
        "family": "Apocynaceae",
        "scientificName": "Prestonia portobellensis (Beurl.) Woodson",
        "coordinateUncertaintyInMeters": "",
        "basisOfRecord": "PRESERVED_SPECIMEN",
        "eventDate": "2016-04-22",
        "country": null,
        "datasetName": "Tropicos",
        "publisher": "Missouri Botanical Garden",
        "license": "CC_BY_4_0",
        "issues": [
          "OCCURRENCE_STATUS_INFERRED_FROM_INDIVIDUAL_COUNT",
          "GEODETIC_DATUM_ASSUMED_WGS84",
          "INSTITUTION_MATCH_FUZZY",
          "COLLECTION_MATCH_NONE",
          "TAXON_ID_NOT_FOUND"
        ],
        "media": [
          {
            "url": "https://images.mobot.org/tropicosimages5/detailimages/TropicosImagesVol5/101442000/E332B230-6BF7-4001-8762-540E7FE532FB.jpg",
            "references": "https://www.tropicos.org/ImageFullView.aspx?imageid=101442829",
            "title": "Jiménez Chimil - 31302 - Mexico",
            "creator": "MBG",
            "publisher": null,
            "license": "http://creativecommons.org/licenses/by-nc-sa/3.0/",
            "rightsHolder": "MBG"
          }
        ]
      }
    },
    {
      "type": "Feature",
      "geometry": {
        "type": "Point",
        "coordinates": [
          -84.878611,
          12.150556
        ]
      },
      "properties": {
        "gbifID": "4032124839",
        "species": "Prestonia portobellensis",
        "genus": "Prestonia",
        "family": "Apocynaceae",
        "scientificName": "Prestonia portobellensis (Beurl.) Woodson",
        "coordinateUncertaintyInMeters": "",
        "basisOfRecord": "PRESERVED_SPECIMEN",
        "eventDate": "2011-05-17",
        "country": null,
        "datasetName": "Tropicos",
        "publisher": "Missouri Botanical Garden",
        "license": "CC_BY_4_0",
        "issues": [
          "OCCURRENCE_STATUS_INFERRED_FROM_INDIVIDUAL_COUNT",
          "COORDINATE_ROUNDED",
          "GEODETIC_DATUM_ASSUMED_WGS84",
          "INSTITUTION_MATCH_FUZZY",
          "COLLECTION_MATCH_NONE",
          "TAXON_ID_NOT_FOUND"
        ],
        "media": [
          {
            "url": "https://images.mobot.org/tropicosimages3/detailimages/TropicosImageVol3/100744000/95B9DC33-A744-4A4E-886C-646A2EF2FAD4.jpg",
            "references": "https://www.tropicos.org/ImageFullView.aspx?imageid=100744531",
            "title": "Stevens - 31658 - Nicaragua",
            "creator": "MBG",
            "publisher": null,
            "license": "http://creativecommons.org/licenses/by-nc-sa/3.0/",
            "rightsHolder": "MBG"
          }
        ]
      }
    },
    {
      "type": "Feature",
      "geometry": {
        "type": "Point",
        "coordinates": [
          -89.93333,
          13.81666
        ]
      },
      "properties": {
        "gbifID": "1259253383",
        "species": "Prestonia portobellensis",
        "genus": "Prestonia",
        "family": "Apocynaceae",
        "scientificName": "Prestonia portobellensis (Beurl.) Woodson",
        "coordinateUncertaintyInMeters": "",
        "basisOfRecord": "PRESERVED_SPECIMEN",
        "eventDate": "1994",
        "country": null,
        "datasetName": "Tropicos",
        "publisher": "Missouri Botanical Garden",
        "license": "CC_BY_4_0",
        "issues": [
          "GEODETIC_DATUM_ASSUMED_WGS84",
          "INSTITUTION_MATCH_FUZZY",
          "COLLECTION_MATCH_NONE",
          "TAXON_ID_NOT_FOUND"
        ],
        "media": [
          {
            "url": "https://images.mobot.org/tropicosimages5/detailimages/TropicosImagesVol5/101595000/7595B69B-3606-456C-869D-8A4D8E10F77C.jpg",
            "references": "https://www.tropicos.org/ImageFullView.aspx?imageid=101595718",
            "title": "Martínez - s.n. - El Salvador",
            "creator": "MBG",
            "publisher": null,
            "license": "http://creativecommons.org/licenses/by-nc-sa/3.0/",
            "rightsHolder": "MBG"
          }
        ]
      }
    },
    {
      "type": "Feature",
      "geometry": {
        "type": "Point",
        "coordinates": [
          -79.91666,
          8.7
        ]
      },
      "properties": {
        "gbifID": "1259255880",
        "species": "Prestonia portobellensis",
        "genus": "Prestonia",
        "family": "Apocynaceae",
        "scientificName": "Prestonia portobellensis (Beurl.) Woodson",
        "coordinateUncertaintyInMeters": "",
        "basisOfRecord": "PRESERVED_SPECIMEN",
        "eventDate": "1967-08-19",
        "country": null,
        "datasetName": "Tropicos",
        "publisher": "Missouri Botanical Garden",
        "license": "CC_BY_4_0",
        "issues": [
          "GEODETIC_DATUM_ASSUMED_WGS84",
          "INSTITUTION_MATCH_FUZZY",
          "COLLECTION_MATCH_NONE",
          "TAXON_ID_NOT_FOUND"
        ],
        "media": [
          {
            "url": "https://images.mobot.org/tropicosimages5/detailimages/TropicosImagesVol5/101439000/9A94C842-F4F4-46AB-BF47-0300FDD3C455.jpg",
            "references": "https://www.tropicos.org/ImageFullView.aspx?imageid=101439386",
            "title": "Kirkbride, Jr. - 244 - Panama",
            "creator": "MBG",
            "publisher": null,
            "license": "http://creativecommons.org/licenses/by-nc-sa/3.0/",
            "rightsHolder": "MBG"
          }
        ]
      }
    },
    {
      "type": "Feature",
      "geometry": {
        "type": "Point",
        "coordinates": [
          -77.95,
          8.66666
        ]
      },
      "properties": {
        "gbifID": "1259806848",
        "species": "Prestonia portobellensis",
        "genus": "Prestonia",
        "family": "Apocynaceae",
        "scientificName": "Prestonia portobellensis (Beurl.) Woodson",
        "coordinateUncertaintyInMeters": "",
        "basisOfRecord": "PRESERVED_SPECIMEN",
        "eventDate": "1966-08-21",
        "country": null,
        "datasetName": "Tropicos",
        "publisher": "Missouri Botanical Garden",
        "license": "CC_BY_4_0",
        "issues": [
          "GEODETIC_DATUM_ASSUMED_WGS84",
          "INSTITUTION_MATCH_FUZZY",
          "COLLECTION_MATCH_NONE",
          "TAXON_ID_NOT_FOUND"
        ],
        "media": [
          {
            "url": "https://images.mobot.org/tropicosimages5/detailimages/TropicosImagesVol5/101439000/BD09EBA9-054E-49B4-9713-060C881801B2.jpg",
            "references": "https://www.tropicos.org/ImageFullView.aspx?imageid=101439514",
            "title": "Duke - 8605 - Panama",
            "creator": "MBG",
            "publisher": null,
            "license": "http://creativecommons.org/licenses/by-nc-sa/3.0/",
            "rightsHolder": "MBG"
          }
        ]
      }
    },
    {
      "type": "Feature",
      "geometry": {
        "type": "Point",
        "coordinates": [
          -84.52,
          10.26
        ]
      },
      "properties": {
        "gbifID": "4031907809",
        "species": "Prestonia portobellensis",
        "genus": "Prestonia",
        "family": "Apocynaceae",
        "scientificName": "Prestonia portobellensis (Beurl.) Woodson",
        "coordinateUncertaintyInMeters": "",
        "basisOfRecord": "PRESERVED_SPECIMEN",
        "eventDate": "1994-06-05",
        "country": null,
        "datasetName": "Tropicos",
        "publisher": "Missouri Botanical Garden",
        "license": "CC_BY_4_0",
        "issues": [
          "OCCURRENCE_STATUS_INFERRED_FROM_INDIVIDUAL_COUNT",
          "GEODETIC_DATUM_ASSUMED_WGS84",
          "INSTITUTION_MATCH_FUZZY",
          "COLLECTION_MATCH_NONE",
          "TAXON_ID_NOT_FOUND"
        ],
        "media": [
          {
            "url": "https://images.mobot.org/tropicosimages5/detailimages/TropicosImagesVol5/101439000/B84CBE36-7502-456B-ADE8-3A8D8F596359.jpg",
            "references": "https://www.tropicos.org/ImageFullView.aspx?imageid=101439357",
            "title": "Morales Quirós - 2904 - Costa Rica",
            "creator": "MBG",
            "publisher": null,
            "license": "http://creativecommons.org/licenses/by-nc-sa/3.0/",
            "rightsHolder": "MBG"
          },
          {
            "url": "https://images.mobot.org/tropicosimages5/detailimages/TropicosImagesVol5/101439000/F66FCAE4-C53B-4A21-96D5-9C7FAB4800D0.jpg",
            "references": "https://www.tropicos.org/ImageFullView.aspx?imageid=101439358",
            "title": "Morales Quirós - 2904 - Costa Rica",
            "creator": "MBG",
            "publisher": null,
            "license": "http://creativecommons.org/licenses/by-nc-sa/3.0/",
            "rightsHolder": "MBG"
          }
        ]
      }
    },
    {
      "type": "Feature",
      "geometry": {
        "type": "Point",
        "coordinates": [
          -83.52,
          8.71
        ]
      },
      "properties": {
        "gbifID": "4031814231",
        "species": "Prestonia portobellensis",
        "genus": "Prestonia",
        "family": "Apocynaceae",
        "scientificName": "Prestonia portobellensis (Beurl.) Woodson",
        "coordinateUncertaintyInMeters": "",
        "basisOfRecord": "PRESERVED_SPECIMEN",
        "eventDate": "1991-01-27",
        "country": null,
        "datasetName": "Tropicos",
        "publisher": "Missouri Botanical Garden",
        "license": "CC_BY_4_0",
        "issues": [
          "OCCURRENCE_STATUS_INFERRED_FROM_INDIVIDUAL_COUNT",
          "GEODETIC_DATUM_ASSUMED_WGS84",
          "INSTITUTION_MATCH_FUZZY",
          "COLLECTION_MATCH_NONE",
          "TAXON_ID_NOT_FOUND"
        ],
        "media": [
          {
            "url": "https://images.mobot.org/tropicosimages5/detailimages/TropicosImagesVol5/101439000/25D9A938-8857-4748-8B32-F2AEBEC956DA.jpg",
            "references": "https://www.tropicos.org/ImageFullView.aspx?imageid=101439483",
            "title": "Herrera Chacón - 4882 - Costa Rica",
            "creator": "MBG",
            "publisher": null,
            "license": "http://creativecommons.org/licenses/by-nc-sa/3.0/",
            "rightsHolder": "MBG"
          }
        ]
      }
    },
    {
      "type": "Feature",
      "geometry": {
        "type": "Point",
        "coordinates": [
          -83.55,
          8.45
        ]
      },
      "properties": {
        "gbifID": "1261118882",
        "species": "Prestonia portobellensis",
        "genus": "Prestonia",
        "family": "Apocynaceae",
        "scientificName": "Prestonia portobellensis (Beurl.) Woodson",
        "coordinateUncertaintyInMeters": "",
        "basisOfRecord": "PRESERVED_SPECIMEN",
        "eventDate": "1988-02-05",
        "country": null,
        "datasetName": "Tropicos",
        "publisher": "Missouri Botanical Garden",
        "license": "CC_BY_4_0",
        "issues": [
          "OCCURRENCE_STATUS_INFERRED_FROM_INDIVIDUAL_COUNT",
          "GEODETIC_DATUM_ASSUMED_WGS84",
          "ELEVATION_NON_NUMERIC",
          "INSTITUTION_MATCH_FUZZY",
          "COLLECTION_MATCH_NONE",
          "TAXON_ID_NOT_FOUND"
        ],
        "media": [
          {
            "url": "https://images.mobot.org/tropicosimages5/detailimages/TropicosImagesVol5/101439000/0A57B850-9C5D-4E7A-82A1-26D558BC1951.jpg",
            "references": "https://www.tropicos.org/ImageFullView.aspx?imageid=101439487",
            "title": "Kernan - 92 - Costa Rica",
            "creator": "MBG",
            "publisher": null,
            "license": "http://creativecommons.org/licenses/by-nc-sa/3.0/",
            "rightsHolder": "MBG"
          }
        ]
      }
    },
    {
      "type": "Feature",
      "geometry": {
        "type": "Point",
        "coordinates": [
          -82.606667,
          8.735
        ]
      },
      "properties": {
        "gbifID": "1259255123",
        "species": "Prestonia portobellensis",
        "genus": "Prestonia",
        "family": "Apocynaceae",
        "scientificName": "Prestonia portobellensis (Beurl.) Woodson",
        "coordinateUncertaintyInMeters": "",
        "basisOfRecord": "PRESERVED_SPECIMEN",
        "eventDate": "1977-06-27",
        "country": null,
        "datasetName": "Tropicos",
        "publisher": "Missouri Botanical Garden",
        "license": "CC_BY_4_0",
        "issues": [
          "OCCURRENCE_STATUS_INFERRED_FROM_INDIVIDUAL_COUNT",
          "COORDINATE_ROUNDED",
          "GEODETIC_DATUM_ASSUMED_WGS84",
          "INSTITUTION_MATCH_FUZZY",
          "COLLECTION_MATCH_NONE",
          "TAXON_ID_NOT_FOUND"
        ],
        "media": [
          {
            "url": "https://images.mobot.org/tropicosimages5/detailimages/TropicosImagesVol5/101439000/BF80941B-01D2-43D1-A7EA-8123302417AA.jpg",
            "references": "https://www.tropicos.org/ImageFullView.aspx?imageid=101439456",
            "title": "Folsom - 3988 - Panama",
            "creator": "MBG",
            "publisher": null,
            "license": "http://creativecommons.org/licenses/by-nc-sa/3.0/",
            "rightsHolder": "MBG"
          }
        ]
      }
    },
    {
      "type": "Feature",
      "geometry": {
        "type": "Point",
        "coordinates": [
          -85.71666,
          12.61666
        ]
      },
      "properties": {
        "gbifID": "4031570877",
        "species": "Prestonia portobellensis",
        "genus": "Prestonia",
        "family": "Apocynaceae",
        "scientificName": "Prestonia portobellensis (Beurl.) Woodson",
        "coordinateUncertaintyInMeters": "",
        "basisOfRecord": "PRESERVED_SPECIMEN",
        "eventDate": "1983-02-11",
        "country": null,
        "datasetName": "Tropicos",
        "publisher": "Missouri Botanical Garden",
        "license": "CC_BY_4_0",
        "issues": [
          "OCCURRENCE_STATUS_INFERRED_FROM_INDIVIDUAL_COUNT",
          "GEODETIC_DATUM_ASSUMED_WGS84",
          "INSTITUTION_MATCH_FUZZY",
          "COLLECTION_MATCH_NONE",
          "TAXON_ID_NOT_FOUND"
        ],
        "media": [
          {
            "url": "https://images.mobot.org/tropicosimages5/detailimages/TropicosImagesVol5/101439000/0D446051-9BCB-407F-893A-7F6010000E15.jpg",
            "references": "https://www.tropicos.org/ImageFullView.aspx?imageid=101439489",
            "title": "Moreno - 20143 - Nicaragua",
            "creator": "MBG",
            "publisher": null,
            "license": "http://creativecommons.org/licenses/by-nc-sa/3.0/",
            "rightsHolder": "MBG"
          }
        ]
      }
    },
    {
      "type": "Feature",
      "geometry": {
        "type": "Point",
        "coordinates": [
          -82.15,
          9.31666
        ]
      },
      "properties": {
        "gbifID": "1259254501",
        "species": "Prestonia portobellensis",
        "genus": "Prestonia",
        "family": "Apocynaceae",
        "scientificName": "Prestonia portobellensis (Beurl.) Woodson",
        "coordinateUncertaintyInMeters": "",
        "basisOfRecord": "PRESERVED_SPECIMEN",
        "eventDate": "1941-02-14",
        "country": null,
        "datasetName": "Tropicos",
        "publisher": "Missouri Botanical Garden",
        "license": "CC_BY_4_0",
        "issues": [
          "GEODETIC_DATUM_ASSUMED_WGS84",
          "ELEVATION_NON_NUMERIC",
          "INSTITUTION_MATCH_FUZZY",
          "COLLECTION_MATCH_NONE",
          "TAXON_ID_NOT_FOUND"
        ],
        "media": [
          {
            "url": "https://images.mobot.org/tropicosimages5/detailimages/TropicosImagesVol5/101439000/21907874-413F-46E8-93DE-DF3728D3EDCD.jpg",
            "references": "https://www.tropicos.org/ImageFullView.aspx?imageid=101439437",
            "title": "von Wedel - 2076 - Panama",
            "creator": "MBG",
            "publisher": null,
            "license": "http://creativecommons.org/licenses/by-nc-sa/3.0/",
            "rightsHolder": "MBG"
          }
        ]
      }
    },
    {
      "type": "Feature",
      "geometry": {
        "type": "Point",
        "coordinates": [
          -82.96,
          9.4
        ]
      },
      "properties": {
        "gbifID": "1261121894",
        "species": "Prestonia portobellensis",
        "genus": "Prestonia",
        "family": "Apocynaceae",
        "scientificName": "Prestonia portobellensis (Beurl.) Woodson",
        "coordinateUncertaintyInMeters": "",
        "basisOfRecord": "PRESERVED_SPECIMEN",
        "eventDate": "1989-07-07",
        "country": null,
        "datasetName": "Tropicos",
        "publisher": "Missouri Botanical Garden",
        "license": "CC_BY_4_0",
        "issues": [
          "OCCURRENCE_STATUS_INFERRED_FROM_INDIVIDUAL_COUNT",
          "GEODETIC_DATUM_ASSUMED_WGS84",
          "INSTITUTION_MATCH_FUZZY",
          "COLLECTION_MATCH_NONE",
          "TAXON_ID_NOT_FOUND"
        ],
        "fallback_media": {
          "url": "https://d2jcv3kl45hlgi.cloudfront.net/3cbfc9b66d986725079a7d37a8f83225.jpg",
          "references": "http://specimens.kew.org/Herbarium/K006231299",
          "title": null,
          "creator": null,
          "publisher": null,
          "license": "http://creativecommons.org/licenses/by/4.0/",
          "rightsHolder": "Royal Botanic Gardens, Kew"
        }
      }
    },
    {
      "type": "Feature",
      "geometry": {
        "type": "Point",
        "coordinates": [
          -80.6825,
          9.003889
        ]
      },
      "properties": {
        "gbifID": "1260883198",
        "species": "Prestonia portobellensis",
        "genus": "Prestonia",
        "family": "Apocynaceae",
        "scientificName": "Prestonia portobellensis (Beurl.) Woodson",
        "coordinateUncertaintyInMeters": "",
        "basisOfRecord": "PRESERVED_SPECIMEN",
        "eventDate": "2008-03-01",
        "country": null,
        "datasetName": "Tropicos",
        "publisher": "Missouri Botanical Garden",
        "license": "CC_BY_4_0",
        "issues": [
          "OCCURRENCE_STATUS_INFERRED_FROM_INDIVIDUAL_COUNT",
          "COORDINATE_ROUNDED",
          "GEODETIC_DATUM_ASSUMED_WGS84",
          "INSTITUTION_MATCH_FUZZY",
          "COLLECTION_MATCH_NONE",
          "TAXON_ID_NOT_FOUND"
        ],
        "media": [
          {
            "url": "https://images.mobot.org/tropicosimages5/detailimages/TropicosImagesVol5/101595000/31CB2075-F42E-4E45-A596-40BD757478D6.jpg",
            "references": "https://www.tropicos.org/ImageFullView.aspx?imageid=101595502",
            "title": "McPherson - 20391 - Panama",
            "creator": "MBG",
            "publisher": null,
            "license": "http://creativecommons.org/licenses/by-nc-sa/3.0/",
            "rightsHolder": "MBG"
          }
        ]
      }
    },
    {
      "type": "Feature",
      "geometry": {
        "type": "Point",
        "coordinates": [
          -83.52833,
          10.59166
        ]
      },
      "properties": {
        "gbifID": "1261119919",
        "species": "Prestonia portobellensis",
        "genus": "Prestonia",
        "family": "Apocynaceae",
        "scientificName": "Prestonia portobellensis (Beurl.) Woodson",
        "coordinateUncertaintyInMeters": "",
        "basisOfRecord": "PRESERVED_SPECIMEN",
        "eventDate": "1990-10-25",
        "country": null,
        "datasetName": "Tropicos",
        "publisher": "Missouri Botanical Garden",
        "license": "CC_BY_4_0",
        "issues": [
          "OCCURRENCE_STATUS_INFERRED_FROM_INDIVIDUAL_COUNT",
          "GEODETIC_DATUM_ASSUMED_WGS84",
          "INSTITUTION_MATCH_FUZZY",
          "COLLECTION_MATCH_NONE",
          "TAXON_ID_NOT_FOUND"
        ],
        "fallback_media": {
          "url": "https://d2jcv3kl45hlgi.cloudfront.net/3cbfc9b66d986725079a7d37a8f83225.jpg",
          "references": "http://specimens.kew.org/Herbarium/K006231299",
          "title": null,
          "creator": null,
          "publisher": null,
          "license": "http://creativecommons.org/licenses/by/4.0/",
          "rightsHolder": "Royal Botanic Gardens, Kew"
        }
      }
    },
    {
      "type": "Feature",
      "geometry": {
        "type": "Point",
        "coordinates": [
          -84.003611,
          10.431389
        ]
      },
      "properties": {
        "gbifID": "4032077644",
        "species": "Prestonia portobellensis",
        "genus": "Prestonia",
        "family": "Apocynaceae",
        "scientificName": "Prestonia portobellensis (Beurl.) Woodson",
        "coordinateUncertaintyInMeters": "",
        "basisOfRecord": "PRESERVED_SPECIMEN",
        "eventDate": "1986-09-12",
        "country": null,
        "datasetName": "Tropicos",
        "publisher": "Missouri Botanical Garden",
        "license": "CC_BY_4_0",
        "issues": [
          "OCCURRENCE_STATUS_INFERRED_FROM_INDIVIDUAL_COUNT",
          "COORDINATE_ROUNDED",
          "GEODETIC_DATUM_ASSUMED_WGS84",
          "INSTITUTION_MATCH_FUZZY",
          "COLLECTION_MATCH_NONE",
          "TAXON_ID_NOT_FOUND"
        ],
        "fallback_media": {
          "url": "https://d2jcv3kl45hlgi.cloudfront.net/3cbfc9b66d986725079a7d37a8f83225.jpg",
          "references": "http://specimens.kew.org/Herbarium/K006231299",
          "title": null,
          "creator": null,
          "publisher": null,
          "license": "http://creativecommons.org/licenses/by/4.0/",
          "rightsHolder": "Royal Botanic Gardens, Kew"
        }
      }
    },
    {
      "type": "Feature",
      "geometry": {
        "type": "Point",
        "coordinates": [
          -84.61666,
          14.05
        ]
      },
      "properties": {
        "gbifID": "1259149462",
        "species": "Prestonia portobellensis",
        "genus": "Prestonia",
        "family": "Apocynaceae",
        "scientificName": "Prestonia portobellensis (Beurl.) Woodson",
        "coordinateUncertaintyInMeters": "",
        "basisOfRecord": "PRESERVED_SPECIMEN",
        "eventDate": "1978-05-13",
        "country": null,
        "datasetName": "Tropicos",
        "publisher": "Missouri Botanical Garden",
        "license": "CC_BY_4_0",
        "issues": [
          "GEODETIC_DATUM_ASSUMED_WGS84",
          "INSTITUTION_MATCH_FUZZY",
          "COLLECTION_MATCH_NONE",
          "TAXON_ID_NOT_FOUND"
        ],
        "media": [
          {
            "url": "https://images.mobot.org/tropicosimages5/detailimages/TropicosImagesVol5/101439000/711C38CD-E7B0-4AD5-BC7D-B0E45BC3163B.jpg",
            "references": "https://www.tropicos.org/ImageFullView.aspx?imageid=101439494",
            "title": "Neill - 4003 - Nicaragua",
            "creator": "MBG",
            "publisher": null,
            "license": "http://creativecommons.org/licenses/by-nc-sa/3.0/",
            "rightsHolder": "MBG"
          }
        ]
      }
    },
    {
      "type": "Feature",
      "geometry": {
        "type": "Point",
        "coordinates": [
          -79.41694,
          9.16666
        ]
      },
      "properties": {
        "gbifID": "1259252182",
        "species": "Prestonia portobellensis",
        "genus": "Prestonia",
        "family": "Apocynaceae",
        "scientificName": "Prestonia portobellensis (Beurl.) Woodson",
        "coordinateUncertaintyInMeters": "",
        "basisOfRecord": "PRESERVED_SPECIMEN",
        "eventDate": "1974-12-18",
        "country": null,
        "datasetName": "Tropicos",
        "publisher": "Missouri Botanical Garden",
        "license": "CC_BY_4_0",
        "issues": [
          "GEODETIC_DATUM_ASSUMED_WGS84",
          "INSTITUTION_MATCH_FUZZY",
          "COLLECTION_MATCH_NONE",
          "TAXON_ID_NOT_FOUND"
        ],
        "media": [
          {
            "url": "https://images.mobot.org/tropicosimages5/detailimages/TropicosImagesVol5/101595000/AD344A10-46A9-4A02-8E8B-71CA724C3818.jpg",
            "references": "https://www.tropicos.org/ImageFullView.aspx?imageid=101595700",
            "title": "Mori - 3785 - Panama",
            "creator": "MBG",
            "publisher": null,
            "license": "http://creativecommons.org/licenses/by-nc-sa/3.0/",
            "rightsHolder": "MBG"
          }
        ]
      }
    },
    {
      "type": "Feature",
      "geometry": {
        "type": "Point",
        "coordinates": [
          -80.9825,
          7.886944
        ]
      },
      "properties": {
        "gbifID": "1259255346",
        "species": "Prestonia portobellensis",
        "genus": "Prestonia",
        "family": "Apocynaceae",
        "scientificName": "Prestonia portobellensis (Beurl.) Woodson",
        "coordinateUncertaintyInMeters": "",
        "basisOfRecord": "PRESERVED_SPECIMEN",
        "eventDate": "1986-12-21",
        "country": null,
        "datasetName": "Tropicos",
        "publisher": "Missouri Botanical Garden",
        "license": "CC_BY_4_0",
        "issues": [
          "OCCURRENCE_STATUS_INFERRED_FROM_INDIVIDUAL_COUNT",
          "COORDINATE_ROUNDED",
          "GEODETIC_DATUM_ASSUMED_WGS84",
          "INSTITUTION_MATCH_FUZZY",
          "COLLECTION_MATCH_NONE",
          "TAXON_ID_NOT_FOUND"
        ],
        "media": [
          {
            "url": "https://images.mobot.org/tropicosimages5/detailimages/TropicosImagesVol5/101595000/2F461DEF-CE45-44D1-B661-7200C02FA1F5.jpg",
            "references": "https://www.tropicos.org/ImageFullView.aspx?imageid=101595692",
            "title": "Rodríguez A. - 74 - Panama",
            "creator": "MBG",
            "publisher": null,
            "license": "http://creativecommons.org/licenses/by-nc-sa/3.0/",
            "rightsHolder": "MBG"
          }
        ]
      }
    },
    {
      "type": "Feature",
      "geometry": {
        "type": "Point",
        "coordinates": [
          -80.019167,
          9.222778
        ]
      },
      "properties": {
        "gbifID": "1259252676",
        "species": "Prestonia portobellensis",
        "genus": "Prestonia",
        "family": "Apocynaceae",
        "scientificName": "Prestonia portobellensis (Beurl.) Woodson",
        "coordinateUncertaintyInMeters": "",
        "basisOfRecord": "PRESERVED_SPECIMEN",
        "eventDate": "1966-07-12",
        "country": null,
        "datasetName": "Tropicos",
        "publisher": "Missouri Botanical Garden",
        "license": "CC_BY_4_0",
        "issues": [
          "OCCURRENCE_STATUS_INFERRED_FROM_INDIVIDUAL_COUNT",
          "COORDINATE_ROUNDED",
          "GEODETIC_DATUM_ASSUMED_WGS84",
          "INSTITUTION_MATCH_FUZZY",
          "COLLECTION_MATCH_NONE",
          "TAXON_ID_NOT_FOUND"
        ],
        "media": [
          {
            "url": "https://images.mobot.org/tropicosimages5/detailimages/TropicosImagesVol5/101439000/93B202B0-BF18-4423-9719-8AF7C7741C26.jpg",
            "references": "https://www.tropicos.org/ImageFullView.aspx?imageid=101439396",
            "title": "Tyson - 4527 - Panama",
            "creator": "MBG",
            "publisher": null,
            "license": "http://creativecommons.org/licenses/by-nc-sa/3.0/",
            "rightsHolder": "MBG"
          }
        ]
      }
    },
    {
      "type": "Feature",
      "geometry": {
        "type": "Point",
        "coordinates": [
          -83.51,
          8.7
        ]
      },
      "properties": {
        "gbifID": "4031508984",
        "species": "Prestonia portobellensis",
        "genus": "Prestonia",
        "family": "Apocynaceae",
        "scientificName": "Prestonia portobellensis (Beurl.) Woodson",
        "coordinateUncertaintyInMeters": "",
        "basisOfRecord": "PRESERVED_SPECIMEN",
        "eventDate": "1993-08-10",
        "country": null,
        "datasetName": "Tropicos",
        "publisher": "Missouri Botanical Garden",
        "license": "CC_BY_4_0",
        "issues": [
          "OCCURRENCE_STATUS_INFERRED_FROM_INDIVIDUAL_COUNT",
          "GEODETIC_DATUM_ASSUMED_WGS84",
          "INSTITUTION_MATCH_FUZZY",
          "COLLECTION_MATCH_NONE",
          "TAXON_ID_NOT_FOUND"
        ],
        "media": [
          {
            "url": "https://images.mobot.org/tropicosimages5/detailimages/TropicosImagesVol5/101595000/A82CB4E1-21AE-4427-AC1E-090D3228FB58.jpg",
            "references": "https://www.tropicos.org/ImageFullView.aspx?imageid=101595518",
            "title": "Aguilar Fernández - 2104 - Costa Rica",
            "creator": "MBG",
            "publisher": null,
            "license": "http://creativecommons.org/licenses/by-nc-sa/3.0/",
            "rightsHolder": "MBG"
          }
        ]
      }
    },
    {
      "type": "Feature",
      "geometry": {
        "type": "Point",
        "coordinates": [
          -76.86388,
          4.87833
        ]
      },
      "properties": {
        "gbifID": "1259097780",
        "species": "Prestonia portobellensis",
        "genus": "Prestonia",
        "family": "Apocynaceae",
        "scientificName": "Prestonia portobellensis (Beurl.) Woodson",
        "coordinateUncertaintyInMeters": "",
        "basisOfRecord": "PRESERVED_SPECIMEN",
        "eventDate": "1976-08-14",
        "country": null,
        "datasetName": "Tropicos",
        "publisher": "Missouri Botanical Garden",
        "license": "CC_BY_4_0",
        "issues": [
          "OCCURRENCE_STATUS_INFERRED_FROM_INDIVIDUAL_COUNT",
          "GEODETIC_DATUM_ASSUMED_WGS84",
          "INSTITUTION_MATCH_FUZZY",
          "COLLECTION_MATCH_NONE",
          "TAXON_ID_NOT_FOUND"
        ],
        "media": [
          {
            "url": "https://images.mobot.org/tropicosimages5/detailimages/TropicosImagesVol5/101456000/C47CA917-8F9F-441E-B832-626125806AA8.jpg",
            "references": "https://www.tropicos.org/ImageFullView.aspx?imageid=101456535",
            "title": "Gentry - 17684 - Colombia",
            "creator": "MBG",
            "publisher": null,
            "license": "http://creativecommons.org/licenses/by-nc-sa/3.0/",
            "rightsHolder": "MBG"
          }
        ]
      }
    },
    {
      "type": "Feature",
      "geometry": {
        "type": "Point",
        "coordinates": [
          -84.325,
          12.15833
        ]
      },
      "properties": {
        "gbifID": "1261124465",
        "species": "Prestonia portobellensis",
        "genus": "Prestonia",
        "family": "Apocynaceae",
        "scientificName": "Prestonia portobellensis (Beurl.) Woodson",
        "coordinateUncertaintyInMeters": "",
        "basisOfRecord": "PRESERVED_SPECIMEN",
        "eventDate": "1985-02-13",
        "country": null,
        "datasetName": "Tropicos",
        "publisher": "Missouri Botanical Garden",
        "license": "CC_BY_4_0",
        "issues": [
          "OCCURRENCE_STATUS_INFERRED_FROM_INDIVIDUAL_COUNT",
          "GEODETIC_DATUM_ASSUMED_WGS84",
          "INSTITUTION_MATCH_FUZZY",
          "COLLECTION_MATCH_NONE",
          "TAXON_ID_NOT_FOUND"
        ],
        "media": [
          {
            "url": "https://images.mobot.org/tropicosimages5/detailimages/TropicosImagesVol5/101439000/7E33EC93-3405-439B-9676-1E27B14AA5A3.jpg",
            "references": "https://www.tropicos.org/ImageFullView.aspx?imageid=101439498",
            "title": "Soza - 452 - Nicaragua",
            "creator": "MBG",
            "publisher": null,
            "license": "http://creativecommons.org/licenses/by-nc-sa/3.0/",
            "rightsHolder": "MBG"
          }
        ]
      }
    },
    {
      "type": "Feature",
      "geometry": {
        "type": "Point",
        "coordinates": [
          -85.312333,
          12.3005
        ]
      },
      "properties": {
        "gbifID": "4031462833",
        "species": "Prestonia portobellensis",
        "genus": "Prestonia",
        "family": "Apocynaceae",
        "scientificName": "Prestonia portobellensis (Beurl.) Woodson",
        "coordinateUncertaintyInMeters": "",
        "basisOfRecord": "PRESERVED_SPECIMEN",
        "eventDate": "2015-08-24",
        "country": null,
        "datasetName": "Tropicos",
        "publisher": "Missouri Botanical Garden",
        "license": "CC_BY_4_0",
        "issues": [
          "OCCURRENCE_STATUS_INFERRED_FROM_INDIVIDUAL_COUNT",
          "COORDINATE_ROUNDED",
          "GEODETIC_DATUM_ASSUMED_WGS84",
          "INSTITUTION_MATCH_FUZZY",
          "COLLECTION_MATCH_NONE",
          "TAXON_ID_NOT_FOUND"
        ],
        "media": [
          {
            "url": "https://images.mobot.org/tropicosimages5/detailimages/TropicosImagesVol5/101595000/2721D611-68A2-4B79-A161-541EACAD6B1E.jpg",
            "references": "https://www.tropicos.org/ImageFullView.aspx?imageid=101595545",
            "title": "Stevens - 36880 - Nicaragua",
            "creator": "MBG",
            "publisher": null,
            "license": "http://creativecommons.org/licenses/by-nc-sa/3.0/",
            "rightsHolder": "MBG"
          }
        ]
      }
    },
    {
      "type": "Feature",
      "geometry": {
        "type": "Point",
        "coordinates": [
          -79.733333,
          0.35
        ]
      },
      "properties": {
        "gbifID": "4031539272",
        "species": "Prestonia portobellensis",
        "genus": "Prestonia",
        "family": "Apocynaceae",
        "scientificName": "Prestonia portobellensis (Beurl.) Woodson",
        "coordinateUncertaintyInMeters": "",
        "basisOfRecord": "PRESERVED_SPECIMEN",
        "eventDate": "1996-10-04",
        "country": null,
        "datasetName": "Tropicos",
        "publisher": "Missouri Botanical Garden",
        "license": "CC_BY_4_0",
        "issues": [
          "OCCURRENCE_STATUS_INFERRED_FROM_INDIVIDUAL_COUNT",
          "COORDINATE_ROUNDED",
          "GEODETIC_DATUM_ASSUMED_WGS84",
          "INSTITUTION_MATCH_FUZZY",
          "COLLECTION_MATCH_NONE",
          "TAXON_ID_NOT_FOUND"
        ],
        "fallback_media": {
          "url": "https://d2jcv3kl45hlgi.cloudfront.net/3cbfc9b66d986725079a7d37a8f83225.jpg",
          "references": "http://specimens.kew.org/Herbarium/K006231299",
          "title": null,
          "creator": null,
          "publisher": null,
          "license": "http://creativecommons.org/licenses/by/4.0/",
          "rightsHolder": "Royal Botanic Gardens, Kew"
        }
      }
    },
    {
      "type": "Feature",
      "geometry": {
        "type": "Point",
        "coordinates": [
          -93.076389,
          17.551111
        ]
      },
      "properties": {
        "gbifID": "1259182393",
        "species": "Prestonia portobellensis",
        "genus": "Prestonia",
        "family": "Apocynaceae",
        "scientificName": "Prestonia portobellensis (Beurl.) Woodson",
        "coordinateUncertaintyInMeters": "",
        "basisOfRecord": "PRESERVED_SPECIMEN",
        "eventDate": "1973-05-09",
        "country": null,
        "datasetName": "Tropicos",
        "publisher": "Missouri Botanical Garden",
        "license": "CC_BY_4_0",
        "issues": [
          "OCCURRENCE_STATUS_INFERRED_FROM_INDIVIDUAL_COUNT",
          "COORDINATE_ROUNDED",
          "GEODETIC_DATUM_ASSUMED_WGS84",
          "INSTITUTION_MATCH_FUZZY",
          "COLLECTION_MATCH_NONE",
          "TAXON_ID_NOT_FOUND"
        ],
        "media": [
          {
            "url": "https://images.mobot.org/tropicosimages5/detailimages/TropicosImagesVol5/101439000/5820EB0C-E0C2-4223-B21C-E62B988492AC.jpg",
            "references": "https://www.tropicos.org/ImageFullView.aspx?imageid=101439385",
            "title": "Breedlove - 34918 - Mexico",
            "creator": "MBG",
            "publisher": null,
            "license": "http://creativecommons.org/licenses/by-nc-sa/3.0/",
            "rightsHolder": "MBG"
          }
        ]
      }
    },
    {
      "type": "Feature",
      "geometry": {
        "type": "Point",
        "coordinates": [
          -79.38416,
          9.21527
        ]
      },
      "properties": {
        "gbifID": "1259254568",
        "species": "Prestonia portobellensis",
        "genus": "Prestonia",
        "family": "Apocynaceae",
        "scientificName": "Prestonia portobellensis (Beurl.) Woodson",
        "coordinateUncertaintyInMeters": "",
        "basisOfRecord": "PRESERVED_SPECIMEN",
        "eventDate": "1977-03-11",
        "country": null,
        "datasetName": "Tropicos",
        "publisher": "Missouri Botanical Garden",
        "license": "CC_BY_4_0",
        "issues": [
          "GEODETIC_DATUM_ASSUMED_WGS84",
          "INSTITUTION_MATCH_FUZZY",
          "COLLECTION_MATCH_NONE",
          "TAXON_ID_NOT_FOUND"
        ],
        "media": [
          {
            "url": "https://images.mobot.org/tropicosimages5/detailimages/TropicosImagesVol5/101595000/5E02CCB5-1C9B-4440-B3C2-2B75B4F45839.jpg",
            "references": "https://www.tropicos.org/ImageFullView.aspx?imageid=101595701",
            "title": "Folsom - 1955 - Panama",
            "creator": "MBG",
            "publisher": null,
            "license": "http://creativecommons.org/licenses/by-nc-sa/3.0/",
            "rightsHolder": "MBG"
          }
        ]
      }
    },
    {
      "type": "Feature",
      "geometry": {
        "type": "Point",
        "coordinates": [
          -82.97,
          8.78
        ]
      },
      "properties": {
        "gbifID": "1261121117",
        "species": "Prestonia portobellensis",
        "genus": "Prestonia",
        "family": "Apocynaceae",
        "scientificName": "Prestonia portobellensis (Beurl.) Woodson",
        "coordinateUncertaintyInMeters": "",
        "basisOfRecord": "PRESERVED_SPECIMEN",
        "eventDate": "1990-02-08",
        "country": null,
        "datasetName": "Tropicos",
        "publisher": "Missouri Botanical Garden",
        "license": "CC_BY_4_0",
        "issues": [
          "OCCURRENCE_STATUS_INFERRED_FROM_INDIVIDUAL_COUNT",
          "GEODETIC_DATUM_ASSUMED_WGS84",
          "INSTITUTION_MATCH_FUZZY",
          "COLLECTION_MATCH_NONE",
          "TAXON_ID_NOT_FOUND"
        ],
        "media": [
          {
            "url": "https://images.mobot.org/tropicosimages5/detailimages/TropicosImagesVol5/101439000/90D5AD9D-6005-4F35-A0CE-E7CC925A4405.jpg",
            "references": "https://www.tropicos.org/ImageFullView.aspx?imageid=101439502",
            "title": "Gómez-Laurito - 11912 - Costa Rica",
            "creator": "MBG",
            "publisher": null,
            "license": "http://creativecommons.org/licenses/by-nc-sa/3.0/",
            "rightsHolder": "MBG"
          }
        ]
      }
    },
    {
      "type": "Feature",
      "geometry": {
        "type": "Point",
        "coordinates": [
          -83.44,
          8.65
        ]
      },
      "properties": {
        "gbifID": "1258582111",
        "species": "Prestonia portobellensis",
        "genus": "Prestonia",
        "family": "Apocynaceae",
        "scientificName": "Prestonia portobellensis (Beurl.) Woodson",
        "coordinateUncertaintyInMeters": "",
        "basisOfRecord": "PRESERVED_SPECIMEN",
        "eventDate": "1995-03-15",
        "country": null,
        "datasetName": "Tropicos",
        "publisher": "Missouri Botanical Garden",
        "license": "CC_BY_4_0",
        "issues": [
          "GEODETIC_DATUM_ASSUMED_WGS84",
          "INSTITUTION_MATCH_FUZZY",
          "COLLECTION_MATCH_NONE",
          "TAXON_ID_NOT_FOUND"
        ],
        "media": [
          {
            "url": "https://images.mobot.org/tropicosimages5/detailimages/TropicosImagesVol5/101439000/85FC3CD9-BB09-4377-A814-740804926B8D.jpg",
            "references": "https://www.tropicos.org/ImageFullView.aspx?imageid=101439353",
            "title": "Angulo Angulo - 133 - Costa Rica",
            "creator": "MBG",
            "publisher": null,
            "license": "http://creativecommons.org/licenses/by-nc-sa/3.0/",
            "rightsHolder": "MBG"
          }
        ]
      }
    },
    {
      "type": "Feature",
      "geometry": {
        "type": "Point",
        "coordinates": [
          -95.05,
          18.59
        ]
      },
      "properties": {
        "gbifID": "1258713190",
        "species": "Prestonia portobellensis",
        "genus": "Prestonia",
        "family": "Apocynaceae",
        "scientificName": "Prestonia portobellensis (Beurl.) Woodson",
        "coordinateUncertaintyInMeters": "",
        "basisOfRecord": "PRESERVED_SPECIMEN",
        "eventDate": "1981-06-01",
        "country": null,
        "datasetName": "Tropicos",
        "publisher": "Missouri Botanical Garden",
        "license": "CC_BY_4_0",
        "issues": [
          "OCCURRENCE_STATUS_INFERRED_FROM_INDIVIDUAL_COUNT",
          "GEODETIC_DATUM_ASSUMED_WGS84",
          "INSTITUTION_MATCH_FUZZY",
          "COLLECTION_MATCH_NONE",
          "TAXON_ID_NOT_FOUND"
        ],
        "media": [
          {
            "url": "https://images.mobot.org/tropicosimages5/detailimages/TropicosImagesVol5/101439000/C1C3B260-1714-4BED-9826-41A2FA521400.jpg",
            "references": "https://www.tropicos.org/ImageFullView.aspx?imageid=101439370",
            "title": "Gentry - 32569 - Mexico",
            "creator": "MBG",
            "publisher": null,
            "license": "http://creativecommons.org/licenses/by-nc-sa/3.0/",
            "rightsHolder": "MBG"
          }
        ]
      }
    },
    {
      "type": "Feature",
      "geometry": {
        "type": "Point",
        "coordinates": [
          -79.41638,
          9.16722
        ]
      },
      "properties": {
        "gbifID": "1259252800",
        "species": "Prestonia portobellensis",
        "genus": "Prestonia",
        "family": "Apocynaceae",
        "scientificName": "Prestonia portobellensis (Beurl.) Woodson",
        "coordinateUncertaintyInMeters": "",
        "basisOfRecord": "PRESERVED_SPECIMEN",
        "eventDate": "1962-07-17",
        "country": null,
        "datasetName": "Tropicos",
        "publisher": "Missouri Botanical Garden",
        "license": "CC_BY_4_0",
        "issues": [
          "GEODETIC_DATUM_ASSUMED_WGS84",
          "INSTITUTION_MATCH_FUZZY",
          "COLLECTION_MATCH_NONE",
          "TAXON_ID_NOT_FOUND"
        ],
        "media": [
          {
            "url": "https://images.mobot.org/tropicosimages5/detailimages/TropicosImagesVol5/101595000/0D743565-4874-40C7-95C0-75C39DA5A981.jpg",
            "references": "https://www.tropicos.org/ImageFullView.aspx?imageid=101595676",
            "title": "Dwyer - 2067 - Panama",
            "creator": "MBG",
            "publisher": null,
            "license": "http://creativecommons.org/licenses/by-nc-sa/3.0/",
            "rightsHolder": "MBG"
          }
        ]
      }
    },
    {
      "type": "Feature",
      "geometry": {
        "type": "Point",
        "coordinates": [
          -82.0,
          9.05
        ]
      },
      "properties": {
        "gbifID": "1259254874",
        "species": "Prestonia portobellensis",
        "genus": "Prestonia",
        "family": "Apocynaceae",
        "scientificName": "Prestonia portobellensis (Beurl.) Woodson",
        "coordinateUncertaintyInMeters": "",
        "basisOfRecord": "PRESERVED_SPECIMEN",
        "eventDate": "1940-10-19",
        "country": null,
        "datasetName": "Tropicos",
        "publisher": "Missouri Botanical Garden",
        "license": "CC_BY_4_0",
        "issues": [
          "OCCURRENCE_STATUS_INFERRED_FROM_INDIVIDUAL_COUNT",
          "GEODETIC_DATUM_ASSUMED_WGS84",
          "CONTINENT_COORDINATE_MISMATCH",
          "INSTITUTION_MATCH_FUZZY",
          "COLLECTION_MATCH_NONE",
          "TAXON_ID_NOT_FOUND"
        ],
        "media": [
          {
            "url": "https://images.mobot.org/tropicosimages5/detailimages/TropicosImagesVol5/101439000/21FC06DF-C1C4-4151-AB1A-B9A18140DA12.jpg",
            "references": "https://www.tropicos.org/ImageFullView.aspx?imageid=101439458",
            "title": "von Wedel - 1262 - Panama",
            "creator": "MBG",
            "publisher": null,
            "license": "http://creativecommons.org/licenses/by-nc-sa/3.0/",
            "rightsHolder": "MBG"
          }
        ]
      }
    },
    {
      "type": "Feature",
      "geometry": {
        "type": "Point",
        "coordinates": [
          -83.45277,
          9.97222
        ]
      },
      "properties": {
        "gbifID": "1260141352",
        "species": "Prestonia portobellensis",
        "genus": "Prestonia",
        "family": "Apocynaceae",
        "scientificName": "Prestonia portobellensis (Beurl.) Woodson",
        "coordinateUncertaintyInMeters": "",
        "basisOfRecord": "PRESERVED_SPECIMEN",
        "eventDate": "2000-11-22",
        "country": null,
        "datasetName": "Tropicos",
        "publisher": "Missouri Botanical Garden",
        "license": "CC_BY_4_0",
        "issues": [
          "GEODETIC_DATUM_ASSUMED_WGS84",
          "INSTITUTION_MATCH_FUZZY",
          "COLLECTION_MATCH_NONE",
          "TAXON_ID_NOT_FOUND"
        ],
        "media": [
          {
            "url": "https://images.mobot.org/tropicosimages5/detailimages/TropicosImagesVol5/101439000/AD3DF23C-C6B5-4350-931C-DA015E8A25AC.jpg",
            "references": "https://www.tropicos.org/ImageFullView.aspx?imageid=101439330",
            "title": "Mora Castro - 1743 - Costa Rica",
            "creator": "MBG",
            "publisher": null,
            "license": "http://creativecommons.org/licenses/by-nc-sa/3.0/",
            "rightsHolder": "MBG"
          }
        ]
      }
    },
    {
      "type": "Feature",
      "geometry": {
        "type": "Point",
        "coordinates": [
          -84.11666,
          11.26666
        ]
      },
      "properties": {
        "gbifID": "1261859260",
        "species": "Prestonia portobellensis",
        "genus": "Prestonia",
        "family": "Apocynaceae",
        "scientificName": "Prestonia portobellensis (Beurl.) Woodson",
        "coordinateUncertaintyInMeters": "",
        "basisOfRecord": "PRESERVED_SPECIMEN",
        "eventDate": "1995-01-08",
        "country": null,
        "datasetName": "Tropicos",
        "publisher": "Missouri Botanical Garden",
        "license": "CC_BY_4_0",
        "issues": [
          "OCCURRENCE_STATUS_INFERRED_FROM_INDIVIDUAL_COUNT",
          "GEODETIC_DATUM_ASSUMED_WGS84",
          "INSTITUTION_MATCH_FUZZY",
          "COLLECTION_MATCH_NONE",
          "TAXON_ID_NOT_FOUND"
        ],
        "media": [
          {
            "url": "https://images.mobot.org/tropicosimages5/detailimages/TropicosImagesVol5/101439000/5D326AAB-0E57-45B9-81F8-EC5F86B4D00A.jpg",
            "references": "https://www.tropicos.org/ImageFullView.aspx?imageid=101439499",
            "title": "Rueda - 2634 - Nicaragua",
            "creator": "MBG",
            "publisher": null,
            "license": "http://creativecommons.org/licenses/by-nc-sa/3.0/",
            "rightsHolder": "MBG"
          }
        ]
      }
    },
    {
      "type": "Feature",
      "geometry": {
        "type": "Point",
        "coordinates": [
          -87.426111,
          15.773889
        ]
      },
      "properties": {
        "gbifID": "1259253867",
        "species": "Prestonia portobellensis",
        "genus": "Prestonia",
        "family": "Apocynaceae",
        "scientificName": "Prestonia portobellensis (Beurl.) Woodson",
        "coordinateUncertaintyInMeters": "",
        "basisOfRecord": "PRESERVED_SPECIMEN",
        "eventDate": "1981-08-15",
        "country": null,
        "datasetName": "Tropicos",
        "publisher": "Missouri Botanical Garden",
        "license": "CC_BY_4_0",
        "issues": [
          "OCCURRENCE_STATUS_INFERRED_FROM_INDIVIDUAL_COUNT",
          "COORDINATE_ROUNDED",
          "GEODETIC_DATUM_ASSUMED_WGS84",
          "INSTITUTION_MATCH_FUZZY",
          "COLLECTION_MATCH_NONE",
          "TAXON_ID_NOT_FOUND"
        ],
        "media": [
          {
            "url": "https://images.mobot.org/tropicosimages5/detailimages/TropicosImagesVol5/101439000/D4C3FEE8-0CB1-44AE-B9A6-7F821DFBE7DF.jpg",
            "references": "https://www.tropicos.org/ImageFullView.aspx?imageid=101439407",
            "title": "Escobar N. - 24 - Honduras",
            "creator": "MBG",
            "publisher": null,
            "license": "http://creativecommons.org/licenses/by-nc-sa/3.0/",
            "rightsHolder": "MBG"
          }
        ]
      }
    },
    {
      "type": "Feature",
      "geometry": {
        "type": "Point",
        "coordinates": [
          -79.85194,
          9.16861
        ]
      },
      "properties": {
        "gbifID": "1259256274",
        "species": "Prestonia portobellensis",
        "genus": "Prestonia",
        "family": "Apocynaceae",
        "scientificName": "Prestonia portobellensis (Beurl.) Woodson",
        "coordinateUncertaintyInMeters": "",
        "basisOfRecord": "PRESERVED_SPECIMEN",
        "eventDate": "1970-04-21",
        "country": null,
        "datasetName": "Tropicos",
        "publisher": "Missouri Botanical Garden",
        "license": "CC_BY_4_0",
        "issues": [
          "GEODETIC_DATUM_ASSUMED_WGS84",
          "INSTITUTION_MATCH_FUZZY",
          "COLLECTION_MATCH_NONE",
          "TAXON_ID_NOT_FOUND"
        ],
        "media": [
          {
            "url": "https://images.mobot.org/tropicosimages5/detailimages/TropicosImagesVol5/101595000/4E36AF55-E26A-4780-83FF-41D360821D0F.jpg",
            "references": "https://www.tropicos.org/ImageFullView.aspx?imageid=101595698",
            "title": "D'Arcy - 4294 - Panama",
            "creator": "MBG",
            "publisher": null,
            "license": "http://creativecommons.org/licenses/by-nc-sa/3.0/",
            "rightsHolder": "MBG"
          }
        ]
      }
    },
    {
      "type": "Feature",
      "geometry": {
        "type": "Point",
        "coordinates": [
          -83.71666,
          10.48333
        ]
      },
      "properties": {
        "gbifID": "1260128830",
        "species": "Prestonia portobellensis",
        "genus": "Prestonia",
        "family": "Apocynaceae",
        "scientificName": "Prestonia portobellensis (Beurl.) Woodson",
        "coordinateUncertaintyInMeters": "",
        "basisOfRecord": "PRESERVED_SPECIMEN",
        "eventDate": "1997-04-18",
        "country": null,
        "datasetName": "Tropicos",
        "publisher": "Missouri Botanical Garden",
        "license": "CC_BY_4_0",
        "issues": [
          "GEODETIC_DATUM_ASSUMED_WGS84",
          "INSTITUTION_MATCH_FUZZY",
          "COLLECTION_MATCH_NONE",
          "TAXON_ID_NOT_FOUND"
        ],
        "media": [
          {
            "url": "https://images.mobot.org/tropicosimages5/detailimages/TropicosImagesVol5/101595000/F0031B11-1CBD-45E0-A86E-C34026F98561.jpg",
            "references": "https://www.tropicos.org/ImageFullView.aspx?imageid=101595395",
            "title": "Jiménez Madrigal - 2288 - Costa Rica",
            "creator": "MBG",
            "publisher": null,
            "license": "http://creativecommons.org/licenses/by-nc-sa/3.0/",
            "rightsHolder": "MBG"
          }
        ]
      }
    },
    {
      "type": "Feature",
      "geometry": {
        "type": "Point",
        "coordinates": [
          -84.252778,
          9.680556
        ]
      },
      "properties": {
        "gbifID": "1257868961",
        "species": "Prestonia portobellensis",
        "genus": "Prestonia",
        "family": "Apocynaceae",
        "scientificName": "Prestonia portobellensis (Beurl.) Woodson",
        "coordinateUncertaintyInMeters": "",
        "basisOfRecord": "PRESERVED_SPECIMEN",
        "eventDate": "2005-04-07",
        "country": null,
        "datasetName": "Tropicos",
        "publisher": "Missouri Botanical Garden",
        "license": "CC_BY_4_0",
        "issues": [
          "OCCURRENCE_STATUS_INFERRED_FROM_INDIVIDUAL_COUNT",
          "COORDINATE_ROUNDED",
          "GEODETIC_DATUM_ASSUMED_WGS84",
          "INSTITUTION_MATCH_FUZZY",
          "COLLECTION_MATCH_NONE",
          "TAXON_ID_NOT_FOUND"
        ],
        "media": [
          {
            "url": "https://images.mobot.org/tropicosimages5/detailimages/TropicosImagesVol5/101439000/52B24045-98E4-4956-A825-72AD3AE2EF02.jpg",
            "references": "https://www.tropicos.org/ImageFullView.aspx?imageid=101439365",
            "title": "Morales Quirós - 12684 - Costa Rica",
            "creator": "MBG",
            "publisher": null,
            "license": "http://creativecommons.org/licenses/by-nc-sa/3.0/",
            "rightsHolder": "MBG"
          }
        ]
      }
    },
    {
      "type": "Feature",
      "geometry": {
        "type": "Point",
        "coordinates": [
          -78.9,
          9.44583
        ]
      },
      "properties": {
        "gbifID": "1259255645",
        "species": "Prestonia portobellensis",
        "genus": "Prestonia",
        "family": "Apocynaceae",
        "scientificName": "Prestonia portobellensis (Beurl.) Woodson",
        "coordinateUncertaintyInMeters": "",
        "basisOfRecord": "PRESERVED_SPECIMEN",
        "eventDate": "1987-07-19",
        "country": null,
        "datasetName": "Tropicos",
        "publisher": "Missouri Botanical Garden",
        "license": "CC_BY_4_0",
        "issues": [
          "GEODETIC_DATUM_ASSUMED_WGS84",
          "ELEVATION_NON_NUMERIC",
          "INSTITUTION_MATCH_FUZZY",
          "COLLECTION_MATCH_NONE",
          "TAXON_ID_NOT_FOUND"
        ],
        "media": [
          {
            "url": "https://images.mobot.org/tropicosimages5/detailimages/TropicosImagesVol5/101439000/0C25F9BE-3F3E-49E7-80D8-F3609D43C8DC.jpg",
            "references": "https://www.tropicos.org/ImageFullView.aspx?imageid=101439452",
            "title": "Herrera - 267 - Panama",
            "creator": "MBG",
            "publisher": null,
            "license": "http://creativecommons.org/licenses/by-nc-sa/3.0/",
            "rightsHolder": "MBG"
          }
        ]
      }
    },
    {
      "type": "Feature",
      "geometry": {
        "type": "Point",
        "coordinates": [
          -79.5,
          9.25
        ]
      },
      "properties": {
        "gbifID": "1261122699",
        "species": "Prestonia portobellensis",
        "genus": "Prestonia",
        "family": "Apocynaceae",
        "scientificName": "Prestonia portobellensis (Beurl.) Woodson",
        "coordinateUncertaintyInMeters": "",
        "basisOfRecord": "PRESERVED_SPECIMEN",
        "eventDate": "1986-01-23",
        "country": null,
        "datasetName": "Tropicos",
        "publisher": "Missouri Botanical Garden",
        "license": "CC_BY_4_0",
        "issues": [
          "OCCURRENCE_STATUS_INFERRED_FROM_INDIVIDUAL_COUNT",
          "GEODETIC_DATUM_ASSUMED_WGS84",
          "INSTITUTION_MATCH_FUZZY",
          "COLLECTION_MATCH_NONE",
          "TAXON_ID_NOT_FOUND"
        ],
        "media": [
          {
            "url": "https://images.mobot.org/tropicosimages5/detailimages/TropicosImagesVol5/101439000/61EC5209-1863-43F0-B86A-F44801729688.jpg",
            "references": "https://www.tropicos.org/ImageFullView.aspx?imageid=101439508",
            "title": "McPherson - 8122 - Panama",
            "creator": "MBG",
            "publisher": null,
            "license": "http://creativecommons.org/licenses/by-nc-sa/3.0/",
            "rightsHolder": "MBG"
          }
        ]
      }
    },
    {
      "type": "Feature",
      "geometry": {
        "type": "Point",
        "coordinates": [
          -84.27,
          9.72
        ]
      },
      "properties": {
        "gbifID": "4031918825",
        "species": "Prestonia portobellensis",
        "genus": "Prestonia",
        "family": "Apocynaceae",
        "scientificName": "Prestonia portobellensis (Beurl.) Woodson",
        "coordinateUncertaintyInMeters": "",
        "basisOfRecord": "PRESERVED_SPECIMEN",
        "eventDate": "1994-05-29",
        "country": null,
        "datasetName": "Tropicos",
        "publisher": "Missouri Botanical Garden",
        "license": "CC_BY_4_0",
        "issues": [
          "OCCURRENCE_STATUS_INFERRED_FROM_INDIVIDUAL_COUNT",
          "GEODETIC_DATUM_ASSUMED_WGS84",
          "INSTITUTION_MATCH_FUZZY",
          "COLLECTION_MATCH_NONE",
          "TAXON_ID_NOT_FOUND"
        ],
        "media": [
          {
            "url": "https://images.mobot.org/tropicosimages5/detailimages/TropicosImagesVol5/101439000/11B28FCA-697A-46A7-8719-86C6601A28A4.jpg",
            "references": "https://www.tropicos.org/ImageFullView.aspx?imageid=101439356",
            "title": "Morales Quirós - 2838 - Costa Rica",
            "creator": "MBG",
            "publisher": null,
            "license": "http://creativecommons.org/licenses/by-nc-sa/3.0/",
            "rightsHolder": "MBG"
          }
        ]
      }
    },
    {
      "type": "Feature",
      "geometry": {
        "type": "Point",
        "coordinates": [
          -79.06666,
          9.45
        ]
      },
      "properties": {
        "gbifID": "1259950208",
        "species": "Prestonia portobellensis",
        "genus": "Prestonia",
        "family": "Apocynaceae",
        "scientificName": "Prestonia portobellensis (Beurl.) Woodson",
        "coordinateUncertaintyInMeters": "",
        "basisOfRecord": "PRESERVED_SPECIMEN",
        "eventDate": "1966-10-07",
        "country": null,
        "datasetName": "Tropicos",
        "publisher": "Missouri Botanical Garden",
        "license": "CC_BY_4_0",
        "issues": [
          "GEODETIC_DATUM_ASSUMED_WGS84",
          "INSTITUTION_MATCH_FUZZY",
          "COLLECTION_MATCH_NONE",
          "TAXON_ID_NOT_FOUND"
        ],
        "media": [
          {
            "url": "https://images.mobot.org/tropicosimages5/detailimages/TropicosImagesVol5/101439000/B0EB42BB-9FDE-41CC-887A-D4C242DAE92E.jpg",
            "references": "https://www.tropicos.org/ImageFullView.aspx?imageid=101439532",
            "title": "Duke - 8884 - Panama",
            "creator": "MBG",
            "publisher": null,
            "license": "http://creativecommons.org/licenses/by-nc-sa/3.0/",
            "rightsHolder": "MBG"
          }
        ]
      }
    },
    {
      "type": "Feature",
      "geometry": {
        "type": "Point",
        "coordinates": [
          -97.42661,
          20.05651
        ]
      },
      "properties": {
        "gbifID": "2268959952",
        "species": "Prestonia portobellensis",
        "genus": "Prestonia",
        "family": "Apocynaceae",
        "scientificName": "Prestonia portobellensis (Beurl.) Woodson",
        "coordinateUncertaintyInMeters": "",
        "basisOfRecord": "PRESERVED_SPECIMEN",
        "eventDate": "2015-12-16",
        "country": null,
        "datasetName": "Tropicos",
        "publisher": "Missouri Botanical Garden",
        "license": "CC_BY_4_0",
        "issues": [
          "OCCURRENCE_STATUS_INFERRED_FROM_INDIVIDUAL_COUNT",
          "GEODETIC_DATUM_ASSUMED_WGS84",
          "INSTITUTION_MATCH_FUZZY",
          "COLLECTION_MATCH_NONE",
          "TAXON_ID_NOT_FOUND"
        ],
        "media": [
          {
            "url": "https://images.mobot.org/tropicosimages5/detailimages/TropicosImagesVol5/101442000/85E5858B-4A4B-4E76-94AE-DADCB0EB445B.jpg",
            "references": "https://www.tropicos.org/ImageFullView.aspx?imageid=101442828",
            "title": "Jiménez Chimil - 31153 - Mexico",
            "creator": "MBG",
            "publisher": null,
            "license": "http://creativecommons.org/licenses/by-nc-sa/3.0/",
            "rightsHolder": "MBG"
          }
        ]
      }
    },
    {
      "type": "Feature",
      "geometry": {
        "type": "Point",
        "coordinates": [
          -78.85,
          9.416667
        ]
      },
      "properties": {
        "gbifID": "1261123614",
        "species": "Prestonia portobellensis",
        "genus": "Prestonia",
        "family": "Apocynaceae",
        "scientificName": "Prestonia portobellensis (Beurl.) Woodson",
        "coordinateUncertaintyInMeters": "",
        "basisOfRecord": "PRESERVED_SPECIMEN",
        "eventDate": "1985-12-20",
        "country": null,
        "datasetName": "Tropicos",
        "publisher": "Missouri Botanical Garden",
        "license": "CC_BY_4_0",
        "issues": [
          "OCCURRENCE_STATUS_INFERRED_FROM_INDIVIDUAL_COUNT",
          "COORDINATE_ROUNDED",
          "GEODETIC_DATUM_ASSUMED_WGS84",
          "INSTITUTION_MATCH_FUZZY",
          "COLLECTION_MATCH_NONE",
          "TAXON_ID_NOT_FOUND"
        ],
        "media": [
          {
            "url": "https://images.mobot.org/tropicosimages5/detailimages/TropicosImagesVol5/101595000/975737FB-6C62-4FCA-9ED1-69F90089E1D7.jpg",
            "references": "https://www.tropicos.org/ImageFullView.aspx?imageid=101595742",
            "title": "de Nevers - 6604 - Panama",
            "creator": "MBG",
            "publisher": null,
            "license": "http://creativecommons.org/licenses/by-nc-sa/3.0/",
            "rightsHolder": "MBG"
          }
        ]
      }
    },
    {
      "type": "Feature",
      "geometry": {
        "type": "Point",
        "coordinates": [
          -89.983333,
          13.866667
        ]
      },
      "properties": {
        "gbifID": "1259014576",
        "species": "Prestonia portobellensis",
        "genus": "Prestonia",
        "family": "Apocynaceae",
        "scientificName": "Prestonia portobellensis (Beurl.) Woodson",
        "coordinateUncertaintyInMeters": "",
        "basisOfRecord": "PRESERVED_SPECIMEN",
        "eventDate": "1976-05-30",
        "country": null,
        "datasetName": "Tropicos",
        "publisher": "Missouri Botanical Garden",
        "license": "CC_BY_4_0",
        "issues": [
          "OCCURRENCE_STATUS_INFERRED_FROM_INDIVIDUAL_COUNT",
          "COORDINATE_ROUNDED",
          "GEODETIC_DATUM_ASSUMED_WGS84",
          "INSTITUTION_MATCH_FUZZY",
          "COLLECTION_MATCH_NONE",
          "TAXON_ID_NOT_FOUND"
        ],
        "media": [
          {
            "url": "https://images.mobot.org/tropicosimages5/detailimages/TropicosImagesVol5/101595000/EE31A7DA-9644-44B5-B50A-2FA381126A1C.jpg",
            "references": "https://www.tropicos.org/ImageFullView.aspx?imageid=101595503",
            "title": "Muyshondt - s.n. - El Salvador",
            "creator": "MBG",
            "publisher": null,
            "license": "http://creativecommons.org/licenses/by-nc-sa/3.0/",
            "rightsHolder": "MBG"
          }
        ]
      }
    },
    {
      "type": "Feature",
      "geometry": {
        "type": "Point",
        "coordinates": [
          -79.716667,
          9.333333
        ]
      },
      "properties": {
        "gbifID": "1261123483",
        "species": "Prestonia portobellensis",
        "genus": "Prestonia",
        "family": "Apocynaceae",
        "scientificName": "Prestonia portobellensis (Beurl.) Woodson",
        "coordinateUncertaintyInMeters": "",
        "basisOfRecord": "PRESERVED_SPECIMEN",
        "eventDate": "1983-08-01",
        "country": null,
        "datasetName": "Tropicos",
        "publisher": "Missouri Botanical Garden",
        "license": "CC_BY_4_0",
        "issues": [
          "OCCURRENCE_STATUS_INFERRED_FROM_INDIVIDUAL_COUNT",
          "COORDINATE_ROUNDED",
          "GEODETIC_DATUM_ASSUMED_WGS84",
          "INSTITUTION_MATCH_FUZZY",
          "COLLECTION_MATCH_NONE",
          "TAXON_ID_NOT_FOUND"
        ],
        "media": [
          {
            "url": "https://images.mobot.org/tropicosimages5/detailimages/TropicosImagesVol5/101595000/7368DC92-ACE3-44D2-A510-163EB04B5C14.jpg",
            "references": "https://www.tropicos.org/ImageFullView.aspx?imageid=101595458",
            "title": "Miller - 919 - Panama",
            "creator": "MBG",
            "publisher": null,
            "license": "http://creativecommons.org/licenses/by-nc-sa/3.0/",
            "rightsHolder": "MBG"
          }
        ]
      }
    },
    {
      "type": "Feature",
      "geometry": {
        "type": "Point",
        "coordinates": [
          -83.26,
          8.75
        ]
      },
      "properties": {
        "gbifID": "1261122011",
        "species": "Prestonia portobellensis",
        "genus": "Prestonia",
        "family": "Apocynaceae",
        "scientificName": "Prestonia portobellensis (Beurl.) Woodson",
        "coordinateUncertaintyInMeters": "",
        "basisOfRecord": "PRESERVED_SPECIMEN",
        "eventDate": "1991-02-10",
        "country": null,
        "datasetName": "Tropicos",
        "publisher": "Missouri Botanical Garden",
        "license": "CC_BY_4_0",
        "issues": [
          "OCCURRENCE_STATUS_INFERRED_FROM_INDIVIDUAL_COUNT",
          "GEODETIC_DATUM_ASSUMED_WGS84",
          "INSTITUTION_MATCH_FUZZY",
          "COLLECTION_MATCH_NONE",
          "TAXON_ID_NOT_FOUND"
        ],
        "media": [
          {
            "url": "https://images.mobot.org/tropicosimages5/detailimages/TropicosImagesVol5/101595000/3A401F37-AD14-446D-A6C9-CF1F429B4E87.jpg",
            "references": "https://www.tropicos.org/ImageFullView.aspx?imageid=101595734",
            "title": "Induni Alfaro - 210 - Costa Rica",
            "creator": "MBG",
            "publisher": null,
            "license": "http://creativecommons.org/licenses/by-nc-sa/3.0/",
            "rightsHolder": "MBG"
          }
        ]
      }
    },
    {
      "type": "Feature",
      "geometry": {
        "type": "Point",
        "coordinates": [
          -80.669722,
          8.825833
        ]
      },
      "properties": {
        "gbifID": "1260882962",
        "species": "Prestonia portobellensis",
        "genus": "Prestonia",
        "family": "Apocynaceae",
        "scientificName": "Prestonia portobellensis (Beurl.) Woodson",
        "coordinateUncertaintyInMeters": "",
        "basisOfRecord": "PRESERVED_SPECIMEN",
        "eventDate": "2008-02-24",
        "country": null,
        "datasetName": "Tropicos",
        "publisher": "Missouri Botanical Garden",
        "license": "CC_BY_4_0",
        "issues": [
          "OCCURRENCE_STATUS_INFERRED_FROM_INDIVIDUAL_COUNT",
          "COORDINATE_ROUNDED",
          "GEODETIC_DATUM_ASSUMED_WGS84",
          "INSTITUTION_MATCH_FUZZY",
          "COLLECTION_MATCH_NONE",
          "TAXON_ID_NOT_FOUND"
        ],
        "media": [
          {
            "url": "https://images.mobot.org/tropicosimages5/detailimages/TropicosImagesVol5/101439000/A0A6A736-FACD-4E82-BBFE-C8C8F6D30383.jpg",
            "references": "https://www.tropicos.org/ImageFullView.aspx?imageid=101439337",
            "title": "McPherson - 20233 - Panama",
            "creator": "MBG",
            "publisher": null,
            "license": "http://creativecommons.org/licenses/by-nc-sa/3.0/",
            "rightsHolder": "MBG"
          }
        ]
      }
    },
    {
      "type": "Feature",
      "geometry": {
        "type": "Point",
        "coordinates": [
          -89.98333,
          13.81666
        ]
      },
      "properties": {
        "gbifID": "1258998668",
        "species": "Prestonia portobellensis",
        "genus": "Prestonia",
        "family": "Apocynaceae",
        "scientificName": "Prestonia portobellensis (Beurl.) Woodson",
        "coordinateUncertaintyInMeters": "",
        "basisOfRecord": "PRESERVED_SPECIMEN",
        "eventDate": "2000-01-26",
        "country": null,
        "datasetName": "Tropicos",
        "publisher": "Missouri Botanical Garden",
        "license": "CC_BY_4_0",
        "issues": [
          "GEODETIC_DATUM_ASSUMED_WGS84",
          "INSTITUTION_MATCH_FUZZY",
          "COLLECTION_MATCH_NONE",
          "TAXON_ID_NOT_FOUND"
        ],
        "media": [
          {
            "url": "https://images.mobot.org/tropicosimages5/detailimages/TropicosImagesVol5/101439000/EDE1B779-AD03-402E-A06F-BCECC6C7070F.jpg",
            "references": "https://www.tropicos.org/ImageFullView.aspx?imageid=101439345",
            "title": "Rosales - 118 - El Salvador",
            "creator": "MBG",
            "publisher": null,
            "license": "http://creativecommons.org/licenses/by-nc-sa/3.0/",
            "rightsHolder": "MBG"
          }
        ]
      }
    },
    {
      "type": "Feature",
      "geometry": {
        "type": "Point",
        "coordinates": [
          -97.86243,
          20.25563
        ]
      },
      "properties": {
        "gbifID": "4031521611",
        "species": "Prestonia portobellensis",
        "genus": "Prestonia",
        "family": "Apocynaceae",
        "scientificName": "Prestonia portobellensis (Beurl.) Woodson",
        "coordinateUncertaintyInMeters": "",
        "basisOfRecord": "PRESERVED_SPECIMEN",
        "eventDate": "2017-09-13",
        "country": null,
        "datasetName": "Tropicos",
        "publisher": "Missouri Botanical Garden",
        "license": "CC_BY_4_0",
        "issues": [
          "OCCURRENCE_STATUS_INFERRED_FROM_INDIVIDUAL_COUNT",
          "GEODETIC_DATUM_ASSUMED_WGS84",
          "INSTITUTION_MATCH_FUZZY",
          "COLLECTION_MATCH_NONE",
          "TAXON_ID_NOT_FOUND"
        ],
        "media": [
          {
            "url": "https://images.mobot.org/tropicosimages5/detailimages/TropicosImagesVol5/101442000/9017B98E-B0A7-4AB8-A35A-460180B1B4B7.jpg",
            "references": "https://www.tropicos.org/ImageFullView.aspx?imageid=101442890",
            "title": "Conor - 70179 - Mexico",
            "creator": "MBG",
            "publisher": null,
            "license": "http://creativecommons.org/licenses/by-nc-sa/3.0/",
            "rightsHolder": "MBG"
          }
        ]
      }
    },
    {
      "type": "Feature",
      "geometry": {
        "type": "Point",
        "coordinates": [
          -89.05,
          16.2
        ]
      },
      "properties": {
        "gbifID": "4031943085",
        "species": "Prestonia portobellensis",
        "genus": "Prestonia",
        "family": "Apocynaceae",
        "scientificName": "Prestonia portobellensis (Beurl.) Woodson",
        "coordinateUncertaintyInMeters": "",
        "basisOfRecord": "PRESERVED_SPECIMEN",
        "eventDate": "1981-06-17",
        "country": null,
        "datasetName": "Tropicos",
        "publisher": "Missouri Botanical Garden",
        "license": "CC_BY_4_0",
        "issues": [
          "GEODETIC_DATUM_ASSUMED_WGS84",
          "INSTITUTION_MATCH_FUZZY",
          "COLLECTION_MATCH_NONE",
          "TAXON_ID_NOT_FOUND"
        ],
        "media": [
          {
            "url": "https://images.mobot.org/tropicosimages5/detailimages/TropicosImagesVol5/101439000/ED3CCDC7-A960-4CB5-BF45-D777F4CE52A8.jpg",
            "references": "https://www.tropicos.org/ImageFullView.aspx?imageid=101439461",
            "title": "Whitefoord - 3291 - Belize",
            "creator": "MBG",
            "publisher": null,
            "license": "http://creativecommons.org/licenses/by-nc-sa/3.0/",
            "rightsHolder": "MBG"
          }
        ]
      }
    },
    {
      "type": "Feature",
      "geometry": {
        "type": "Point",
        "coordinates": [
          -76.91666,
          -1.25
        ]
      },
      "properties": {
        "gbifID": "1261118483",
        "species": "Prestonia portobellensis",
        "genus": "Prestonia",
        "family": "Apocynaceae",
        "scientificName": "Prestonia portobellensis (Beurl.) Woodson",
        "coordinateUncertaintyInMeters": "",
        "basisOfRecord": "PRESERVED_SPECIMEN",
        "eventDate": "1989-01-07",
        "country": null,
        "datasetName": "Tropicos",
        "publisher": "Missouri Botanical Garden",
        "license": "CC_BY_4_0",
        "issues": [
          "OCCURRENCE_STATUS_INFERRED_FROM_INDIVIDUAL_COUNT",
          "GEODETIC_DATUM_ASSUMED_WGS84",
          "INSTITUTION_MATCH_FUZZY",
          "COLLECTION_MATCH_NONE",
          "TAXON_ID_NOT_FOUND"
        ],
        "media": [
          {
            "url": "https://images.mobot.org/tropicosimages5/detailimages/TropicosImagesVol5/101595000/1AD4D189-DC10-47E1-A242-EC542EF4BABD.jpg",
            "references": "https://www.tropicos.org/ImageFullView.aspx?imageid=101595420",
            "title": "Hurtado - 1357 - Ecuador",
            "creator": "MBG",
            "publisher": null,
            "license": "http://creativecommons.org/licenses/by-nc-sa/3.0/",
            "rightsHolder": "MBG"
          }
        ]
      }
    },
    {
      "type": "Feature",
      "geometry": {
        "type": "Point",
        "coordinates": [
          -94.68,
          16.9
        ]
      },
      "properties": {
        "gbifID": "1259070773",
        "species": "Prestonia portobellensis",
        "genus": "Prestonia",
        "family": "Apocynaceae",
        "scientificName": "Prestonia portobellensis (Beurl.) Woodson",
        "coordinateUncertaintyInMeters": "",
        "basisOfRecord": "PRESERVED_SPECIMEN",
        "eventDate": "1985-03-23",
        "country": null,
        "datasetName": "Tropicos",
        "publisher": "Missouri Botanical Garden",
        "license": "CC_BY_4_0",
        "issues": [
          "GEODETIC_DATUM_ASSUMED_WGS84",
          "INSTITUTION_MATCH_FUZZY",
          "COLLECTION_MATCH_NONE",
          "TAXON_ID_NOT_FOUND"
        ],
        "media": [
          {
            "url": "https://images.mobot.org/tropicosimages5/detailimages/TropicosImagesVol5/101439000/5271DF96-AC6B-4C43-885A-C983A3D82CBE.jpg",
            "references": "https://www.tropicos.org/ImageFullView.aspx?imageid=101439351",
            "title": "Hernández G. - 1026 - Mexico",
            "creator": "MBG",
            "publisher": null,
            "license": "http://creativecommons.org/licenses/by-nc-sa/3.0/",
            "rightsHolder": "MBG"
          }
        ]
      }
    },
    {
      "type": "Feature",
      "geometry": {
        "type": "Point",
        "coordinates": [
          -78.15,
          8.65
        ]
      },
      "properties": {
        "gbifID": "1259254211",
        "species": "Prestonia portobellensis",
        "genus": "Prestonia",
        "family": "Apocynaceae",
        "scientificName": "Prestonia portobellensis (Beurl.) Woodson",
        "coordinateUncertaintyInMeters": "",
        "basisOfRecord": "PRESERVED_SPECIMEN",
        "eventDate": "1966-07-16",
        "country": null,
        "datasetName": "Tropicos",
        "publisher": "Missouri Botanical Garden",
        "license": "CC_BY_4_0",
        "issues": [
          "OCCURRENCE_STATUS_INFERRED_FROM_INDIVIDUAL_COUNT",
          "GEODETIC_DATUM_ASSUMED_WGS84",
          "INSTITUTION_MATCH_FUZZY",
          "COLLECTION_MATCH_NONE",
          "TAXON_ID_NOT_FOUND"
        ],
        "media": [
          {
            "url": "https://images.mobot.org/tropicosimages5/detailimages/TropicosImagesVol5/101439000/36FD112B-54C9-4464-B99B-176BEDCA9760.jpg",
            "references": "https://www.tropicos.org/ImageFullView.aspx?imageid=101439421",
            "title": "Tyson - 4721 - Panama",
            "creator": "MBG",
            "publisher": null,
            "license": "http://creativecommons.org/licenses/by-nc-sa/3.0/",
            "rightsHolder": "MBG"
          }
        ]
      }
    },
    {
      "type": "Feature",
      "geometry": {
        "type": "Point",
        "coordinates": [
          -82.233333,
          8.733333
        ]
      },
      "properties": {
        "gbifID": "1259255540",
        "species": "Prestonia portobellensis",
        "genus": "Prestonia",
        "family": "Apocynaceae",
        "scientificName": "Prestonia portobellensis (Beurl.) Woodson",
        "coordinateUncertaintyInMeters": "",
        "basisOfRecord": "PRESERVED_SPECIMEN",
        "eventDate": "1976-05-06",
        "country": null,
        "datasetName": "Tropicos",
        "publisher": "Missouri Botanical Garden",
        "license": "CC_BY_4_0",
        "issues": [
          "OCCURRENCE_STATUS_INFERRED_FROM_INDIVIDUAL_COUNT",
          "COORDINATE_ROUNDED",
          "GEODETIC_DATUM_ASSUMED_WGS84",
          "INSTITUTION_MATCH_FUZZY",
          "COLLECTION_MATCH_NONE",
          "TAXON_ID_NOT_FOUND"
        ],
        "media": [
          {
            "url": "https://images.mobot.org/tropicosimages5/detailimages/TropicosImagesVol5/101439000/8F7138FE-BE73-4981-86D9-C568672B5457.jpg",
            "references": "https://www.tropicos.org/ImageFullView.aspx?imageid=101439455",
            "title": "Mendoza - 313 - Panama",
            "creator": "MBG",
            "publisher": null,
            "license": "http://creativecommons.org/licenses/by-nc-sa/3.0/",
            "rightsHolder": "MBG"
          }
        ]
      }
    },
    {
      "type": "Feature",
      "geometry": {
        "type": "Point",
        "coordinates": [
          -80.6475,
          8.839444
        ]
      },
      "properties": {
        "gbifID": "1260766863",
        "species": "Prestonia portobellensis",
        "genus": "Prestonia",
        "family": "Apocynaceae",
        "scientificName": "Prestonia portobellensis (Beurl.) Woodson",
        "coordinateUncertaintyInMeters": "",
        "basisOfRecord": "PRESERVED_SPECIMEN",
        "eventDate": "2007-09-15",
        "country": null,
        "datasetName": "Tropicos",
        "publisher": "Missouri Botanical Garden",
        "license": "CC_BY_4_0",
        "issues": [
          "OCCURRENCE_STATUS_INFERRED_FROM_INDIVIDUAL_COUNT",
          "COORDINATE_ROUNDED",
          "GEODETIC_DATUM_ASSUMED_WGS84",
          "INSTITUTION_MATCH_FUZZY",
          "COLLECTION_MATCH_NONE",
          "TAXON_ID_NOT_FOUND"
        ],
        "media": [
          {
            "url": "https://images.mobot.org/tropicosimages5/detailimages/TropicosImagesVol5/101439000/9823E149-8437-48BB-9472-B81B43FF6295.jpg",
            "references": "https://www.tropicos.org/ImageFullView.aspx?imageid=101439336",
            "title": "McPherson - 19569 - Panama",
            "creator": "MBG",
            "publisher": null,
            "license": "http://creativecommons.org/licenses/by-nc-sa/3.0/",
            "rightsHolder": "MBG"
          }
        ]
      }
    },
    {
      "type": "Feature",
      "geometry": {
        "type": "Point",
        "coordinates": [
          -84.7,
          10.32
        ]
      },
      "properties": {
        "gbifID": "1261121720",
        "species": "Prestonia portobellensis",
        "genus": "Prestonia",
        "family": "Apocynaceae",
        "scientificName": "Prestonia portobellensis (Beurl.) Woodson",
        "coordinateUncertaintyInMeters": "",
        "basisOfRecord": "PRESERVED_SPECIMEN",
        "eventDate": "1988-08-08",
        "country": null,
        "datasetName": "Tropicos",
        "publisher": "Missouri Botanical Garden",
        "license": "CC_BY_4_0",
        "issues": [
          "OCCURRENCE_STATUS_INFERRED_FROM_INDIVIDUAL_COUNT",
          "GEODETIC_DATUM_ASSUMED_WGS84",
          "INSTITUTION_MATCH_FUZZY",
          "COLLECTION_MATCH_NONE",
          "TAXON_ID_NOT_FOUND"
        ],
        "fallback_media": {
          "url": "https://d2jcv3kl45hlgi.cloudfront.net/3cbfc9b66d986725079a7d37a8f83225.jpg",
          "references": "http://specimens.kew.org/Herbarium/K006231299",
          "title": null,
          "creator": null,
          "publisher": null,
          "license": "http://creativecommons.org/licenses/by/4.0/",
          "rightsHolder": "Royal Botanic Gardens, Kew"
        }
      }
    },
    {
      "type": "Feature",
      "geometry": {
        "type": "Point",
        "coordinates": [
          -69.3,
          9.866667
        ]
      },
      "properties": {
        "gbifID": "1260891549",
        "species": "Prestonia portobellensis",
        "genus": "Prestonia",
        "family": "Apocynaceae",
        "scientificName": "Prestonia portobellensis (Beurl.) Woodson",
        "coordinateUncertaintyInMeters": "",
        "basisOfRecord": "PRESERVED_SPECIMEN",
        "eventDate": "1975-03-24",
        "country": null,
        "datasetName": "Tropicos",
        "publisher": "Missouri Botanical Garden",
        "license": "CC_BY_4_0",
        "issues": [
          "OCCURRENCE_STATUS_INFERRED_FROM_INDIVIDUAL_COUNT",
          "COORDINATE_ROUNDED",
          "GEODETIC_DATUM_ASSUMED_WGS84",
          "INSTITUTION_MATCH_FUZZY",
          "COLLECTION_MATCH_NONE",
          "TAXON_ID_NOT_FOUND"
        ],
        "media": [
          {
            "url": "https://images.mobot.org/tropicosimages5/detailimages/TropicosImagesVol5/101456000/231B0F90-2094-46AF-8774-0546310AF449.jpg",
            "references": "https://www.tropicos.org/ImageFullView.aspx?imageid=101456531",
            "title": "Steyermark - 111612 - Venezuela",
            "creator": "MBG",
            "publisher": null,
            "license": "http://creativecommons.org/licenses/by-nc-sa/3.0/",
            "rightsHolder": "MBG"
          }
        ]
      }
    },
    {
      "type": "Feature",
      "geometry": {
        "type": "Point",
        "coordinates": [
          -76.9,
          4.6
        ]
      },
      "properties": {
        "gbifID": "4031682371",
        "species": "Prestonia portobellensis",
        "genus": "Prestonia",
        "family": "Apocynaceae",
        "scientificName": "Prestonia portobellensis (Beurl.) Woodson",
        "coordinateUncertaintyInMeters": "",
        "basisOfRecord": "PRESERVED_SPECIMEN",
        "eventDate": "1979-04-07",
        "country": null,
        "datasetName": "Tropicos",
        "publisher": "Missouri Botanical Garden",
        "license": "CC_BY_4_0",
        "issues": [
          "OCCURRENCE_STATUS_INFERRED_FROM_INDIVIDUAL_COUNT",
          "GEODETIC_DATUM_ASSUMED_WGS84",
          "INSTITUTION_MATCH_FUZZY",
          "COLLECTION_MATCH_NONE",
          "TAXON_ID_NOT_FOUND"
        ],
        "media": [
          {
            "url": "https://images.mobot.org/tropicosimages5/detailimages/TropicosImagesVol5/101456000/1A409BC4-F7F2-41A4-A83C-FDB3EFD18CD0.jpg",
            "references": "https://www.tropicos.org/ImageFullView.aspx?imageid=101456533",
            "title": "Forero - 4841 - Colombia",
            "creator": "MBG",
            "publisher": null,
            "license": "http://creativecommons.org/licenses/by-nc-sa/3.0/",
            "rightsHolder": "MBG"
          }
        ]
      }
    },
    {
      "type": "Feature",
      "geometry": {
        "type": "Point",
        "coordinates": [
          -83.5,
          10.51
        ]
      },
      "properties": {
        "gbifID": "1261121265",
        "species": "Prestonia portobellensis",
        "genus": "Prestonia",
        "family": "Apocynaceae",
        "scientificName": "Prestonia portobellensis (Beurl.) Woodson",
        "coordinateUncertaintyInMeters": "",
        "basisOfRecord": "PRESERVED_SPECIMEN",
        "eventDate": "1987-12-03",
        "country": null,
        "datasetName": "Tropicos",
        "publisher": "Missouri Botanical Garden",
        "license": "CC_BY_4_0",
        "issues": [
          "OCCURRENCE_STATUS_INFERRED_FROM_INDIVIDUAL_COUNT",
          "GEODETIC_DATUM_ASSUMED_WGS84",
          "INSTITUTION_MATCH_FUZZY",
          "COLLECTION_MATCH_NONE",
          "TAXON_ID_NOT_FOUND"
        ],
        "fallback_media": {
          "url": "https://d2jcv3kl45hlgi.cloudfront.net/3cbfc9b66d986725079a7d37a8f83225.jpg",
          "references": "http://specimens.kew.org/Herbarium/K006231299",
          "title": null,
          "creator": null,
          "publisher": null,
          "license": "http://creativecommons.org/licenses/by/4.0/",
          "rightsHolder": "Royal Botanic Gardens, Kew"
        }
      }
    },
    {
      "type": "Feature",
      "geometry": {
        "type": "Point",
        "coordinates": [
          -76.71666,
          5.73333
        ]
      },
      "properties": {
        "gbifID": "4031503282",
        "species": "Prestonia portobellensis",
        "genus": "Prestonia",
        "family": "Apocynaceae",
        "scientificName": "Prestonia portobellensis (Beurl.) Woodson",
        "coordinateUncertaintyInMeters": "",
        "basisOfRecord": "PRESERVED_SPECIMEN",
        "eventDate": "1976-08-12",
        "country": null,
        "datasetName": "Tropicos",
        "publisher": "Missouri Botanical Garden",
        "license": "CC_BY_4_0",
        "issues": [
          "OCCURRENCE_STATUS_INFERRED_FROM_INDIVIDUAL_COUNT",
          "GEODETIC_DATUM_ASSUMED_WGS84",
          "INSTITUTION_MATCH_FUZZY",
          "COLLECTION_MATCH_NONE",
          "TAXON_ID_NOT_FOUND"
        ],
        "media": [
          {
            "url": "https://images.mobot.org/tropicosimages5/detailimages/TropicosImagesVol5/101456000/84EA0CBF-DCE4-4782-8A14-E1A743961A6D.jpg",
            "references": "https://www.tropicos.org/ImageFullView.aspx?imageid=101456525",
            "title": "Gentry - 17538 - Colombia",
            "creator": "MBG",
            "publisher": null,
            "license": "http://creativecommons.org/licenses/by-nc-sa/3.0/",
            "rightsHolder": "MBG"
          }
        ]
      }
    },
    {
      "type": "Feature",
      "geometry": {
        "type": "Point",
        "coordinates": [
          -83.6,
          8.71
        ]
      },
      "properties": {
        "gbifID": "4031408908",
        "species": "Prestonia portobellensis",
        "genus": "Prestonia",
        "family": "Apocynaceae",
        "scientificName": "Prestonia portobellensis (Beurl.) Woodson",
        "coordinateUncertaintyInMeters": "",
        "basisOfRecord": "PRESERVED_SPECIMEN",
        "eventDate": "1992-04-12",
        "country": null,
        "datasetName": "Tropicos",
        "publisher": "Missouri Botanical Garden",
        "license": "CC_BY_4_0",
        "issues": [
          "OCCURRENCE_STATUS_INFERRED_FROM_INDIVIDUAL_COUNT",
          "GEODETIC_DATUM_ASSUMED_WGS84",
          "INSTITUTION_MATCH_FUZZY",
          "COLLECTION_MATCH_NONE",
          "TAXON_ID_NOT_FOUND"
        ],
        "media": [
          {
            "url": "https://images.mobot.org/tropicosimages5/detailimages/TropicosImagesVol5/101595000/4F785128-DB87-43F7-A391-65380F3558AC.jpg",
            "references": "https://www.tropicos.org/ImageFullView.aspx?imageid=101595731",
            "title": "Hammel - 18491 - Costa Rica",
            "creator": "MBG",
            "publisher": null,
            "license": "http://creativecommons.org/licenses/by-nc-sa/3.0/",
            "rightsHolder": "MBG"
          }
        ]
      }
    },
    {
      "type": "Feature",
      "geometry": {
        "type": "Point",
        "coordinates": [
          -89.4,
          15.481667
        ]
      },
      "properties": {
        "gbifID": "1261124800",
        "species": "Prestonia portobellensis",
        "genus": "Prestonia",
        "family": "Apocynaceae",
        "scientificName": "Prestonia portobellensis (Beurl.) Woodson",
        "coordinateUncertaintyInMeters": "",
        "basisOfRecord": "PRESERVED_SPECIMEN",
        "eventDate": "1988-09-01",
        "country": null,
        "datasetName": "Tropicos",
        "publisher": "Missouri Botanical Garden",
        "license": "CC_BY_4_0",
        "issues": [
          "OCCURRENCE_STATUS_INFERRED_FROM_INDIVIDUAL_COUNT",
          "COORDINATE_ROUNDED",
          "GEODETIC_DATUM_ASSUMED_WGS84",
          "INSTITUTION_MATCH_FUZZY",
          "COLLECTION_MATCH_NONE",
          "TAXON_ID_NOT_FOUND"
        ],
        "media": [
          {
            "url": "https://images.mobot.org/tropicosimages5/detailimages/TropicosImagesVol5/101439000/7EA269C8-7DEB-4BB8-AD92-EA3ECAF54C9C.jpg",
            "references": "https://www.tropicos.org/ImageFullView.aspx?imageid=101439369",
            "title": "Stevens - 25318 - Guatemala",
            "creator": "MBG",
            "publisher": null,
            "license": "http://creativecommons.org/licenses/by-nc-sa/3.0/",
            "rightsHolder": "MBG"
          }
        ]
      }
    },
    {
      "type": "Feature",
      "geometry": {
        "type": "Point",
        "coordinates": [
          -85.11,
          10.96
        ]
      },
      "properties": {
        "gbifID": "1261126561",
        "species": "Prestonia portobellensis",
        "genus": "Prestonia",
        "family": "Apocynaceae",
        "scientificName": "Prestonia portobellensis (Beurl.) Woodson",
        "coordinateUncertaintyInMeters": "",
        "basisOfRecord": "PRESERVED_SPECIMEN",
        "eventDate": "1988-04-19",
        "country": null,
        "datasetName": "Tropicos",
        "publisher": "Missouri Botanical Garden",
        "license": "CC_BY_4_0",
        "issues": [
          "OCCURRENCE_STATUS_INFERRED_FROM_INDIVIDUAL_COUNT",
          "GEODETIC_DATUM_ASSUMED_WGS84",
          "INSTITUTION_MATCH_FUZZY",
          "COLLECTION_MATCH_NONE",
          "TAXON_ID_NOT_FOUND"
        ],
        "media": [
          {
            "url": "https://images.mobot.org/tropicosimages5/detailimages/TropicosImagesVol5/101439000/7218005D-2CF6-4FFC-A8E6-369EBCE7F5C3.jpg",
            "references": "https://www.tropicos.org/ImageFullView.aspx?imageid=101439505",
            "title": "Herrera Chacón - 1845 - Costa Rica",
            "creator": "MBG",
            "publisher": null,
            "license": "http://creativecommons.org/licenses/by-nc-sa/3.0/",
            "rightsHolder": "MBG"
          }
        ]
      }
    },
    {
      "type": "Feature",
      "geometry": {
        "type": "Point",
        "coordinates": [
          -78.083333,
          7.716667
        ]
      },
      "properties": {
        "gbifID": "1259256229",
        "species": "Prestonia portobellensis",
        "genus": "Prestonia",
        "family": "Apocynaceae",
        "scientificName": "Prestonia portobellensis (Beurl.) Woodson",
        "coordinateUncertaintyInMeters": "",
        "basisOfRecord": "PRESERVED_SPECIMEN",
        "eventDate": "1981-01-31",
        "country": null,
        "datasetName": "Tropicos",
        "publisher": "Missouri Botanical Garden",
        "license": "CC_BY_4_0",
        "issues": [
          "OCCURRENCE_STATUS_INFERRED_FROM_INDIVIDUAL_COUNT",
          "COORDINATE_ROUNDED",
          "GEODETIC_DATUM_ASSUMED_WGS84",
          "INSTITUTION_MATCH_FUZZY",
          "COLLECTION_MATCH_NONE",
          "TAXON_ID_NOT_FOUND"
        ],
        "media": [
          {
            "url": "https://images.mobot.org/tropicosimages5/detailimages/TropicosImagesVol5/101439000/2EC8E776-0440-4DD0-9B2A-61AAC608DE47.jpg",
            "references": "https://www.tropicos.org/ImageFullView.aspx?imageid=101439422",
            "title": "D'Arcy - 14513 - Panama",
            "creator": "MBG",
            "publisher": null,
            "license": "http://creativecommons.org/licenses/by-nc-sa/3.0/",
            "rightsHolder": "MBG"
          }
        ]
      }
    },
    {
      "type": "Feature",
      "geometry": {
        "type": "Point",
        "coordinates": [
          -95.03333,
          18.51666
        ]
      },
      "properties": {
        "gbifID": "1259182396",
        "species": "Prestonia portobellensis",
        "genus": "Prestonia",
        "family": "Apocynaceae",
        "scientificName": "Prestonia portobellensis (Beurl.) Woodson",
        "coordinateUncertaintyInMeters": "",
        "basisOfRecord": "PRESERVED_SPECIMEN",
        "eventDate": "1973-11-02",
        "country": null,
        "datasetName": "Tropicos",
        "publisher": "Missouri Botanical Garden",
        "license": "CC_BY_4_0",
        "issues": [
          "GEODETIC_DATUM_ASSUMED_WGS84",
          "INSTITUTION_MATCH_FUZZY",
          "COLLECTION_MATCH_NONE",
          "TAXON_ID_NOT_FOUND"
        ],
        "media": [
          {
            "url": "https://images.mobot.org/tropicosimages5/detailimages/TropicosImagesVol5/101595000/A02FB9AB-EFDF-412F-916D-4D797972FC8B.jpg",
            "references": "https://www.tropicos.org/ImageFullView.aspx?imageid=101595555",
            "title": "Menéndez L. - 00039 - Mexico",
            "creator": "MBG",
            "publisher": null,
            "license": "http://creativecommons.org/licenses/by-nc-sa/3.0/",
            "rightsHolder": "MBG"
          }
        ]
      }
    },
    {
      "type": "Feature",
      "geometry": {
        "type": "Point",
        "coordinates": [
          -79.8375,
          9.17555
        ]
      },
      "properties": {
        "gbifID": "1258416877",
        "species": "Prestonia portobellensis",
        "genus": "Prestonia",
        "family": "Apocynaceae",
        "scientificName": "Prestonia portobellensis (Beurl.) Woodson",
        "coordinateUncertaintyInMeters": "",
        "basisOfRecord": "PRESERVED_SPECIMEN",
        "eventDate": "1982-02-03",
        "country": null,
        "datasetName": "Tropicos",
        "publisher": "Missouri Botanical Garden",
        "license": "CC_BY_4_0",
        "issues": [
          "GEODETIC_DATUM_ASSUMED_WGS84",
          "ELEVATION_NON_NUMERIC",
          "INSTITUTION_MATCH_FUZZY",
          "COLLECTION_MATCH_NONE",
          "TAXON_ID_NOT_FOUND"
        ],
        "media": [
          {
            "url": "https://images.mobot.org/tropicosimages5/detailimages/TropicosImagesVol5/101439000/47D618D0-B979-4DB9-B289-DAC03B91A99A.jpg",
            "references": "https://www.tropicos.org/ImageFullView.aspx?imageid=101439523",
            "title": "Schmalzel - 363 - Panama",
            "creator": "MBG",
            "publisher": null,
            "license": "http://creativecommons.org/licenses/by-nc-sa/3.0/",
            "rightsHolder": "MBG"
          }
        ]
      }
    },
    {
      "type": "Feature",
      "geometry": {
        "type": "Point",
        "coordinates": [
          -76.680833,
          7.666389
        ]
      },
      "properties": {
        "gbifID": "4031365883",
        "species": "Prestonia portobellensis",
        "genus": "Prestonia",
        "family": "Apocynaceae",
        "scientificName": "Prestonia portobellensis (Beurl.) Woodson",
        "coordinateUncertaintyInMeters": "",
        "basisOfRecord": "PRESERVED_SPECIMEN",
        "eventDate": "1986-01-13",
        "country": null,
        "datasetName": "Tropicos",
        "publisher": "Missouri Botanical Garden",
        "license": "CC_BY_4_0",
        "issues": [
          "OCCURRENCE_STATUS_INFERRED_FROM_INDIVIDUAL_COUNT",
          "COORDINATE_ROUNDED",
          "GEODETIC_DATUM_ASSUMED_WGS84",
          "INSTITUTION_MATCH_FUZZY",
          "COLLECTION_MATCH_NONE",
          "TAXON_ID_NOT_FOUND"
        ],
        "media": [
          {
            "url": "https://images.mobot.org/tropicosimages5/detailimages/TropicosImagesVol5/101456000/F40B0F72-3F85-4BE6-9FDC-0364967684CD.jpg",
            "references": "https://www.tropicos.org/ImageFullView.aspx?imageid=101456541",
            "title": "Rentería Arriaga - 4594 - Colombia",
            "creator": "MBG",
            "publisher": null,
            "license": "http://creativecommons.org/licenses/by-nc-sa/3.0/",
            "rightsHolder": "MBG"
          }
        ]
      }
    },
    {
      "type": "Feature",
      "geometry": {
        "type": "Point",
        "coordinates": [
          -90.95055,
          14.50666
        ]
      },
      "properties": {
        "gbifID": "1259254851",
        "species": "Prestonia portobellensis",
        "genus": "Prestonia",
        "family": "Apocynaceae",
        "scientificName": "Prestonia portobellensis (Beurl.) Woodson",
        "coordinateUncertaintyInMeters": "",
        "basisOfRecord": "PRESERVED_SPECIMEN",
        "eventDate": "1942-09-20",
        "country": null,
        "datasetName": "Tropicos",
        "publisher": "Missouri Botanical Garden",
        "license": "CC_BY_4_0",
        "issues": [
          "GEODETIC_DATUM_ASSUMED_WGS84",
          "INSTITUTION_MATCH_FUZZY",
          "COLLECTION_MATCH_NONE",
          "TAXON_ID_NOT_FOUND"
        ],
        "media": [
          {
            "url": "https://images.mobot.org/tropicosimages5/detailimages/TropicosImagesVol5/101439000/3AC425B9-ED2C-494A-AD50-8E9DCCFAFFFA.jpg",
            "references": "https://www.tropicos.org/ImageFullView.aspx?imageid=101439401",
            "title": "Steyermark - 52066 - Guatemala",
            "creator": "MBG",
            "publisher": null,
            "license": "http://creativecommons.org/licenses/by-nc-sa/3.0/",
            "rightsHolder": "MBG"
          }
        ]
      }
    },
    {
      "type": "Feature",
      "geometry": {
        "type": "Point",
        "coordinates": [
          -78.95,
          9.366667
        ]
      },
      "properties": {
        "gbifID": "1261119076",
        "species": "Prestonia portobellensis",
        "genus": "Prestonia",
        "family": "Apocynaceae",
        "scientificName": "Prestonia portobellensis (Beurl.) Woodson",
        "coordinateUncertaintyInMeters": "",
        "basisOfRecord": "PRESERVED_SPECIMEN",
        "eventDate": "1985-01-31",
        "country": null,
        "datasetName": "Tropicos",
        "publisher": "Missouri Botanical Garden",
        "license": "CC_BY_4_0",
        "issues": [
          "OCCURRENCE_STATUS_INFERRED_FROM_INDIVIDUAL_COUNT",
          "COORDINATE_ROUNDED",
          "GEODETIC_DATUM_ASSUMED_WGS84",
          "ELEVATION_NON_NUMERIC",
          "INSTITUTION_MATCH_FUZZY",
          "COLLECTION_MATCH_NONE",
          "TAXON_ID_NOT_FOUND"
        ],
        "media": [
          {
            "url": "https://images.mobot.org/tropicosimages5/detailimages/TropicosImagesVol5/101439000/4F4F4F4B-DFB7-4BFE-BB5E-584DD5D41A5E.jpg",
            "references": "https://www.tropicos.org/ImageFullView.aspx?imageid=101439525",
            "title": "de Nevers - 4776 - Panama",
            "creator": "MBG",
            "publisher": null,
            "license": "http://creativecommons.org/licenses/by-nc-sa/3.0/",
            "rightsHolder": "MBG"
          }
        ]
      }
    },
    {
      "type": "Feature",
      "geometry": {
        "type": "Point",
        "coordinates": [
          -80.1,
          9.15
        ]
      },
      "properties": {
        "gbifID": "1259014527",
        "species": "Prestonia portobellensis",
        "genus": "Prestonia",
        "family": "Apocynaceae",
        "scientificName": "Prestonia portobellensis (Beurl.) Woodson",
        "coordinateUncertaintyInMeters": "",
        "basisOfRecord": "PRESERVED_SPECIMEN",
        "eventDate": "1850-01",
        "country": null,
        "datasetName": "Tropicos",
        "publisher": "Missouri Botanical Garden",
        "license": "CC_BY_4_0",
        "issues": [
          "GEODETIC_DATUM_ASSUMED_WGS84",
          "INSTITUTION_MATCH_FUZZY",
          "COLLECTION_MATCH_NONE",
          "TAXON_ID_NOT_FOUND"
        ],
        "media": [
          {
            "url": "https://images.mobot.org/tropicosimages3/detailimages/Tropicos/018/51581DB0-F450-4D76-A37D-7D1E4678C856.jpg",
            "references": "https://www.tropicos.org/ImageFullView.aspx?imageid=9368",
            "title": "Fendler - 250 - Panama",
            "creator": "MBG",
            "publisher": null,
            "license": "http://creativecommons.org/licenses/by-nc-sa/3.0/",
            "rightsHolder": "MBG"
          }
        ]
      }
    },
    {
      "type": "Feature",
      "geometry": {
        "type": "Point",
        "coordinates": [
          -95.07,
          18.58
        ]
      },
      "properties": {
        "gbifID": "1259170918",
        "species": "Prestonia portobellensis",
        "genus": "Prestonia",
        "family": "Apocynaceae",
        "scientificName": "Prestonia portobellensis (Beurl.) Woodson",
        "coordinateUncertaintyInMeters": "",
        "basisOfRecord": "PRESERVED_SPECIMEN",
        "eventDate": "1974-10-18",
        "country": null,
        "datasetName": "Tropicos",
        "publisher": "Missouri Botanical Garden",
        "license": "CC_BY_4_0",
        "issues": [
          "GEODETIC_DATUM_ASSUMED_WGS84",
          "INSTITUTION_MATCH_FUZZY",
          "COLLECTION_MATCH_NONE",
          "TAXON_ID_NOT_FOUND"
        ],
        "media": [
          {
            "url": "https://images.mobot.org/tropicosimages5/detailimages/TropicosImagesVol5/101439000/BF632D5C-5287-4050-9D65-61FE0E8745BD.jpg",
            "references": "https://www.tropicos.org/ImageFullView.aspx?imageid=101439368",
            "title": "Calzada - 01587 - Mexico",
            "creator": "MBG",
            "publisher": null,
            "license": "http://creativecommons.org/licenses/by-nc-sa/3.0/",
            "rightsHolder": "MBG"
          }
        ]
      }
    },
    {
      "type": "Feature",
      "geometry": {
        "type": "Point",
        "coordinates": [
          -78.91666,
          9.31666
        ]
      },
      "properties": {
        "gbifID": "1261123785",
        "species": "Prestonia portobellensis",
        "genus": "Prestonia",
        "family": "Apocynaceae",
        "scientificName": "Prestonia portobellensis (Beurl.) Woodson",
        "coordinateUncertaintyInMeters": "",
        "basisOfRecord": "PRESERVED_SPECIMEN",
        "eventDate": "1984-11-19",
        "country": null,
        "datasetName": "Tropicos",
        "publisher": "Missouri Botanical Garden",
        "license": "CC_BY_4_0",
        "issues": [
          "OCCURRENCE_STATUS_INFERRED_FROM_INDIVIDUAL_COUNT",
          "GEODETIC_DATUM_ASSUMED_WGS84",
          "INSTITUTION_MATCH_FUZZY",
          "COLLECTION_MATCH_NONE",
          "TAXON_ID_NOT_FOUND"
        ],
        "fallback_media": {
          "url": "https://d2jcv3kl45hlgi.cloudfront.net/3cbfc9b66d986725079a7d37a8f83225.jpg",
          "references": "http://specimens.kew.org/Herbarium/K006231299",
          "title": null,
          "creator": null,
          "publisher": null,
          "license": "http://creativecommons.org/licenses/by/4.0/",
          "rightsHolder": "Royal Botanic Gardens, Kew"
        }
      }
    },
    {
      "type": "Feature",
      "geometry": {
        "type": "Point",
        "coordinates": [
          -83.8,
          9.783333
        ]
      },
      "properties": {
        "gbifID": "1261124006",
        "species": "Prestonia portobellensis",
        "genus": "Prestonia",
        "family": "Apocynaceae",
        "scientificName": "Prestonia portobellensis (Beurl.) Woodson",
        "coordinateUncertaintyInMeters": "",
        "basisOfRecord": "PRESERVED_SPECIMEN",
        "eventDate": "1984-08-06",
        "country": null,
        "datasetName": "Tropicos",
        "publisher": "Missouri Botanical Garden",
        "license": "CC_BY_4_0",
        "issues": [
          "OCCURRENCE_STATUS_INFERRED_FROM_INDIVIDUAL_COUNT",
          "COORDINATE_ROUNDED",
          "GEODETIC_DATUM_ASSUMED_WGS84",
          "INSTITUTION_MATCH_FUZZY",
          "COLLECTION_MATCH_NONE",
          "TAXON_ID_NOT_FOUND"
        ],
        "media": [
          {
            "url": "https://images.mobot.org/tropicosimages5/detailimages/TropicosImagesVol5/101439000/E429A5AD-5EB0-48CE-9A82-4625C30F91FE.jpg",
            "references": "https://www.tropicos.org/ImageFullView.aspx?imageid=101439504",
            "title": "Grayum - 3705 - Costa Rica",
            "creator": "MBG",
            "publisher": null,
            "license": "http://creativecommons.org/licenses/by-nc-sa/3.0/",
            "rightsHolder": "MBG"
          }
        ]
      }
    },
    {
      "type": "Feature",
      "geometry": {
        "type": "Point",
        "coordinates": [
          -77.316667,
          5.983333
        ]
      },
      "properties": {
        "gbifID": "1261118646",
        "species": "Prestonia portobellensis",
        "genus": "Prestonia",
        "family": "Apocynaceae",
        "scientificName": "Prestonia portobellensis (Beurl.) Woodson",
        "coordinateUncertaintyInMeters": "",
        "basisOfRecord": "PRESERVED_SPECIMEN",
        "eventDate": "1990-04-18",
        "country": null,
        "datasetName": "Tropicos",
        "publisher": "Missouri Botanical Garden",
        "license": "CC_BY_4_0",
        "issues": [
          "OCCURRENCE_STATUS_INFERRED_FROM_INDIVIDUAL_COUNT",
          "COORDINATE_ROUNDED",
          "GEODETIC_DATUM_ASSUMED_WGS84",
          "ELEVATION_NON_NUMERIC",
          "INSTITUTION_MATCH_FUZZY",
          "COLLECTION_MATCH_NONE",
          "TAXON_ID_NOT_FOUND"
        ],
        "media": [
          {
            "url": "https://images.mobot.org/tropicosimages5/detailimages/TropicosImagesVol5/101456000/3F1C8837-5818-4459-8B47-828039ADB846.jpg",
            "references": "https://www.tropicos.org/ImageFullView.aspx?imageid=101456518",
            "title": "Espina Zapata - 3654 - Colombia",
            "creator": "MBG",
            "publisher": null,
            "license": "http://creativecommons.org/licenses/by-nc-sa/3.0/",
            "rightsHolder": "MBG"
          }
        ]
      }
    },
    {
      "type": "Feature",
      "geometry": {
        "type": "Point",
        "coordinates": [
          -85.216667,
          12.966667
        ]
      },
      "properties": {
        "gbifID": "1258723910",
        "species": "Prestonia portobellensis",
        "genus": "Prestonia",
        "family": "Apocynaceae",
        "scientificName": "Prestonia portobellensis (Beurl.) Woodson",
        "coordinateUncertaintyInMeters": "",
        "basisOfRecord": "PRESERVED_SPECIMEN",
        "eventDate": "2000-07-15",
        "country": null,
        "datasetName": "Tropicos",
        "publisher": "Missouri Botanical Garden",
        "license": "CC_BY_4_0",
        "issues": [
          "OCCURRENCE_STATUS_INFERRED_FROM_INDIVIDUAL_COUNT",
          "COORDINATE_ROUNDED",
          "GEODETIC_DATUM_ASSUMED_WGS84",
          "INSTITUTION_MATCH_FUZZY",
          "COLLECTION_MATCH_NONE",
          "TAXON_ID_NOT_FOUND"
        ],
        "media": [
          {
            "url": "https://images.mobot.org/tropicosimages5/detailimages/TropicosImagesVol5/101439000/1C10D351-343F-4598-B45C-49FB581CD514.jpg",
            "references": "https://www.tropicos.org/ImageFullView.aspx?imageid=101439347",
            "title": "Rueda - 14327 - Nicaragua",
            "creator": "MBG",
            "publisher": null,
            "license": "http://creativecommons.org/licenses/by-nc-sa/3.0/",
            "rightsHolder": "MBG"
          }
        ]
      }
    },
    {
      "type": "Feature",
      "geometry": {
        "type": "Point",
        "coordinates": [
          -82.25,
          8.75
        ]
      },
      "properties": {
        "gbifID": "1261121706",
        "species": "Prestonia portobellensis",
        "genus": "Prestonia",
        "family": "Apocynaceae",
        "scientificName": "Prestonia portobellensis (Beurl.) Woodson",
        "coordinateUncertaintyInMeters": "",
        "basisOfRecord": "PRESERVED_SPECIMEN",
        "eventDate": "1987-07-01",
        "country": null,
        "datasetName": "Tropicos",
        "publisher": "Missouri Botanical Garden",
        "license": "CC_BY_4_0",
        "issues": [
          "OCCURRENCE_STATUS_INFERRED_FROM_INDIVIDUAL_COUNT",
          "GEODETIC_DATUM_ASSUMED_WGS84",
          "INSTITUTION_MATCH_FUZZY",
          "COLLECTION_MATCH_NONE",
          "TAXON_ID_NOT_FOUND"
        ],
        "media": [
          {
            "url": "https://images.mobot.org/tropicosimages5/detailimages/TropicosImagesVol5/101439000/6E155C75-F357-4A88-A530-A514C520DF95.jpg",
            "references": "https://www.tropicos.org/ImageFullView.aspx?imageid=101439530",
            "title": "McPherson - 11163 - Panama",
            "creator": "MBG",
            "publisher": null,
            "license": "http://creativecommons.org/licenses/by-nc-sa/3.0/",
            "rightsHolder": "MBG"
          }
        ]
      }
    },
    {
      "type": "Feature",
      "geometry": {
        "type": "Point",
        "coordinates": [
          -79.61666,
          9.1
        ]
      },
      "properties": {
        "gbifID": "1258976856",
        "species": "Prestonia portobellensis",
        "genus": "Prestonia",
        "family": "Apocynaceae",
        "scientificName": "Prestonia portobellensis (Beurl.) Woodson",
        "coordinateUncertaintyInMeters": "",
        "basisOfRecord": "PRESERVED_SPECIMEN",
        "eventDate": "1971-11-08",
        "country": null,
        "datasetName": "Tropicos",
        "publisher": "Missouri Botanical Garden",
        "license": "CC_BY_4_0",
        "issues": [
          "GEODETIC_DATUM_ASSUMED_WGS84",
          "INSTITUTION_MATCH_FUZZY",
          "COLLECTION_MATCH_NONE",
          "TAXON_ID_NOT_FOUND"
        ],
        "fallback_media": {
          "url": "https://d2jcv3kl45hlgi.cloudfront.net/3cbfc9b66d986725079a7d37a8f83225.jpg",
          "references": "http://specimens.kew.org/Herbarium/K006231299",
          "title": null,
          "creator": null,
          "publisher": null,
          "license": "http://creativecommons.org/licenses/by/4.0/",
          "rightsHolder": "Royal Botanic Gardens, Kew"
        }
      }
    },
    {
      "type": "Feature",
      "geometry": {
        "type": "Point",
        "coordinates": [
          -82.21666,
          8.66666
        ]
      },
      "properties": {
        "gbifID": "1258998692",
        "species": "Prestonia portobellensis",
        "genus": "Prestonia",
        "family": "Apocynaceae",
        "scientificName": "Prestonia portobellensis (Beurl.) Woodson",
        "coordinateUncertaintyInMeters": "",
        "basisOfRecord": "PRESERVED_SPECIMEN",
        "eventDate": "1998-03-15",
        "country": null,
        "datasetName": "Tropicos",
        "publisher": "Missouri Botanical Garden",
        "license": "CC_BY_4_0",
        "issues": [
          "GEODETIC_DATUM_ASSUMED_WGS84",
          "INSTITUTION_MATCH_FUZZY",
          "COLLECTION_MATCH_NONE",
          "TAXON_ID_NOT_FOUND"
        ],
        "media": [
          {
            "url": "https://images.mobot.org/tropicosimages5/detailimages/TropicosImagesVol5/101439000/91281033-B36B-4A50-A6F2-8203D4F6D5B9.jpg",
            "references": "https://www.tropicos.org/ImageFullView.aspx?imageid=101439342",
            "title": "Galdames - 4187 - Panama",
            "creator": "MBG",
            "publisher": null,
            "license": "http://creativecommons.org/licenses/by-nc-sa/3.0/",
            "rightsHolder": "MBG"
          }
        ]
      }
    },
    {
      "type": "Feature",
      "geometry": {
        "type": "Point",
        "coordinates": [
          -79.84138,
          9.13833
        ]
      },
      "properties": {
        "gbifID": "1259254157",
        "species": "Prestonia portobellensis",
        "genus": "Prestonia",
        "family": "Apocynaceae",
        "scientificName": "Prestonia portobellensis (Beurl.) Woodson",
        "coordinateUncertaintyInMeters": "",
        "basisOfRecord": "PRESERVED_SPECIMEN",
        "eventDate": "1968-05-18",
        "country": null,
        "datasetName": "Tropicos",
        "publisher": "Missouri Botanical Garden",
        "license": "CC_BY_4_0",
        "issues": [
          "GEODETIC_DATUM_ASSUMED_WGS84",
          "ELEVATION_NON_NUMERIC",
          "INSTITUTION_MATCH_FUZZY",
          "COLLECTION_MATCH_NONE",
          "TAXON_ID_NOT_FOUND"
        ],
        "media": [
          {
            "url": "https://images.mobot.org/tropicosimages5/detailimages/TropicosImagesVol5/101439000/4E1F7F9D-7E15-4CC6-812E-58A93855C869.jpg",
            "references": "https://www.tropicos.org/ImageFullView.aspx?imageid=101439464",
            "title": "Croat - 5639 - Panama",
            "creator": "MBG",
            "publisher": null,
            "license": "http://creativecommons.org/licenses/by-nc-sa/3.0/",
            "rightsHolder": "MBG"
          }
        ]
      }
    },
    {
      "type": "Feature",
      "geometry": {
        "type": "Point",
        "coordinates": [
          -79.65,
          9.4
        ]
      },
      "properties": {
        "gbifID": "1259766751",
        "species": "Prestonia portobellensis",
        "genus": "Prestonia",
        "family": "Apocynaceae",
        "scientificName": "Prestonia portobellensis (Beurl.) Woodson",
        "coordinateUncertaintyInMeters": "",
        "basisOfRecord": "PRESERVED_SPECIMEN",
        "eventDate": "1982-05-22",
        "country": null,
        "datasetName": "Tropicos",
        "publisher": "Missouri Botanical Garden",
        "license": "CC_BY_4_0",
        "issues": [
          "OCCURRENCE_STATUS_INFERRED_FROM_INDIVIDUAL_COUNT",
          "GEODETIC_DATUM_ASSUMED_WGS84",
          "INSTITUTION_MATCH_FUZZY",
          "COLLECTION_MATCH_NONE",
          "TAXON_ID_NOT_FOUND"
        ],
        "media": [
          {
            "url": "https://images.mobot.org/tropicosimages5/detailimages/TropicosImagesVol5/101439000/46B2AFC3-19FC-4BAF-AF35-926A535A3BB8.jpg",
            "references": "https://www.tropicos.org/ImageFullView.aspx?imageid=101439509",
            "title": "Knapp - 5235 - Panama",
            "creator": "MBG",
            "publisher": null,
            "license": "http://creativecommons.org/licenses/by-nc-sa/3.0/",
            "rightsHolder": "MBG"
          }
        ]
      }
    },
    {
      "type": "Feature",
      "geometry": {
        "type": "Point",
        "coordinates": [
          -95.087778,
          18.593056
        ]
      },
      "properties": {
        "gbifID": "4031374307",
        "species": "Prestonia portobellensis",
        "genus": "Prestonia",
        "family": "Apocynaceae",
        "scientificName": "Prestonia portobellensis (Beurl.) Woodson",
        "coordinateUncertaintyInMeters": "",
        "basisOfRecord": "PRESERVED_SPECIMEN",
        "eventDate": "2015-04-03",
        "country": null,
        "datasetName": "Tropicos",
        "publisher": "Missouri Botanical Garden",
        "license": "CC_BY_4_0",
        "issues": [
          "OCCURRENCE_STATUS_INFERRED_FROM_INDIVIDUAL_COUNT",
          "COORDINATE_ROUNDED",
          "GEODETIC_DATUM_ASSUMED_WGS84",
          "INSTITUTION_MATCH_FUZZY",
          "COLLECTION_MATCH_NONE",
          "TAXON_ID_NOT_FOUND"
        ],
        "media": [
          {
            "url": "https://images.mobot.org/tropicosimages5/detailimages/TropicosImagesVol5/101439000/33526EDD-FC8A-4F7B-8DDF-BA5B613CA4AA.jpg",
            "references": "https://www.tropicos.org/ImageFullView.aspx?imageid=101439367",
            "title": "Ibarra Manríquez - 6894 - Mexico",
            "creator": "MBG",
            "publisher": null,
            "license": "http://creativecommons.org/licenses/by-nc-sa/3.0/",
            "rightsHolder": "MBG"
          }
        ]
      }
    },
    {
      "type": "Feature",
      "geometry": {
        "type": "Point",
        "coordinates": [
          -85.25,
          10.83
        ]
      },
      "properties": {
        "gbifID": "1261132892",
        "species": "Prestonia portobellensis",
        "genus": "Prestonia",
        "family": "Apocynaceae",
        "scientificName": "Prestonia portobellensis (Beurl.) Woodson",
        "coordinateUncertaintyInMeters": "",
        "basisOfRecord": "PRESERVED_SPECIMEN",
        "eventDate": "1991-07-26",
        "country": null,
        "datasetName": "Tropicos",
        "publisher": "Missouri Botanical Garden",
        "license": "CC_BY_4_0",
        "issues": [
          "OCCURRENCE_STATUS_INFERRED_FROM_INDIVIDUAL_COUNT",
          "GEODETIC_DATUM_ASSUMED_WGS84",
          "INSTITUTION_MATCH_FUZZY",
          "COLLECTION_MATCH_NONE",
          "TAXON_ID_NOT_FOUND"
        ],
        "media": [
          {
            "url": "https://images.mobot.org/tropicosimages5/detailimages/TropicosImagesVol5/101595000/0E3A4AD1-55C8-4D0B-92A7-A76EAAE704CD.jpg",
            "references": "https://www.tropicos.org/ImageFullView.aspx?imageid=101595733",
            "title": "Rivera Elizondo - 1462 - Costa Rica",
            "creator": "MBG",
            "publisher": null,
            "license": "http://creativecommons.org/licenses/by-nc-sa/3.0/",
            "rightsHolder": "MBG"
          }
        ]
      }
    },
    {
      "type": "Feature",
      "geometry": {
        "type": "Point",
        "coordinates": [
          -79.121667,
          8.258056
        ]
      },
      "properties": {
        "gbifID": "1258686498",
        "species": "Prestonia portobellensis",
        "genus": "Prestonia",
        "family": "Apocynaceae",
        "scientificName": "Prestonia portobellensis (Beurl.) Woodson",
        "coordinateUncertaintyInMeters": "",
        "basisOfRecord": "PRESERVED_SPECIMEN",
        "eventDate": "1967-07-18",
        "country": null,
        "datasetName": "Tropicos",
        "publisher": "Missouri Botanical Garden",
        "license": "CC_BY_4_0",
        "issues": [
          "OCCURRENCE_STATUS_INFERRED_FROM_INDIVIDUAL_COUNT",
          "COORDINATE_ROUNDED",
          "GEODETIC_DATUM_ASSUMED_WGS84",
          "INSTITUTION_MATCH_FUZZY",
          "COLLECTION_MATCH_NONE",
          "TAXON_ID_NOT_FOUND"
        ],
        "media": [
          {
            "url": "https://images.mobot.org/tropicosimages5/detailimages/TropicosImagesVol5/101439000/1D5D9C08-A9D3-401A-81CE-C0681D5A2F05.jpg",
            "references": "https://www.tropicos.org/ImageFullView.aspx?imageid=101439511",
            "title": "Duke - 12566 - Panama",
            "creator": "MBG",
            "publisher": null,
            "license": "http://creativecommons.org/licenses/by-nc-sa/3.0/",
            "rightsHolder": "MBG"
          }
        ]
      }
    },
    {
      "type": "Feature",
      "geometry": {
        "type": "Point",
        "coordinates": [
          -80.08333,
          8.5
        ]
      },
      "properties": {
        "gbifID": "1259683783",
        "species": "Prestonia portobellensis",
        "genus": "Prestonia",
        "family": "Apocynaceae",
        "scientificName": "Prestonia portobellensis (Beurl.) Woodson",
        "coordinateUncertaintyInMeters": "",
        "basisOfRecord": "PRESERVED_SPECIMEN",
        "eventDate": "1982-03-19",
        "country": null,
        "datasetName": "Tropicos",
        "publisher": "Missouri Botanical Garden",
        "license": "CC_BY_4_0",
        "issues": [
          "OCCURRENCE_STATUS_INFERRED_FROM_INDIVIDUAL_COUNT",
          "GEODETIC_DATUM_ASSUMED_WGS84",
          "INSTITUTION_MATCH_FUZZY",
          "COLLECTION_MATCH_NONE",
          "TAXON_ID_NOT_FOUND"
        ],
        "media": [
          {
            "url": "https://images.mobot.org/tropicosimages5/detailimages/TropicosImagesVol5/101439000/84BE14A9-6C0E-4887-8168-4655F32803DF.jpg",
            "references": "https://www.tropicos.org/ImageFullView.aspx?imageid=101439519",
            "title": "Knapp - 4327 - Panama",
            "creator": "MBG",
            "publisher": null,
            "license": "http://creativecommons.org/licenses/by-nc-sa/3.0/",
            "rightsHolder": "MBG"
          }
        ]
      }
    },
    {
      "type": "Feature",
      "geometry": {
        "type": "Point",
        "coordinates": [
          -83.625278,
          9.327778
        ]
      },
      "properties": {
        "gbifID": "1257917721",
        "species": "Prestonia portobellensis",
        "genus": "Prestonia",
        "family": "Apocynaceae",
        "scientificName": "Prestonia portobellensis (Beurl.) Woodson",
        "coordinateUncertaintyInMeters": "",
        "basisOfRecord": "PRESERVED_SPECIMEN",
        "eventDate": "2007-04-27",
        "country": null,
        "datasetName": "Tropicos",
        "publisher": "Missouri Botanical Garden",
        "license": "CC_BY_4_0",
        "issues": [
          "OCCURRENCE_STATUS_INFERRED_FROM_INDIVIDUAL_COUNT",
          "COORDINATE_ROUNDED",
          "GEODETIC_DATUM_ASSUMED_WGS84",
          "INSTITUTION_MATCH_FUZZY",
          "COLLECTION_MATCH_NONE",
          "TAXON_ID_NOT_FOUND"
        ],
        "media": [
          {
            "url": "https://images.mobot.org/tropicosimages5/detailimages/TropicosImagesVol5/101439000/D5612220-6B23-4F9E-84A2-E405A9A8734D.jpg",
            "references": "https://www.tropicos.org/ImageFullView.aspx?imageid=101439364",
            "title": "Jones - 10100 - Costa Rica",
            "creator": "MBG",
            "publisher": null,
            "license": "http://creativecommons.org/licenses/by-nc-sa/3.0/",
            "rightsHolder": "MBG"
          }
        ]
      }
    },
    {
      "type": "Feature",
      "geometry": {
        "type": "Point",
        "coordinates": [
          -79.61555,
          8.955
        ]
      },
      "properties": {
        "gbifID": "1259255149",
        "species": "Prestonia portobellensis",
        "genus": "Prestonia",
        "family": "Apocynaceae",
        "scientificName": "Prestonia portobellensis (Beurl.) Woodson",
        "coordinateUncertaintyInMeters": "",
        "basisOfRecord": "PRESERVED_SPECIMEN",
        "eventDate": "1978-07-24",
        "country": null,
        "datasetName": "Tropicos",
        "publisher": "Missouri Botanical Garden",
        "license": "CC_BY_4_0",
        "issues": [
          "GEODETIC_DATUM_ASSUMED_WGS84",
          "INSTITUTION_MATCH_FUZZY",
          "COLLECTION_MATCH_NONE",
          "TAXON_ID_NOT_FOUND"
        ],
        "media": [
          {
            "url": "https://images.mobot.org/tropicosimages5/detailimages/TropicosImagesVol5/101439000/C52C4A12-2766-48BE-9878-55A085E316E4.jpg",
            "references": "https://www.tropicos.org/ImageFullView.aspx?imageid=101439447",
            "title": "Garber - 143 - Panama",
            "creator": "MBG",
            "publisher": null,
            "license": "http://creativecommons.org/licenses/by-nc-sa/3.0/",
            "rightsHolder": "MBG"
          }
        ]
      }
    },
    {
      "type": "Feature",
      "geometry": {
        "type": "Point",
        "coordinates": [
          -80.116667,
          8.6
        ]
      },
      "properties": {
        "gbifID": "1257946587",
        "species": "Prestonia portobellensis",
        "genus": "Prestonia",
        "family": "Apocynaceae",
        "scientificName": "Prestonia portobellensis (Beurl.) Woodson",
        "coordinateUncertaintyInMeters": "",
        "basisOfRecord": "PRESERVED_SPECIMEN",
        "eventDate": "1971-07-03",
        "country": null,
        "datasetName": "Tropicos",
        "publisher": "Missouri Botanical Garden",
        "license": "CC_BY_4_0",
        "issues": [
          "OCCURRENCE_STATUS_INFERRED_FROM_INDIVIDUAL_COUNT",
          "COORDINATE_ROUNDED",
          "GEODETIC_DATUM_ASSUMED_WGS84",
          "INSTITUTION_MATCH_FUZZY",
          "COLLECTION_MATCH_NONE",
          "TAXON_ID_NOT_FOUND"
        ],
        "media": [
          {
            "url": "https://images.mobot.org/tropicosimages4/detailimages/TropicosImagesVol4/101321000/84E3EA1E-632E-4107-AF69-03D8CDBA4170.jpg",
            "references": "https://www.tropicos.org/ImageFullView.aspx?imageid=101321479",
            "title": "Webster - 16859 - Panama",
            "creator": "MBG",
            "publisher": null,
            "license": "http://creativecommons.org/licenses/by-nc-sa/3.0/",
            "rightsHolder": "MBG"
          },
          {
            "url": "https://images.mobot.org/tropicosimages4/detailimages/TropicosImagesVol4/101321000/CC2739CC-316D-4861-B45D-602DD4AECF4A.jpg",
            "references": "https://www.tropicos.org/ImageFullView.aspx?imageid=101321480",
            "title": "Webster - 16859 - Panama",
            "creator": "MBG",
            "publisher": null,
            "license": "http://creativecommons.org/licenses/by-nc-sa/3.0/",
            "rightsHolder": "MBG"
          }
        ]
      }
    },
    {
      "type": "Feature",
      "geometry": {
        "type": "Point",
        "coordinates": [
          -77.416667,
          6.083333
        ]
      },
      "properties": {
        "gbifID": "4031674460",
        "species": "Prestonia portobellensis",
        "genus": "Prestonia",
        "family": "Apocynaceae",
        "scientificName": "Prestonia portobellensis (Beurl.) Woodson",
        "coordinateUncertaintyInMeters": "",
        "basisOfRecord": "PRESERVED_SPECIMEN",
        "eventDate": "1973-01-07",
        "country": null,
        "datasetName": "Tropicos",
        "publisher": "Missouri Botanical Garden",
        "license": "CC_BY_4_0",
        "issues": [
          "OCCURRENCE_STATUS_INFERRED_FROM_INDIVIDUAL_COUNT",
          "COORDINATE_ROUNDED",
          "GEODETIC_DATUM_ASSUMED_WGS84",
          "INSTITUTION_MATCH_FUZZY",
          "COLLECTION_MATCH_NONE",
          "TAXON_ID_NOT_FOUND"
        ],
        "media": [
          {
            "url": "https://images.mobot.org/tropicosimages5/detailimages/TropicosImagesVol5/101456000/A8E34E58-AEC1-4674-AA0D-D7FDAD39848E.jpg",
            "references": "https://www.tropicos.org/ImageFullView.aspx?imageid=101456534",
            "title": "Forero - 696 - Colombia",
            "creator": "MBG",
            "publisher": null,
            "license": "http://creativecommons.org/licenses/by-nc-sa/3.0/",
            "rightsHolder": "MBG"
          }
        ]
      }
    },
    {
      "type": "Feature",
      "geometry": {
        "type": "Point",
        "coordinates": [
          -83.16,
          8.65
        ]
      },
      "properties": {
        "gbifID": "4031819258",
        "species": "Prestonia portobellensis",
        "genus": "Prestonia",
        "family": "Apocynaceae",
        "scientificName": "Prestonia portobellensis (Beurl.) Woodson",
        "coordinateUncertaintyInMeters": "",
        "basisOfRecord": "PRESERVED_SPECIMEN",
        "eventDate": "1992-01-31",
        "country": null,
        "datasetName": "Tropicos",
        "publisher": "Missouri Botanical Garden",
        "license": "CC_BY_4_0",
        "issues": [
          "OCCURRENCE_STATUS_INFERRED_FROM_INDIVIDUAL_COUNT",
          "GEODETIC_DATUM_ASSUMED_WGS84",
          "INSTITUTION_MATCH_FUZZY",
          "COLLECTION_MATCH_NONE",
          "TAXON_ID_NOT_FOUND"
        ],
        "media": [
          {
            "url": "https://images.mobot.org/tropicosimages5/detailimages/TropicosImagesVol5/101595000/FDEFE9DB-6507-4156-88A3-4872A757B8E1.jpg",
            "references": "https://www.tropicos.org/ImageFullView.aspx?imageid=101595730",
            "title": "Herrera Chacón - 5043 - Costa Rica",
            "creator": "MBG",
            "publisher": null,
            "license": "http://creativecommons.org/licenses/by-nc-sa/3.0/",
            "rightsHolder": "MBG"
          }
        ]
      }
    },
    {
      "type": "Feature",
      "geometry": {
        "type": "Point",
        "coordinates": [
          -91.285,
          16.935833
        ]
      },
      "properties": {
        "gbifID": "4032128677",
        "species": "Prestonia portobellensis",
        "genus": "Prestonia",
        "family": "Apocynaceae",
        "scientificName": "Prestonia portobellensis (Beurl.) Woodson",
        "coordinateUncertaintyInMeters": "",
        "basisOfRecord": "PRESERVED_SPECIMEN",
        "eventDate": "2003-03-06",
        "country": null,
        "datasetName": "Tropicos",
        "publisher": "Missouri Botanical Garden",
        "license": "CC_BY_4_0",
        "issues": [
          "OCCURRENCE_STATUS_INFERRED_FROM_INDIVIDUAL_COUNT",
          "COORDINATE_ROUNDED",
          "GEODETIC_DATUM_ASSUMED_WGS84",
          "INSTITUTION_MATCH_FUZZY",
          "COLLECTION_MATCH_NONE",
          "TAXON_ID_NOT_FOUND"
        ],
        "media": [
          {
            "url": "https://images.mobot.org/tropicosimages5/detailimages/TropicosImagesVol5/101439000/CFBB4F28-07DA-40B5-8780-8DBDA414E103.jpg",
            "references": "https://www.tropicos.org/ImageFullView.aspx?imageid=101439348",
            "title": "Aguilar Méndez - 5966 - Mexico",
            "creator": "MBG",
            "publisher": null,
            "license": "http://creativecommons.org/licenses/by-nc-sa/3.0/",
            "rightsHolder": "MBG"
          }
        ]
      }
    },
    {
      "type": "Feature",
      "geometry": {
        "type": "Point",
        "coordinates": [
          -85.53333,
          11.45
        ]
      },
      "properties": {
        "gbifID": "1261124374",
        "species": "Prestonia portobellensis",
        "genus": "Prestonia",
        "family": "Apocynaceae",
        "scientificName": "Prestonia portobellensis (Beurl.) Woodson",
        "coordinateUncertaintyInMeters": "",
        "basisOfRecord": "PRESERVED_SPECIMEN",
        "eventDate": "1983-09-15",
        "country": null,
        "datasetName": "Tropicos",
        "publisher": "Missouri Botanical Garden",
        "license": "CC_BY_4_0",
        "issues": [
          "OCCURRENCE_STATUS_INFERRED_FROM_INDIVIDUAL_COUNT",
          "GEODETIC_DATUM_ASSUMED_WGS84",
          "INSTITUTION_MATCH_FUZZY",
          "COLLECTION_MATCH_NONE",
          "TAXON_ID_NOT_FOUND"
        ],
        "media": [
          {
            "url": "https://images.mobot.org/tropicosimages5/detailimages/TropicosImagesVol5/101595000/75DBABB0-7DE1-462A-A601-D63C0F32FDBF.jpg",
            "references": "https://www.tropicos.org/ImageFullView.aspx?imageid=101595735",
            "title": "Moreno - 22187 - Nicaragua",
            "creator": "MBG",
            "publisher": null,
            "license": "http://creativecommons.org/licenses/by-nc-sa/3.0/",
            "rightsHolder": "MBG"
          }
        ]
      }
    },
    {
      "type": "Feature",
      "geometry": {
        "type": "Point",
        "coordinates": [
          -84.75,
          10.3
        ]
      },
      "properties": {
        "gbifID": "1261124803",
        "species": "Prestonia portobellensis",
        "genus": "Prestonia",
        "family": "Apocynaceae",
        "scientificName": "Prestonia portobellensis (Beurl.) Woodson",
        "coordinateUncertaintyInMeters": "",
        "basisOfRecord": "PRESERVED_SPECIMEN",
        "eventDate": "1987-10-23",
        "country": null,
        "datasetName": "Tropicos",
        "publisher": "Missouri Botanical Garden",
        "license": "CC_BY_4_0",
        "issues": [
          "OCCURRENCE_STATUS_INFERRED_FROM_INDIVIDUAL_COUNT",
          "GEODETIC_DATUM_ASSUMED_WGS84",
          "INSTITUTION_MATCH_FUZZY",
          "COLLECTION_MATCH_NONE",
          "TAXON_ID_NOT_FOUND"
        ],
        "fallback_media": {
          "url": "https://d2jcv3kl45hlgi.cloudfront.net/3cbfc9b66d986725079a7d37a8f83225.jpg",
          "references": "http://specimens.kew.org/Herbarium/K006231299",
          "title": null,
          "creator": null,
          "publisher": null,
          "license": "http://creativecommons.org/licenses/by/4.0/",
          "rightsHolder": "Royal Botanic Gardens, Kew"
        }
      }
    },
    {
      "type": "Feature",
      "geometry": {
        "type": "Point",
        "coordinates": [
          -79.85611,
          9.17166
        ]
      },
      "properties": {
        "gbifID": "1258831140",
        "species": "Prestonia portobellensis",
        "genus": "Prestonia",
        "family": "Apocynaceae",
        "scientificName": "Prestonia portobellensis (Beurl.) Woodson",
        "coordinateUncertaintyInMeters": "",
        "basisOfRecord": "PRESERVED_SPECIMEN",
        "eventDate": "1969-02-12",
        "country": null,
        "datasetName": "Tropicos",
        "publisher": "Missouri Botanical Garden",
        "license": "CC_BY_4_0",
        "issues": [
          "OCCURRENCE_STATUS_INFERRED_FROM_INDIVIDUAL_COUNT",
          "GEODETIC_DATUM_ASSUMED_WGS84",
          "ELEVATION_NON_NUMERIC",
          "INSTITUTION_MATCH_FUZZY",
          "COLLECTION_MATCH_NONE",
          "TAXON_ID_NOT_FOUND"
        ],
        "fallback_media": {
          "url": "https://d2jcv3kl45hlgi.cloudfront.net/3cbfc9b66d986725079a7d37a8f83225.jpg",
          "references": "http://specimens.kew.org/Herbarium/K006231299",
          "title": null,
          "creator": null,
          "publisher": null,
          "license": "http://creativecommons.org/licenses/by/4.0/",
          "rightsHolder": "Royal Botanic Gardens, Kew"
        }
      }
    },
    {
      "type": "Feature",
      "geometry": {
        "type": "Point",
        "coordinates": [
          -82.3,
          8.75
        ]
      },
      "properties": {
        "gbifID": "1261120861",
        "species": "Prestonia portobellensis",
        "genus": "Prestonia",
        "family": "Apocynaceae",
        "scientificName": "Prestonia portobellensis (Beurl.) Woodson",
        "coordinateUncertaintyInMeters": "",
        "basisOfRecord": "PRESERVED_SPECIMEN",
        "eventDate": "1987-06-20",
        "country": null,
        "datasetName": "Tropicos",
        "publisher": "Missouri Botanical Garden",
        "license": "CC_BY_4_0",
        "issues": [
          "OCCURRENCE_STATUS_INFERRED_FROM_INDIVIDUAL_COUNT",
          "GEODETIC_DATUM_ASSUMED_WGS84",
          "INSTITUTION_MATCH_FUZZY",
          "COLLECTION_MATCH_NONE",
          "TAXON_ID_NOT_FOUND"
        ],
        "media": [
          {
            "url": "https://images.mobot.org/tropicosimages5/detailimages/TropicosImagesVol5/101439000/B4DCA5C3-31C4-4EBD-A7AA-3545DDC2D771.jpg",
            "references": "https://www.tropicos.org/ImageFullView.aspx?imageid=101439517",
            "title": "Croat - 66510 - Panama",
            "creator": "MBG",
            "publisher": null,
            "license": "http://creativecommons.org/licenses/by-nc-sa/3.0/",
            "rightsHolder": "MBG"
          }
        ]
      }
    },
    {
      "type": "Feature",
      "geometry": {
        "type": "Point",
        "coordinates": [
          -79.868056,
          9.158611
        ]
      },
      "properties": {
        "gbifID": "1259256045",
        "species": "Prestonia portobellensis",
        "genus": "Prestonia",
        "family": "Apocynaceae",
        "scientificName": "Prestonia portobellensis (Beurl.) Woodson",
        "coordinateUncertaintyInMeters": "",
        "basisOfRecord": "PRESERVED_SPECIMEN",
        "eventDate": "1971-06-07",
        "country": null,
        "datasetName": "Tropicos",
        "publisher": "Missouri Botanical Garden",
        "license": "CC_BY_4_0",
        "issues": [
          "OCCURRENCE_STATUS_INFERRED_FROM_INDIVIDUAL_COUNT",
          "COORDINATE_ROUNDED",
          "GEODETIC_DATUM_ASSUMED_WGS84",
          "INSTITUTION_MATCH_FUZZY",
          "COLLECTION_MATCH_NONE",
          "TAXON_ID_NOT_FOUND"
        ],
        "media": [
          {
            "url": "https://images.mobot.org/tropicosimages5/detailimages/TropicosImagesVol5/101439000/4C78A38C-79DB-492C-90C4-4FC6DC5BFFA0.jpg",
            "references": "https://www.tropicos.org/ImageFullView.aspx?imageid=101439471",
            "title": "Croat - s.n. - Panama",
            "creator": "MBG",
            "publisher": null,
            "license": "http://creativecommons.org/licenses/by-nc-sa/3.0/",
            "rightsHolder": "MBG"
          }
        ]
      }
    },
    {
      "type": "Feature",
      "geometry": {
        "type": "Point",
        "coordinates": [
          -83.95,
          11.56666
        ]
      },
      "properties": {
        "gbifID": "1261873149",
        "species": "Prestonia portobellensis",
        "genus": "Prestonia",
        "family": "Apocynaceae",
        "scientificName": "Prestonia portobellensis (Beurl.) Woodson",
        "coordinateUncertaintyInMeters": "",
        "basisOfRecord": "PRESERVED_SPECIMEN",
        "eventDate": "1994-02-16",
        "country": null,
        "datasetName": "Tropicos",
        "publisher": "Missouri Botanical Garden",
        "license": "CC_BY_4_0",
        "issues": [
          "OCCURRENCE_STATUS_INFERRED_FROM_INDIVIDUAL_COUNT",
          "GEODETIC_DATUM_ASSUMED_WGS84",
          "INSTITUTION_MATCH_FUZZY",
          "COLLECTION_MATCH_NONE",
          "TAXON_ID_NOT_FOUND"
        ],
        "media": [
          {
            "url": "https://images.mobot.org/tropicosimages5/detailimages/TropicosImagesVol5/101595000/9D1A7C02-944C-4C33-B8B1-82C38E4F1E6E.jpg",
            "references": "https://www.tropicos.org/ImageFullView.aspx?imageid=101595736",
            "title": "Rueda - 3086 - Nicaragua",
            "creator": "MBG",
            "publisher": null,
            "license": "http://creativecommons.org/licenses/by-nc-sa/3.0/",
            "rightsHolder": "MBG"
          }
        ]
      }
    },
    {
      "type": "Feature",
      "geometry": {
        "type": "Point",
        "coordinates": [
          -81.86361,
          7.51444
        ]
      },
      "properties": {
        "gbifID": "1259208271",
        "species": "Prestonia portobellensis",
        "genus": "Prestonia",
        "family": "Apocynaceae",
        "scientificName": "Prestonia portobellensis (Beurl.) Woodson",
        "coordinateUncertaintyInMeters": "",
        "basisOfRecord": "PRESERVED_SPECIMEN",
        "eventDate": "1979-10-25",
        "country": null,
        "datasetName": "Tropicos",
        "publisher": "Missouri Botanical Garden",
        "license": "CC_BY_4_0",
        "issues": [
          "OCCURRENCE_STATUS_INFERRED_FROM_INDIVIDUAL_COUNT",
          "GEODETIC_DATUM_ASSUMED_WGS84",
          "INSTITUTION_MATCH_FUZZY",
          "COLLECTION_MATCH_NONE",
          "TAXON_ID_NOT_FOUND"
        ],
        "media": [
          {
            "url": "https://images.mobot.org/tropicosimages5/detailimages/TropicosImagesVol5/101439000/B87D45EB-BE4E-4EEB-8E7D-26F63F411205.jpg",
            "references": "https://www.tropicos.org/ImageFullView.aspx?imageid=101439515",
            "title": "Antonio - 2388 - Panama",
            "creator": "MBG",
            "publisher": null,
            "license": "http://creativecommons.org/licenses/by-nc-sa/3.0/",
            "rightsHolder": "MBG"
          }
        ]
      }
    },
    {
      "type": "Feature",
      "geometry": {
        "type": "Point",
        "coordinates": [
          -81.115,
          8.513056
        ]
      },
      "properties": {
        "gbifID": "1259251734",
        "species": "Prestonia portobellensis",
        "genus": "Prestonia",
        "family": "Apocynaceae",
        "scientificName": "Prestonia portobellensis (Beurl.) Woodson",
        "coordinateUncertaintyInMeters": "",
        "basisOfRecord": "PRESERVED_SPECIMEN",
        "eventDate": "1973-03-18",
        "country": null,
        "datasetName": "Tropicos",
        "publisher": "Missouri Botanical Garden",
        "license": "CC_BY_4_0",
        "issues": [
          "OCCURRENCE_STATUS_INFERRED_FROM_INDIVIDUAL_COUNT",
          "COORDINATE_ROUNDED",
          "GEODETIC_DATUM_ASSUMED_WGS84",
          "INSTITUTION_MATCH_FUZZY",
          "COLLECTION_MATCH_NONE",
          "TAXON_ID_NOT_FOUND"
        ],
        "media": [
          {
            "url": "https://images.mobot.org/tropicosimages5/detailimages/TropicosImagesVol5/101595000/5B1CAE2C-3BE6-415E-B8CD-6A1F6487FC4F.jpg",
            "references": "https://www.tropicos.org/ImageFullView.aspx?imageid=101595727",
            "title": "Croat - 23030 - Panama",
            "creator": "MBG",
            "publisher": null,
            "license": "http://creativecommons.org/licenses/by-nc-sa/3.0/",
            "rightsHolder": "MBG"
          }
        ]
      }
    },
    {
      "type": "Feature",
      "geometry": {
        "type": "Point",
        "coordinates": [
          -79.114167,
          8.257222
        ]
      },
      "properties": {
        "gbifID": "1259252600",
        "species": "Prestonia portobellensis",
        "genus": "Prestonia",
        "family": "Apocynaceae",
        "scientificName": "Prestonia portobellensis (Beurl.) Woodson",
        "coordinateUncertaintyInMeters": "",
        "basisOfRecord": "PRESERVED_SPECIMEN",
        "eventDate": "1973-05-20",
        "country": null,
        "datasetName": "Tropicos",
        "publisher": "Missouri Botanical Garden",
        "license": "CC_BY_4_0",
        "issues": [
          "OCCURRENCE_STATUS_INFERRED_FROM_INDIVIDUAL_COUNT",
          "COORDINATE_ROUNDED",
          "GEODETIC_DATUM_ASSUMED_WGS84",
          "INSTITUTION_MATCH_FUZZY",
          "COLLECTION_MATCH_NONE",
          "TAXON_ID_NOT_FOUND"
        ],
        "media": [
          {
            "url": "https://images.mobot.org/tropicosimages5/detailimages/TropicosImagesVol5/101439000/5FD43251-EE87-477E-AA31-460C0FACB1D1.jpg",
            "references": "https://www.tropicos.org/ImageFullView.aspx?imageid=101439430",
            "title": "Dressler - 4399 - Panama",
            "creator": "MBG",
            "publisher": null,
            "license": "http://creativecommons.org/licenses/by-nc-sa/3.0/",
            "rightsHolder": "MBG"
          }
        ]
      }
    },
    {
      "type": "Feature",
      "geometry": {
        "type": "Point",
        "coordinates": [
          -84.71666,
          10.3
        ]
      },
      "properties": {
        "gbifID": "1261125881",
        "species": "Prestonia portobellensis",
        "genus": "Prestonia",
        "family": "Apocynaceae",
        "scientificName": "Prestonia portobellensis (Beurl.) Woodson",
        "coordinateUncertaintyInMeters": "",
        "basisOfRecord": "PRESERVED_SPECIMEN",
        "eventDate": "1987-10-20",
        "country": null,
        "datasetName": "Tropicos",
        "publisher": "Missouri Botanical Garden",
        "license": "CC_BY_4_0",
        "issues": [
          "OCCURRENCE_STATUS_INFERRED_FROM_INDIVIDUAL_COUNT",
          "GEODETIC_DATUM_ASSUMED_WGS84",
          "INSTITUTION_MATCH_FUZZY",
          "COLLECTION_MATCH_NONE",
          "TAXON_ID_NOT_FOUND"
        ],
        "media": [
          {
            "url": "https://images.mobot.org/tropicosimages5/detailimages/TropicosImagesVol5/101595000/7C780D4D-C165-465A-9A82-1E02EE173366.jpg",
            "references": "https://www.tropicos.org/ImageFullView.aspx?imageid=101595737",
            "title": "Haber - 7513 - Costa Rica",
            "creator": "MBG",
            "publisher": null,
            "license": "http://creativecommons.org/licenses/by-nc-sa/3.0/",
            "rightsHolder": "MBG"
          }
        ]
      }
    },
    {
      "type": "Feature",
      "geometry": {
        "type": "Point",
        "coordinates": [
          -79.125,
          9.45
        ]
      },
      "properties": {
        "gbifID": "1261124030",
        "species": "Prestonia portobellensis",
        "genus": "Prestonia",
        "family": "Apocynaceae",
        "scientificName": "Prestonia portobellensis (Beurl.) Woodson",
        "coordinateUncertaintyInMeters": "",
        "basisOfRecord": "PRESERVED_SPECIMEN",
        "eventDate": "1985-05-16",
        "country": null,
        "datasetName": "Tropicos",
        "publisher": "Missouri Botanical Garden",
        "license": "CC_BY_4_0",
        "issues": [
          "OCCURRENCE_STATUS_INFERRED_FROM_INDIVIDUAL_COUNT",
          "GEODETIC_DATUM_ASSUMED_WGS84",
          "INSTITUTION_MATCH_FUZZY",
          "COLLECTION_MATCH_NONE",
          "TAXON_ID_NOT_FOUND"
        ],
        "media": [
          {
            "url": "https://images.mobot.org/tropicosimages5/detailimages/TropicosImagesVol5/101439000/0395653E-DD7B-4331-A48A-C92591C0F0D1.jpg",
            "references": "https://www.tropicos.org/ImageFullView.aspx?imageid=101439339",
            "title": "de Nevers - 5675 - Panama",
            "creator": "MBG",
            "publisher": null,
            "license": "http://creativecommons.org/licenses/by-nc-sa/3.0/",
            "rightsHolder": "MBG"
          }
        ]
      }
    },
    {
      "type": "Feature",
      "geometry": {
        "type": "Point",
        "coordinates": [
          -82.43333,
          8.78333
        ]
      },
      "properties": {
        "gbifID": "1259255145",
        "species": "Prestonia portobellensis",
        "genus": "Prestonia",
        "family": "Apocynaceae",
        "scientificName": "Prestonia portobellensis (Beurl.) Woodson",
        "coordinateUncertaintyInMeters": "",
        "basisOfRecord": "PRESERVED_SPECIMEN",
        "eventDate": "1938-05-20",
        "country": null,
        "datasetName": "Tropicos",
        "publisher": "Missouri Botanical Garden",
        "license": "CC_BY_4_0",
        "issues": [
          "GEODETIC_DATUM_ASSUMED_WGS84",
          "INSTITUTION_MATCH_FUZZY",
          "COLLECTION_MATCH_NONE",
          "TAXON_ID_NOT_FOUND"
        ],
        "media": [
          {
            "url": "https://images.mobot.org/tropicosimages5/detailimages/TropicosImagesVol5/101439000/1AC2CA51-2204-4A3D-9FD4-7DCEC2FFAF5C.jpg",
            "references": "https://www.tropicos.org/ImageFullView.aspx?imageid=101439473",
            "title": "Davidson - 684 - Panama",
            "creator": "MBG",
            "publisher": null,
            "license": "http://creativecommons.org/licenses/by-nc-sa/3.0/",
            "rightsHolder": "MBG"
          }
        ]
      }
    },
    {
      "type": "Feature",
      "geometry": {
        "type": "Point",
        "coordinates": [
          -79.856944,
          9.168056
        ]
      },
      "properties": {
        "gbifID": "1259255372",
        "species": "Prestonia portobellensis",
        "genus": "Prestonia",
        "family": "Apocynaceae",
        "scientificName": "Prestonia portobellensis (Beurl.) Woodson",
        "coordinateUncertaintyInMeters": "",
        "basisOfRecord": "PRESERVED_SPECIMEN",
        "eventDate": "1968-05-01",
        "country": null,
        "datasetName": "Tropicos",
        "publisher": "Missouri Botanical Garden",
        "license": "CC_BY_4_0",
        "issues": [
          "OCCURRENCE_STATUS_INFERRED_FROM_INDIVIDUAL_COUNT",
          "COORDINATE_ROUNDED",
          "GEODETIC_DATUM_ASSUMED_WGS84",
          "ELEVATION_NON_NUMERIC",
          "INSTITUTION_MATCH_FUZZY",
          "COLLECTION_MATCH_NONE",
          "TAXON_ID_NOT_FOUND"
        ],
        "media": [
          {
            "url": "https://images.mobot.org/tropicosimages5/detailimages/TropicosImagesVol5/101595000/3394C9B3-839C-4774-8ACA-79CAECFED1AA.jpg",
            "references": "https://www.tropicos.org/ImageFullView.aspx?imageid=101595722",
            "title": "Croat - 5283 - Panama",
            "creator": "MBG",
            "publisher": null,
            "license": "http://creativecommons.org/licenses/by-nc-sa/3.0/",
            "rightsHolder": "MBG"
          }
        ]
      }
    },
    {
      "type": "Feature",
      "geometry": {
        "type": "Point",
        "coordinates": [
          -79.82805,
          9.16361
        ]
      },
      "properties": {
        "gbifID": "1259807018",
        "species": "Prestonia portobellensis",
        "genus": "Prestonia",
        "family": "Apocynaceae",
        "scientificName": "Prestonia portobellensis (Beurl.) Woodson",
        "coordinateUncertaintyInMeters": "",
        "basisOfRecord": "PRESERVED_SPECIMEN",
        "eventDate": "1982-08-10",
        "country": null,
        "datasetName": "Tropicos",
        "publisher": "Missouri Botanical Garden",
        "license": "CC_BY_4_0",
        "issues": [
          "GEODETIC_DATUM_ASSUMED_WGS84",
          "ELEVATION_NON_NUMERIC",
          "INSTITUTION_MATCH_FUZZY",
          "COLLECTION_MATCH_NONE",
          "TAXON_ID_NOT_FOUND"
        ],
        "media": [
          {
            "url": "https://images.mobot.org/tropicosimages5/detailimages/TropicosImagesVol5/101439000/4011A5A0-ED15-4A04-8AC8-34028FBAC341.jpg",
            "references": "https://www.tropicos.org/ImageFullView.aspx?imageid=101439531",
            "title": "Schmalzel - 789 - Panama",
            "creator": "MBG",
            "publisher": null,
            "license": "http://creativecommons.org/licenses/by-nc-sa/3.0/",
            "rightsHolder": "MBG"
          }
        ]
      }
    },
    {
      "type": "Feature",
      "geometry": {
        "type": "Point",
        "coordinates": [
          -79.58333,
          9.0375
        ]
      },
      "properties": {
        "gbifID": "1259255074",
        "species": "Prestonia portobellensis",
        "genus": "Prestonia",
        "family": "Apocynaceae",
        "scientificName": "Prestonia portobellensis (Beurl.) Woodson",
        "coordinateUncertaintyInMeters": "",
        "basisOfRecord": "PRESERVED_SPECIMEN",
        "eventDate": "1971-01-01",
        "country": null,
        "datasetName": "Tropicos",
        "publisher": "Missouri Botanical Garden",
        "license": "CC_BY_4_0",
        "issues": [
          "GEODETIC_DATUM_ASSUMED_WGS84",
          "INSTITUTION_MATCH_FUZZY",
          "COLLECTION_MATCH_NONE",
          "TAXON_ID_NOT_FOUND"
        ],
        "media": [
          {
            "url": "https://images.mobot.org/tropicosimages5/detailimages/TropicosImagesVol5/101439000/AA77C67A-2F4A-4FA5-B363-B7A9C0FA4DF9.jpg",
            "references": "https://www.tropicos.org/ImageFullView.aspx?imageid=101439410",
            "title": "Croat - 12989 - Panama",
            "creator": "MBG",
            "publisher": null,
            "license": "http://creativecommons.org/licenses/by-nc-sa/3.0/",
            "rightsHolder": "MBG"
          }
        ]
      }
    },
    {
      "type": "Feature",
      "geometry": {
        "type": "Point",
        "coordinates": [
          -79.84166,
          9.1625
        ]
      },
      "properties": {
        "gbifID": "1259252494",
        "species": "Prestonia portobellensis",
        "genus": "Prestonia",
        "family": "Apocynaceae",
        "scientificName": "Prestonia portobellensis (Beurl.) Woodson",
        "coordinateUncertaintyInMeters": "",
        "basisOfRecord": "PRESERVED_SPECIMEN",
        "eventDate": "1969-01-15",
        "country": null,
        "datasetName": "Tropicos",
        "publisher": "Missouri Botanical Garden",
        "license": "CC_BY_4_0",
        "issues": [
          "GEODETIC_DATUM_ASSUMED_WGS84",
          "INSTITUTION_MATCH_FUZZY",
          "COLLECTION_MATCH_NONE",
          "TAXON_ID_NOT_FOUND"
        ],
        "media": [
          {
            "url": "https://images.mobot.org/tropicosimages5/detailimages/TropicosImagesVol5/101595000/F9A53CC8-338B-450D-8D96-6CAEA0408D84.jpg",
            "references": "https://www.tropicos.org/ImageFullView.aspx?imageid=101595691",
            "title": "Croat - 7260 - Panama",
            "creator": "MBG",
            "publisher": null,
            "license": "http://creativecommons.org/licenses/by-nc-sa/3.0/",
            "rightsHolder": "MBG"
          }
        ]
      }
    },
    {
      "type": "Feature",
      "geometry": {
        "type": "Point",
        "coordinates": [
          -77.16666,
          6.08333
        ]
      },
      "properties": {
        "gbifID": "1261121655",
        "species": "Prestonia portobellensis",
        "genus": "Prestonia",
        "family": "Apocynaceae",
        "scientificName": "Prestonia portobellensis (Beurl.) Woodson",
        "coordinateUncertaintyInMeters": "",
        "basisOfRecord": "PRESERVED_SPECIMEN",
        "eventDate": "1990-05-06",
        "country": null,
        "datasetName": "Tropicos",
        "publisher": "Missouri Botanical Garden",
        "license": "CC_BY_4_0",
        "issues": [
          "OCCURRENCE_STATUS_INFERRED_FROM_INDIVIDUAL_COUNT",
          "GEODETIC_DATUM_ASSUMED_WGS84",
          "ELEVATION_NON_NUMERIC",
          "INSTITUTION_MATCH_FUZZY",
          "COLLECTION_MATCH_NONE",
          "TAXON_ID_NOT_FOUND"
        ],
        "media": [
          {
            "url": "https://images.mobot.org/tropicosimages5/detailimages/TropicosImagesVol5/101456000/1B9F2329-30C2-4C3F-88FB-F769615FE91D.jpg",
            "references": "https://www.tropicos.org/ImageFullView.aspx?imageid=101456519",
            "title": "Barbosa - 6478 - Colombia",
            "creator": "MBG",
            "publisher": null,
            "license": "http://creativecommons.org/licenses/by-nc-sa/3.0/",
            "rightsHolder": "MBG"
          }
        ]
      }
    },
    {
      "type": "Feature",
      "geometry": {
        "type": "Point",
        "coordinates": [
          -82.2,
          9.316667
        ]
      },
      "properties": {
        "gbifID": "1259252631",
        "species": "Prestonia portobellensis",
        "genus": "Prestonia",
        "family": "Apocynaceae",
        "scientificName": "Prestonia portobellensis (Beurl.) Woodson",
        "coordinateUncertaintyInMeters": "",
        "basisOfRecord": "PRESERVED_SPECIMEN",
        "eventDate": "1941-10-21",
        "country": null,
        "datasetName": "Tropicos",
        "publisher": "Missouri Botanical Garden",
        "license": "CC_BY_4_0",
        "issues": [
          "OCCURRENCE_STATUS_INFERRED_FROM_INDIVIDUAL_COUNT",
          "COORDINATE_ROUNDED",
          "GEODETIC_DATUM_ASSUMED_WGS84",
          "ELEVATION_NON_NUMERIC",
          "INSTITUTION_MATCH_FUZZY",
          "COLLECTION_MATCH_NONE",
          "TAXON_ID_NOT_FOUND"
        ],
        "media": [
          {
            "url": "https://images.mobot.org/tropicosimages5/detailimages/TropicosImagesVol5/101439000/BA958F22-5DBD-4A91-A94D-4ADA215198A7.jpg",
            "references": "https://www.tropicos.org/ImageFullView.aspx?imageid=101439478",
            "title": "von Wedel - 2859 - Panama",
            "creator": "MBG",
            "publisher": null,
            "license": "http://creativecommons.org/licenses/by-nc-sa/3.0/",
            "rightsHolder": "MBG"
          }
        ]
      }
    },
    {
      "type": "Feature",
      "geometry": {
        "type": "Point",
        "coordinates": [
          -82.51833,
          9.41333
        ]
      },
      "properties": {
        "gbifID": "1259252931",
        "species": "Prestonia portobellensis",
        "genus": "Prestonia",
        "family": "Apocynaceae",
        "scientificName": "Prestonia portobellensis (Beurl.) Woodson",
        "coordinateUncertaintyInMeters": "",
        "basisOfRecord": "PRESERVED_SPECIMEN",
        "eventDate": "1963-09-10",
        "country": null,
        "datasetName": "Tropicos",
        "publisher": "Missouri Botanical Garden",
        "license": "CC_BY_4_0",
        "issues": [
          "GEODETIC_DATUM_ASSUMED_WGS84",
          "ELEVATION_NON_NUMERIC",
          "INSTITUTION_MATCH_FUZZY",
          "COLLECTION_MATCH_NONE",
          "TAXON_ID_NOT_FOUND"
        ],
        "media": [
          {
            "url": "https://images.mobot.org/tropicosimages5/detailimages/TropicosImagesVol5/101439000/A9166056-52B4-48BB-8D11-1F4DCC9594A7.jpg",
            "references": "https://www.tropicos.org/ImageFullView.aspx?imageid=101439390",
            "title": "Dwyer - s.n. - Panama",
            "creator": "MBG",
            "publisher": null,
            "license": "http://creativecommons.org/licenses/by-nc-sa/3.0/",
            "rightsHolder": "MBG"
          }
        ]
      }
    },
    {
      "type": "Feature",
      "geometry": {
        "type": "Point",
        "coordinates": [
          -80.075,
          9.25
        ]
      },
      "properties": {
        "gbifID": "1259255908",
        "species": "Prestonia portobellensis",
        "genus": "Prestonia",
        "family": "Apocynaceae",
        "scientificName": "Prestonia portobellensis (Beurl.) Woodson",
        "coordinateUncertaintyInMeters": "",
        "basisOfRecord": "PRESERVED_SPECIMEN",
        "eventDate": "1974-05-17",
        "country": null,
        "datasetName": "Tropicos",
        "publisher": "Missouri Botanical Garden",
        "license": "CC_BY_4_0",
        "issues": [
          "OCCURRENCE_STATUS_INFERRED_FROM_INDIVIDUAL_COUNT",
          "GEODETIC_DATUM_ASSUMED_WGS84",
          "ELEVATION_NON_NUMERIC",
          "INSTITUTION_MATCH_FUZZY",
          "COLLECTION_MATCH_NONE",
          "TAXON_ID_NOT_FOUND"
        ],
        "media": [
          {
            "url": "https://images.mobot.org/tropicosimages5/detailimages/TropicosImagesVol5/101439000/34C2D3AA-42C2-49F1-9704-350E9697C8F6.jpg",
            "references": "https://www.tropicos.org/ImageFullView.aspx?imageid=101439449",
            "title": "Nee - 11700 - Panama",
            "creator": "MBG",
            "publisher": null,
            "license": "http://creativecommons.org/licenses/by-nc-sa/3.0/",
            "rightsHolder": "MBG"
          }
        ]
      }
    },
    {
      "type": "Feature",
      "geometry": {
        "type": "Point",
        "coordinates": [
          -82.80027,
          9.66611
        ]
      },
      "properties": {
        "gbifID": "1259253272",
        "species": "Prestonia portobellensis",
        "genus": "Prestonia",
        "family": "Apocynaceae",
        "scientificName": "Prestonia portobellensis (Beurl.) Woodson",
        "coordinateUncertaintyInMeters": "",
        "basisOfRecord": "PRESERVED_SPECIMEN",
        "eventDate": "1983-05-05",
        "country": null,
        "datasetName": "Tropicos",
        "publisher": "Missouri Botanical Garden",
        "license": "CC_BY_4_0",
        "issues": [
          "GEODETIC_DATUM_ASSUMED_WGS84",
          "INSTITUTION_MATCH_FUZZY",
          "COLLECTION_MATCH_NONE",
          "TAXON_ID_NOT_FOUND"
        ],
        "media": [
          {
            "url": "https://images.mobot.org/tropicosimages5/detailimages/TropicosImagesVol5/101595000/F71E10EA-7483-4068-8AD9-7718840333B1.jpg",
            "references": "https://www.tropicos.org/ImageFullView.aspx?imageid=101595688",
            "title": "Gómez Pignataro - 20506 - Costa Rica",
            "creator": "MBG",
            "publisher": null,
            "license": "http://creativecommons.org/licenses/by-nc-sa/3.0/",
            "rightsHolder": "MBG"
          }
        ]
      }
    },
    {
      "type": "Feature",
      "geometry": {
        "type": "Point",
        "coordinates": [
          -80.133333,
          8.645833
        ]
      },
      "properties": {
        "gbifID": "1258991184",
        "species": "Prestonia portobellensis",
        "genus": "Prestonia",
        "family": "Apocynaceae",
        "scientificName": "Prestonia portobellensis (Beurl.) Woodson",
        "coordinateUncertaintyInMeters": "",
        "basisOfRecord": "PRESERVED_SPECIMEN",
        "eventDate": "1972-08-13",
        "country": null,
        "datasetName": "Tropicos",
        "publisher": "Missouri Botanical Garden",
        "license": "CC_BY_4_0",
        "issues": [
          "OCCURRENCE_STATUS_INFERRED_FROM_INDIVIDUAL_COUNT",
          "COORDINATE_ROUNDED",
          "GEODETIC_DATUM_ASSUMED_WGS84",
          "INSTITUTION_MATCH_FUZZY",
          "COLLECTION_MATCH_NONE",
          "TAXON_ID_NOT_FOUND"
        ],
        "media": [
          {
            "url": "https://images.mobot.org/tropicosimages5/detailimages/TropicosImagesVol5/101595000/6E195079-484F-4C27-A36B-739F5FA9F987.jpg",
            "references": "https://www.tropicos.org/ImageFullView.aspx?imageid=101595745",
            "title": "Gentry - 5642 - Panama",
            "creator": "MBG",
            "publisher": null,
            "license": "http://creativecommons.org/licenses/by-nc-sa/3.0/",
            "rightsHolder": "MBG"
          }
        ]
      }
    },
    {
      "type": "Feature",
      "geometry": {
        "type": "Point",
        "coordinates": [
          -80.125,
          8.633333
        ]
      },
      "properties": {
        "gbifID": "1259014548",
        "species": "Prestonia portobellensis",
        "genus": "Prestonia",
        "family": "Apocynaceae",
        "scientificName": "Prestonia portobellensis (Beurl.) Woodson",
        "coordinateUncertaintyInMeters": "",
        "basisOfRecord": "PRESERVED_SPECIMEN",
        "eventDate": "1974-07-21",
        "country": null,
        "datasetName": "Tropicos",
        "publisher": "Missouri Botanical Garden",
        "license": "CC_BY_4_0",
        "issues": [
          "OCCURRENCE_STATUS_INFERRED_FROM_INDIVIDUAL_COUNT",
          "COORDINATE_ROUNDED",
          "GEODETIC_DATUM_ASSUMED_WGS84",
          "INSTITUTION_MATCH_FUZZY",
          "COLLECTION_MATCH_NONE",
          "TAXON_ID_NOT_FOUND"
        ],
        "media": [
          {
            "url": "https://images.mobot.org/tropicosimages5/detailimages/TropicosImagesVol5/101439000/AAF43A3D-6B88-465E-960A-FD29EC64E54A.jpg",
            "references": "https://www.tropicos.org/ImageFullView.aspx?imageid=101439338",
            "title": "Croat - 25365 - Panama",
            "creator": "MBG",
            "publisher": null,
            "license": "http://creativecommons.org/licenses/by-nc-sa/3.0/",
            "rightsHolder": "MBG"
          }
        ]
      }
    },
    {
      "type": "Feature",
      "geometry": {
        "type": "Point",
        "coordinates": [
          -79.700556,
          9.119445
        ]
      },
      "properties": {
        "gbifID": "1259253589",
        "species": "Prestonia portobellensis",
        "genus": "Prestonia",
        "family": "Apocynaceae",
        "scientificName": "Prestonia portobellensis (Beurl.) Woodson",
        "coordinateUncertaintyInMeters": "",
        "basisOfRecord": "PRESERVED_SPECIMEN",
        "eventDate": "1973-02-14",
        "country": null,
        "datasetName": "Tropicos",
        "publisher": "Missouri Botanical Garden",
        "license": "CC_BY_4_0",
        "issues": [
          "OCCURRENCE_STATUS_INFERRED_FROM_INDIVIDUAL_COUNT",
          "COORDINATE_ROUNDED",
          "GEODETIC_DATUM_ASSUMED_WGS84",
          "INSTITUTION_MATCH_FUZZY",
          "COLLECTION_MATCH_NONE",
          "TAXON_ID_NOT_FOUND"
        ],
        "media": [
          {
            "url": "https://images.mobot.org/tropicosimages5/detailimages/TropicosImagesVol5/101439000/D0E98D00-C1AA-4610-817D-85E347BDFA67.jpg",
            "references": "https://www.tropicos.org/ImageFullView.aspx?imageid=101439451",
            "title": "Kennedy - 2463 - Panama",
            "creator": "MBG",
            "publisher": null,
            "license": "http://creativecommons.org/licenses/by-nc-sa/3.0/",
            "rightsHolder": "MBG"
          }
        ]
      }
    },
    {
      "type": "Feature",
      "geometry": {
        "type": "Point",
        "coordinates": [
          -83.53611,
          8.71388
        ]
      },
      "properties": {
        "gbifID": "1259792399",
        "species": "Prestonia portobellensis",
        "genus": "Prestonia",
        "family": "Apocynaceae",
        "scientificName": "Prestonia portobellensis (Beurl.) Woodson",
        "coordinateUncertaintyInMeters": "",
        "basisOfRecord": "PRESERVED_SPECIMEN",
        "eventDate": "1990-10-03",
        "country": null,
        "datasetName": "Tropicos",
        "publisher": "Missouri Botanical Garden",
        "license": "CC_BY_4_0",
        "issues": [
          "GEODETIC_DATUM_ASSUMED_WGS84",
          "INSTITUTION_MATCH_FUZZY",
          "COLLECTION_MATCH_NONE",
          "TAXON_ID_NOT_FOUND"
        ],
        "media": [
          {
            "url": "https://images.mobot.org/tropicosimages5/detailimages/TropicosImagesVol5/101439000/A75D571E-B09D-43A3-B8DD-905FC55520A3.jpg",
            "references": "https://www.tropicos.org/ImageFullView.aspx?imageid=101439488",
            "title": "Herrera Chacón - 4464 - Costa Rica",
            "creator": "MBG",
            "publisher": null,
            "license": "http://creativecommons.org/licenses/by-nc-sa/3.0/",
            "rightsHolder": "MBG"
          }
        ]
      }
    },
    {
      "type": "Feature",
      "geometry": {
        "type": "Point",
        "coordinates": [
          -79.65833,
          9.40833
        ]
      },
      "properties": {
        "gbifID": "1259806813",
        "species": "Prestonia portobellensis",
        "genus": "Prestonia",
        "family": "Apocynaceae",
        "scientificName": "Prestonia portobellensis (Beurl.) Woodson",
        "coordinateUncertaintyInMeters": "",
        "basisOfRecord": "PRESERVED_SPECIMEN",
        "eventDate": "1983-01-06",
        "country": null,
        "datasetName": "Tropicos",
        "publisher": "Missouri Botanical Garden",
        "license": "CC_BY_4_0",
        "issues": [
          "GEODETIC_DATUM_ASSUMED_WGS84",
          "INSTITUTION_MATCH_FUZZY",
          "COLLECTION_MATCH_NONE",
          "TAXON_ID_NOT_FOUND"
        ],
        "media": [
          {
            "url": "https://images.mobot.org/tropicosimages5/detailimages/TropicosImagesVol5/101595000/7A95DB02-785A-49B0-888B-86A210EF1B04.jpg",
            "references": "https://www.tropicos.org/ImageFullView.aspx?imageid=101595741",
            "title": "Schmalzel - 2067 - Panama",
            "creator": "MBG",
            "publisher": null,
            "license": "http://creativecommons.org/licenses/by-nc-sa/3.0/",
            "rightsHolder": "MBG"
          }
        ]
      }
    },
    {
      "type": "Feature",
      "geometry": {
        "type": "Point",
        "coordinates": [
          -82.28333,
          9.4
        ]
      },
      "properties": {
        "gbifID": "1259254438",
        "species": "Prestonia portobellensis",
        "genus": "Prestonia",
        "family": "Apocynaceae",
        "scientificName": "Prestonia portobellensis (Beurl.) Woodson",
        "coordinateUncertaintyInMeters": "",
        "basisOfRecord": "PRESERVED_SPECIMEN",
        "eventDate": "1941-06-03",
        "country": null,
        "datasetName": "Tropicos",
        "publisher": "Missouri Botanical Garden",
        "license": "CC_BY_4_0",
        "issues": [
          "GEODETIC_DATUM_ASSUMED_WGS84",
          "INSTITUTION_MATCH_FUZZY",
          "COLLECTION_MATCH_NONE",
          "TAXON_ID_NOT_FOUND"
        ],
        "media": [
          {
            "url": "https://images.mobot.org/tropicosimages5/detailimages/TropicosImagesVol5/101439000/890F2347-869D-417C-90F2-054008FFED09.jpg",
            "references": "https://www.tropicos.org/ImageFullView.aspx?imageid=101439435",
            "title": "von Wedel - 2471 - Panama",
            "creator": "MBG",
            "publisher": null,
            "license": "http://creativecommons.org/licenses/by-nc-sa/3.0/",
            "rightsHolder": "MBG"
          }
        ]
      }
    },
    {
      "type": "Feature",
      "geometry": {
        "type": "Point",
        "coordinates": [
          -84.33,
          9.7
        ]
      },
      "properties": {
        "gbifID": "4031415874",
        "species": "Prestonia portobellensis",
        "genus": "Prestonia",
        "family": "Apocynaceae",
        "scientificName": "Prestonia portobellensis (Beurl.) Woodson",
        "coordinateUncertaintyInMeters": "",
        "basisOfRecord": "PRESERVED_SPECIMEN",
        "eventDate": "1994-03-03",
        "country": null,
        "datasetName": "Tropicos",
        "publisher": "Missouri Botanical Garden",
        "license": "CC_BY_4_0",
        "issues": [
          "OCCURRENCE_STATUS_INFERRED_FROM_INDIVIDUAL_COUNT",
          "GEODETIC_DATUM_ASSUMED_WGS84",
          "INSTITUTION_MATCH_FUZZY",
          "COLLECTION_MATCH_NONE",
          "TAXON_ID_NOT_FOUND"
        ],
        "media": [
          {
            "url": "https://images.mobot.org/tropicosimages5/detailimages/TropicosImagesVol5/101595000/5B00103B-1A9B-472E-B2A2-F38F0A2C838B.jpg",
            "references": "https://www.tropicos.org/ImageFullView.aspx?imageid=101595732",
            "title": "Morales Quirós - 2413 - Costa Rica",
            "creator": "MBG",
            "publisher": null,
            "license": "http://creativecommons.org/licenses/by-nc-sa/3.0/",
            "rightsHolder": "MBG"
          }
        ]
      }
    },
    {
      "type": "Feature",
      "geometry": {
        "type": "Point",
        "coordinates": [
          -84.00361,
          10.43138
        ]
      },
      "properties": {
        "gbifID": "4031722907",
        "species": "Prestonia portobellensis",
        "genus": "Prestonia",
        "family": "Apocynaceae",
        "scientificName": "Prestonia portobellensis (Beurl.) Woodson",
        "coordinateUncertaintyInMeters": "",
        "basisOfRecord": "PRESERVED_SPECIMEN",
        "eventDate": "1981-09-29",
        "country": null,
        "datasetName": "Tropicos",
        "publisher": "Missouri Botanical Garden",
        "license": "CC_BY_4_0",
        "issues": [
          "GEODETIC_DATUM_ASSUMED_WGS84",
          "INSTITUTION_MATCH_FUZZY",
          "COLLECTION_MATCH_NONE",
          "TAXON_ID_NOT_FOUND"
        ],
        "media": [
          {
            "url": "https://images.mobot.org/tropicosimages5/detailimages/TropicosImagesVol5/101439000/98634289-B810-45C0-B77A-1FD908F97696.jpg",
            "references": "https://www.tropicos.org/ImageFullView.aspx?imageid=101439400",
            "title": "Smith - 305 - Costa Rica",
            "creator": "MBG",
            "publisher": null,
            "license": "http://creativecommons.org/licenses/by-nc-sa/3.0/",
            "rightsHolder": "MBG"
          }
        ]
      }
    },
    {
      "type": "Feature",
      "geometry": {
        "type": "Point",
        "coordinates": [
          -79.925833,
          8.688889
        ]
      },
      "properties": {
        "gbifID": "1258589209",
        "species": "Prestonia portobellensis",
        "genus": "Prestonia",
        "family": "Apocynaceae",
        "scientificName": "Prestonia portobellensis (Beurl.) Woodson",
        "coordinateUncertaintyInMeters": "",
        "basisOfRecord": "PRESERVED_SPECIMEN",
        "eventDate": "1966-05-21",
        "country": null,
        "datasetName": "Tropicos",
        "publisher": "Missouri Botanical Garden",
        "license": "CC_BY_4_0",
        "issues": [
          "OCCURRENCE_STATUS_INFERRED_FROM_INDIVIDUAL_COUNT",
          "COORDINATE_ROUNDED",
          "GEODETIC_DATUM_ASSUMED_WGS84",
          "INSTITUTION_MATCH_FUZZY",
          "COLLECTION_MATCH_NONE",
          "TAXON_ID_NOT_FOUND"
        ],
        "media": [
          {
            "url": "https://images.mobot.org/tropicosimages5/detailimages/TropicosImagesVol5/101439000/6EDC50CD-454B-49E4-AB45-68D7184C90B9.jpg",
            "references": "https://www.tropicos.org/ImageFullView.aspx?imageid=101439332",
            "title": "Tyson - 4030 - Panama",
            "creator": "MBG",
            "publisher": null,
            "license": "http://creativecommons.org/licenses/by-nc-sa/3.0/",
            "rightsHolder": "MBG"
          }
        ]
      }
    },
    {
      "type": "Feature",
      "geometry": {
        "type": "Point",
        "coordinates": [
          -79.06638,
          8.2575
        ]
      },
      "properties": {
        "gbifID": "1259253079",
        "species": "Prestonia portobellensis",
        "genus": "Prestonia",
        "family": "Apocynaceae",
        "scientificName": "Prestonia portobellensis (Beurl.) Woodson",
        "coordinateUncertaintyInMeters": "",
        "basisOfRecord": "PRESERVED_SPECIMEN",
        "eventDate": "1945-04-23",
        "country": null,
        "datasetName": "Tropicos",
        "publisher": "Missouri Botanical Garden",
        "license": "CC_BY_4_0",
        "issues": [
          "GEODETIC_DATUM_ASSUMED_WGS84",
          "ELEVATION_NON_NUMERIC",
          "INSTITUTION_MATCH_FUZZY",
          "COLLECTION_MATCH_NONE",
          "TAXON_ID_NOT_FOUND"
        ],
        "media": [
          {
            "url": "https://images.mobot.org/tropicosimages5/detailimages/TropicosImagesVol5/101439000/68EF2D53-1077-4410-968A-415511DF079E.jpg",
            "references": "https://www.tropicos.org/ImageFullView.aspx?imageid=101439433",
            "title": "Johnston - 767 - Panama",
            "creator": "MBG",
            "publisher": null,
            "license": "http://creativecommons.org/licenses/by-nc-sa/3.0/",
            "rightsHolder": "MBG"
          }
        ]
      }
    },
    {
      "type": "Feature",
      "geometry": {
        "type": "Point",
        "coordinates": [
          -83.66666,
          11.6
        ]
      },
      "properties": {
        "gbifID": "1258669794",
        "species": "Prestonia portobellensis",
        "genus": "Prestonia",
        "family": "Apocynaceae",
        "scientificName": "Prestonia portobellensis (Beurl.) Woodson",
        "coordinateUncertaintyInMeters": "",
        "basisOfRecord": "PRESERVED_SPECIMEN",
        "eventDate": "1981-09-29",
        "country": null,
        "datasetName": "Tropicos",
        "publisher": "Missouri Botanical Garden",
        "license": "CC_BY_4_0",
        "issues": [
          "GEODETIC_DATUM_ASSUMED_WGS84",
          "ELEVATION_NON_NUMERIC",
          "INSTITUTION_MATCH_FUZZY",
          "COLLECTION_MATCH_NONE",
          "TAXON_ID_NOT_FOUND"
        ],
        "media": [
          {
            "url": "https://images.mobot.org/tropicosimages5/detailimages/TropicosImagesVol5/101439000/54805F78-59E0-4876-BF30-0FB9497018CF.jpg",
            "references": "https://www.tropicos.org/ImageFullView.aspx?imageid=101439496",
            "title": "Stevens - 20698 - Nicaragua",
            "creator": "MBG",
            "publisher": null,
            "license": "http://creativecommons.org/licenses/by-nc-sa/3.0/",
            "rightsHolder": "MBG"
          }
        ]
      }
    },
    {
      "type": "Feature",
      "geometry": {
        "type": "Point",
        "coordinates": [
          -88.58,
          17.31333
        ]
      },
      "properties": {
        "gbifID": "1259252862",
        "species": "Prestonia portobellensis",
        "genus": "Prestonia",
        "family": "Apocynaceae",
        "scientificName": "Prestonia portobellensis (Beurl.) Woodson",
        "coordinateUncertaintyInMeters": "",
        "basisOfRecord": "PRESERVED_SPECIMEN",
        "eventDate": "1972-07-06",
        "country": null,
        "datasetName": "Tropicos",
        "publisher": "Missouri Botanical Garden",
        "license": "CC_BY_4_0",
        "issues": [
          "GEODETIC_DATUM_ASSUMED_WGS84",
          "INSTITUTION_MATCH_FUZZY",
          "COLLECTION_MATCH_NONE",
          "TAXON_ID_NOT_FOUND"
        ],
        "media": [
          {
            "url": "https://images.mobot.org/tropicosimages5/detailimages/TropicosImagesVol5/101439000/6A073D92-E8D0-43C6-9B11-89499087FEF6.jpg",
            "references": "https://www.tropicos.org/ImageFullView.aspx?imageid=101439405",
            "title": "Dwyer - 10103 - Belize",
            "creator": "MBG",
            "publisher": null,
            "license": "http://creativecommons.org/licenses/by-nc-sa/3.0/",
            "rightsHolder": "MBG"
          }
        ]
      }
    },
    {
      "type": "Feature",
      "geometry": {
        "type": "Point",
        "coordinates": [
          -84.54444,
          9.78333
        ]
      },
      "properties": {
        "gbifID": "1261511077",
        "species": "Prestonia portobellensis",
        "genus": "Prestonia",
        "family": "Apocynaceae",
        "scientificName": "Prestonia portobellensis (Beurl.) Woodson",
        "coordinateUncertaintyInMeters": "",
        "basisOfRecord": "PRESERVED_SPECIMEN",
        "eventDate": "1990-05-09",
        "country": null,
        "datasetName": "Tropicos",
        "publisher": "Missouri Botanical Garden",
        "license": "CC_BY_4_0",
        "issues": [
          "OCCURRENCE_STATUS_INFERRED_FROM_INDIVIDUAL_COUNT",
          "GEODETIC_DATUM_ASSUMED_WGS84",
          "INSTITUTION_MATCH_FUZZY",
          "COLLECTION_MATCH_NONE",
          "TAXON_ID_NOT_FOUND"
        ],
        "media": [
          {
            "url": "https://images.mobot.org/tropicosimages5/detailimages/TropicosImagesVol5/101595000/136E2C7B-5DC7-410E-851F-BED8D764D97A.jpg",
            "references": "https://www.tropicos.org/ImageFullView.aspx?imageid=101595729",
            "title": "Zúñiga Villegas - 198 - Costa Rica",
            "creator": "MBG",
            "publisher": null,
            "license": "http://creativecommons.org/licenses/by-nc-sa/3.0/",
            "rightsHolder": "MBG"
          }
        ]
      }
    },
    {
      "type": "Feature",
      "geometry": {
        "type": "Point",
        "coordinates": [
          -83.51,
          8.56
        ]
      },
      "properties": {
        "gbifID": "4031517932",
        "species": "Prestonia portobellensis",
        "genus": "Prestonia",
        "family": "Apocynaceae",
        "scientificName": "Prestonia portobellensis (Beurl.) Woodson",
        "coordinateUncertaintyInMeters": "",
        "basisOfRecord": "PRESERVED_SPECIMEN",
        "eventDate": "1993-09-02",
        "country": null,
        "datasetName": "Tropicos",
        "publisher": "Missouri Botanical Garden",
        "license": "CC_BY_4_0",
        "issues": [
          "OCCURRENCE_STATUS_INFERRED_FROM_INDIVIDUAL_COUNT",
          "GEODETIC_DATUM_ASSUMED_WGS84",
          "INSTITUTION_MATCH_FUZZY",
          "COLLECTION_MATCH_NONE",
          "TAXON_ID_NOT_FOUND"
        ],
        "media": [
          {
            "url": "https://images.mobot.org/tropicosimages5/detailimages/TropicosImagesVol5/101595000/BFEC58A8-E809-450F-8AA2-1E4DD6245D61.jpg",
            "references": "https://www.tropicos.org/ImageFullView.aspx?imageid=101595520",
            "title": "Aguilar Fernández - 2157 - Costa Rica",
            "creator": "MBG",
            "publisher": null,
            "license": "http://creativecommons.org/licenses/by-nc-sa/3.0/",
            "rightsHolder": "MBG"
          }
        ]
      }
    },
    {
      "type": "Feature",
      "geometry": {
        "type": "Point",
        "coordinates": [
          -80.666111,
          8.843889
        ]
      },
      "properties": {
        "gbifID": "4031761226",
        "species": "Prestonia portobellensis",
        "genus": "Prestonia",
        "family": "Apocynaceae",
        "scientificName": "Prestonia portobellensis (Beurl.) Woodson",
        "coordinateUncertaintyInMeters": "",
        "basisOfRecord": "PRESERVED_SPECIMEN",
        "eventDate": "2014-09-24",
        "country": null,
        "datasetName": "Tropicos",
        "publisher": "Missouri Botanical Garden",
        "license": "CC_BY_4_0",
        "issues": [
          "OCCURRENCE_STATUS_INFERRED_FROM_INDIVIDUAL_COUNT",
          "COORDINATE_ROUNDED",
          "GEODETIC_DATUM_ASSUMED_WGS84",
          "INSTITUTION_MATCH_FUZZY",
          "COLLECTION_MATCH_NONE",
          "TAXON_ID_NOT_FOUND"
        ],
        "media": [
          {
            "url": "https://images.mobot.org/tropicosimages5/detailimages/TropicosImagesVol5/101439000/D3A73D79-EE50-490E-B80F-920EFF16E600.jpg",
            "references": "https://www.tropicos.org/ImageFullView.aspx?imageid=101439366",
            "title": "Ramos A. - 326 - Panama",
            "creator": "MBG",
            "publisher": null,
            "license": "http://creativecommons.org/licenses/by-nc-sa/3.0/",
            "rightsHolder": "MBG"
          }
        ]
      }
    },
    {
      "type": "Feature",
      "geometry": {
        "type": "Point",
        "coordinates": [
          -79.65,
          9.31666
        ]
      },
      "properties": {
        "gbifID": "1259252232",
        "species": "Prestonia portobellensis",
        "genus": "Prestonia",
        "family": "Apocynaceae",
        "scientificName": "Prestonia portobellensis (Beurl.) Woodson",
        "coordinateUncertaintyInMeters": "",
        "basisOfRecord": "PRESERVED_SPECIMEN",
        "eventDate": "1968-07-30",
        "country": null,
        "datasetName": "Tropicos",
        "publisher": "Missouri Botanical Garden",
        "license": "CC_BY_4_0",
        "issues": [
          "GEODETIC_DATUM_ASSUMED_WGS84",
          "INSTITUTION_MATCH_FUZZY",
          "COLLECTION_MATCH_NONE",
          "TAXON_ID_NOT_FOUND"
        ],
        "media": [
          {
            "url": "https://images.mobot.org/tropicosimages5/detailimages/TropicosImagesVol5/101439000/24445716-FAFC-4FC6-AF3A-763560E4B1E8.jpg",
            "references": "https://www.tropicos.org/ImageFullView.aspx?imageid=101439439",
            "title": "Correa Arroyo - 908 - Panama",
            "creator": "MBG",
            "publisher": null,
            "license": "http://creativecommons.org/licenses/by-nc-sa/3.0/",
            "rightsHolder": "MBG"
          }
        ]
      }
    },
    {
      "type": "Feature",
      "geometry": {
        "type": "Point",
        "coordinates": [
          -83.633333,
          10.683333
        ]
      },
      "properties": {
        "gbifID": "1261124639",
        "species": "Prestonia portobellensis",
        "genus": "Prestonia",
        "family": "Apocynaceae",
        "scientificName": "Prestonia portobellensis (Beurl.) Woodson",
        "coordinateUncertaintyInMeters": "",
        "basisOfRecord": "PRESERVED_SPECIMEN",
        "eventDate": "1986-09-15",
        "country": null,
        "datasetName": "Tropicos",
        "publisher": "Missouri Botanical Garden",
        "license": "CC_BY_4_0",
        "issues": [
          "OCCURRENCE_STATUS_INFERRED_FROM_INDIVIDUAL_COUNT",
          "COORDINATE_ROUNDED",
          "GEODETIC_DATUM_ASSUMED_WGS84",
          "INSTITUTION_MATCH_FUZZY",
          "COLLECTION_MATCH_NONE",
          "TAXON_ID_NOT_FOUND"
        ],
        "media": [
          {
            "url": "https://images.mobot.org/tropicosimages5/detailimages/TropicosImagesVol5/101439000/F72AE197-EBF6-4EF9-9AAE-6722C2ADD524.jpg",
            "references": "https://www.tropicos.org/ImageFullView.aspx?imageid=101439503",
            "title": "Stevens - 24604 - Costa Rica",
            "creator": "MBG",
            "publisher": null,
            "license": "http://creativecommons.org/licenses/by-nc-sa/3.0/",
            "rightsHolder": "MBG"
          }
        ]
      }
    },
    {
      "type": "Feature",
      "geometry": {
        "type": "Point",
        "coordinates": [
          -83.85,
          11.6
        ]
      },
      "properties": {
        "gbifID": "1261125076",
        "species": "Prestonia portobellensis",
        "genus": "Prestonia",
        "family": "Apocynaceae",
        "scientificName": "Prestonia portobellensis (Beurl.) Woodson",
        "coordinateUncertaintyInMeters": "",
        "basisOfRecord": "PRESERVED_SPECIMEN",
        "eventDate": "1982-02-06",
        "country": null,
        "datasetName": "Tropicos",
        "publisher": "Missouri Botanical Garden",
        "license": "CC_BY_4_0",
        "issues": [
          "GEODETIC_DATUM_ASSUMED_WGS84",
          "INSTITUTION_MATCH_FUZZY",
          "COLLECTION_MATCH_NONE",
          "TAXON_ID_NOT_FOUND"
        ],
        "media": [
          {
            "url": "https://images.mobot.org/tropicosimages5/detailimages/TropicosImagesVol5/101439000/F7ECCD3D-F0D2-40CC-886A-E0B81FA29D87.jpg",
            "references": "https://www.tropicos.org/ImageFullView.aspx?imageid=101439492",
            "title": "Moreno - 14880 - Nicaragua",
            "creator": "MBG",
            "publisher": null,
            "license": "http://creativecommons.org/licenses/by-nc-sa/3.0/",
            "rightsHolder": "MBG"
          }
        ]
      }
    },
    {
      "type": "Feature",
      "geometry": {
        "type": "Point",
        "coordinates": [
          -83.666667,
          11.6
        ]
      },
      "properties": {
        "gbifID": "1258451393",
        "species": "Prestonia portobellensis",
        "genus": "Prestonia",
        "family": "Apocynaceae",
        "scientificName": "Prestonia portobellensis (Beurl.) Woodson",
        "coordinateUncertaintyInMeters": "",
        "basisOfRecord": "PRESERVED_SPECIMEN",
        "eventDate": "1981-04-07",
        "country": null,
        "datasetName": "Tropicos",
        "publisher": "Missouri Botanical Garden",
        "license": "CC_BY_4_0",
        "issues": [
          "OCCURRENCE_STATUS_INFERRED_FROM_INDIVIDUAL_COUNT",
          "COORDINATE_ROUNDED",
          "GEODETIC_DATUM_ASSUMED_WGS84",
          "ELEVATION_NON_NUMERIC",
          "INSTITUTION_MATCH_FUZZY",
          "COLLECTION_MATCH_NONE",
          "TAXON_ID_NOT_FOUND"
        ],
        "media": [
          {
            "url": "https://images.mobot.org/tropicosimages5/detailimages/TropicosImagesVol5/101439000/00F7E53C-D00F-4F83-92A6-DB4C5680800D.jpg",
            "references": "https://www.tropicos.org/ImageFullView.aspx?imageid=101439497",
            "title": "Stevens - 20000 - Nicaragua",
            "creator": "MBG",
            "publisher": null,
            "license": "http://creativecommons.org/licenses/by-nc-sa/3.0/",
            "rightsHolder": "MBG"
          }
        ]
      }
    },
    {
      "type": "Feature",
      "geometry": {
        "type": "Point",
        "coordinates": [
          -78.930278,
          9.275556
        ]
      },
      "properties": {
        "gbifID": "1259064849",
        "species": "Prestonia portobellensis",
        "genus": "Prestonia",
        "family": "Apocynaceae",
        "scientificName": "Prestonia portobellensis (Beurl.) Woodson",
        "coordinateUncertaintyInMeters": "",
        "basisOfRecord": "PRESERVED_SPECIMEN",
        "eventDate": "1975-02-15",
        "country": null,
        "datasetName": "Tropicos",
        "publisher": "Missouri Botanical Garden",
        "license": "CC_BY_4_0",
        "issues": [
          "OCCURRENCE_STATUS_INFERRED_FROM_INDIVIDUAL_COUNT",
          "COORDINATE_ROUNDED",
          "GEODETIC_DATUM_ASSUMED_WGS84",
          "INSTITUTION_MATCH_FUZZY",
          "COLLECTION_MATCH_NONE",
          "TAXON_ID_NOT_FOUND"
        ],
        "media": [
          {
            "url": "https://images.mobot.org/tropicosimages5/detailimages/TropicosImagesVol5/101439000/24BD6A7A-F570-40BE-8097-4369586DAAA8.jpg",
            "references": "https://www.tropicos.org/ImageFullView.aspx?imageid=101439470",
            "title": "Gentry - 14207 - Panama",
            "creator": "MBG",
            "publisher": null,
            "license": "http://creativecommons.org/licenses/by-nc-sa/3.0/",
            "rightsHolder": "MBG"
          }
        ]
      }
    },
    {
      "type": "Feature",
      "geometry": {
        "type": "Point",
        "coordinates": [
          -95.06,
          18.58
        ]
      },
      "properties": {
        "gbifID": "1259171034",
        "species": "Prestonia portobellensis",
        "genus": "Prestonia",
        "family": "Apocynaceae",
        "scientificName": "Prestonia portobellensis (Beurl.) Woodson",
        "coordinateUncertaintyInMeters": "",
        "basisOfRecord": "PRESERVED_SPECIMEN",
        "eventDate": "1979-03-29",
        "country": null,
        "datasetName": "Tropicos",
        "publisher": "Missouri Botanical Garden",
        "license": "CC_BY_4_0",
        "issues": [
          "GEODETIC_DATUM_ASSUMED_WGS84",
          "INSTITUTION_MATCH_FUZZY",
          "COLLECTION_MATCH_NONE",
          "TAXON_ID_NOT_FOUND"
        ],
        "media": [
          {
            "url": "https://images.mobot.org/tropicosimages5/detailimages/TropicosImagesVol5/101439000/D54CA077-A70B-419C-8325-E1C312828401.jpg",
            "references": "https://www.tropicos.org/ImageFullView.aspx?imageid=101439382",
            "title": "Dillon - 1772 - Mexico",
            "creator": "MBG",
            "publisher": null,
            "license": "http://creativecommons.org/licenses/by-nc-sa/3.0/",
            "rightsHolder": "MBG"
          }
        ]
      }
    },
    {
      "type": "Feature",
      "geometry": {
        "type": "Point",
        "coordinates": [
          -80.12777,
          8.62361
        ]
      },
      "properties": {
        "gbifID": "1259256026",
        "species": "Prestonia portobellensis",
        "genus": "Prestonia",
        "family": "Apocynaceae",
        "scientificName": "Prestonia portobellensis (Beurl.) Woodson",
        "coordinateUncertaintyInMeters": "",
        "basisOfRecord": "PRESERVED_SPECIMEN",
        "eventDate": "1939-05-14",
        "country": null,
        "datasetName": "Tropicos",
        "publisher": "Missouri Botanical Garden",
        "license": "CC_BY_4_0",
        "issues": [
          "GEODETIC_DATUM_ASSUMED_WGS84",
          "INSTITUTION_MATCH_FUZZY",
          "COLLECTION_MATCH_NONE",
          "TAXON_ID_NOT_FOUND"
        ],
        "media": [
          {
            "url": "https://images.mobot.org/tropicosimages5/detailimages/TropicosImagesVol5/101439000/18779F71-D21F-42D2-A6CD-B9FF8F1FF4D1.jpg",
            "references": "https://www.tropicos.org/ImageFullView.aspx?imageid=101439420",
            "title": "Allen - 1800 - Panama",
            "creator": "MBG",
            "publisher": null,
            "license": "http://creativecommons.org/licenses/by-nc-sa/3.0/",
            "rightsHolder": "MBG"
          }
        ]
      }
    },
    {
      "type": "Feature",
      "geometry": {
        "type": "Point",
        "coordinates": [
          -84.73,
          10.48
        ]
      },
      "properties": {
        "gbifID": "1259792876",
        "species": "Prestonia portobellensis",
        "genus": "Prestonia",
        "family": "Apocynaceae",
        "scientificName": "Prestonia portobellensis (Beurl.) Woodson",
        "coordinateUncertaintyInMeters": "",
        "basisOfRecord": "PRESERVED_SPECIMEN",
        "eventDate": "1988-07-19",
        "country": null,
        "datasetName": "Tropicos",
        "publisher": "Missouri Botanical Garden",
        "license": "CC_BY_4_0",
        "issues": [
          "GEODETIC_DATUM_ASSUMED_WGS84",
          "INSTITUTION_MATCH_FUZZY",
          "COLLECTION_MATCH_NONE",
          "TAXON_ID_NOT_FOUND"
        ],
        "media": [
          {
            "url": "https://images.mobot.org/tropicosimages5/detailimages/TropicosImagesVol5/101439000/8794FEED-1FE2-48ED-B963-952AC9E47A23.jpg",
            "references": "https://www.tropicos.org/ImageFullView.aspx?imageid=101439480",
            "title": "Russell - 533 - Costa Rica",
            "creator": "MBG",
            "publisher": null,
            "license": "http://creativecommons.org/licenses/by-nc-sa/3.0/",
            "rightsHolder": "MBG"
          }
        ]
      }
    },
    {
      "type": "Feature",
      "geometry": {
        "type": "Point",
        "coordinates": [
          -82.77361,
          8.90611
        ]
      },
      "properties": {
        "gbifID": "1260127850",
        "species": "Prestonia portobellensis",
        "genus": "Prestonia",
        "family": "Apocynaceae",
        "scientificName": "Prestonia portobellensis (Beurl.) Woodson",
        "coordinateUncertaintyInMeters": "",
        "basisOfRecord": "PRESERVED_SPECIMEN",
        "eventDate": "1999-05-21",
        "country": null,
        "datasetName": "Tropicos",
        "publisher": "Missouri Botanical Garden",
        "license": "CC_BY_4_0",
        "issues": [
          "GEODETIC_DATUM_ASSUMED_WGS84",
          "INSTITUTION_MATCH_FUZZY",
          "COLLECTION_MATCH_NONE",
          "TAXON_ID_NOT_FOUND"
        ],
        "media": [
          {
            "url": "https://images.mobot.org/tropicosimages5/detailimages/TropicosImagesVol5/101595000/8FF2C7C4-1321-4EC9-8E55-075F11B7CC3A.jpg",
            "references": "https://www.tropicos.org/ImageFullView.aspx?imageid=101595393",
            "title": "Alfaro Vindas - 2290 - Costa Rica",
            "creator": "MBG",
            "publisher": null,
            "license": "http://creativecommons.org/licenses/by-nc-sa/3.0/",
            "rightsHolder": "MBG"
          }
        ]
      }
    },
    {
      "type": "Feature",
      "geometry": {
        "type": "Point",
        "coordinates": [
          -84.27,
          9.688889
        ]
      },
      "properties": {
        "gbifID": "1258168990",
        "species": "Prestonia portobellensis",
        "genus": "Prestonia",
        "family": "Apocynaceae",
        "scientificName": "Prestonia portobellensis (Beurl.) Woodson",
        "coordinateUncertaintyInMeters": "",
        "basisOfRecord": "PRESERVED_SPECIMEN",
        "eventDate": "2004-10-01",
        "country": null,
        "datasetName": "Tropicos",
        "publisher": "Missouri Botanical Garden",
        "license": "CC_BY_4_0",
        "issues": [
          "OCCURRENCE_STATUS_INFERRED_FROM_INDIVIDUAL_COUNT",
          "COORDINATE_ROUNDED",
          "GEODETIC_DATUM_ASSUMED_WGS84",
          "INSTITUTION_MATCH_FUZZY",
          "COLLECTION_MATCH_NONE",
          "TAXON_ID_NOT_FOUND"
        ],
        "media": [
          {
            "url": "https://images.mobot.org/tropicosimages5/detailimages/TropicosImagesVol5/101595000/40C99F35-6F80-49D9-9A58-D3A091FD528E.jpg",
            "references": "https://www.tropicos.org/ImageFullView.aspx?imageid=101595538",
            "title": "Morales Quirós - 11639 - Costa Rica",
            "creator": "MBG",
            "publisher": null,
            "license": "http://creativecommons.org/licenses/by-nc-sa/3.0/",
            "rightsHolder": "MBG"
          }
        ]
      }
    },
    {
      "type": "Feature",
      "geometry": {
        "type": "Point",
        "coordinates": [
          -92.774167,
          17.466667
        ]
      },
      "properties": {
        "gbifID": "1259170913",
        "species": "Prestonia portobellensis",
        "genus": "Prestonia",
        "family": "Apocynaceae",
        "scientificName": "Prestonia portobellensis (Beurl.) Woodson",
        "coordinateUncertaintyInMeters": "",
        "basisOfRecord": "PRESERVED_SPECIMEN",
        "eventDate": "1982-05-30",
        "country": null,
        "datasetName": "Tropicos",
        "publisher": "Missouri Botanical Garden",
        "license": "CC_BY_4_0",
        "issues": [
          "OCCURRENCE_STATUS_INFERRED_FROM_INDIVIDUAL_COUNT",
          "COORDINATE_ROUNDED",
          "GEODETIC_DATUM_ASSUMED_WGS84",
          "INSTITUTION_MATCH_FUZZY",
          "COLLECTION_MATCH_NONE",
          "TAXON_ID_NOT_FOUND"
        ],
        "media": [
          {
            "url": "https://images.mobot.org/tropicosimages5/detailimages/TropicosImagesVol5/101439000/70D9B443-1D94-47FB-B116-D8F409A2D0E2.jpg",
            "references": "https://www.tropicos.org/ImageFullView.aspx?imageid=101439371",
            "title": "Cowan - 3543 - Mexico",
            "creator": "MBG",
            "publisher": null,
            "license": "http://creativecommons.org/licenses/by-nc-sa/3.0/",
            "rightsHolder": "MBG"
          }
        ]
      }
    },
    {
      "type": "Feature",
      "geometry": {
        "type": "Point",
        "coordinates": [
          -79.55,
          8.783333
        ]
      },
      "properties": {
        "gbifID": "1259255143",
        "species": "Prestonia portobellensis",
        "genus": "Prestonia",
        "family": "Apocynaceae",
        "scientificName": "Prestonia portobellensis (Beurl.) Woodson",
        "coordinateUncertaintyInMeters": "",
        "basisOfRecord": "PRESERVED_SPECIMEN",
        "eventDate": "1938-12-16",
        "country": null,
        "datasetName": "Tropicos",
        "publisher": "Missouri Botanical Garden",
        "license": "CC_BY_4_0",
        "issues": [
          "OCCURRENCE_STATUS_INFERRED_FROM_INDIVIDUAL_COUNT",
          "COORDINATE_ROUNDED",
          "GEODETIC_DATUM_ASSUMED_WGS84",
          "ELEVATION_NON_NUMERIC",
          "INSTITUTION_MATCH_FUZZY",
          "COLLECTION_MATCH_NONE",
          "TAXON_ID_NOT_FOUND"
        ],
        "media": [
          {
            "url": "https://images.mobot.org/tropicosimages5/detailimages/TropicosImagesVol5/101439000/FCFF1445-7DDB-491B-AE18-4F5814BA40C5.jpg",
            "references": "https://www.tropicos.org/ImageFullView.aspx?imageid=101439419",
            "title": "Allen - 1269 - Panama",
            "creator": "MBG",
            "publisher": null,
            "license": "http://creativecommons.org/licenses/by-nc-sa/3.0/",
            "rightsHolder": "MBG"
          }
        ]
      }
    },
    {
      "type": "Feature",
      "geometry": {
        "type": "Point",
        "coordinates": [
          -84.71666,
          10.31666
        ]
      },
      "properties": {
        "gbifID": "1260145558",
        "species": "Prestonia portobellensis",
        "genus": "Prestonia",
        "family": "Apocynaceae",
        "scientificName": "Prestonia portobellensis (Beurl.) Woodson",
        "coordinateUncertaintyInMeters": "",
        "basisOfRecord": "PRESERVED_SPECIMEN",
        "eventDate": "1995-04-30",
        "country": null,
        "datasetName": "Tropicos",
        "publisher": "Missouri Botanical Garden",
        "license": "CC_BY_4_0",
        "issues": [
          "GEODETIC_DATUM_ASSUMED_WGS84",
          "INSTITUTION_MATCH_FUZZY",
          "COLLECTION_MATCH_NONE",
          "TAXON_ID_NOT_FOUND"
        ],
        "media": [
          {
            "url": "https://images.mobot.org/tropicosimages5/detailimages/TropicosImagesVol5/101518000/DF4E0D7D-F335-4654-AAD0-1EA95CCF7D65.jpg",
            "references": "https://www.tropicos.org/ImageFullView.aspx?imageid=101518672",
            "title": "Haber - 11963 - Costa Rica",
            "creator": "MBG",
            "publisher": null,
            "license": "http://creativecommons.org/licenses/by-nc-sa/3.0/",
            "rightsHolder": "MBG"
          }
        ]
      }
    },
    {
      "type": "Feature",
      "geometry": {
        "type": "Point",
        "coordinates": [
          -82.15,
          9.316667
        ]
      },
      "properties": {
        "gbifID": "1259253839",
        "species": "Prestonia portobellensis",
        "genus": "Prestonia",
        "family": "Apocynaceae",
        "scientificName": "Prestonia portobellensis (Beurl.) Woodson",
        "coordinateUncertaintyInMeters": "",
        "basisOfRecord": "PRESERVED_SPECIMEN",
        "eventDate": "1941-02-08",
        "country": null,
        "datasetName": "Tropicos",
        "publisher": "Missouri Botanical Garden",
        "license": "CC_BY_4_0",
        "issues": [
          "OCCURRENCE_STATUS_INFERRED_FROM_INDIVIDUAL_COUNT",
          "COORDINATE_ROUNDED",
          "GEODETIC_DATUM_ASSUMED_WGS84",
          "ELEVATION_NON_NUMERIC",
          "INSTITUTION_MATCH_FUZZY",
          "COLLECTION_MATCH_NONE",
          "TAXON_ID_NOT_FOUND"
        ],
        "media": [
          {
            "url": "https://images.mobot.org/tropicosimages5/detailimages/TropicosImagesVol5/101439000/E2B87AF2-152D-4F1E-A985-A2275265AB94.jpg",
            "references": "https://www.tropicos.org/ImageFullView.aspx?imageid=101439436",
            "title": "von Wedel - 2022 - Panama",
            "creator": "MBG",
            "publisher": null,
            "license": "http://creativecommons.org/licenses/by-nc-sa/3.0/",
            "rightsHolder": "MBG"
          }
        ]
      }
    },
    {
      "type": "Feature",
      "geometry": {
        "type": "Point",
        "coordinates": [
          -84.71,
          10.31
        ]
      },
      "properties": {
        "gbifID": "1261121843",
        "species": "Prestonia portobellensis",
        "genus": "Prestonia",
        "family": "Apocynaceae",
        "scientificName": "Prestonia portobellensis (Beurl.) Woodson",
        "coordinateUncertaintyInMeters": "",
        "basisOfRecord": "PRESERVED_SPECIMEN",
        "eventDate": "1988-12-18",
        "country": null,
        "datasetName": "Tropicos",
        "publisher": "Missouri Botanical Garden",
        "license": "CC_BY_4_0",
        "issues": [
          "OCCURRENCE_STATUS_INFERRED_FROM_INDIVIDUAL_COUNT",
          "GEODETIC_DATUM_ASSUMED_WGS84",
          "INSTITUTION_MATCH_FUZZY",
          "COLLECTION_MATCH_NONE",
          "TAXON_ID_NOT_FOUND"
        ],
        "media": [
          {
            "url": "https://images.mobot.org/tropicosimages5/detailimages/TropicosImagesVol5/101439000/F3D4775A-3395-4F3B-8CF0-BD1394DE3D07.jpg",
            "references": "https://www.tropicos.org/ImageFullView.aspx?imageid=101439486",
            "title": "Bello Carranza - 612 - Costa Rica",
            "creator": "MBG",
            "publisher": null,
            "license": "http://creativecommons.org/licenses/by-nc-sa/3.0/",
            "rightsHolder": "MBG"
          }
        ]
      }
    },
    {
      "type": "Feature",
      "geometry": {
        "type": "Point",
        "coordinates": [
          -68.58333,
          10.2
        ]
      },
      "properties": {
        "gbifID": "1259128029",
        "species": "Prestonia portobellensis",
        "genus": "Prestonia",
        "family": "Apocynaceae",
        "scientificName": "Prestonia portobellensis (Beurl.) Woodson",
        "coordinateUncertaintyInMeters": "",
        "basisOfRecord": "PRESERVED_SPECIMEN",
        "eventDate": "1982-10-21",
        "country": null,
        "datasetName": "Tropicos",
        "publisher": "Missouri Botanical Garden",
        "license": "CC_BY_4_0",
        "issues": [
          "OCCURRENCE_STATUS_INFERRED_FROM_INDIVIDUAL_COUNT",
          "GEODETIC_DATUM_ASSUMED_WGS84",
          "INSTITUTION_MATCH_FUZZY",
          "COLLECTION_MATCH_NONE",
          "TAXON_ID_NOT_FOUND"
        ],
        "media": [
          {
            "url": "https://images.mobot.org/tropicosimages5/detailimages/TropicosImagesVol5/101456000/102C46D5-05DF-404E-A0BF-B23019C7029A.jpg",
            "references": "https://www.tropicos.org/ImageFullView.aspx?imageid=101456524",
            "title": "Davidse - 20856 - Venezuela",
            "creator": "MBG",
            "publisher": null,
            "license": "http://creativecommons.org/licenses/by-nc-sa/3.0/",
            "rightsHolder": "MBG"
          }
        ]
      }
    },
    {
      "type": "Feature",
      "geometry": {
        "type": "Point",
        "coordinates": [
          -79.616667,
          9.5
        ]
      },
      "properties": {
        "gbifID": "1259020715",
        "species": "Prestonia portobellensis",
        "genus": "Prestonia",
        "family": "Apocynaceae",
        "scientificName": "Prestonia portobellensis (Beurl.) Woodson",
        "coordinateUncertaintyInMeters": "",
        "basisOfRecord": "PRESERVED_SPECIMEN",
        "eventDate": "1975-11-16",
        "country": null,
        "datasetName": "Tropicos",
        "publisher": "Missouri Botanical Garden",
        "license": "CC_BY_4_0",
        "issues": [
          "OCCURRENCE_STATUS_INFERRED_FROM_INDIVIDUAL_COUNT",
          "COORDINATE_ROUNDED",
          "GEODETIC_DATUM_ASSUMED_WGS84",
          "INSTITUTION_MATCH_FUZZY",
          "COLLECTION_MATCH_NONE",
          "TAXON_ID_NOT_FOUND"
        ],
        "media": [
          {
            "url": "https://images.mobot.org/tropicosimages5/detailimages/TropicosImagesVol5/101439000/B3AF16BF-D9C5-4BA6-9C78-5E9F5656B69C.jpg",
            "references": "https://www.tropicos.org/ImageFullView.aspx?imageid=101439526",
            "title": "Davidse - 10069 - Panama",
            "creator": "MBG",
            "publisher": null,
            "license": "http://creativecommons.org/licenses/by-nc-sa/3.0/",
            "rightsHolder": "MBG"
          }
        ]
      }
    },
    {
      "type": "Feature",
      "geometry": {
        "type": "Point",
        "coordinates": [
          -83.48055,
          8.69222
        ]
      },
      "properties": {
        "gbifID": "4031567811",
        "species": "Prestonia portobellensis",
        "genus": "Prestonia",
        "family": "Apocynaceae",
        "scientificName": "Prestonia portobellensis (Beurl.) Woodson",
        "coordinateUncertaintyInMeters": "",
        "basisOfRecord": "PRESERVED_SPECIMEN",
        "eventDate": "1993-11-25",
        "country": null,
        "datasetName": "Tropicos",
        "publisher": "Missouri Botanical Garden",
        "license": "CC_BY_4_0",
        "issues": [
          "GEODETIC_DATUM_ASSUMED_WGS84",
          "INSTITUTION_MATCH_FUZZY",
          "COLLECTION_MATCH_NONE",
          "TAXON_ID_NOT_FOUND"
        ],
        "media": [
          {
            "url": "https://images.mobot.org/tropicosimages5/detailimages/TropicosImagesVol5/101439000/0DF9287D-3794-40AD-AEEF-EB1CC54BCFFC.jpg",
            "references": "https://www.tropicos.org/ImageFullView.aspx?imageid=101439485",
            "title": "Morales Quirós - 2086 - Costa Rica",
            "creator": "MBG",
            "publisher": null,
            "license": "http://creativecommons.org/licenses/by-nc-sa/3.0/",
            "rightsHolder": "MBG"
          }
        ]
      }
    },
    {
      "type": "Feature",
      "geometry": {
        "type": "Point",
        "coordinates": [
          -79.4125,
          9.166111
        ]
      },
      "properties": {
        "gbifID": "1258985515",
        "species": "Prestonia portobellensis",
        "genus": "Prestonia",
        "family": "Apocynaceae",
        "scientificName": "Prestonia portobellensis (Beurl.) Woodson",
        "coordinateUncertaintyInMeters": "",
        "basisOfRecord": "PRESERVED_SPECIMEN",
        "eventDate": "1972-01-01",
        "country": null,
        "datasetName": "Tropicos",
        "publisher": "Missouri Botanical Garden",
        "license": "CC_BY_4_0",
        "issues": [
          "OCCURRENCE_STATUS_INFERRED_FROM_INDIVIDUAL_COUNT",
          "COORDINATE_ROUNDED",
          "GEODETIC_DATUM_ASSUMED_WGS84",
          "INSTITUTION_MATCH_FUZZY",
          "COLLECTION_MATCH_NONE",
          "TAXON_ID_NOT_FOUND"
        ],
        "media": [
          {
            "url": "https://images.mobot.org/tropicosimages5/detailimages/TropicosImagesVol5/101439000/428F3B3D-BB99-4DCC-9C2E-258D223A656F.jpg",
            "references": "https://www.tropicos.org/ImageFullView.aspx?imageid=101439529",
            "title": "Gentry - 3400 - Panama",
            "creator": "MBG",
            "publisher": null,
            "license": "http://creativecommons.org/licenses/by-nc-sa/3.0/",
            "rightsHolder": "MBG"
          }
        ]
      }
    },
    {
      "type": "Feature",
      "geometry": {
        "type": "Point",
        "coordinates": [
          -79.55,
          9.55833
        ]
      },
      "properties": {
        "gbifID": "1259253454",
        "species": "Prestonia portobellensis",
        "genus": "Prestonia",
        "family": "Apocynaceae",
        "scientificName": "Prestonia portobellensis (Beurl.) Woodson",
        "coordinateUncertaintyInMeters": "",
        "basisOfRecord": "PRESERVED_SPECIMEN",
        "eventDate": "1976-03-23",
        "country": null,
        "datasetName": "Tropicos",
        "publisher": "Missouri Botanical Garden",
        "license": "CC_BY_4_0",
        "issues": [
          "GEODETIC_DATUM_ASSUMED_WGS84",
          "INSTITUTION_MATCH_FUZZY",
          "COLLECTION_MATCH_NONE",
          "TAXON_ID_NOT_FOUND"
        ],
        "media": [
          {
            "url": "https://images.mobot.org/tropicosimages5/detailimages/TropicosImagesVol5/101439000/3B1AAFE7-DCDB-444B-8B54-7317EF34F51E.jpg",
            "references": "https://www.tropicos.org/ImageFullView.aspx?imageid=101439441",
            "title": "Croat - 33614 - Panama",
            "creator": "MBG",
            "publisher": null,
            "license": "http://creativecommons.org/licenses/by-nc-sa/3.0/",
            "rightsHolder": "MBG"
          }
        ]
      }
    },
    {
      "type": "Feature",
      "geometry": {
        "type": "Point",
        "coordinates": [
          -79.76666,
          9.33333
        ]
      },
      "properties": {
        "gbifID": "1259071649",
        "species": "Prestonia portobellensis",
        "genus": "Prestonia",
        "family": "Apocynaceae",
        "scientificName": "Prestonia portobellensis (Beurl.) Woodson",
        "coordinateUncertaintyInMeters": "",
        "basisOfRecord": "PRESERVED_SPECIMEN",
        "eventDate": "1999-03-25",
        "country": null,
        "datasetName": "Tropicos",
        "publisher": "Missouri Botanical Garden",
        "license": "CC_BY_4_0",
        "issues": [
          "GEODETIC_DATUM_ASSUMED_WGS84",
          "INSTITUTION_MATCH_FUZZY",
          "COLLECTION_MATCH_NONE",
          "TAXON_ID_NOT_FOUND"
        ],
        "media": [
          {
            "url": "https://images.mobot.org/tropicosimages5/detailimages/TropicosImagesVol5/101439000/A54CAF77-0B7C-490B-9322-5C486D28A224.jpg",
            "references": "https://www.tropicos.org/ImageFullView.aspx?imageid=101439352",
            "title": "Correa Arroyo - 11495 - Panama",
            "creator": "MBG",
            "publisher": null,
            "license": "http://creativecommons.org/licenses/by-nc-sa/3.0/",
            "rightsHolder": "MBG"
          }
        ]
      }
    },
    {
      "type": "Feature",
      "geometry": {
        "type": "Point",
        "coordinates": [
          -80.97055,
          8.84416
        ]
      },
      "properties": {
        "gbifID": "1259254099",
        "species": "Prestonia portobellensis",
        "genus": "Prestonia",
        "family": "Apocynaceae",
        "scientificName": "Prestonia portobellensis (Beurl.) Woodson",
        "coordinateUncertaintyInMeters": "",
        "basisOfRecord": "PRESERVED_SPECIMEN",
        "eventDate": "1978-10-17",
        "country": null,
        "datasetName": "Tropicos",
        "publisher": "Missouri Botanical Garden",
        "license": "CC_BY_4_0",
        "issues": [
          "GEODETIC_DATUM_ASSUMED_WGS84",
          "ELEVATION_NON_NUMERIC",
          "INSTITUTION_MATCH_FUZZY",
          "COLLECTION_MATCH_NONE",
          "TAXON_ID_NOT_FOUND"
        ],
        "media": [
          {
            "url": "https://images.mobot.org/tropicosimages5/detailimages/TropicosImagesVol5/101439000/0681F9B0-896E-48BE-A82C-CC46A8637020.jpg",
            "references": "https://www.tropicos.org/ImageFullView.aspx?imageid=101439454",
            "title": "Hammel - 5241 - Panama",
            "creator": "MBG",
            "publisher": null,
            "license": "http://creativecommons.org/licenses/by-nc-sa/3.0/",
            "rightsHolder": "MBG"
          }
        ]
      }
    },
    {
      "type": "Feature",
      "geometry": {
        "type": "Point",
        "coordinates": [
          -79.92194,
          8.68722
        ]
      },
      "properties": {
        "gbifID": "1259252990",
        "species": "Prestonia portobellensis",
        "genus": "Prestonia",
        "family": "Apocynaceae",
        "scientificName": "Prestonia portobellensis (Beurl.) Woodson",
        "coordinateUncertaintyInMeters": "",
        "basisOfRecord": "PRESERVED_SPECIMEN",
        "eventDate": "1975-08-08",
        "country": null,
        "datasetName": "Tropicos",
        "publisher": "Missouri Botanical Garden",
        "license": "CC_BY_4_0",
        "issues": [
          "GEODETIC_DATUM_ASSUMED_WGS84",
          "INSTITUTION_MATCH_FUZZY",
          "COLLECTION_MATCH_NONE",
          "TAXON_ID_NOT_FOUND"
        ],
        "media": [
          {
            "url": "https://images.mobot.org/tropicosimages5/detailimages/TropicosImagesVol5/101439000/BBADF182-C5B6-46FD-8668-22EA68BBDCE5.jpg",
            "references": "https://www.tropicos.org/ImageFullView.aspx?imageid=101439450",
            "title": "Mori - 7678 - Panama",
            "creator": "MBG",
            "publisher": null,
            "license": "http://creativecommons.org/licenses/by-nc-sa/3.0/",
            "rightsHolder": "MBG"
          }
        ]
      }
    },
    {
      "type": "Feature",
      "geometry": {
        "type": "Point",
        "coordinates": [
          -79.387222,
          9.229167
        ]
      },
      "properties": {
        "gbifID": "1259255147",
        "species": "Prestonia portobellensis",
        "genus": "Prestonia",
        "family": "Apocynaceae",
        "scientificName": "Prestonia portobellensis (Beurl.) Woodson",
        "coordinateUncertaintyInMeters": "",
        "basisOfRecord": "PRESERVED_SPECIMEN",
        "eventDate": "1977-04-11",
        "country": null,
        "datasetName": "Tropicos",
        "publisher": "Missouri Botanical Garden",
        "license": "CC_BY_4_0",
        "issues": [
          "OCCURRENCE_STATUS_INFERRED_FROM_INDIVIDUAL_COUNT",
          "COORDINATE_ROUNDED",
          "GEODETIC_DATUM_ASSUMED_WGS84",
          "INSTITUTION_MATCH_FUZZY",
          "COLLECTION_MATCH_NONE",
          "TAXON_ID_NOT_FOUND"
        ],
        "media": [
          {
            "url": "https://images.mobot.org/tropicosimages5/detailimages/TropicosImagesVol5/101439000/39D4D718-0A9D-45AF-B6DD-66E0BF33A4CB.jpg",
            "references": "https://www.tropicos.org/ImageFullView.aspx?imageid=101439457",
            "title": "Folsom - 2523 - Panama",
            "creator": "MBG",
            "publisher": null,
            "license": "http://creativecommons.org/licenses/by-nc-sa/3.0/",
            "rightsHolder": "MBG"
          }
        ]
      }
    },
    {
      "type": "Feature",
      "geometry": {
        "type": "Point",
        "coordinates": [
          -85.937778,
          15.918889
        ]
      },
      "properties": {
        "gbifID": "1259255605",
        "species": "Prestonia portobellensis",
        "genus": "Prestonia",
        "family": "Apocynaceae",
        "scientificName": "Prestonia portobellensis (Beurl.) Woodson",
        "coordinateUncertaintyInMeters": "",
        "basisOfRecord": "PRESERVED_SPECIMEN",
        "eventDate": "1980-09-07",
        "country": null,
        "datasetName": "Tropicos",
        "publisher": "Missouri Botanical Garden",
        "license": "CC_BY_4_0",
        "issues": [
          "OCCURRENCE_STATUS_INFERRED_FROM_INDIVIDUAL_COUNT",
          "COORDINATE_ROUNDED",
          "GEODETIC_DATUM_ASSUMED_WGS84",
          "INSTITUTION_MATCH_FUZZY",
          "COLLECTION_MATCH_NONE",
          "TAXON_ID_NOT_FOUND"
        ],
        "media": [
          {
            "url": "https://images.mobot.org/tropicosimages5/detailimages/TropicosImagesVol5/101439000/9C84B369-C993-4209-BBEE-A487A5AFA6D8.jpg",
            "references": "https://www.tropicos.org/ImageFullView.aspx?imageid=101439409",
            "title": "Saunders - 600 - Honduras",
            "creator": "MBG",
            "publisher": null,
            "license": "http://creativecommons.org/licenses/by-nc-sa/3.0/",
            "rightsHolder": "MBG"
          }
        ]
      }
    },
    {
      "type": "Feature",
      "geometry": {
        "type": "Point",
        "coordinates": [
          -88.644444,
          13.6025
        ]
      },
      "properties": {
        "gbifID": "4031459155",
        "species": "Prestonia portobellensis",
        "genus": "Prestonia",
        "family": "Apocynaceae",
        "scientificName": "Prestonia portobellensis (Beurl.) Woodson",
        "coordinateUncertaintyInMeters": "",
        "basisOfRecord": "PRESERVED_SPECIMEN",
        "eventDate": "1998-02-09",
        "country": null,
        "datasetName": "Tropicos",
        "publisher": "Missouri Botanical Garden",
        "license": "CC_BY_4_0",
        "issues": [
          "OCCURRENCE_STATUS_INFERRED_FROM_INDIVIDUAL_COUNT",
          "COORDINATE_ROUNDED",
          "GEODETIC_DATUM_ASSUMED_WGS84",
          "INSTITUTION_MATCH_FUZZY",
          "COLLECTION_MATCH_NONE",
          "TAXON_ID_NOT_FOUND"
        ],
        "media": [
          {
            "url": "https://images.mobot.org/tropicosimages5/detailimages/TropicosImagesVol5/101439000/78BB07C7-0F2A-483A-A4DB-DDE1DCB4AAC4.jpg",
            "references": "https://www.tropicos.org/ImageFullView.aspx?imageid=101439335",
            "title": "Davidse - 37486 - El Salvador",
            "creator": "MBG",
            "publisher": null,
            "license": "http://creativecommons.org/licenses/by-nc-sa/3.0/",
            "rightsHolder": "MBG"
          }
        ]
      }
    },
    {
      "type": "Feature",
      "geometry": {
        "type": "Point",
        "coordinates": [
          -79.55,
          9.41666
        ]
      },
      "properties": {
        "gbifID": "1259253875",
        "species": "Prestonia portobellensis",
        "genus": "Prestonia",
        "family": "Apocynaceae",
        "scientificName": "Prestonia portobellensis (Beurl.) Woodson",
        "coordinateUncertaintyInMeters": "",
        "basisOfRecord": "PRESERVED_SPECIMEN",
        "eventDate": "1974-10-11",
        "country": null,
        "datasetName": "Tropicos",
        "publisher": "Missouri Botanical Garden",
        "license": "CC_BY_4_0",
        "issues": [
          "GEODETIC_DATUM_ASSUMED_WGS84",
          "INSTITUTION_MATCH_FUZZY",
          "COLLECTION_MATCH_NONE",
          "TAXON_ID_NOT_FOUND"
        ],
        "media": [
          {
            "url": "https://images.mobot.org/tropicosimages5/detailimages/TropicosImagesVol5/101439000/78ECE1AA-6F92-4992-A876-160EC9FC0621.jpg",
            "references": "https://www.tropicos.org/ImageFullView.aspx?imageid=101439428",
            "title": "Mori - 2434 - Panama",
            "creator": "MBG",
            "publisher": null,
            "license": "http://creativecommons.org/licenses/by-nc-sa/3.0/",
            "rightsHolder": "MBG"
          }
        ]
      }
    },
    {
      "type": "Feature",
      "geometry": {
        "type": "Point",
        "coordinates": [
          -91.06277,
          14.26638
        ]
      },
      "properties": {
        "gbifID": "1259252929",
        "species": "Prestonia portobellensis",
        "genus": "Prestonia",
        "family": "Apocynaceae",
        "scientificName": "Prestonia portobellensis (Beurl.) Woodson",
        "coordinateUncertaintyInMeters": "",
        "basisOfRecord": "PRESERVED_SPECIMEN",
        "eventDate": "1939-01-24",
        "country": null,
        "datasetName": "Tropicos",
        "publisher": "Missouri Botanical Garden",
        "license": "CC_BY_4_0",
        "issues": [
          "GEODETIC_DATUM_ASSUMED_WGS84",
          "INSTITUTION_MATCH_FUZZY",
          "COLLECTION_MATCH_NONE",
          "TAXON_ID_NOT_FOUND"
        ],
        "media": [
          {
            "url": "https://images.mobot.org/tropicosimages5/detailimages/TropicosImagesVol5/101595000/56A57E8A-36A1-4ECE-92FC-E98CAD3CA05D.jpg",
            "references": "https://www.tropicos.org/ImageFullView.aspx?imageid=101595687",
            "title": "Standley - 63607 - Guatemala",
            "creator": "MBG",
            "publisher": null,
            "license": "http://creativecommons.org/licenses/by-nc-sa/3.0/",
            "rightsHolder": "MBG"
          }
        ]
      }
    },
    {
      "type": "Feature",
      "geometry": {
        "type": "Point",
        "coordinates": [
          -80.6,
          8.666667
        ]
      },
      "properties": {
        "gbifID": "1259255694",
        "species": "Prestonia portobellensis",
        "genus": "Prestonia",
        "family": "Apocynaceae",
        "scientificName": "Prestonia portobellensis (Beurl.) Woodson",
        "coordinateUncertaintyInMeters": "",
        "basisOfRecord": "PRESERVED_SPECIMEN",
        "eventDate": "1977-04-09",
        "country": null,
        "datasetName": "Tropicos",
        "publisher": "Missouri Botanical Garden",
        "license": "CC_BY_4_0",
        "issues": [
          "OCCURRENCE_STATUS_INFERRED_FROM_INDIVIDUAL_COUNT",
          "COORDINATE_ROUNDED",
          "GEODETIC_DATUM_ASSUMED_WGS84",
          "INSTITUTION_MATCH_FUZZY",
          "COLLECTION_MATCH_NONE",
          "TAXON_ID_NOT_FOUND"
        ],
        "media": [
          {
            "url": "https://images.mobot.org/tropicosimages5/detailimages/TropicosImagesVol5/101595000/F2E5E518-7C29-4DC7-8405-1204D91315C4.jpg",
            "references": "https://www.tropicos.org/ImageFullView.aspx?imageid=101595697",
            "title": "D'Arcy - 11333 - Panama",
            "creator": "MBG",
            "publisher": null,
            "license": "http://creativecommons.org/licenses/by-nc-sa/3.0/",
            "rightsHolder": "MBG"
          }
        ]
      }
    },
    {
      "type": "Feature",
      "geometry": {
        "type": "Point",
        "coordinates": [
          -79.8475,
          9.13166
        ]
      },
      "properties": {
        "gbifID": "1259806825",
        "species": "Prestonia portobellensis",
        "genus": "Prestonia",
        "family": "Apocynaceae",
        "scientificName": "Prestonia portobellensis (Beurl.) Woodson",
        "coordinateUncertaintyInMeters": "",
        "basisOfRecord": "PRESERVED_SPECIMEN",
        "eventDate": "1982-01-28",
        "country": null,
        "datasetName": "Tropicos",
        "publisher": "Missouri Botanical Garden",
        "license": "CC_BY_4_0",
        "issues": [
          "GEODETIC_DATUM_ASSUMED_WGS84",
          "ELEVATION_NON_NUMERIC",
          "INSTITUTION_MATCH_FUZZY",
          "COLLECTION_MATCH_NONE",
          "TAXON_ID_NOT_FOUND"
        ],
        "media": [
          {
            "url": "https://images.mobot.org/tropicosimages5/detailimages/TropicosImagesVol5/101439000/8A925628-36FF-46A3-9E45-67977F8768F7.jpg",
            "references": "https://www.tropicos.org/ImageFullView.aspx?imageid=101439513",
            "title": "Schmalzel - 335 - Panama",
            "creator": "MBG",
            "publisher": null,
            "license": "http://creativecommons.org/licenses/by-nc-sa/3.0/",
            "rightsHolder": "MBG"
          }
        ]
      }
    },
    {
      "type": "Feature",
      "geometry": {
        "type": "Point",
        "coordinates": [
          -82.383333,
          9.245
        ]
      },
      "properties": {
        "gbifID": "1259253716",
        "species": "Prestonia portobellensis",
        "genus": "Prestonia",
        "family": "Apocynaceae",
        "scientificName": "Prestonia portobellensis (Beurl.) Woodson",
        "coordinateUncertaintyInMeters": "",
        "basisOfRecord": "PRESERVED_SPECIMEN",
        "eventDate": "1940-09-18",
        "country": null,
        "datasetName": "Tropicos",
        "publisher": "Missouri Botanical Garden",
        "license": "CC_BY_4_0",
        "issues": [
          "OCCURRENCE_STATUS_INFERRED_FROM_INDIVIDUAL_COUNT",
          "COORDINATE_ROUNDED",
          "GEODETIC_DATUM_ASSUMED_WGS84",
          "ELEVATION_NON_NUMERIC",
          "INSTITUTION_MATCH_FUZZY",
          "COLLECTION_MATCH_NONE",
          "TAXON_ID_NOT_FOUND"
        ],
        "media": [
          {
            "url": "https://images.mobot.org/tropicosimages5/detailimages/TropicosImagesVol5/101439000/7D2A9AFA-471D-45AC-89AF-914CCF852446.jpg",
            "references": "https://www.tropicos.org/ImageFullView.aspx?imageid=101439424",
            "title": "von Wedel - 852 - Panama",
            "creator": "MBG",
            "publisher": null,
            "license": "http://creativecommons.org/licenses/by-nc-sa/3.0/",
            "rightsHolder": "MBG"
          }
        ]
      }
    },
    {
      "type": "Feature",
      "geometry": {
        "type": "Point",
        "coordinates": [
          -94.73,
          17.56
        ]
      },
      "properties": {
        "gbifID": "1259253059",
        "species": "Prestonia portobellensis",
        "genus": "Prestonia",
        "family": "Apocynaceae",
        "scientificName": "Prestonia portobellensis (Beurl.) Woodson",
        "coordinateUncertaintyInMeters": "",
        "basisOfRecord": "PRESERVED_SPECIMEN",
        "eventDate": "1937-02",
        "country": null,
        "datasetName": "Tropicos",
        "publisher": "Missouri Botanical Garden",
        "license": "CC_BY_4_0",
        "issues": [
          "GEODETIC_DATUM_ASSUMED_WGS84",
          "INSTITUTION_MATCH_FUZZY",
          "COLLECTION_MATCH_NONE",
          "TAXON_ID_NOT_FOUND"
        ],
        "media": [
          {
            "url": "https://images.mobot.org/tropicosimages5/detailimages/TropicosImagesVol5/101439000/86CF20A3-32B9-4AA3-A291-76452CB591F2.jpg",
            "references": "https://www.tropicos.org/ImageFullView.aspx?imageid=101439404",
            "title": "Williams - 8867 - Mexico",
            "creator": "MBG",
            "publisher": null,
            "license": "http://creativecommons.org/licenses/by-nc-sa/3.0/",
            "rightsHolder": "MBG"
          }
        ]
      }
    },
    {
      "type": "Feature",
      "geometry": {
        "type": "Point",
        "coordinates": [
          -92.77,
          17.46
        ]
      },
      "properties": {
        "gbifID": "1259253953",
        "species": "Prestonia portobellensis",
        "genus": "Prestonia",
        "family": "Apocynaceae",
        "scientificName": "Prestonia portobellensis (Beurl.) Woodson",
        "coordinateUncertaintyInMeters": "",
        "basisOfRecord": "PRESERVED_SPECIMEN",
        "eventDate": "1982-05-27",
        "country": null,
        "datasetName": "Tropicos",
        "publisher": "Missouri Botanical Garden",
        "license": "CC_BY_4_0",
        "issues": [
          "OCCURRENCE_STATUS_INFERRED_FROM_INDIVIDUAL_COUNT",
          "GEODETIC_DATUM_ASSUMED_WGS84",
          "INSTITUTION_MATCH_FUZZY",
          "COLLECTION_MATCH_NONE",
          "TAXON_ID_NOT_FOUND"
        ],
        "media": [
          {
            "url": "https://images.mobot.org/tropicosimages5/detailimages/TropicosImagesVol5/101439000/C691A07A-196D-4887-B075-997372A684ED.jpg",
            "references": "https://www.tropicos.org/ImageFullView.aspx?imageid=101439403",
            "title": "Cowan - 3443 - Mexico",
            "creator": "MBG",
            "publisher": null,
            "license": "http://creativecommons.org/licenses/by-nc-sa/3.0/",
            "rightsHolder": "MBG"
          }
        ]
      }
    },
    {
      "type": "Feature",
      "geometry": {
        "type": "Point",
        "coordinates": [
          -79.76666,
          9.16666
        ]
      },
      "properties": {
        "gbifID": "1258988874",
        "species": "Prestonia portobellensis",
        "genus": "Prestonia",
        "family": "Apocynaceae",
        "scientificName": "Prestonia portobellensis (Beurl.) Woodson",
        "coordinateUncertaintyInMeters": "",
        "basisOfRecord": "PRESERVED_SPECIMEN",
        "eventDate": "1972-03-22",
        "country": null,
        "datasetName": "Tropicos",
        "publisher": "Missouri Botanical Garden",
        "license": "CC_BY_4_0",
        "issues": [
          "GEODETIC_DATUM_ASSUMED_WGS84",
          "INSTITUTION_MATCH_FUZZY",
          "COLLECTION_MATCH_NONE",
          "TAXON_ID_NOT_FOUND"
        ],
        "media": [
          {
            "url": "https://images.mobot.org/tropicosimages5/detailimages/TropicosImagesVol5/101595000/3937C0EC-6B8B-4ABF-976E-5280CF028F6C.jpg",
            "references": "https://www.tropicos.org/ImageFullView.aspx?imageid=101595746",
            "title": "Gentry - 4799 - Panama",
            "creator": "MBG",
            "publisher": null,
            "license": "http://creativecommons.org/licenses/by-nc-sa/3.0/",
            "rightsHolder": "MBG"
          }
        ]
      }
    },
    {
      "type": "Feature",
      "geometry": {
        "type": "Point",
        "coordinates": [
          -84.07,
          10.29
        ]
      },
      "properties": {
        "gbifID": "4031417852",
        "species": "Prestonia portobellensis",
        "genus": "Prestonia",
        "family": "Apocynaceae",
        "scientificName": "Prestonia portobellensis (Beurl.) Woodson",
        "coordinateUncertaintyInMeters": "",
        "basisOfRecord": "PRESERVED_SPECIMEN",
        "eventDate": "1994-04-17",
        "country": null,
        "datasetName": "Tropicos",
        "publisher": "Missouri Botanical Garden",
        "license": "CC_BY_4_0",
        "issues": [
          "OCCURRENCE_STATUS_INFERRED_FROM_INDIVIDUAL_COUNT",
          "GEODETIC_DATUM_ASSUMED_WGS84",
          "INSTITUTION_MATCH_FUZZY",
          "COLLECTION_MATCH_NONE",
          "TAXON_ID_NOT_FOUND"
        ],
        "media": [
          {
            "url": "https://images.mobot.org/tropicosimages5/detailimages/TropicosImagesVol5/101439000/DAA89E9E-C87D-458F-BF3A-0C60FD131190.jpg",
            "references": "https://www.tropicos.org/ImageFullView.aspx?imageid=101439355",
            "title": "Boyle - 3039 - Costa Rica",
            "creator": "MBG",
            "publisher": null,
            "license": "http://creativecommons.org/licenses/by-nc-sa/3.0/",
            "rightsHolder": "MBG"
          }
        ]
      }
    },
    {
      "type": "Feature",
      "geometry": {
        "type": "Point",
        "coordinates": [
          -83.8,
          11.55
        ]
      },
      "properties": {
        "gbifID": "1261125816",
        "species": "Prestonia portobellensis",
        "genus": "Prestonia",
        "family": "Apocynaceae",
        "scientificName": "Prestonia portobellensis (Beurl.) Woodson",
        "coordinateUncertaintyInMeters": "",
        "basisOfRecord": "PRESERVED_SPECIMEN",
        "eventDate": "1982-02-04",
        "country": null,
        "datasetName": "Tropicos",
        "publisher": "Missouri Botanical Garden",
        "license": "CC_BY_4_0",
        "issues": [
          "OCCURRENCE_STATUS_INFERRED_FROM_INDIVIDUAL_COUNT",
          "GEODETIC_DATUM_ASSUMED_WGS84",
          "INSTITUTION_MATCH_FUZZY",
          "COLLECTION_MATCH_NONE",
          "TAXON_ID_NOT_FOUND"
        ],
        "media": [
          {
            "url": "https://images.mobot.org/tropicosimages5/detailimages/TropicosImagesVol5/101439000/351B65DC-287C-4521-92F9-08398C436289.jpg",
            "references": "https://www.tropicos.org/ImageFullView.aspx?imageid=101439493",
            "title": "Moreno - 14691 - Nicaragua",
            "creator": "MBG",
            "publisher": null,
            "license": "http://creativecommons.org/licenses/by-nc-sa/3.0/",
            "rightsHolder": "MBG"
          }
        ]
      }
    },
    {
      "type": "Feature",
      "geometry": {
        "type": "Point",
        "coordinates": [
          -83.445805,
          8.990528
        ]
      },
      "properties": {
        "gbifID": "2269022761",
        "species": "Prestonia portobellensis",
        "genus": "Prestonia",
        "family": "Apocynaceae",
        "scientificName": "Prestonia portobellensis (Beurl.) Woodson",
        "coordinateUncertaintyInMeters": "",
        "basisOfRecord": "PRESERVED_SPECIMEN",
        "eventDate": "2015-03-25",
        "country": null,
        "datasetName": "Tropicos",
        "publisher": "Missouri Botanical Garden",
        "license": "CC_BY_4_0",
        "issues": [
          "OCCURRENCE_STATUS_INFERRED_FROM_INDIVIDUAL_COUNT",
          "COORDINATE_ROUNDED",
          "GEODETIC_DATUM_ASSUMED_WGS84",
          "INSTITUTION_MATCH_FUZZY",
          "COLLECTION_MATCH_NONE",
          "TAXON_ID_NOT_FOUND"
        ],
        "media": [
          {
            "url": "https://images.mobot.org/tropicosimages5/detailimages/TropicosImagesVol5/101442000/F9AC63B5-37B5-489A-A1C0-B179CB9FD812.jpg",
            "references": "https://www.tropicos.org/ImageFullView.aspx?imageid=101442866",
            "title": "Lobo Cabezas - 3566 - Costa Rica",
            "creator": "MBG",
            "publisher": null,
            "license": "http://creativecommons.org/licenses/by-nc-sa/3.0/",
            "rightsHolder": "MBG"
          }
        ]
      }
    },
    {
      "type": "Feature",
      "geometry": {
        "type": "Point",
        "coordinates": [
          -83.94,
          10.13
        ]
      },
      "properties": {
        "gbifID": "1259254171",
        "species": "Prestonia portobellensis",
        "genus": "Prestonia",
        "family": "Apocynaceae",
        "scientificName": "Prestonia portobellensis (Beurl.) Woodson",
        "coordinateUncertaintyInMeters": "",
        "basisOfRecord": "PRESERVED_SPECIMEN",
        "eventDate": "1984-04-04",
        "country": null,
        "datasetName": "Tropicos",
        "publisher": "Missouri Botanical Garden",
        "license": "CC_BY_4_0",
        "issues": [
          "GEODETIC_DATUM_ASSUMED_WGS84",
          "INSTITUTION_MATCH_FUZZY",
          "COLLECTION_MATCH_NONE",
          "TAXON_ID_NOT_FOUND"
        ],
        "media": [
          {
            "url": "https://images.mobot.org/tropicosimages5/detailimages/TropicosImagesVol5/101439000/0B8F52C9-DF9D-42D5-9169-579FF56128F5.jpg",
            "references": "https://www.tropicos.org/ImageFullView.aspx?imageid=101439463",
            "title": "Gómez Pignataro - 21152 - Costa Rica",
            "creator": "MBG",
            "publisher": null,
            "license": "http://creativecommons.org/licenses/by-nc-sa/3.0/",
            "rightsHolder": "MBG"
          }
        ]
      }
    },
    {
      "type": "Feature",
      "geometry": {
        "type": "Point",
        "coordinates": [
          -79.98333,
          9.28333
        ]
      },
      "properties": {
        "gbifID": "1259251700",
        "species": "Prestonia portobellensis",
        "genus": "Prestonia",
        "family": "Apocynaceae",
        "scientificName": "Prestonia portobellensis (Beurl.) Woodson",
        "coordinateUncertaintyInMeters": "",
        "basisOfRecord": "PRESERVED_SPECIMEN",
        "eventDate": "1946-07-11",
        "country": null,
        "datasetName": "Tropicos",
        "publisher": "Missouri Botanical Garden",
        "license": "CC_BY_4_0",
        "issues": [
          "GEODETIC_DATUM_ASSUMED_WGS84",
          "INSTITUTION_MATCH_FUZZY",
          "COLLECTION_MATCH_NONE",
          "TAXON_ID_NOT_FOUND"
        ],
        "media": [
          {
            "url": "https://images.mobot.org/tropicosimages5/detailimages/TropicosImagesVol5/101439000/A538C2BF-44B2-4B3A-A53D-64C1541ABA14.jpg",
            "references": "https://www.tropicos.org/ImageFullView.aspx?imageid=101439434",
            "title": "Allen - 3588 - Panama",
            "creator": "MBG",
            "publisher": null,
            "license": "http://creativecommons.org/licenses/by-nc-sa/3.0/",
            "rightsHolder": "MBG"
          }
        ]
      }
    },
    {
      "type": "Feature",
      "geometry": {
        "type": "Point",
        "coordinates": [
          -79.416389,
          9.167222
        ]
      },
      "properties": {
        "gbifID": "1259251749",
        "species": "Prestonia portobellensis",
        "genus": "Prestonia",
        "family": "Apocynaceae",
        "scientificName": "Prestonia portobellensis (Beurl.) Woodson",
        "coordinateUncertaintyInMeters": "",
        "basisOfRecord": "PRESERVED_SPECIMEN",
        "eventDate": "1972-06-23",
        "country": null,
        "datasetName": "Tropicos",
        "publisher": "Missouri Botanical Garden",
        "license": "CC_BY_4_0",
        "issues": [
          "OCCURRENCE_STATUS_INFERRED_FROM_INDIVIDUAL_COUNT",
          "COORDINATE_ROUNDED",
          "GEODETIC_DATUM_ASSUMED_WGS84",
          "INSTITUTION_MATCH_FUZZY",
          "COLLECTION_MATCH_NONE",
          "TAXON_ID_NOT_FOUND"
        ],
        "media": [
          {
            "url": "https://images.mobot.org/tropicosimages5/detailimages/TropicosImagesVol5/101439000/C6511412-944E-4763-BC7C-6151802B159D.jpg",
            "references": "https://www.tropicos.org/ImageFullView.aspx?imageid=101439479",
            "title": "Croat - 17326 - Panama",
            "creator": "MBG",
            "publisher": null,
            "license": "http://creativecommons.org/licenses/by-nc-sa/3.0/",
            "rightsHolder": "MBG"
          }
        ]
      }
    },
    {
      "type": "Feature",
      "geometry": {
        "type": "Point",
        "coordinates": [
          -80.10833,
          8.62333
        ]
      },
      "properties": {
        "gbifID": "1259254257",
        "species": "Prestonia portobellensis",
        "genus": "Prestonia",
        "family": "Apocynaceae",
        "scientificName": "Prestonia portobellensis (Beurl.) Woodson",
        "coordinateUncertaintyInMeters": "",
        "basisOfRecord": "PRESERVED_SPECIMEN",
        "eventDate": "1946-06-16",
        "country": null,
        "datasetName": "Tropicos",
        "publisher": "Missouri Botanical Garden",
        "license": "CC_BY_4_0",
        "issues": [
          "GEODETIC_DATUM_ASSUMED_WGS84",
          "INSTITUTION_MATCH_FUZZY",
          "COLLECTION_MATCH_NONE",
          "TAXON_ID_NOT_FOUND"
        ],
        "media": [
          {
            "url": "https://images.mobot.org/tropicosimages5/detailimages/TropicosImagesVol5/101439000/14366B80-B727-49AF-9361-D126C3DDC8B6.jpg",
            "references": "https://www.tropicos.org/ImageFullView.aspx?imageid=101439416",
            "title": "Allen - 3552 - Panama",
            "creator": "MBG",
            "publisher": null,
            "license": "http://creativecommons.org/licenses/by-nc-sa/3.0/",
            "rightsHolder": "MBG"
          }
        ]
      }
    },
    {
      "type": "Feature",
      "geometry": {
        "type": "Point",
        "coordinates": [
          -79.0825,
          9.211944
        ]
      },
      "properties": {
        "gbifID": "1259806966",
        "species": "Prestonia portobellensis",
        "genus": "Prestonia",
        "family": "Apocynaceae",
        "scientificName": "Prestonia portobellensis (Beurl.) Woodson",
        "coordinateUncertaintyInMeters": "",
        "basisOfRecord": "PRESERVED_SPECIMEN",
        "eventDate": "1962-09-11",
        "country": null,
        "datasetName": "Tropicos",
        "publisher": "Missouri Botanical Garden",
        "license": "CC_BY_4_0",
        "issues": [
          "OCCURRENCE_STATUS_INFERRED_FROM_INDIVIDUAL_COUNT",
          "COORDINATE_ROUNDED",
          "GEODETIC_DATUM_ASSUMED_WGS84",
          "INSTITUTION_MATCH_FUZZY",
          "COLLECTION_MATCH_NONE",
          "TAXON_ID_NOT_FOUND"
        ],
        "media": [
          {
            "url": "https://images.mobot.org/tropicosimages5/detailimages/TropicosImagesVol5/101439000/AE645ADB-5D6B-471E-B738-745B6E0A8328.jpg",
            "references": "https://www.tropicos.org/ImageFullView.aspx?imageid=101439528",
            "title": "Duke - 5588 - Panama",
            "creator": "MBG",
            "publisher": null,
            "license": "http://creativecommons.org/licenses/by-nc-sa/3.0/",
            "rightsHolder": "MBG"
          }
        ]
      }
    },
    {
      "type": "Feature",
      "geometry": {
        "type": "Point",
        "coordinates": [
          -83.583333,
          8.483333
        ]
      },
      "properties": {
        "gbifID": "1261118875",
        "species": "Prestonia portobellensis",
        "genus": "Prestonia",
        "family": "Apocynaceae",
        "scientificName": "Prestonia portobellensis (Beurl.) Woodson",
        "coordinateUncertaintyInMeters": "",
        "basisOfRecord": "PRESERVED_SPECIMEN",
        "eventDate": "1988-12-31",
        "country": null,
        "datasetName": "Tropicos",
        "publisher": "Missouri Botanical Garden",
        "license": "CC_BY_4_0",
        "issues": [
          "OCCURRENCE_STATUS_INFERRED_FROM_INDIVIDUAL_COUNT",
          "COORDINATE_ROUNDED",
          "GEODETIC_DATUM_ASSUMED_WGS84",
          "INSTITUTION_MATCH_FUZZY",
          "COLLECTION_MATCH_NONE",
          "TAXON_ID_NOT_FOUND"
        ],
        "media": [
          {
            "url": "https://images.mobot.org/tropicosimages5/detailimages/TropicosImagesVol5/101595000/26EE5E9D-1F17-4A25-BBDD-B1BC3640B7CC.jpg",
            "references": "https://www.tropicos.org/ImageFullView.aspx?imageid=101595738",
            "title": "Kernan - 849 - Costa Rica",
            "creator": "MBG",
            "publisher": null,
            "license": "http://creativecommons.org/licenses/by-nc-sa/3.0/",
            "rightsHolder": "MBG"
          }
        ]
      }
    },
    {
      "type": "Feature",
      "geometry": {
        "type": "Point",
        "coordinates": [
          -79.83472,
          9.1725
        ]
      },
      "properties": {
        "gbifID": "1259255091",
        "species": "Prestonia portobellensis",
        "genus": "Prestonia",
        "family": "Apocynaceae",
        "scientificName": "Prestonia portobellensis (Beurl.) Woodson",
        "coordinateUncertaintyInMeters": "",
        "basisOfRecord": "PRESERVED_SPECIMEN",
        "eventDate": "1968-10-01",
        "country": null,
        "datasetName": "Tropicos",
        "publisher": "Missouri Botanical Garden",
        "license": "CC_BY_4_0",
        "issues": [
          "GEODETIC_DATUM_ASSUMED_WGS84",
          "ELEVATION_NON_NUMERIC",
          "INSTITUTION_MATCH_FUZZY",
          "COLLECTION_MATCH_NONE",
          "TAXON_ID_NOT_FOUND"
        ],
        "media": [
          {
            "url": "https://images.mobot.org/tropicosimages5/detailimages/TropicosImagesVol5/101595000/2E8A47AA-EE5E-4451-9AEA-BB68909395D6.jpg",
            "references": "https://www.tropicos.org/ImageFullView.aspx?imageid=101595721",
            "title": "Croat - 6606 - Panama",
            "creator": "MBG",
            "publisher": null,
            "license": "http://creativecommons.org/licenses/by-nc-sa/3.0/",
            "rightsHolder": "MBG"
          }
        ]
      }
    },
    {
      "type": "Feature",
      "geometry": {
        "type": "Point",
        "coordinates": [
          -79.666667,
          9.533333
        ]
      },
      "properties": {
        "gbifID": "1258990455",
        "species": "Prestonia portobellensis",
        "genus": "Prestonia",
        "family": "Apocynaceae",
        "scientificName": "Prestonia portobellensis (Beurl.) Woodson",
        "coordinateUncertaintyInMeters": "",
        "basisOfRecord": "PRESERVED_SPECIMEN",
        "eventDate": "1972-04-24",
        "country": null,
        "datasetName": "Tropicos",
        "publisher": "Missouri Botanical Garden",
        "license": "CC_BY_4_0",
        "issues": [
          "OCCURRENCE_STATUS_INFERRED_FROM_INDIVIDUAL_COUNT",
          "COORDINATE_ROUNDED",
          "GEODETIC_DATUM_ASSUMED_WGS84",
          "INSTITUTION_MATCH_FUZZY",
          "COLLECTION_MATCH_NONE",
          "TAXON_ID_NOT_FOUND"
        ],
        "media": [
          {
            "url": "https://images.mobot.org/tropicosimages5/detailimages/TropicosImagesVol5/101439000/8654579C-02E4-487C-9FA5-941AF7476AEC.jpg",
            "references": "https://www.tropicos.org/ImageFullView.aspx?imageid=101439510",
            "title": "Gentry - 5142 - Panama",
            "creator": "MBG",
            "publisher": null,
            "license": "http://creativecommons.org/licenses/by-nc-sa/3.0/",
            "rightsHolder": "MBG"
          }
        ]
      }
    },
    {
      "type": "Feature",
      "geometry": {
        "type": "Point",
        "coordinates": [
          -79.665,
          9.504722
        ]
      },
      "properties": {
        "gbifID": "1258191333",
        "species": "Prestonia portobellensis",
        "genus": "Prestonia",
        "family": "Apocynaceae",
        "scientificName": "Prestonia portobellensis (Beurl.) Woodson",
        "coordinateUncertaintyInMeters": "",
        "basisOfRecord": "PRESERVED_SPECIMEN",
        "eventDate": "2015-01-30",
        "country": null,
        "datasetName": "Tropicos",
        "publisher": "Missouri Botanical Garden",
        "license": "CC_BY_4_0",
        "issues": [
          "OCCURRENCE_STATUS_INFERRED_FROM_INDIVIDUAL_COUNT",
          "COORDINATE_ROUNDED",
          "GEODETIC_DATUM_ASSUMED_WGS84",
          "INSTITUTION_MATCH_FUZZY",
          "COLLECTION_MATCH_NONE",
          "TAXON_ID_NOT_FOUND"
        ],
        "media": [
          {
            "url": "https://images.mobot.org/tropicosimages5/detailimages/TropicosImagesVol5/101595000/8D594EF0-D6EB-4BB5-AB3B-677D574D1BB8.jpg",
            "references": "https://www.tropicos.org/ImageFullView.aspx?imageid=101595544",
            "title": "Batista Guerra - 1277 - Panama",
            "creator": "MBG",
            "publisher": null,
            "license": "http://creativecommons.org/licenses/by-nc-sa/3.0/",
            "rightsHolder": "MBG"
          }
        ]
      }
    },
    {
      "type": "Feature",
      "geometry": {
        "type": "Point",
        "coordinates": [
          -85.28,
          10.55
        ]
      },
      "properties": {
        "gbifID": "1261126143",
        "species": "Prestonia portobellensis",
        "genus": "Prestonia",
        "family": "Apocynaceae",
        "scientificName": "Prestonia portobellensis (Beurl.) Woodson",
        "coordinateUncertaintyInMeters": "",
        "basisOfRecord": "PRESERVED_SPECIMEN",
        "eventDate": "1977-04-27",
        "country": null,
        "datasetName": "Tropicos",
        "publisher": "Missouri Botanical Garden",
        "license": "CC_BY_4_0",
        "issues": [
          "GEODETIC_DATUM_ASSUMED_WGS84",
          "INSTITUTION_MATCH_FUZZY",
          "COLLECTION_MATCH_NONE",
          "TAXON_ID_NOT_FOUND"
        ],
        "media": [
          {
            "url": "https://images.mobot.org/tropicosimages5/detailimages/TropicosImagesVol5/101439000/A197DB92-CBB8-4002-BF39-814EFBC82930.jpg",
            "references": "https://www.tropicos.org/ImageFullView.aspx?imageid=101439399",
            "title": "Haber - 89 - Costa Rica",
            "creator": "MBG",
            "publisher": null,
            "license": "http://creativecommons.org/licenses/by-nc-sa/3.0/",
            "rightsHolder": "MBG"
          }
        ]
      }
    },
    {
      "type": "Feature",
      "geometry": {
        "type": "Point",
        "coordinates": [
          -84.28027,
          11.10083
        ]
      },
      "properties": {
        "gbifID": "4031597141",
        "species": "Prestonia portobellensis",
        "genus": "Prestonia",
        "family": "Apocynaceae",
        "scientificName": "Prestonia portobellensis (Beurl.) Woodson",
        "coordinateUncertaintyInMeters": "",
        "basisOfRecord": "PRESERVED_SPECIMEN",
        "eventDate": "2004-10-01",
        "country": null,
        "datasetName": "Tropicos",
        "publisher": "Missouri Botanical Garden",
        "license": "CC_BY_4_0",
        "issues": [
          "GEODETIC_DATUM_ASSUMED_WGS84",
          "INSTITUTION_MATCH_FUZZY",
          "COLLECTION_MATCH_NONE",
          "TAXON_ID_NOT_FOUND"
        ],
        "media": [
          {
            "url": "https://images.mobot.org/tropicosimages5/detailimages/TropicosImagesVol5/101439000/E6E9931A-A387-44D3-BFAC-2C0E2D05F8B4.jpg",
            "references": "https://www.tropicos.org/ImageFullView.aspx?imageid=101439482",
            "title": "Velásquez - 623 - Nicaragua",
            "creator": "MBG",
            "publisher": null,
            "license": "http://creativecommons.org/licenses/by-nc-sa/3.0/",
            "rightsHolder": "MBG"
          }
        ]
      }
    },
    {
      "type": "Feature",
      "geometry": {
        "type": "Point",
        "coordinates": [
          -79.84361,
          9.17805
        ]
      },
      "properties": {
        "gbifID": "1259255135",
        "species": "Prestonia portobellensis",
        "genus": "Prestonia",
        "family": "Apocynaceae",
        "scientificName": "Prestonia portobellensis (Beurl.) Woodson",
        "coordinateUncertaintyInMeters": "",
        "basisOfRecord": "PRESERVED_SPECIMEN",
        "eventDate": "1971-02-15",
        "country": null,
        "datasetName": "Tropicos",
        "publisher": "Missouri Botanical Garden",
        "license": "CC_BY_4_0",
        "issues": [
          "GEODETIC_DATUM_ASSUMED_WGS84",
          "ELEVATION_NON_NUMERIC",
          "INSTITUTION_MATCH_FUZZY",
          "COLLECTION_MATCH_NONE",
          "TAXON_ID_NOT_FOUND"
        ],
        "media": [
          {
            "url": "https://images.mobot.org/tropicosimages5/detailimages/TropicosImagesVol5/101439000/44AB6107-7ED8-4494-8749-7E1619F773A2.jpg",
            "references": "https://www.tropicos.org/ImageFullView.aspx?imageid=101439469",
            "title": "Croat - 13497 - Panama",
            "creator": "MBG",
            "publisher": null,
            "license": "http://creativecommons.org/licenses/by-nc-sa/3.0/",
            "rightsHolder": "MBG"
          }
        ]
      }
    },
    {
      "type": "Feature",
      "geometry": {
        "type": "Point",
        "coordinates": [
          -79.666667,
          9.5
        ]
      },
      "properties": {
        "gbifID": "1258416856",
        "species": "Prestonia portobellensis",
        "genus": "Prestonia",
        "family": "Apocynaceae",
        "scientificName": "Prestonia portobellensis (Beurl.) Woodson",
        "coordinateUncertaintyInMeters": "",
        "basisOfRecord": "PRESERVED_SPECIMEN",
        "eventDate": "1982-02-17",
        "country": null,
        "datasetName": "Tropicos",
        "publisher": "Missouri Botanical Garden",
        "license": "CC_BY_4_0",
        "issues": [
          "OCCURRENCE_STATUS_INFERRED_FROM_INDIVIDUAL_COUNT",
          "COORDINATE_ROUNDED",
          "GEODETIC_DATUM_ASSUMED_WGS84",
          "ELEVATION_NON_NUMERIC",
          "INSTITUTION_MATCH_FUZZY",
          "COLLECTION_MATCH_NONE",
          "TAXON_ID_NOT_FOUND"
        ],
        "media": [
          {
            "url": "https://images.mobot.org/tropicosimages5/detailimages/TropicosImagesVol5/101439000/B4E3DEA7-E1F2-400E-B264-247FC4F9899F.jpg",
            "references": "https://www.tropicos.org/ImageFullView.aspx?imageid=101439521",
            "title": "Knapp - 3588 - Panama",
            "creator": "MBG",
            "publisher": null,
            "license": "http://creativecommons.org/licenses/by-nc-sa/3.0/",
            "rightsHolder": "MBG"
          }
        ]
      }
    },
    {
      "type": "Feature",
      "geometry": {
        "type": "Point",
        "coordinates": [
          -79.85,
          9.15
        ]
      },
      "properties": {
        "gbifID": "1259252521",
        "species": "Prestonia portobellensis",
        "genus": "Prestonia",
        "family": "Apocynaceae",
        "scientificName": "Prestonia portobellensis (Beurl.) Woodson",
        "coordinateUncertaintyInMeters": "",
        "basisOfRecord": "PRESERVED_SPECIMEN",
        "eventDate": "1931",
        "country": null,
        "datasetName": "Tropicos",
        "publisher": "Missouri Botanical Garden",
        "license": "CC_BY_4_0",
        "issues": [
          "OCCURRENCE_STATUS_INFERRED_FROM_INDIVIDUAL_COUNT",
          "GEODETIC_DATUM_ASSUMED_WGS84",
          "INSTITUTION_MATCH_FUZZY",
          "COLLECTION_MATCH_NONE",
          "TAXON_ID_NOT_FOUND"
        ],
        "media": [
          {
            "url": "https://images.mobot.org/tropicosimages5/detailimages/TropicosImagesVol5/101439000/E59B193F-443F-4EE1-831D-DB27AF34F795.jpg",
            "references": "https://www.tropicos.org/ImageFullView.aspx?imageid=101439414",
            "title": "Aviles - 101 - Panama",
            "creator": "MBG",
            "publisher": null,
            "license": "http://creativecommons.org/licenses/by-nc-sa/3.0/",
            "rightsHolder": "MBG"
          }
        ]
      }
    },
    {
      "type": "Feature",
      "geometry": {
        "type": "Point",
        "coordinates": [
          -79.89138,
          8.72083
        ]
      },
      "properties": {
        "gbifID": "1259255337",
        "species": "Prestonia portobellensis",
        "genus": "Prestonia",
        "family": "Apocynaceae",
        "scientificName": "Prestonia portobellensis (Beurl.) Woodson",
        "coordinateUncertaintyInMeters": "",
        "basisOfRecord": "PRESERVED_SPECIMEN",
        "eventDate": "1939-07-01",
        "country": null,
        "datasetName": "Tropicos",
        "publisher": "Missouri Botanical Garden",
        "license": "CC_BY_4_0",
        "issues": [
          "GEODETIC_DATUM_ASSUMED_WGS84",
          "INSTITUTION_MATCH_FUZZY",
          "COLLECTION_MATCH_NONE",
          "TAXON_ID_NOT_FOUND"
        ],
        "media": [
          {
            "url": "https://images.mobot.org/tropicosimages5/detailimages/TropicosImagesVol5/101439000/1F834658-28E4-436B-BA47-DF3CE5BCB468.jpg",
            "references": "https://www.tropicos.org/ImageFullView.aspx?imageid=101439417",
            "title": "Allen - 1887 - Panama",
            "creator": "MBG",
            "publisher": null,
            "license": "http://creativecommons.org/licenses/by-nc-sa/3.0/",
            "rightsHolder": "MBG"
          }
        ]
      }
    },
    {
      "type": "Feature",
      "geometry": {
        "type": "Point",
        "coordinates": [
          -83.65,
          10.69
        ]
      },
      "properties": {
        "gbifID": "1258582068",
        "species": "Prestonia portobellensis",
        "genus": "Prestonia",
        "family": "Apocynaceae",
        "scientificName": "Prestonia portobellensis (Beurl.) Woodson",
        "coordinateUncertaintyInMeters": "",
        "basisOfRecord": "PRESERVED_SPECIMEN",
        "eventDate": "1995-07-24",
        "country": null,
        "datasetName": "Tropicos",
        "publisher": "Missouri Botanical Garden",
        "license": "CC_BY_4_0",
        "issues": [
          "GEODETIC_DATUM_ASSUMED_WGS84",
          "INSTITUTION_MATCH_FUZZY",
          "COLLECTION_MATCH_NONE",
          "TAXON_ID_NOT_FOUND"
        ],
        "media": [
          {
            "url": "https://images.mobot.org/tropicosimages3/detailimages/Tropicos/018/198878C3-9A67-4B21-A163-B7D9ACDB8D69.jpg",
            "references": "https://www.tropicos.org/ImageFullView.aspx?imageid=71420",
            "title": "Araya Mena - 798 - Costa Rica",
            "creator": null,
            "publisher": null,
            "license": "http://creativecommons.org/licenses/by-nc-sa/3.0/",
            "rightsHolder": "MBG"
          },
          {
            "url": "https://images.mobot.org/tropicosimages5/detailimages/TropicosImagesVol5/101595000/27C36E9F-1F31-4F92-B9EF-375ED7FB522B.jpg",
            "references": "https://www.tropicos.org/ImageFullView.aspx?imageid=101595517",
            "title": "Araya Mena - 798 - Costa Rica",
            "creator": "MBG",
            "publisher": null,
            "license": "http://creativecommons.org/licenses/by-nc-sa/3.0/",
            "rightsHolder": "MBG"
          }
        ]
      }
    },
    {
      "type": "Feature",
      "geometry": {
        "type": "Point",
        "coordinates": [
          -78.05,
          7.416667
        ]
      },
      "properties": {
        "gbifID": "1259253348",
        "species": "Prestonia portobellensis",
        "genus": "Prestonia",
        "family": "Apocynaceae",
        "scientificName": "Prestonia portobellensis (Beurl.) Woodson",
        "coordinateUncertaintyInMeters": "",
        "basisOfRecord": "PRESERVED_SPECIMEN",
        "eventDate": "1983-01-14",
        "country": null,
        "datasetName": "Tropicos",
        "publisher": "Missouri Botanical Garden",
        "license": "CC_BY_4_0",
        "issues": [
          "OCCURRENCE_STATUS_INFERRED_FROM_INDIVIDUAL_COUNT",
          "COORDINATE_ROUNDED",
          "GEODETIC_DATUM_ASSUMED_WGS84",
          "ELEVATION_NON_NUMERIC",
          "INSTITUTION_MATCH_FUZZY",
          "COLLECTION_MATCH_NONE",
          "TAXON_ID_NOT_FOUND"
        ],
        "media": [
          {
            "url": "https://images.mobot.org/tropicosimages5/detailimages/TropicosImagesVol5/101595000/E9B1059F-99CF-405D-9E65-7F759D08B08B.jpg",
            "references": "https://www.tropicos.org/ImageFullView.aspx?imageid=101595724",
            "title": "Garwood - 293 - Panama",
            "creator": "MBG",
            "publisher": null,
            "license": "http://creativecommons.org/licenses/by-nc-sa/3.0/",
            "rightsHolder": "MBG"
          }
        ]
      }
    },
    {
      "type": "Feature",
      "geometry": {
        "type": "Point",
        "coordinates": [
          -79.825,
          9.14166
        ]
      },
      "properties": {
        "gbifID": "1259251706",
        "species": "Prestonia portobellensis",
        "genus": "Prestonia",
        "family": "Apocynaceae",
        "scientificName": "Prestonia portobellensis (Beurl.) Woodson",
        "coordinateUncertaintyInMeters": "",
        "basisOfRecord": "PRESERVED_SPECIMEN",
        "eventDate": "1967-12-12",
        "country": null,
        "datasetName": "Tropicos",
        "publisher": "Missouri Botanical Garden",
        "license": "CC_BY_4_0",
        "issues": [
          "GEODETIC_DATUM_ASSUMED_WGS84",
          "INSTITUTION_MATCH_FUZZY",
          "COLLECTION_MATCH_NONE",
          "TAXON_ID_NOT_FOUND"
        ],
        "media": [
          {
            "url": "https://images.mobot.org/tropicosimages5/detailimages/TropicosImagesVol5/101595000/D3EE8EA4-6B8B-4FB0-9E56-E0D266FF5541.jpg",
            "references": "https://www.tropicos.org/ImageFullView.aspx?imageid=101595723",
            "title": "Croat - 4256 - Panama",
            "creator": "MBG",
            "publisher": null,
            "license": "http://creativecommons.org/licenses/by-nc-sa/3.0/",
            "rightsHolder": "MBG"
          }
        ]
      }
    },
    {
      "type": "Feature",
      "geometry": {
        "type": "Point",
        "coordinates": [
          -79.38472,
          9.18888
        ]
      },
      "properties": {
        "gbifID": "1259253223",
        "species": "Prestonia portobellensis",
        "genus": "Prestonia",
        "family": "Apocynaceae",
        "scientificName": "Prestonia portobellensis (Beurl.) Woodson",
        "coordinateUncertaintyInMeters": "",
        "basisOfRecord": "PRESERVED_SPECIMEN",
        "eventDate": "1968-08-08",
        "country": null,
        "datasetName": "Tropicos",
        "publisher": "Missouri Botanical Garden",
        "license": "CC_BY_4_0",
        "issues": [
          "GEODETIC_DATUM_ASSUMED_WGS84",
          "INSTITUTION_MATCH_FUZZY",
          "COLLECTION_MATCH_NONE",
          "TAXON_ID_NOT_FOUND"
        ],
        "media": [
          {
            "url": "https://images.mobot.org/tropicosimages5/detailimages/TropicosImagesVol5/101439000/DC9CB657-F9C0-499C-84C1-24128B8AF35D.jpg",
            "references": "https://www.tropicos.org/ImageFullView.aspx?imageid=101439412",
            "title": "Correa Arroyo - 945 - Panama",
            "creator": "MBG",
            "publisher": null,
            "license": "http://creativecommons.org/licenses/by-nc-sa/3.0/",
            "rightsHolder": "MBG"
          }
        ]
      }
    },
    {
      "type": "Feature",
      "geometry": {
        "type": "Point",
        "coordinates": [
          -79.81944,
          9.15972
        ]
      },
      "properties": {
        "gbifID": "1259253910",
        "species": "Prestonia portobellensis",
        "genus": "Prestonia",
        "family": "Apocynaceae",
        "scientificName": "Prestonia portobellensis (Beurl.) Woodson",
        "coordinateUncertaintyInMeters": "",
        "basisOfRecord": "PRESERVED_SPECIMEN",
        "eventDate": "1969-07-06",
        "country": null,
        "datasetName": "Tropicos",
        "publisher": "Missouri Botanical Garden",
        "license": "CC_BY_4_0",
        "issues": [
          "GEODETIC_DATUM_ASSUMED_WGS84",
          "ELEVATION_NON_NUMERIC",
          "INSTITUTION_MATCH_FUZZY",
          "COLLECTION_MATCH_NONE",
          "TAXON_ID_NOT_FOUND"
        ],
        "media": [
          {
            "url": "https://images.mobot.org/tropicosimages5/detailimages/TropicosImagesVol5/101439000/6295CE87-5925-461A-9DD1-BDFFAF00C33A.jpg",
            "references": "https://www.tropicos.org/ImageFullView.aspx?imageid=101439389",
            "title": "Foster - 1086 - Panama",
            "creator": "MBG",
            "publisher": null,
            "license": "http://creativecommons.org/licenses/by-nc-sa/3.0/",
            "rightsHolder": "MBG"
          }
        ]
      }
    },
    {
      "type": "Feature",
      "geometry": {
        "type": "Point",
        "coordinates": [
          -76.816667,
          -1.716667
        ]
      },
      "properties": {
        "gbifID": "1261124625",
        "species": "Prestonia portobellensis",
        "genus": "Prestonia",
        "family": "Apocynaceae",
        "scientificName": "Prestonia portobellensis (Beurl.) Woodson",
        "coordinateUncertaintyInMeters": "",
        "basisOfRecord": "PRESERVED_SPECIMEN",
        "eventDate": "1990-09-01",
        "country": null,
        "datasetName": "Tropicos",
        "publisher": "Missouri Botanical Garden",
        "license": "CC_BY_4_0",
        "issues": [
          "OCCURRENCE_STATUS_INFERRED_FROM_INDIVIDUAL_COUNT",
          "COORDINATE_ROUNDED",
          "GEODETIC_DATUM_ASSUMED_WGS84",
          "INSTITUTION_MATCH_FUZZY",
          "COLLECTION_MATCH_NONE",
          "TAXON_ID_NOT_FOUND"
        ],
        "media": [
          {
            "url": "https://images.mobot.org/tropicosimages5/detailimages/TropicosImagesVol5/101456000/DD629A0D-8F52-4AB8-91A5-49A89041F490.jpg",
            "references": "https://www.tropicos.org/ImageFullView.aspx?imageid=101456530",
            "title": "Gudiño Jara - 769 - Ecuador",
            "creator": "MBG",
            "publisher": null,
            "license": "http://creativecommons.org/licenses/by-nc-sa/3.0/",
            "rightsHolder": "MBG"
          }
        ]
      }
    },
    {
      "type": "Feature",
      "geometry": {
        "type": "Point",
        "coordinates": [
          -83.966667,
          11.1
        ]
      },
      "properties": {
        "gbifID": "1258383543",
        "species": "Prestonia portobellensis",
        "genus": "Prestonia",
        "family": "Apocynaceae",
        "scientificName": "Prestonia portobellensis (Beurl.) Woodson",
        "coordinateUncertaintyInMeters": "",
        "basisOfRecord": "PRESERVED_SPECIMEN",
        "eventDate": "1996-08-03",
        "country": null,
        "datasetName": "Tropicos",
        "publisher": "Missouri Botanical Garden",
        "license": "CC_BY_4_0",
        "issues": [
          "OCCURRENCE_STATUS_INFERRED_FROM_INDIVIDUAL_COUNT",
          "COORDINATE_ROUNDED",
          "GEODETIC_DATUM_ASSUMED_WGS84",
          "INSTITUTION_MATCH_FUZZY",
          "COLLECTION_MATCH_NONE",
          "TAXON_ID_NOT_FOUND"
        ],
        "media": [
          {
            "url": "https://images.mobot.org/tropicosimages5/detailimages/TropicosImagesVol5/101439000/0337EEFF-8368-4A8C-9052-74A5BDB6A51D.jpg",
            "references": "https://www.tropicos.org/ImageFullView.aspx?imageid=101439500",
            "title": "Rueda - 4887 - Nicaragua",
            "creator": "MBG",
            "publisher": null,
            "license": "http://creativecommons.org/licenses/by-nc-sa/3.0/",
            "rightsHolder": "MBG"
          }
        ]
      }
    },
    {
      "type": "Feature",
      "geometry": {
        "type": "Point",
        "coordinates": [
          -79.82361,
          9.15833
        ]
      },
      "properties": {
        "gbifID": "1259254786",
        "species": "Prestonia portobellensis",
        "genus": "Prestonia",
        "family": "Apocynaceae",
        "scientificName": "Prestonia portobellensis (Beurl.) Woodson",
        "coordinateUncertaintyInMeters": "",
        "basisOfRecord": "PRESERVED_SPECIMEN",
        "eventDate": "1970-01-19",
        "country": null,
        "datasetName": "Tropicos",
        "publisher": "Missouri Botanical Garden",
        "license": "CC_BY_4_0",
        "issues": [
          "GEODETIC_DATUM_ASSUMED_WGS84",
          "INSTITUTION_MATCH_FUZZY",
          "COLLECTION_MATCH_NONE",
          "TAXON_ID_NOT_FOUND"
        ],
        "media": [
          {
            "url": "https://images.mobot.org/tropicosimages5/detailimages/TropicosImagesVol5/101439000/F74BD47D-BFE6-4290-A319-B914EC66426B.jpg",
            "references": "https://www.tropicos.org/ImageFullView.aspx?imageid=101439466",
            "title": "Croat - 7358 - Panama",
            "creator": "MBG",
            "publisher": null,
            "license": "http://creativecommons.org/licenses/by-nc-sa/3.0/",
            "rightsHolder": "MBG"
          }
        ]
      }
    },
    {
      "type": "Feature",
      "geometry": {
        "type": "Point",
        "coordinates": [
          -85.099444,
          12.293333
        ]
      },
      "properties": {
        "gbifID": "4032138949",
        "species": "Prestonia portobellensis",
        "genus": "Prestonia",
        "family": "Apocynaceae",
        "scientificName": "Prestonia portobellensis (Beurl.) Woodson",
        "coordinateUncertaintyInMeters": "",
        "basisOfRecord": "PRESERVED_SPECIMEN",
        "eventDate": "2012-12-11",
        "country": null,
        "datasetName": "Tropicos",
        "publisher": "Missouri Botanical Garden",
        "license": "CC_BY_4_0",
        "issues": [
          "OCCURRENCE_STATUS_INFERRED_FROM_INDIVIDUAL_COUNT",
          "COORDINATE_ROUNDED",
          "GEODETIC_DATUM_ASSUMED_WGS84",
          "INSTITUTION_MATCH_FUZZY",
          "COLLECTION_MATCH_NONE",
          "TAXON_ID_NOT_FOUND"
        ],
        "media": [
          {
            "url": "https://images.mobot.org/tropicosimages3/detailimages/TropicosImageVol3/100744000/ACDC16D1-30DD-4DA9-B68E-081F13E8161E.jpg",
            "references": "https://www.tropicos.org/ImageFullView.aspx?imageid=100744572",
            "title": "Stevens - 33402 - Nicaragua",
            "creator": "MBG",
            "publisher": null,
            "license": "http://creativecommons.org/licenses/by-nc-sa/3.0/",
            "rightsHolder": "MBG"
          }
        ]
      }
    },
    {
      "type": "Feature",
      "geometry": {
        "type": "Point",
        "coordinates": [
          -79.745555,
          9.16
        ]
      },
      "properties": {
        "gbifID": "1259254005",
        "species": "Prestonia portobellensis",
        "genus": "Prestonia",
        "family": "Apocynaceae",
        "scientificName": "Prestonia portobellensis (Beurl.) Woodson",
        "coordinateUncertaintyInMeters": "",
        "basisOfRecord": "PRESERVED_SPECIMEN",
        "eventDate": "1974-02-09",
        "country": null,
        "datasetName": "Tropicos",
        "publisher": "Missouri Botanical Garden",
        "license": "CC_BY_4_0",
        "issues": [
          "OCCURRENCE_STATUS_INFERRED_FROM_INDIVIDUAL_COUNT",
          "COORDINATE_ROUNDED",
          "GEODETIC_DATUM_ASSUMED_WGS84",
          "INSTITUTION_MATCH_FUZZY",
          "COLLECTION_MATCH_NONE",
          "TAXON_ID_NOT_FOUND"
        ],
        "media": [
          {
            "url": "https://images.mobot.org/tropicosimages5/detailimages/TropicosImagesVol5/101439000/D4486189-C029-4B8E-9736-E32FAEB8DBA7.jpg",
            "references": "https://www.tropicos.org/ImageFullView.aspx?imageid=101439431",
            "title": "Nee - 9578 - Panama",
            "creator": "MBG",
            "publisher": null,
            "license": "http://creativecommons.org/licenses/by-nc-sa/3.0/",
            "rightsHolder": "MBG"
          }
        ]
      }
    },
    {
      "type": "Feature",
      "geometry": {
        "type": "Point",
        "coordinates": [
          -79.0,
          9.26666
        ]
      },
      "properties": {
        "gbifID": "1259806803",
        "species": "Prestonia portobellensis",
        "genus": "Prestonia",
        "family": "Apocynaceae",
        "scientificName": "Prestonia portobellensis (Beurl.) Woodson",
        "coordinateUncertaintyInMeters": "",
        "basisOfRecord": "PRESERVED_SPECIMEN",
        "eventDate": "1982-06-09",
        "country": null,
        "datasetName": "Tropicos",
        "publisher": "Missouri Botanical Garden",
        "license": "CC_BY_4_0",
        "issues": [
          "GEODETIC_DATUM_ASSUMED_WGS84",
          "INSTITUTION_MATCH_FUZZY",
          "COLLECTION_MATCH_NONE",
          "TAXON_ID_NOT_FOUND"
        ],
        "media": [
          {
            "url": "https://images.mobot.org/tropicosimages5/detailimages/TropicosImagesVol5/101439000/470DDD9F-E313-49BB-9B01-2E026210A4A9.jpg",
            "references": "https://www.tropicos.org/ImageFullView.aspx?imageid=101439512",
            "title": "Knapp - 5475 - Panama",
            "creator": "MBG",
            "publisher": null,
            "license": "http://creativecommons.org/licenses/by-nc-sa/3.0/",
            "rightsHolder": "MBG"
          }
        ]
      }
    },
    {
      "type": "Feature",
      "geometry": {
        "type": "Point",
        "coordinates": [
          -80.73333,
          7.78333
        ]
      },
      "properties": {
        "gbifID": "1259255996",
        "species": "Prestonia portobellensis",
        "genus": "Prestonia",
        "family": "Apocynaceae",
        "scientificName": "Prestonia portobellensis (Beurl.) Woodson",
        "coordinateUncertaintyInMeters": "",
        "basisOfRecord": "PRESERVED_SPECIMEN",
        "eventDate": "1963-02-22",
        "country": null,
        "datasetName": "Tropicos",
        "publisher": "Missouri Botanical Garden",
        "license": "CC_BY_4_0",
        "issues": [
          "GEODETIC_DATUM_ASSUMED_WGS84",
          "INSTITUTION_MATCH_FUZZY",
          "COLLECTION_MATCH_NONE",
          "TAXON_ID_NOT_FOUND"
        ],
        "media": [
          {
            "url": "https://images.mobot.org/tropicosimages5/detailimages/TropicosImagesVol5/101439000/AF5F2B00-0957-4E5D-9F25-184E9F8A40D5.jpg",
            "references": "https://www.tropicos.org/ImageFullView.aspx?imageid=101439398",
            "title": "Stern - 1808 - Panama",
            "creator": "MBG",
            "publisher": null,
            "license": "http://creativecommons.org/licenses/by-nc-sa/3.0/",
            "rightsHolder": "MBG"
          }
        ]
      }
    },
    {
      "type": "Feature",
      "geometry": {
        "type": "Point",
        "coordinates": [
          -94.36,
          18.08
        ]
      },
      "properties": {
        "gbifID": "1259170907",
        "species": "Prestonia portobellensis",
        "genus": "Prestonia",
        "family": "Apocynaceae",
        "scientificName": "Prestonia portobellensis (Beurl.) Woodson",
        "coordinateUncertaintyInMeters": "",
        "basisOfRecord": "PRESERVED_SPECIMEN",
        "eventDate": "1977-07-03",
        "country": null,
        "datasetName": "Tropicos",
        "publisher": "Missouri Botanical Garden",
        "license": "CC_BY_4_0",
        "issues": [
          "OCCURRENCE_STATUS_INFERRED_FROM_INDIVIDUAL_COUNT",
          "GEODETIC_DATUM_ASSUMED_WGS84",
          "INSTITUTION_MATCH_FUZZY",
          "COLLECTION_MATCH_NONE",
          "TAXON_ID_NOT_FOUND"
        ],
        "media": [
          {
            "url": "https://images.mobot.org/tropicosimages5/detailimages/TropicosImagesVol5/101439000/262026A2-2E26-48BA-B2B4-6B5C2A505F5C.jpg",
            "references": "https://www.tropicos.org/ImageFullView.aspx?imageid=101439372",
            "title": "Croat - 40052 - Mexico",
            "creator": "MBG",
            "publisher": null,
            "license": "http://creativecommons.org/licenses/by-nc-sa/3.0/",
            "rightsHolder": "MBG"
          }
        ]
      }
    },
    {
      "type": "Feature",
      "geometry": {
        "type": "Point",
        "coordinates": [
          -82.25,
          8.733333
        ]
      },
      "properties": {
        "gbifID": "1259253988",
        "species": "Prestonia portobellensis",
        "genus": "Prestonia",
        "family": "Apocynaceae",
        "scientificName": "Prestonia portobellensis (Beurl.) Woodson",
        "coordinateUncertaintyInMeters": "",
        "basisOfRecord": "PRESERVED_SPECIMEN",
        "eventDate": "1977-09-15",
        "country": null,
        "datasetName": "Tropicos",
        "publisher": "Missouri Botanical Garden",
        "license": "CC_BY_4_0",
        "issues": [
          "OCCURRENCE_STATUS_INFERRED_FROM_INDIVIDUAL_COUNT",
          "COORDINATE_ROUNDED",
          "GEODETIC_DATUM_ASSUMED_WGS84",
          "INSTITUTION_MATCH_FUZZY",
          "COLLECTION_MATCH_NONE",
          "TAXON_ID_NOT_FOUND"
        ],
        "media": [
          {
            "url": "https://images.mobot.org/tropicosimages5/detailimages/TropicosImagesVol5/101439000/0EDBFFA8-81DB-4069-8B2A-C5C95D1CE769.jpg",
            "references": "https://www.tropicos.org/ImageFullView.aspx?imageid=101439448",
            "title": "Folsom - 5554 - Panama",
            "creator": "MBG",
            "publisher": null,
            "license": "http://creativecommons.org/licenses/by-nc-sa/3.0/",
            "rightsHolder": "MBG"
          }
        ]
      }
    },
    {
      "type": "Feature",
      "geometry": {
        "type": "Point",
        "coordinates": [
          -79.65,
          9.316667
        ]
      },
      "properties": {
        "gbifID": "1258408130",
        "species": "Prestonia portobellensis",
        "genus": "Prestonia",
        "family": "Apocynaceae",
        "scientificName": "Prestonia portobellensis (Beurl.) Woodson",
        "coordinateUncertaintyInMeters": "",
        "basisOfRecord": "PRESERVED_SPECIMEN",
        "eventDate": "1972-07-28",
        "country": null,
        "datasetName": "Tropicos",
        "publisher": "Missouri Botanical Garden",
        "license": "CC_BY_4_0",
        "issues": [
          "OCCURRENCE_STATUS_INFERRED_FROM_INDIVIDUAL_COUNT",
          "COORDINATE_ROUNDED",
          "GEODETIC_DATUM_ASSUMED_WGS84",
          "INSTITUTION_MATCH_FUZZY",
          "COLLECTION_MATCH_NONE",
          "TAXON_ID_NOT_FOUND"
        ],
        "media": [
          {
            "url": "https://images.mobot.org/tropicosimages5/detailimages/TropicosImagesVol5/101439000/199FC388-CC1E-4E2C-B706-616A5A54C458.jpg",
            "references": "https://www.tropicos.org/ImageFullView.aspx?imageid=101439331",
            "title": "D'Arcy - 6136 - Panama",
            "creator": "MBG",
            "publisher": null,
            "license": "http://creativecommons.org/licenses/by-nc-sa/3.0/",
            "rightsHolder": "MBG"
          }
        ]
      }
    },
    {
      "type": "Feature",
      "geometry": {
        "type": "Point",
        "coordinates": [
          -78.95277,
          9.25555
        ]
      },
      "properties": {
        "gbifID": "1259254560",
        "species": "Prestonia portobellensis",
        "genus": "Prestonia",
        "family": "Apocynaceae",
        "scientificName": "Prestonia portobellensis (Beurl.) Woodson",
        "coordinateUncertaintyInMeters": "",
        "basisOfRecord": "PRESERVED_SPECIMEN",
        "eventDate": "1976-09-12",
        "country": null,
        "datasetName": "Tropicos",
        "publisher": "Missouri Botanical Garden",
        "license": "CC_BY_4_0",
        "issues": [
          "GEODETIC_DATUM_ASSUMED_WGS84",
          "INSTITUTION_MATCH_FUZZY",
          "COLLECTION_MATCH_NONE",
          "TAXON_ID_NOT_FOUND"
        ],
        "media": [
          {
            "url": "https://images.mobot.org/tropicosimages5/detailimages/TropicosImagesVol5/101439000/C5F08503-3C1D-4BA4-920C-A484C720802F.jpg",
            "references": "https://www.tropicos.org/ImageFullView.aspx?imageid=101439440",
            "title": "D'Arcy - 10658 - Panama",
            "creator": "MBG",
            "publisher": null,
            "license": "http://creativecommons.org/licenses/by-nc-sa/3.0/",
            "rightsHolder": "MBG"
          }
        ]
      }
    },
    {
      "type": "Feature",
      "geometry": {
        "type": "Point",
        "coordinates": [
          -84.32777,
          9.83055
        ]
      },
      "properties": {
        "gbifID": "1260139779",
        "species": "Prestonia portobellensis",
        "genus": "Prestonia",
        "family": "Apocynaceae",
        "scientificName": "Prestonia portobellensis (Beurl.) Woodson",
        "coordinateUncertaintyInMeters": "",
        "basisOfRecord": "PRESERVED_SPECIMEN",
        "eventDate": "1997-05-01",
        "country": null,
        "datasetName": "Tropicos",
        "publisher": "Missouri Botanical Garden",
        "license": "CC_BY_4_0",
        "issues": [
          "GEODETIC_DATUM_ASSUMED_WGS84",
          "INSTITUTION_MATCH_FUZZY",
          "COLLECTION_MATCH_NONE",
          "TAXON_ID_NOT_FOUND"
        ],
        "media": [
          {
            "url": "https://images.mobot.org/tropicosimages5/detailimages/TropicosImagesVol5/101595000/6F208BB7-4B22-44F8-B29F-5A4C6571F35B.jpg",
            "references": "https://www.tropicos.org/ImageFullView.aspx?imageid=101595396",
            "title": "Jiménez Madrigal - 2297 - Costa Rica",
            "creator": "MBG",
            "publisher": null,
            "license": "http://creativecommons.org/licenses/by-nc-sa/3.0/",
            "rightsHolder": "MBG"
          }
        ]
      }
    },
    {
      "type": "Feature",
      "geometry": {
        "type": "Point",
        "coordinates": [
          -95.0,
          18.51
        ]
      },
      "properties": {
        "gbifID": "1259170917",
        "species": "Prestonia portobellensis",
        "genus": "Prestonia",
        "family": "Apocynaceae",
        "scientificName": "Prestonia portobellensis (Beurl.) Woodson",
        "coordinateUncertaintyInMeters": "",
        "basisOfRecord": "PRESERVED_SPECIMEN",
        "eventDate": "1973-03-26",
        "country": null,
        "datasetName": "Tropicos",
        "publisher": "Missouri Botanical Garden",
        "license": "CC_BY_4_0",
        "issues": [
          "OCCURRENCE_STATUS_INFERRED_FROM_INDIVIDUAL_COUNT",
          "GEODETIC_DATUM_ASSUMED_WGS84",
          "INSTITUTION_MATCH_FUZZY",
          "COLLECTION_MATCH_NONE",
          "TAXON_ID_NOT_FOUND"
        ],
        "media": [
          {
            "url": "https://images.mobot.org/tropicosimages5/detailimages/TropicosImagesVol5/101438000/696C3A49-3685-4C14-95EA-5B7F534D5624.jpg",
            "references": "https://www.tropicos.org/ImageFullView.aspx?imageid=101438971",
            "title": "Menéndez L. - 00129 - Mexico",
            "creator": "MBG",
            "publisher": null,
            "license": "http://creativecommons.org/licenses/by-nc-sa/3.0/",
            "rightsHolder": "MBG"
          }
        ]
      }
    },
    {
      "type": "Feature",
      "geometry": {
        "type": "Point",
        "coordinates": [
          -82.688889,
          9.641667
        ]
      },
      "properties": {
        "gbifID": "4032129574",
        "species": "Prestonia portobellensis",
        "genus": "Prestonia",
        "family": "Apocynaceae",
        "scientificName": "Prestonia portobellensis (Beurl.) Woodson",
        "coordinateUncertaintyInMeters": "",
        "basisOfRecord": "PRESERVED_SPECIMEN",
        "eventDate": "2001-05-04",
        "country": null,
        "datasetName": "Tropicos",
        "publisher": "Missouri Botanical Garden",
        "license": "CC_BY_4_0",
        "issues": [
          "OCCURRENCE_STATUS_INFERRED_FROM_INDIVIDUAL_COUNT",
          "COORDINATE_ROUNDED",
          "GEODETIC_DATUM_ASSUMED_WGS84",
          "ELEVATION_NON_NUMERIC",
          "INSTITUTION_MATCH_FUZZY",
          "COLLECTION_MATCH_NONE",
          "TAXON_ID_NOT_FOUND"
        ],
        "media": [
          {
            "url": "https://images.mobot.org/tropicosimages5/detailimages/TropicosImagesVol5/101439000/BB7BC2CF-A274-4A5E-893F-C91E0C01EAF9.jpg",
            "references": "https://www.tropicos.org/ImageFullView.aspx?imageid=101439349",
            "title": "Morales Quirós - 7960 - Costa Rica",
            "creator": "MBG",
            "publisher": null,
            "license": "http://creativecommons.org/licenses/by-nc-sa/3.0/",
            "rightsHolder": "MBG"
          }
        ]
      }
    },
    {
      "type": "Feature",
      "geometry": {
        "type": "Point",
        "coordinates": [
          -78.77194,
          9.2525
        ]
      },
      "properties": {
        "gbifID": "1258986888",
        "species": "Prestonia portobellensis",
        "genus": "Prestonia",
        "family": "Apocynaceae",
        "scientificName": "Prestonia portobellensis (Beurl.) Woodson",
        "coordinateUncertaintyInMeters": "",
        "basisOfRecord": "PRESERVED_SPECIMEN",
        "eventDate": "1972-01-23",
        "country": null,
        "datasetName": "Tropicos",
        "publisher": "Missouri Botanical Garden",
        "license": "CC_BY_4_0",
        "issues": [
          "GEODETIC_DATUM_ASSUMED_WGS84",
          "INSTITUTION_MATCH_FUZZY",
          "COLLECTION_MATCH_NONE",
          "TAXON_ID_NOT_FOUND"
        ],
        "media": [
          {
            "url": "https://images.mobot.org/tropicosimages5/detailimages/TropicosImagesVol5/101595000/76C19F01-2884-406B-9401-272B706A32AF.jpg",
            "references": "https://www.tropicos.org/ImageFullView.aspx?imageid=101595743",
            "title": "Gentry - 3788 - Panama",
            "creator": "MBG",
            "publisher": null,
            "license": "http://creativecommons.org/licenses/by-nc-sa/3.0/",
            "rightsHolder": "MBG"
          }
        ]
      }
    },
    {
      "type": "Feature",
      "geometry": {
        "type": "Point",
        "coordinates": [
          -80.513333,
          7.561389
        ]
      },
      "properties": {
        "gbifID": "1259255155",
        "species": "Prestonia portobellensis",
        "genus": "Prestonia",
        "family": "Apocynaceae",
        "scientificName": "Prestonia portobellensis (Beurl.) Woodson",
        "coordinateUncertaintyInMeters": "",
        "basisOfRecord": "PRESERVED_SPECIMEN",
        "eventDate": "1967-06-08",
        "country": null,
        "datasetName": "Tropicos",
        "publisher": "Missouri Botanical Garden",
        "license": "CC_BY_4_0",
        "issues": [
          "OCCURRENCE_STATUS_INFERRED_FROM_INDIVIDUAL_COUNT",
          "COORDINATE_ROUNDED",
          "GEODETIC_DATUM_ASSUMED_WGS84",
          "INSTITUTION_MATCH_FUZZY",
          "COLLECTION_MATCH_NONE",
          "TAXON_ID_NOT_FOUND"
        ],
        "media": [
          {
            "url": "https://images.mobot.org/tropicosimages5/detailimages/TropicosImagesVol5/101439000/04175FF8-514C-4BA3-A1D0-18957F7F1237.jpg",
            "references": "https://www.tropicos.org/ImageFullView.aspx?imageid=101439392",
            "title": "Lewis - 2207 - Panama",
            "creator": "MBG",
            "publisher": null,
            "license": "http://creativecommons.org/licenses/by-nc-sa/3.0/",
            "rightsHolder": "MBG"
          }
        ]
      }
    },
    {
      "type": "Feature",
      "geometry": {
        "type": "Point",
        "coordinates": [
          -79.583333,
          9.5
        ]
      },
      "properties": {
        "gbifID": "1259144326",
        "species": "Prestonia portobellensis",
        "genus": "Prestonia",
        "family": "Apocynaceae",
        "scientificName": "Prestonia portobellensis (Beurl.) Woodson",
        "coordinateUncertaintyInMeters": "",
        "basisOfRecord": "PRESERVED_SPECIMEN",
        "eventDate": "1979-07-05",
        "country": null,
        "datasetName": "Tropicos",
        "publisher": "Missouri Botanical Garden",
        "license": "CC_BY_4_0",
        "issues": [
          "OCCURRENCE_STATUS_INFERRED_FROM_INDIVIDUAL_COUNT",
          "COORDINATE_ROUNDED",
          "GEODETIC_DATUM_ASSUMED_WGS84",
          "INSTITUTION_MATCH_FUZZY",
          "COLLECTION_MATCH_NONE",
          "TAXON_ID_NOT_FOUND"
        ],
        "media": [
          {
            "url": "https://images.mobot.org/tropicosimages5/detailimages/TropicosImagesVol5/101439000/CB87516E-4227-49AC-A080-560748E6B648.jpg",
            "references": "https://www.tropicos.org/ImageFullView.aspx?imageid=101439524",
            "title": "Antonio - 1229 - Panama",
            "creator": "MBG",
            "publisher": null,
            "license": "http://creativecommons.org/licenses/by-nc-sa/3.0/",
            "rightsHolder": "MBG"
          }
        ]
      }
    },
    {
      "type": "Feature",
      "geometry": {
        "type": "Point",
        "coordinates": [
          -79.8,
          9.325
        ]
      },
      "properties": {
        "gbifID": "1261119102",
        "species": "Prestonia portobellensis",
        "genus": "Prestonia",
        "family": "Apocynaceae",
        "scientificName": "Prestonia portobellensis (Beurl.) Woodson",
        "coordinateUncertaintyInMeters": "",
        "basisOfRecord": "PRESERVED_SPECIMEN",
        "eventDate": "1984-06-27",
        "country": null,
        "datasetName": "Tropicos",
        "publisher": "Missouri Botanical Garden",
        "license": "CC_BY_4_0",
        "issues": [
          "OCCURRENCE_STATUS_INFERRED_FROM_INDIVIDUAL_COUNT",
          "GEODETIC_DATUM_ASSUMED_WGS84",
          "INSTITUTION_MATCH_FUZZY",
          "COLLECTION_MATCH_NONE",
          "TAXON_ID_NOT_FOUND"
        ],
        "media": [
          {
            "url": "https://images.mobot.org/tropicosimages5/detailimages/TropicosImagesVol5/101439000/4CB22270-D3A9-43DF-84EE-2E7D788F4ED5.jpg",
            "references": "https://www.tropicos.org/ImageFullView.aspx?imageid=101439340",
            "title": "D'Arcy - 15555 - Panama",
            "creator": "MBG",
            "publisher": null,
            "license": "http://creativecommons.org/licenses/by-nc-sa/3.0/",
            "rightsHolder": "MBG"
          }
        ]
      }
    },
    {
      "type": "Feature",
      "geometry": {
        "type": "Point",
        "coordinates": [
          -79.116667,
          9.408333
        ]
      },
      "properties": {
        "gbifID": "1261123587",
        "species": "Prestonia portobellensis",
        "genus": "Prestonia",
        "family": "Apocynaceae",
        "scientificName": "Prestonia portobellensis (Beurl.) Woodson",
        "coordinateUncertaintyInMeters": "",
        "basisOfRecord": "PRESERVED_SPECIMEN",
        "eventDate": "1985-01-26",
        "country": null,
        "datasetName": "Tropicos",
        "publisher": "Missouri Botanical Garden",
        "license": "CC_BY_4_0",
        "issues": [
          "OCCURRENCE_STATUS_INFERRED_FROM_INDIVIDUAL_COUNT",
          "COORDINATE_ROUNDED",
          "GEODETIC_DATUM_ASSUMED_WGS84",
          "ELEVATION_MIN_MAX_SWAPPED",
          "INSTITUTION_MATCH_FUZZY",
          "COLLECTION_MATCH_NONE",
          "TAXON_ID_NOT_FOUND"
        ],
        "media": [
          {
            "url": "https://images.mobot.org/tropicosimages5/detailimages/TropicosImagesVol5/101439000/CCAA7A9E-D430-4B63-A759-D4A49F8B33DB.jpg",
            "references": "https://www.tropicos.org/ImageFullView.aspx?imageid=101439518",
            "title": "de Nevers - 4653 - Panama",
            "creator": "MBG",
            "publisher": null,
            "license": "http://creativecommons.org/licenses/by-nc-sa/3.0/",
            "rightsHolder": "MBG"
          }
        ]
      }
    },
    {
      "type": "Feature",
      "geometry": {
        "type": "Point",
        "coordinates": [
          -83.216667,
          8.683333
        ]
      },
      "properties": {
        "gbifID": "3885585433",
        "species": "Prestonia portobellensis",
        "genus": "Prestonia",
        "family": "Apocynaceae",
        "scientificName": "Prestonia portobellensis (Beurl.) Woodson",
        "coordinateUncertaintyInMeters": "500.0",
        "basisOfRecord": "PRESERVED_SPECIMEN",
        "eventDate": "1994-01-09",
        "country": null,
        "datasetName": "",
        "publisher": "Biologiezentrum Linz Oberoesterreich",
        "license": "CC0_1_0",
        "issues": [
          "COORDINATE_ROUNDED",
          "CONTINENT_DERIVED_FROM_COORDINATES",
          "INSTITUTION_MATCH_FUZZY",
          "COLLECTION_MATCH_NONE"
        ],
        "media": [
          {
            "url": "https://www.zobodat.at/bilder/belege/00001145.jpg",
            "references": null,
            "title": null,
            "creator": null,
            "publisher": null,
            "license": null,
            "rightsHolder": null
          }
        ]
      }
    },
    {
      "type": "Feature",
      "geometry": {
        "type": "Point",
        "coordinates": [
          -85.42778,
          10.99056
        ]
      },
      "properties": {
        "gbifID": "2517305934",
        "species": "Prestonia portobellensis",
        "genus": "Prestonia",
        "family": "Apocynaceae",
        "scientificName": "Prestonia portobellensis (Beurl.) Woodson",
        "coordinateUncertaintyInMeters": "",
        "basisOfRecord": "PRESERVED_SPECIMEN",
        "eventDate": "1991-03-03",
        "country": null,
        "datasetName": "",
        "publisher": "Naturalis Biodiversity Center",
        "license": "CC0_1_0",
        "issues": [],
        "media": [
          {
            "url": "https://medialib.naturalis.nl/file/id/U.1095758/format/large",
            "references": null,
            "title": null,
            "creator": null,
            "publisher": null,
            "license": "http://creativecommons.org/publicdomain/zero/1.0/",
            "rightsHolder": "Naturalis Biodiversity Center"
          }
        ]
      }
    },
    {
      "type": "Feature",
      "geometry": {
        "type": "Point",
        "coordinates": [
          -85.71667,
          12.61667
        ]
      },
      "properties": {
        "gbifID": "2517829171",
        "species": "Prestonia portobellensis",
        "genus": "Prestonia",
        "family": "Apocynaceae",
        "scientificName": "Prestonia portobellensis (Beurl.) Woodson",
        "coordinateUncertaintyInMeters": "",
        "basisOfRecord": "PRESERVED_SPECIMEN",
        "eventDate": "1983-02-11",
        "country": null,
        "datasetName": "",
        "publisher": "Naturalis Biodiversity Center",
        "license": "CC0_1_0",
        "issues": [],
        "media": [
          {
            "url": "https://medialib.naturalis.nl/file/id/WAG.1619712/format/large",
            "references": null,
            "title": null,
            "creator": null,
            "publisher": null,
            "license": "http://creativecommons.org/publicdomain/zero/1.0/",
            "rightsHolder": "Naturalis Biodiversity Center"
          }
        ]
      }
    },
    {
      "type": "Feature",
      "geometry": {
        "type": "Point",
        "coordinates": [
          -83.85,
          11.43333
        ]
      },
      "properties": {
        "gbifID": "2516089940",
        "species": "Prestonia portobellensis",
        "genus": "Prestonia",
        "family": "Apocynaceae",
        "scientificName": "Prestonia portobellensis (Beurl.) Woodson",
        "coordinateUncertaintyInMeters": "",
        "basisOfRecord": "PRESERVED_SPECIMEN",
        "eventDate": "1982-02-06",
        "country": null,
        "datasetName": "",
        "publisher": "Naturalis Biodiversity Center",
        "license": "CC0_1_0",
        "issues": [],
        "media": [
          {
            "url": "https://medialib.naturalis.nl/file/id/WAG.1619714/format/large",
            "references": null,
            "title": null,
            "creator": null,
            "publisher": null,
            "license": "http://creativecommons.org/publicdomain/zero/1.0/",
            "rightsHolder": "Naturalis Biodiversity Center"
          }
        ]
      }
    },
    {
      "type": "Feature",
      "geometry": {
        "type": "Point",
        "coordinates": [
          -79.13333,
          9.45
        ]
      },
      "properties": {
        "gbifID": "2515945395",
        "species": "Prestonia portobellensis",
        "genus": "Prestonia",
        "family": "Apocynaceae",
        "scientificName": "Prestonia portobellensis (Beurl.) Woodson",
        "coordinateUncertaintyInMeters": "",
        "basisOfRecord": "PRESERVED_SPECIMEN",
        "eventDate": "1985-01-26",
        "country": null,
        "datasetName": "",
        "publisher": "Naturalis Biodiversity Center",
        "license": "CC0_1_0",
        "issues": [],
        "media": [
          {
            "url": "https://medialib.naturalis.nl/file/id/WAG.1619715/format/large",
            "references": null,
            "title": null,
            "creator": null,
            "publisher": null,
            "license": "http://creativecommons.org/publicdomain/zero/1.0/",
            "rightsHolder": "Naturalis Biodiversity Center"
          }
        ]
      }
    },
    {
      "type": "Feature",
      "geometry": {
        "type": "Point",
        "coordinates": [
          -79.78333,
          9.33333
        ]
      },
      "properties": {
        "gbifID": "2517491610",
        "species": "Prestonia portobellensis",
        "genus": "Prestonia",
        "family": "Apocynaceae",
        "scientificName": "Prestonia portobellensis (Beurl.) Woodson",
        "coordinateUncertaintyInMeters": "",
        "basisOfRecord": "PRESERVED_SPECIMEN",
        "eventDate": "1983-08-01",
        "country": null,
        "datasetName": "",
        "publisher": "Naturalis Biodiversity Center",
        "license": "CC0_1_0",
        "issues": [],
        "media": [
          {
            "url": "https://medialib.naturalis.nl/file/id/WAG.1619713/format/large",
            "references": null,
            "title": null,
            "creator": null,
            "publisher": null,
            "license": "http://creativecommons.org/publicdomain/zero/1.0/",
            "rightsHolder": "Naturalis Biodiversity Center"
          }
        ]
      }
    },
    {
      "type": "Feature",
      "geometry": {
        "type": "Point",
        "coordinates": [
          -85.11667,
          10.96667
        ]
      },
      "properties": {
        "gbifID": "2517837290",
        "species": "Prestonia portobellensis",
        "genus": "Prestonia",
        "family": "Apocynaceae",
        "scientificName": "Prestonia portobellensis (Beurl.) Woodson",
        "coordinateUncertaintyInMeters": "",
        "basisOfRecord": "PRESERVED_SPECIMEN",
        "eventDate": "1988-04-19",
        "country": null,
        "datasetName": "",
        "publisher": "Naturalis Biodiversity Center",
        "license": "CC0_1_0",
        "issues": [],
        "media": [
          {
            "url": "https://medialib.naturalis.nl/file/id/WAG.1619711/format/large",
            "references": null,
            "title": null,
            "creator": null,
            "publisher": null,
            "license": "http://creativecommons.org/publicdomain/zero/1.0/",
            "rightsHolder": "Naturalis Biodiversity Center"
          }
        ]
      }
    },
    {
      "type": "Feature",
      "geometry": {
        "type": "Point",
        "coordinates": [
          -77.32,
          6.27
        ]
      },
      "properties": {
        "gbifID": "2235894844",
        "species": "Prestonia portobellensis",
        "genus": "Prestonia",
        "family": "Apocynaceae",
        "scientificName": "Prestonia portobellensis (Beurl.) Woodson",
        "coordinateUncertaintyInMeters": "",
        "basisOfRecord": "PRESERVED_SPECIMEN",
        "eventDate": "1984-01-10",
        "country": null,
        "datasetName": "NMNH Extant Biology",
        "publisher": "National Museum of Natural History, Smithsonian Institution",
        "license": "CC0_1_0",
        "issues": [
          "OCCURRENCE_STATUS_INFERRED_FROM_INDIVIDUAL_COUNT",
          "GEODETIC_DATUM_ASSUMED_WGS84"
        ],
        "media": [
          {
            "url": "https://collections.nmnh.si.edu/media/?i=13370491&h=2000",
            "references": null,
            "title": "03252119.tif",
            "creator": "Conveyor Belt",
            "publisher": "Smithsonian Institution, NMNH, Botany",
            "license": "http://creativecommons.org/publicdomain/zero/1.0/",
            "rightsHolder": null
          }
        ]
      }
    },
    {
      "type": "Feature",
      "geometry": {
        "type": "Point",
        "coordinates": [
          -85.73,
          10.45
        ]
      },
      "properties": {
        "gbifID": "2235849238",
        "species": "Prestonia portobellensis",
        "genus": "Prestonia",
        "family": "Apocynaceae",
        "scientificName": "Prestonia portobellensis (Beurl.) Woodson",
        "coordinateUncertaintyInMeters": "",
        "basisOfRecord": "PRESERVED_SPECIMEN",
        "eventDate": "1988-07-19",
        "country": null,
        "datasetName": "NMNH Extant Biology",
        "publisher": "National Museum of Natural History, Smithsonian Institution",
        "license": "CC0_1_0",
        "issues": [
          "OCCURRENCE_STATUS_INFERRED_FROM_INDIVIDUAL_COUNT",
          "GEODETIC_DATUM_ASSUMED_WGS84"
        ],
        "media": [
          {
            "url": "https://collections.nmnh.si.edu/media/?i=13371219&h=2000",
            "references": null,
            "title": "03251851.tif",
            "creator": "Conveyor Belt",
            "publisher": "Smithsonian Institution, NMNH, Botany",
            "license": "http://creativecommons.org/publicdomain/zero/1.0/",
            "rightsHolder": null
          }
        ]
      }
    },
    {
      "type": "Feature",
      "geometry": {
        "type": "Point",
        "coordinates": [
          -80.6697,
          8.8258
        ]
      },
      "properties": {
        "gbifID": "2236135991",
        "species": "Prestonia portobellensis",
        "genus": "Prestonia",
        "family": "Apocynaceae",
        "scientificName": "Prestonia portobellensis (Beurl.) Woodson",
        "coordinateUncertaintyInMeters": "",
        "basisOfRecord": "PRESERVED_SPECIMEN",
        "eventDate": "2008-02-24",
        "country": null,
        "datasetName": "NMNH Extant Biology",
        "publisher": "National Museum of Natural History, Smithsonian Institution",
        "license": "CC0_1_0",
        "issues": [
          "OCCURRENCE_STATUS_INFERRED_FROM_INDIVIDUAL_COUNT",
          "GEODETIC_DATUM_ASSUMED_WGS84"
        ],
        "media": [
          {
            "url": "https://collections.nmnh.si.edu/media/?i=13375055&h=2000",
            "references": null,
            "title": "03252118.tif",
            "creator": "Conveyor Belt",
            "publisher": "Smithsonian Institution, NMNH, Botany",
            "license": "http://creativecommons.org/publicdomain/zero/1.0/",
            "rightsHolder": null
          }
        ]
      }
    },
    {
      "type": "Feature",
      "geometry": {
        "type": "Point",
        "coordinates": [
          -97.4282,
          20.0592
        ]
      },
      "properties": {
        "gbifID": "4041129498",
        "species": "Prestonia portobellensis",
        "genus": "Prestonia",
        "family": "Apocynaceae",
        "scientificName": "Prestonia portobellensis (Beurl.) Woodson",
        "coordinateUncertaintyInMeters": "",
        "basisOfRecord": "PRESERVED_SPECIMEN",
        "eventDate": "2016-04-22",
        "country": null,
        "datasetName": "NMNH Extant Biology",
        "publisher": "National Museum of Natural History, Smithsonian Institution",
        "license": "CC0_1_0",
        "issues": [
          "OCCURRENCE_STATUS_INFERRED_FROM_INDIVIDUAL_COUNT",
          "GEODETIC_DATUM_ASSUMED_WGS84",
          "GEODETIC_DATUM_INVALID"
        ],
        "fallback_media": {
          "url": "https://d2jcv3kl45hlgi.cloudfront.net/3cbfc9b66d986725079a7d37a8f83225.jpg",
          "references": "http://specimens.kew.org/Herbarium/K006231299",
          "title": null,
          "creator": null,
          "publisher": null,
          "license": "http://creativecommons.org/licenses/by/4.0/",
          "rightsHolder": "Royal Botanic Gardens, Kew"
        }
      }
    },
    {
      "type": "Feature",
      "geometry": {
        "type": "Point",
        "coordinates": [
          -77.16667,
          4.25
        ]
      },
      "properties": {
        "gbifID": "2516912339",
        "species": "Prestonia portobellensis",
        "genus": "Prestonia",
        "family": "Apocynaceae",
        "scientificName": "Prestonia portobellensis (Beurl.) Woodson",
        "coordinateUncertaintyInMeters": "",
        "basisOfRecord": "PRESERVED_SPECIMEN",
        "eventDate": "1979-01-01/1979-12-31",
        "country": null,
        "datasetName": "",
        "publisher": "Naturalis Biodiversity Center",
        "license": "CC0_1_0",
        "issues": [],
        "media": [
          {
            "url": "https://medialib.naturalis.nl/file/id/U.1096424/format/large",
            "references": null,
            "title": null,
            "creator": null,
            "publisher": null,
            "license": "http://creativecommons.org/publicdomain/zero/1.0/",
            "rightsHolder": "Naturalis Biodiversity Center"
          }
        ]
      }
    },
    {
      "type": "Feature",
      "geometry": {
        "type": "Point",
        "coordinates": [
          -97.4266,
          20.0565
        ]
      },
      "properties": {
        "gbifID": "4041143372",
        "species": "Prestonia portobellensis",
        "genus": "Prestonia",
        "family": "Apocynaceae",
        "scientificName": "Prestonia portobellensis (Beurl.) Woodson",
        "coordinateUncertaintyInMeters": "",
        "basisOfRecord": "PRESERVED_SPECIMEN",
        "eventDate": "2015-12-16",
        "country": null,
        "datasetName": "NMNH Extant Biology",
        "publisher": "National Museum of Natural History, Smithsonian Institution",
        "license": "CC0_1_0",
        "issues": [
          "OCCURRENCE_STATUS_INFERRED_FROM_INDIVIDUAL_COUNT",
          "GEODETIC_DATUM_ASSUMED_WGS84",
          "GEODETIC_DATUM_INVALID"
        ],
        "fallback_media": {
          "url": "https://d2jcv3kl45hlgi.cloudfront.net/3cbfc9b66d986725079a7d37a8f83225.jpg",
          "references": "http://specimens.kew.org/Herbarium/K006231299",
          "title": null,
          "creator": null,
          "publisher": null,
          "license": "http://creativecommons.org/licenses/by/4.0/",
          "rightsHolder": "Royal Botanic Gardens, Kew"
        }
      }
    },
    {
      "type": "Feature",
      "geometry": {
        "type": "Point",
        "coordinates": [
          -91.326667,
          14.541944
        ]
      },
      "properties": {
        "gbifID": "3306270588",
        "species": "Prestonia portobellensis",
        "genus": "Prestonia",
        "family": "Apocynaceae",
        "scientificName": "Prestonia portobellensis (Beurl.) Woodson",
        "coordinateUncertaintyInMeters": "",
        "basisOfRecord": "PRESERVED_SPECIMEN",
        "eventDate": "2004",
        "country": null,
        "datasetName": "",
        "publisher": "Universidad del Valle de Guatemala",
        "license": "CC_BY_NC_4_0",
        "issues": [
          "OCCURRENCE_STATUS_INFERRED_FROM_INDIVIDUAL_COUNT",
          "COORDINATE_ROUNDED",
          "CONTINENT_DERIVED_FROM_COORDINATES",
          "INSTITUTION_MATCH_FUZZY",
          "COLLECTION_MATCH_FUZZY",
          "TAXON_ID_NOT_FOUND"
        ],
        "fallback_media": {
          "url": "https://d2jcv3kl45hlgi.cloudfront.net/3cbfc9b66d986725079a7d37a8f83225.jpg",
          "references": "http://specimens.kew.org/Herbarium/K006231299",
          "title": null,
          "creator": null,
          "publisher": null,
          "license": "http://creativecommons.org/licenses/by/4.0/",
          "rightsHolder": "Royal Botanic Gardens, Kew"
        }
      }
    },
    {
      "type": "Feature",
      "geometry": {
        "type": "Point",
        "coordinates": [
          -83.52,
          8.57
        ]
      },
      "properties": {
        "gbifID": "1927896568",
        "species": "Prestonia portobellensis",
        "genus": "Prestonia",
        "family": "Apocynaceae",
        "scientificName": "Prestonia portobellensis (Beurl.) Woodson",
        "coordinateUncertaintyInMeters": "",
        "basisOfRecord": "PRESERVED_SPECIMEN",
        "eventDate": "1993-09-02",
        "country": null,
        "datasetName": "Vascular plants",
        "publisher": "The New York Botanical Garden",
        "license": "CC0_1_0",
        "issues": [
          "MODIFIED_DATE_INVALID",
          "GEODETIC_DATUM_ASSUMED_WGS84"
        ],
        "media": [
          {
            "url": "http://sweetgum.nybg.org/images3/3701/733/01095874.jpg",
            "references": null,
            "title": null,
            "creator": "The New York Botanical Garden",
            "publisher": null,
            "license": "http://creativecommons.org/licenses/by/4.0/",
            "rightsHolder": "The New York Botanical Garden"
          }
        ]
      }
    },
    {
      "type": "Feature",
      "geometry": {
        "type": "Point",
        "coordinates": [
          -66.82,
          10.43
        ]
      },
      "properties": {
        "gbifID": "2447323706",
        "species": "Prestonia portobellensis",
        "genus": "Prestonia",
        "family": "Apocynaceae",
        "scientificName": "Prestonia portobellensis (Beurl.) Woodson",
        "coordinateUncertaintyInMeters": "",
        "basisOfRecord": "PRESERVED_SPECIMEN",
        "eventDate": "1975-08-10",
        "country": null,
        "datasetName": "Vascular plants",
        "publisher": "The New York Botanical Garden",
        "license": "CC0_1_0",
        "issues": [
          "MODIFIED_DATE_INVALID",
          "GEODETIC_DATUM_ASSUMED_WGS84"
        ],
        "media": [
          {
            "url": "http://sweetgum.nybg.org/images3/3725/144/04202058.jpg",
            "references": null,
            "title": null,
            "creator": "The New York Botanical Garden",
            "publisher": null,
            "license": "http://creativecommons.org/licenses/by/4.0/",
            "rightsHolder": "The New York Botanical Garden"
          }
        ]
      }
    },
    {
      "type": "Feature",
      "geometry": {
        "type": "Point",
        "coordinates": [
          -84.2653,
          9.7417
        ]
      },
      "properties": {
        "gbifID": "2447311941",
        "species": "Prestonia portobellensis",
        "genus": "Prestonia",
        "family": "Apocynaceae",
        "scientificName": "Prestonia portobellensis (Beurl.) Woodson",
        "coordinateUncertaintyInMeters": "",
        "basisOfRecord": "PRESERVED_SPECIMEN",
        "eventDate": "1996-07-28",
        "country": null,
        "datasetName": "Vascular plants",
        "publisher": "The New York Botanical Garden",
        "license": "CC0_1_0",
        "issues": [
          "MODIFIED_DATE_INVALID",
          "GEODETIC_DATUM_ASSUMED_WGS84"
        ],
        "media": [
          {
            "url": "http://sweetgum.nybg.org/images3/3705/500/04201820.jpg",
            "references": null,
            "title": null,
            "creator": "The New York Botanical Garden",
            "publisher": null,
            "license": "http://creativecommons.org/licenses/by/4.0/",
            "rightsHolder": "The New York Botanical Garden"
          }
        ]
      }
    },
    {
      "type": "Feature",
      "geometry": {
        "type": "Point",
        "coordinates": [
          -73.97,
          10.43
        ]
      },
      "properties": {
        "gbifID": "2447357262",
        "species": "Prestonia portobellensis",
        "genus": "Prestonia",
        "family": "Apocynaceae",
        "scientificName": "Prestonia portobellensis (Beurl.) Woodson",
        "coordinateUncertaintyInMeters": "",
        "basisOfRecord": "PRESERVED_SPECIMEN",
        "eventDate": "1972-09-29",
        "country": null,
        "datasetName": "Vascular plants",
        "publisher": "The New York Botanical Garden",
        "license": "CC0_1_0",
        "issues": [
          "MODIFIED_DATE_INVALID",
          "GEODETIC_DATUM_ASSUMED_WGS84"
        ],
        "media": [
          {
            "url": "http://sweetgum.nybg.org/images3/3725/149/04202063.jpg",
            "references": null,
            "title": null,
            "creator": "The New York Botanical Garden",
            "publisher": null,
            "license": "http://creativecommons.org/licenses/by/4.0/",
            "rightsHolder": "The New York Botanical Garden"
          }
        ]
      }
    },
    {
      "type": "Feature",
      "geometry": {
        "type": "Point",
        "coordinates": [
          -76.82,
          -1.72
        ]
      },
      "properties": {
        "gbifID": "2447310490",
        "species": "Prestonia portobellensis",
        "genus": "Prestonia",
        "family": "Apocynaceae",
        "scientificName": "Prestonia portobellensis (Beurl.) Woodson",
        "coordinateUncertaintyInMeters": "",
        "basisOfRecord": "PRESERVED_SPECIMEN",
        "eventDate": "1990-09-01/1990-09-13",
        "country": null,
        "datasetName": "Vascular plants",
        "publisher": "The New York Botanical Garden",
        "license": "CC0_1_0",
        "issues": [
          "MODIFIED_DATE_INVALID",
          "GEODETIC_DATUM_ASSUMED_WGS84"
        ],
        "media": [
          {
            "url": "http://sweetgum.nybg.org/images3/3725/146/04202060.jpg",
            "references": null,
            "title": null,
            "creator": "The New York Botanical Garden",
            "publisher": null,
            "license": "http://creativecommons.org/licenses/by/4.0/",
            "rightsHolder": "The New York Botanical Garden"
          }
        ]
      }
    },
    {
      "type": "Feature",
      "geometry": {
        "type": "Point",
        "coordinates": [
          -83.4806,
          8.6922
        ]
      },
      "properties": {
        "gbifID": "1929136602",
        "species": "Prestonia portobellensis",
        "genus": "Prestonia",
        "family": "Apocynaceae",
        "scientificName": "Prestonia portobellensis (Beurl.) Woodson",
        "coordinateUncertaintyInMeters": "",
        "basisOfRecord": "PRESERVED_SPECIMEN",
        "eventDate": "1993-11-25",
        "country": null,
        "datasetName": "Vascular plants",
        "publisher": "The New York Botanical Garden",
        "license": "CC0_1_0",
        "issues": [
          "MODIFIED_DATE_INVALID",
          "GEODETIC_DATUM_ASSUMED_WGS84"
        ],
        "media": [
          {
            "url": "http://sweetgum.nybg.org/images3/3701/731/01095872.jpg",
            "references": null,
            "title": null,
            "creator": "The New York Botanical Garden",
            "publisher": null,
            "license": "http://creativecommons.org/licenses/by/4.0/",
            "rightsHolder": "The New York Botanical Garden"
          }
        ]
      }
    },
    {
      "type": "Feature",
      "geometry": {
        "type": "Point",
        "coordinates": [
          -79.78,
          9.33
        ]
      },
      "properties": {
        "gbifID": "2447309935",
        "species": "Prestonia portobellensis",
        "genus": "Prestonia",
        "family": "Apocynaceae",
        "scientificName": "Prestonia portobellensis (Beurl.) Woodson",
        "coordinateUncertaintyInMeters": "",
        "basisOfRecord": "PRESERVED_SPECIMEN",
        "eventDate": "1983-08-01",
        "country": null,
        "datasetName": "Vascular plants",
        "publisher": "The New York Botanical Garden",
        "license": "CC0_1_0",
        "issues": [
          "MODIFIED_DATE_INVALID",
          "GEODETIC_DATUM_ASSUMED_WGS84"
        ],
        "media": [
          {
            "url": "http://sweetgum.nybg.org/images3/3705/518/04201838.jpg",
            "references": null,
            "title": null,
            "creator": "The New York Botanical Garden",
            "publisher": null,
            "license": "http://creativecommons.org/licenses/by/4.0/",
            "rightsHolder": "The New York Botanical Garden"
          }
        ]
      }
    },
    {
      "type": "Feature",
      "geometry": {
        "type": "Point",
        "coordinates": [
          -83.7731,
          9.1917
        ]
      },
      "properties": {
        "gbifID": "1936676299",
        "species": "Prestonia portobellensis",
        "genus": "Prestonia",
        "family": "Apocynaceae",
        "scientificName": "Prestonia portobellensis (Beurl.) Woodson",
        "coordinateUncertaintyInMeters": "",
        "basisOfRecord": "PRESERVED_SPECIMEN",
        "eventDate": "2002-06-28",
        "country": null,
        "datasetName": "",
        "publisher": "Real Jardín Botánico (CSIC)",
        "license": "CC_BY_NC_4_0",
        "issues": [
          "GEODETIC_DATUM_ASSUMED_WGS84",
          "CONTINENT_DERIVED_FROM_COORDINATES",
          "INSTITUTION_MATCH_NONE",
          "TAXON_ID_NOT_FOUND"
        ],
        "media": [
          {
            "url": "https://assets.rjb.csic.es/fileget?coll=Plantas+Vasculares&type=O&filename=sp61463152209940405967.att.jpg&downloadname=MA-01-00759290",
            "references": "https://assets.rjb.csic.es/fileget?coll=Plantas+Vasculares&type=O&filename=sp61463152209940405967.att.jpg&downloadname=MA-01-00759290",
            "title": "MA-01-00759290",
            "creator": null,
            "publisher": null,
            "license": "http://creativecommons.org/licenses/by-nc/4.0/",
            "rightsHolder": null
          }
        ]
      }
    },
    {
      "type": "Feature",
      "geometry": {
        "type": "Point",
        "coordinates": [
          -82.825,
          9.7389
        ]
      },
      "properties": {
        "gbifID": "1936652178",
        "species": "Prestonia portobellensis",
        "genus": "Prestonia",
        "family": "Apocynaceae",
        "scientificName": "Prestonia portobellensis (Beurl.) Woodson",
        "coordinateUncertaintyInMeters": "",
        "basisOfRecord": "PRESERVED_SPECIMEN",
        "eventDate": "2000-07-05",
        "country": null,
        "datasetName": "",
        "publisher": "Real Jardín Botánico (CSIC)",
        "license": "CC_BY_NC_4_0",
        "issues": [
          "GEODETIC_DATUM_ASSUMED_WGS84",
          "CONTINENT_DERIVED_FROM_COORDINATES",
          "INSTITUTION_MATCH_NONE",
          "TAXON_ID_NOT_FOUND"
        ],
        "media": [
          {
            "url": "https://assets.rjb.csic.es/fileget?coll=Plantas+Vasculares&type=O&filename=sp66997727858625144311.att.jpg&downloadname=MA-01-00735135",
            "references": "https://assets.rjb.csic.es/fileget?coll=Plantas+Vasculares&type=O&filename=sp66997727858625144311.att.jpg&downloadname=MA-01-00735135",
            "title": "MA-01-00735135",
            "creator": null,
            "publisher": null,
            "license": "http://creativecommons.org/licenses/by-nc/4.0/",
            "rightsHolder": null
          }
        ]
      }
    },
    {
      "type": "Feature",
      "geometry": {
        "type": "Point",
        "coordinates": [
          -84.279167,
          9.722222
        ]
      },
      "properties": {
        "gbifID": "4953446920",
        "species": "Prestonia portobellensis",
        "genus": "Prestonia",
        "family": "Apocynaceae",
        "scientificName": "Prestonia portobellensis (Beurl.) Woodson",
        "coordinateUncertaintyInMeters": "",
        "basisOfRecord": "PRESERVED_SPECIMEN",
        "eventDate": "1994-05-29",
        "country": null,
        "datasetName": "",
        "publisher": "Universidade de Brasília",
        "license": "CC_BY_4_0",
        "issues": [
          "COORDINATE_ROUNDED",
          "CONTINENT_DERIVED_FROM_COORDINATES",
          "INSTITUTION_MATCH_FUZZY",
          "INSTITUTION_COLLECTION_MISMATCH"
        ],
        "fallback_media": {
          "url": "https://d2jcv3kl45hlgi.cloudfront.net/3cbfc9b66d986725079a7d37a8f83225.jpg",
          "references": "http://specimens.kew.org/Herbarium/K006231299",
          "title": null,
          "creator": null,
          "publisher": null,
          "license": "http://creativecommons.org/licenses/by/4.0/",
          "rightsHolder": "Royal Botanic Gardens, Kew"
        }
      }
    },
    {
      "type": "Feature",
      "geometry": {
        "type": "Point",
        "coordinates": [
          -82.961435,
          8.813327
        ]
      },
      "properties": {
        "gbifID": "3959247883",
        "species": "Prestonia portobellensis",
        "genus": "Prestonia",
        "family": "Apocynaceae",
        "scientificName": "Prestonia portobellensis (Beurl.) Woodson",
        "coordinateUncertaintyInMeters": "6.0",
        "basisOfRecord": "HUMAN_OBSERVATION",
        "eventDate": "2022-03-30T13:50:47.852Z",
        "country": null,
        "datasetName": "",
        "publisher": "Pl@ntNet",
        "license": "CC_BY_4_0",
        "issues": [
          "COORDINATE_ROUNDED",
          "COUNTRY_DERIVED_FROM_COORDINATES",
          "CONTINENT_DERIVED_FROM_COORDINATES"
        ],
        "fallback_media": {
          "url": "https://d2jcv3kl45hlgi.cloudfront.net/3cbfc9b66d986725079a7d37a8f83225.jpg",
          "references": "http://specimens.kew.org/Herbarium/K006231299",
          "title": null,
          "creator": null,
          "publisher": null,
          "license": "http://creativecommons.org/licenses/by/4.0/",
          "rightsHolder": "Royal Botanic Gardens, Kew"
        }
      }
    },
    {
      "type": "Feature",
      "geometry": {
        "type": "Point",
        "coordinates": [
          -84.436415,
          10.383222
        ]
      },
      "properties": {
        "gbifID": "3953272864",
        "species": "Prestonia portobellensis",
        "genus": "Prestonia",
        "family": "Apocynaceae",
        "scientificName": "Prestonia portobellensis (Beurl.) Woodson",
        "coordinateUncertaintyInMeters": "12.0",
        "basisOfRecord": "HUMAN_OBSERVATION",
        "eventDate": "2020-11-22T21:39:56.611Z",
        "country": null,
        "datasetName": "",
        "publisher": "Pl@ntNet",
        "license": "CC_BY_4_0",
        "issues": [
          "COORDINATE_ROUNDED",
          "COUNTRY_DERIVED_FROM_COORDINATES",
          "CONTINENT_DERIVED_FROM_COORDINATES"
        ],
        "fallback_media": {
          "url": "https://d2jcv3kl45hlgi.cloudfront.net/3cbfc9b66d986725079a7d37a8f83225.jpg",
          "references": "http://specimens.kew.org/Herbarium/K006231299",
          "title": null,
          "creator": null,
          "publisher": null,
          "license": "http://creativecommons.org/licenses/by/4.0/",
          "rightsHolder": "Royal Botanic Gardens, Kew"
        }
      }
    },
    {
      "type": "Feature",
      "geometry": {
        "type": "Point",
        "coordinates": [
          -83.9519,
          10.0114
        ]
      },
      "properties": {
        "gbifID": "2612116578",
        "species": "Prestonia portobellensis",
        "genus": "Prestonia",
        "family": "Apocynaceae",
        "scientificName": "Prestonia portobellensis (Beurl.) Woodson",
        "coordinateUncertaintyInMeters": "",
        "basisOfRecord": "PRESERVED_SPECIMEN",
        "eventDate": "1930-04-12",
        "country": null,
        "datasetName": "seeds-22-sep-2023",
        "publisher": "Field Museum",
        "license": "CC0_1_0",
        "issues": [
          "GEODETIC_DATUM_ASSUMED_WGS84",
          "INSTITUTION_MATCH_FUZZY",
          "AMBIGUOUS_COLLECTION"
        ],
        "fallback_media": {
          "url": "https://d2jcv3kl45hlgi.cloudfront.net/3cbfc9b66d986725079a7d37a8f83225.jpg",
          "references": "http://specimens.kew.org/Herbarium/K006231299",
          "title": null,
          "creator": null,
          "publisher": null,
          "license": "http://creativecommons.org/licenses/by/4.0/",
          "rightsHolder": "Royal Botanic Gardens, Kew"
        }
      }
    },
    {
      "type": "Feature",
      "geometry": {
        "type": "Point",
        "coordinates": [
          -79.9106,
          8.5714
        ]
      },
      "properties": {
        "gbifID": "2612159413",
        "species": "Prestonia portobellensis",
        "genus": "Prestonia",
        "family": "Apocynaceae",
        "scientificName": "Prestonia portobellensis (Beurl.) Woodson",
        "coordinateUncertaintyInMeters": "",
        "basisOfRecord": "PRESERVED_SPECIMEN",
        "eventDate": "1968-04-25",
        "country": null,
        "datasetName": "seeds-22-sep-2023",
        "publisher": "Field Museum",
        "license": "CC0_1_0",
        "issues": [
          "GEODETIC_DATUM_ASSUMED_WGS84",
          "INSTITUTION_MATCH_FUZZY",
          "AMBIGUOUS_COLLECTION"
        ],
        "fallback_media": {
          "url": "https://d2jcv3kl45hlgi.cloudfront.net/3cbfc9b66d986725079a7d37a8f83225.jpg",
          "references": "http://specimens.kew.org/Herbarium/K006231299",
          "title": null,
          "creator": null,
          "publisher": null,
          "license": "http://creativecommons.org/licenses/by/4.0/",
          "rightsHolder": "Royal Botanic Gardens, Kew"
        }
      }
    },
    {
      "type": "Feature",
      "geometry": {
        "type": "Point",
        "coordinates": [
          -90.1792,
          15.7422
        ]
      },
      "properties": {
        "gbifID": "2612121751",
        "species": "Prestonia portobellensis",
        "genus": "Prestonia",
        "family": "Apocynaceae",
        "scientificName": "Prestonia portobellensis (Beurl.) Woodson",
        "coordinateUncertaintyInMeters": "",
        "basisOfRecord": "PRESERVED_SPECIMEN",
        "eventDate": "1941-03-14",
        "country": null,
        "datasetName": "seeds-22-sep-2023",
        "publisher": "Field Museum",
        "license": "CC0_1_0",
        "issues": [
          "GEODETIC_DATUM_ASSUMED_WGS84",
          "INSTITUTION_MATCH_FUZZY",
          "AMBIGUOUS_COLLECTION"
        ],
        "fallback_media": {
          "url": "https://d2jcv3kl45hlgi.cloudfront.net/3cbfc9b66d986725079a7d37a8f83225.jpg",
          "references": "http://specimens.kew.org/Herbarium/K006231299",
          "title": null,
          "creator": null,
          "publisher": null,
          "license": "http://creativecommons.org/licenses/by/4.0/",
          "rightsHolder": "Royal Botanic Gardens, Kew"
        }
      }
    },
    {
      "type": "Feature",
      "geometry": {
        "type": "Point",
        "coordinates": [
          -82.25,
          8.5
        ]
      },
      "properties": {
        "gbifID": "1228239415",
        "species": "Prestonia portobellensis",
        "genus": "Prestonia",
        "family": "Apocynaceae",
        "scientificName": "Prestonia portobellensis (Beurl.) Woodson",
        "coordinateUncertaintyInMeters": "",
        "basisOfRecord": "PRESERVED_SPECIMEN",
        "eventDate": "1998-03-15",
        "country": null,
        "datasetName": "seeds-22-sep-2023",
        "publisher": "Field Museum",
        "license": "CC0_1_0",
        "issues": [
          "GEODETIC_DATUM_ASSUMED_WGS84",
          "INSTITUTION_MATCH_FUZZY",
          "AMBIGUOUS_COLLECTION"
        ],
        "fallback_media": {
          "url": "https://d2jcv3kl45hlgi.cloudfront.net/3cbfc9b66d986725079a7d37a8f83225.jpg",
          "references": "http://specimens.kew.org/Herbarium/K006231299",
          "title": null,
          "creator": null,
          "publisher": null,
          "license": "http://creativecommons.org/licenses/by/4.0/",
          "rightsHolder": "Royal Botanic Gardens, Kew"
        }
      }
    },
    {
      "type": "Feature",
      "geometry": {
        "type": "Point",
        "coordinates": [
          -72.8667,
          3.8811
        ]
      },
      "properties": {
        "gbifID": "1701745574",
        "species": "Prestonia portobellensis",
        "genus": "Prestonia",
        "family": "Apocynaceae",
        "scientificName": "Prestonia portobellensis (Beurl.) Woodson",
        "coordinateUncertaintyInMeters": "",
        "basisOfRecord": "PRESERVED_SPECIMEN",
        "eventDate": "1943-03-01",
        "country": null,
        "datasetName": "seeds-22-sep-2023",
        "publisher": "Field Museum",
        "license": "CC0_1_0",
        "issues": [
          "GEODETIC_DATUM_ASSUMED_WGS84",
          "INSTITUTION_MATCH_FUZZY",
          "AMBIGUOUS_COLLECTION"
        ],
        "fallback_media": {
          "url": "https://d2jcv3kl45hlgi.cloudfront.net/3cbfc9b66d986725079a7d37a8f83225.jpg",
          "references": "http://specimens.kew.org/Herbarium/K006231299",
          "title": null,
          "creator": null,
          "publisher": null,
          "license": "http://creativecommons.org/licenses/by/4.0/",
          "rightsHolder": "Royal Botanic Gardens, Kew"
        }
      }
    },
    {
      "type": "Feature",
      "geometry": {
        "type": "Point",
        "coordinates": [
          -86.4556,
          14.8364
        ]
      },
      "properties": {
        "gbifID": "2612108557",
        "species": "Prestonia portobellensis",
        "genus": "Prestonia",
        "family": "Apocynaceae",
        "scientificName": "Prestonia portobellensis (Beurl.) Woodson",
        "coordinateUncertaintyInMeters": "",
        "basisOfRecord": "PRESERVED_SPECIMEN",
        "eventDate": "1962-07-28",
        "country": null,
        "datasetName": "seeds-22-sep-2023",
        "publisher": "Field Museum",
        "license": "CC0_1_0",
        "issues": [
          "GEODETIC_DATUM_ASSUMED_WGS84",
          "INSTITUTION_MATCH_FUZZY",
          "AMBIGUOUS_COLLECTION"
        ],
        "fallback_media": {
          "url": "https://d2jcv3kl45hlgi.cloudfront.net/3cbfc9b66d986725079a7d37a8f83225.jpg",
          "references": "http://specimens.kew.org/Herbarium/K006231299",
          "title": null,
          "creator": null,
          "publisher": null,
          "license": "http://creativecommons.org/licenses/by/4.0/",
          "rightsHolder": "Royal Botanic Gardens, Kew"
        }
      }
    },
    {
      "type": "Feature",
      "geometry": {
        "type": "Point",
        "coordinates": [
          -84.8333,
          10.0
        ]
      },
      "properties": {
        "gbifID": "1228532153",
        "species": "Prestonia portobellensis",
        "genus": "Prestonia",
        "family": "Apocynaceae",
        "scientificName": "Prestonia portobellensis (Beurl.) Woodson",
        "coordinateUncertaintyInMeters": "",
        "basisOfRecord": "PRESERVED_SPECIMEN",
        "eventDate": "1990-10-03",
        "country": null,
        "datasetName": "seeds-22-sep-2023",
        "publisher": "Field Museum",
        "license": "CC0_1_0",
        "issues": [
          "GEODETIC_DATUM_ASSUMED_WGS84",
          "INSTITUTION_MATCH_FUZZY",
          "AMBIGUOUS_COLLECTION"
        ],
        "fallback_media": {
          "url": "https://d2jcv3kl45hlgi.cloudfront.net/3cbfc9b66d986725079a7d37a8f83225.jpg",
          "references": "http://specimens.kew.org/Herbarium/K006231299",
          "title": null,
          "creator": null,
          "publisher": null,
          "license": "http://creativecommons.org/licenses/by/4.0/",
          "rightsHolder": "Royal Botanic Gardens, Kew"
        }
      }
    },
    {
      "type": "Feature",
      "geometry": {
        "type": "Point",
        "coordinates": [
          -91.9167,
          15.0
        ]
      },
      "properties": {
        "gbifID": "1228331294",
        "species": "Prestonia portobellensis",
        "genus": "Prestonia",
        "family": "Apocynaceae",
        "scientificName": "Prestonia portobellensis (Beurl.) Woodson",
        "coordinateUncertaintyInMeters": "",
        "basisOfRecord": "PRESERVED_SPECIMEN",
        "eventDate": "1940-03-16",
        "country": null,
        "datasetName": "seeds-22-sep-2023",
        "publisher": "Field Museum",
        "license": "CC0_1_0",
        "issues": [
          "GEODETIC_DATUM_ASSUMED_WGS84",
          "INSTITUTION_MATCH_FUZZY",
          "AMBIGUOUS_COLLECTION"
        ],
        "fallback_media": {
          "url": "https://d2jcv3kl45hlgi.cloudfront.net/3cbfc9b66d986725079a7d37a8f83225.jpg",
          "references": "http://specimens.kew.org/Herbarium/K006231299",
          "title": null,
          "creator": null,
          "publisher": null,
          "license": "http://creativecommons.org/licenses/by/4.0/",
          "rightsHolder": "Royal Botanic Gardens, Kew"
        }
      }
    },
    {
      "type": "Feature",
      "geometry": {
        "type": "Point",
        "coordinates": [
          -88.525,
          17.215
        ]
      },
      "properties": {
        "gbifID": "2612157516",
        "species": "Prestonia portobellensis",
        "genus": "Prestonia",
        "family": "Apocynaceae",
        "scientificName": "Prestonia portobellensis (Beurl.) Woodson",
        "coordinateUncertaintyInMeters": "",
        "basisOfRecord": "PRESERVED_SPECIMEN",
        "eventDate": "1929-11-27",
        "country": null,
        "datasetName": "seeds-22-sep-2023",
        "publisher": "Field Museum",
        "license": "CC0_1_0",
        "issues": [
          "GEODETIC_DATUM_ASSUMED_WGS84",
          "INSTITUTION_MATCH_FUZZY",
          "AMBIGUOUS_COLLECTION"
        ],
        "fallback_media": {
          "url": "https://d2jcv3kl45hlgi.cloudfront.net/3cbfc9b66d986725079a7d37a8f83225.jpg",
          "references": "http://specimens.kew.org/Herbarium/K006231299",
          "title": null,
          "creator": null,
          "publisher": null,
          "license": "http://creativecommons.org/licenses/by/4.0/",
          "rightsHolder": "Royal Botanic Gardens, Kew"
        }
      }
    },
    {
      "type": "Feature",
      "geometry": {
        "type": "Point",
        "coordinates": [
          -80.0,
          9.1667
        ]
      },
      "properties": {
        "gbifID": "1228170656",
        "species": "Prestonia portobellensis",
        "genus": "Prestonia",
        "family": "Apocynaceae",
        "scientificName": "Prestonia portobellensis (Beurl.) Woodson",
        "coordinateUncertaintyInMeters": "",
        "basisOfRecord": "PRESERVED_SPECIMEN",
        "eventDate": "1999-03-25",
        "country": null,
        "datasetName": "seeds-22-sep-2023",
        "publisher": "Field Museum",
        "license": "CC0_1_0",
        "issues": [
          "GEODETIC_DATUM_ASSUMED_WGS84",
          "INSTITUTION_MATCH_FUZZY",
          "AMBIGUOUS_COLLECTION"
        ],
        "fallback_media": {
          "url": "https://d2jcv3kl45hlgi.cloudfront.net/3cbfc9b66d986725079a7d37a8f83225.jpg",
          "references": "http://specimens.kew.org/Herbarium/K006231299",
          "title": null,
          "creator": null,
          "publisher": null,
          "license": "http://creativecommons.org/licenses/by/4.0/",
          "rightsHolder": "Royal Botanic Gardens, Kew"
        }
      }
    },
    {
      "type": "Feature",
      "geometry": {
        "type": "Point",
        "coordinates": [
          -92.5,
          16.5
        ]
      },
      "properties": {
        "gbifID": "2612129567",
        "species": "Prestonia portobellensis",
        "genus": "Prestonia",
        "family": "Apocynaceae",
        "scientificName": "Prestonia portobellensis (Beurl.) Woodson",
        "coordinateUncertaintyInMeters": "",
        "basisOfRecord": "PRESERVED_SPECIMEN",
        "eventDate": "1947-06-11",
        "country": null,
        "datasetName": "seeds-22-sep-2023",
        "publisher": "Field Museum",
        "license": "CC0_1_0",
        "issues": [
          "GEODETIC_DATUM_ASSUMED_WGS84",
          "INSTITUTION_MATCH_FUZZY",
          "AMBIGUOUS_COLLECTION"
        ],
        "fallback_media": {
          "url": "https://d2jcv3kl45hlgi.cloudfront.net/3cbfc9b66d986725079a7d37a8f83225.jpg",
          "references": "http://specimens.kew.org/Herbarium/K006231299",
          "title": null,
          "creator": null,
          "publisher": null,
          "license": "http://creativecommons.org/licenses/by/4.0/",
          "rightsHolder": "Royal Botanic Gardens, Kew"
        }
      }
    },
    {
      "type": "Feature",
      "geometry": {
        "type": "Point",
        "coordinates": [
          -84.8978,
          12.8614
        ]
      },
      "properties": {
        "gbifID": "2612108623",
        "species": "Prestonia portobellensis",
        "genus": "Prestonia",
        "family": "Apocynaceae",
        "scientificName": "Prestonia portobellensis (Beurl.) Woodson",
        "coordinateUncertaintyInMeters": "",
        "basisOfRecord": "PRESERVED_SPECIMEN",
        "eventDate": "1965-08-24",
        "country": null,
        "datasetName": "seeds-22-sep-2023",
        "publisher": "Field Museum",
        "license": "CC0_1_0",
        "issues": [
          "GEODETIC_DATUM_ASSUMED_WGS84",
          "INSTITUTION_MATCH_FUZZY",
          "AMBIGUOUS_COLLECTION"
        ],
        "fallback_media": {
          "url": "https://d2jcv3kl45hlgi.cloudfront.net/3cbfc9b66d986725079a7d37a8f83225.jpg",
          "references": "http://specimens.kew.org/Herbarium/K006231299",
          "title": null,
          "creator": null,
          "publisher": null,
          "license": "http://creativecommons.org/licenses/by/4.0/",
          "rightsHolder": "Royal Botanic Gardens, Kew"
        }
      }
    },
    {
      "type": "Feature",
      "geometry": {
        "type": "Point",
        "coordinates": [
          -83.4806,
          8.69222
        ]
      },
      "properties": {
        "gbifID": "1703340751",
        "species": "Prestonia portobellensis",
        "genus": "Prestonia",
        "family": "Apocynaceae",
        "scientificName": "Prestonia portobellensis (Beurl.) Woodson",
        "coordinateUncertaintyInMeters": "",
        "basisOfRecord": "PRESERVED_SPECIMEN",
        "eventDate": "1993-11-25",
        "country": null,
        "datasetName": "",
        "publisher": "USF Water Institute",
        "license": "CC_BY_4_0",
        "issues": [
          "GEODETIC_DATUM_ASSUMED_WGS84",
          "CONTINENT_DERIVED_FROM_COORDINATES",
          "INSTITUTION_COLLECTION_MISMATCH"
        ],
        "media": [
          {
            "url": "https://cdn.plantatlas.org/img/specimens/USF/211153.jpg",
            "references": null,
            "title": "Prestonia portobellensis (Beurl.) Woodson - Costa Rica, Puntarenas Prov. (BARCODE: 211153) - USF Herbarium",
            "creator": null,
            "publisher": null,
            "license": "http://creativecommons.org/licenses/by-nc-sa/4.0/",
            "rightsHolder": "University of South Florida Herbarium (USF)"
          }
        ]
      }
    },
    {
      "type": "Feature",
      "geometry": {
        "type": "Point",
        "coordinates": [
          -85.3,
          10.5167
        ]
      },
      "properties": {
        "gbifID": "1703340564",
        "species": "Prestonia portobellensis",
        "genus": "Prestonia",
        "family": "Apocynaceae",
        "scientificName": "Prestonia portobellensis (Beurl.) Woodson",
        "coordinateUncertaintyInMeters": "",
        "basisOfRecord": "PRESERVED_SPECIMEN",
        "eventDate": "1977-04-27",
        "country": null,
        "datasetName": "",
        "publisher": "USF Water Institute",
        "license": "CC_BY_4_0",
        "issues": [
          "GEODETIC_DATUM_ASSUMED_WGS84",
          "CONTINENT_DERIVED_FROM_COORDINATES",
          "INSTITUTION_COLLECTION_MISMATCH"
        ],
        "media": [
          {
            "url": "https://cdn.plantatlas.org/img/specimens/USF/190565.jpg",
            "references": null,
            "title": "Prestonia portobellensis (Beurl.) Woodson - Costa Rica, Guanacaste Prov. (BARCODE: 190565) - USF Herbarium",
            "creator": null,
            "publisher": null,
            "license": "http://creativecommons.org/licenses/by-nc-sa/4.0/",
            "rightsHolder": "University of South Florida Herbarium (USF)"
          }
        ]
      }
    },
    {
      "type": "Feature",
      "geometry": {
        "type": "Point",
        "coordinates": [
          -85.4807,
          9.87071
        ]
      },
      "properties": {
        "gbifID": "1703340493",
        "species": "Prestonia portobellensis",
        "genus": "Prestonia",
        "family": "Apocynaceae",
        "scientificName": "Prestonia portobellensis (Beurl.) Woodson",
        "coordinateUncertaintyInMeters": "",
        "basisOfRecord": "PRESERVED_SPECIMEN",
        "eventDate": "1984-05",
        "country": null,
        "datasetName": "",
        "publisher": "USF Water Institute",
        "license": "CC_BY_4_0",
        "issues": [
          "GEODETIC_DATUM_ASSUMED_WGS84",
          "CONTINENT_DERIVED_FROM_COORDINATES",
          "INSTITUTION_COLLECTION_MISMATCH"
        ],
        "media": [
          {
            "url": "https://cdn.plantatlas.org/img/specimens/USF/186314.jpg",
            "references": null,
            "title": "Prestonia portobellensis (Beurl.) Woodson - Costa Rica, San José Prov. (BARCODE: 186314) - USF Herbarium",
            "creator": null,
            "publisher": null,
            "license": "http://creativecommons.org/licenses/by-nc-sa/4.0/",
            "rightsHolder": "University of South Florida Herbarium (USF)"
          }
        ]
      }
    },
    {
      "type": "Feature",
      "geometry": {
        "type": "Point",
        "coordinates": [
          -78.85,
          9.41667
        ]
      },
      "properties": {
        "gbifID": "1703340576",
        "species": "Prestonia portobellensis",
        "genus": "Prestonia",
        "family": "Apocynaceae",
        "scientificName": "Prestonia portobellensis (Beurl.) Woodson",
        "coordinateUncertaintyInMeters": "",
        "basisOfRecord": "PRESERVED_SPECIMEN",
        "eventDate": "1985-12-20",
        "country": null,
        "datasetName": "",
        "publisher": "USF Water Institute",
        "license": "CC_BY_4_0",
        "issues": [
          "GEODETIC_DATUM_ASSUMED_WGS84",
          "CONTINENT_DERIVED_FROM_COORDINATES",
          "INSTITUTION_COLLECTION_MISMATCH"
        ],
        "media": [
          {
            "url": "https://cdn.plantatlas.org/img/specimens/USF/190616.jpg",
            "references": null,
            "title": "Prestonia portobellensis (Beurl.) Woodson - Panama, San Blas Prov. (BARCODE: 190616) - USF Herbarium",
            "creator": null,
            "publisher": null,
            "license": "http://creativecommons.org/licenses/by-nc-sa/4.0/",
            "rightsHolder": "University of South Florida Herbarium (USF)"
          }
        ]
      }
    },
    {
      "type": "Feature",
      "geometry": {
        "type": "Point",
        "coordinates": [
          -76.4333,
          6.35
        ]
      },
      "properties": {
        "gbifID": "1703340796",
        "species": "Prestonia portobellensis",
        "genus": "Prestonia",
        "family": "Apocynaceae",
        "scientificName": "Prestonia portobellensis (Beurl.) Woodson",
        "coordinateUncertaintyInMeters": "",
        "basisOfRecord": "PRESERVED_SPECIMEN",
        "eventDate": "1990-04-18",
        "country": null,
        "datasetName": "",
        "publisher": "USF Water Institute",
        "license": "CC_BY_4_0",
        "issues": [
          "GEODETIC_DATUM_ASSUMED_WGS84",
          "CONTINENT_DERIVED_FROM_COORDINATES",
          "INSTITUTION_COLLECTION_MISMATCH"
        ],
        "media": [
          {
            "url": "https://cdn.plantatlas.org/img/specimens/USF/221068.jpg",
            "references": null,
            "title": "Prestonia portobellensis (Beurl.) Woodson - Colombia, Chocó Dept. (BARCODE: 221068) - USF Herbarium",
            "creator": null,
            "publisher": null,
            "license": "http://creativecommons.org/licenses/by-nc-sa/4.0/",
            "rightsHolder": "University of South Florida Herbarium (USF)"
          }
        ]
      }
    },
    {
      "type": "Feature",
      "geometry": {
        "type": "Point",
        "coordinates": [
          -78.1679,
          7.52035
        ]
      },
      "properties": {
        "gbifID": "1703340548",
        "species": "Prestonia portobellensis",
        "genus": "Prestonia",
        "family": "Apocynaceae",
        "scientificName": "Prestonia portobellensis (Beurl.) Woodson",
        "coordinateUncertaintyInMeters": "",
        "basisOfRecord": "PRESERVED_SPECIMEN",
        "eventDate": "1981-01-31",
        "country": null,
        "datasetName": "",
        "publisher": "USF Water Institute",
        "license": "CC_BY_4_0",
        "issues": [
          "GEODETIC_DATUM_ASSUMED_WGS84",
          "CONTINENT_DERIVED_FROM_COORDINATES",
          "INSTITUTION_COLLECTION_MISMATCH"
        ],
        "media": [
          {
            "url": "https://cdn.plantatlas.org/img/specimens/USF/190003.jpg",
            "references": null,
            "title": "Prestonia portobellensis (Beurl.) Woodson - Panama, Darién Prov. (BARCODE: 190003) - USF Herbarium",
            "creator": null,
            "publisher": null,
            "license": "http://creativecommons.org/licenses/by-nc-sa/4.0/",
            "rightsHolder": "University of South Florida Herbarium (USF)"
          }
        ]
      }
    },
    {
      "type": "Feature",
      "geometry": {
        "type": "Point",
        "coordinates": [
          -74.117,
          10.0662
        ]
      },
      "properties": {
        "gbifID": "1703340728",
        "species": "Prestonia portobellensis",
        "genus": "Prestonia",
        "family": "Apocynaceae",
        "scientificName": "Prestonia portobellensis (Beurl.) Woodson",
        "coordinateUncertaintyInMeters": "",
        "basisOfRecord": "PRESERVED_SPECIMEN",
        "eventDate": "1988-02-21",
        "country": null,
        "datasetName": "",
        "publisher": "USF Water Institute",
        "license": "CC_BY_4_0",
        "issues": [
          "GEODETIC_DATUM_ASSUMED_WGS84",
          "CONTINENT_DERIVED_FROM_COORDINATES",
          "INSTITUTION_COLLECTION_MISMATCH"
        ],
        "media": [
          {
            "url": "https://cdn.plantatlas.org/img/specimens/USF/207255.jpg",
            "references": null,
            "title": "Prestonia portobellensis (Beurl.) Woodson - Colombia, Antioquia Dept. (BARCODE: 207255) - USF Herbarium",
            "creator": null,
            "publisher": null,
            "license": "http://creativecommons.org/licenses/by-nc-sa/4.0/",
            "rightsHolder": "University of South Florida Herbarium (USF)"
          }
        ]
      }
    },
    {
      "type": "Feature",
      "geometry": {
        "type": "Point",
        "coordinates": [
          -76.45,
          5.41667
        ]
      },
      "properties": {
        "gbifID": "1703340502",
        "species": "Prestonia portobellensis",
        "genus": "Prestonia",
        "family": "Apocynaceae",
        "scientificName": "Prestonia portobellensis (Beurl.) Woodson",
        "coordinateUncertaintyInMeters": "",
        "basisOfRecord": "PRESERVED_SPECIMEN",
        "eventDate": "1983-12-09",
        "country": null,
        "datasetName": "",
        "publisher": "USF Water Institute",
        "license": "CC_BY_4_0",
        "issues": [
          "GEODETIC_DATUM_ASSUMED_WGS84",
          "CONTINENT_DERIVED_FROM_COORDINATES",
          "INSTITUTION_COLLECTION_MISMATCH"
        ],
        "media": [
          {
            "url": "https://cdn.plantatlas.org/img/specimens/USF/186498.jpg",
            "references": null,
            "title": "Prestonia portobellensis (Beurl.) Woodson - Colombia, Chocó Dept. (BARCODE: 186498) - USF Herbarium",
            "creator": null,
            "publisher": null,
            "license": "http://creativecommons.org/licenses/by-nc-sa/4.0/",
            "rightsHolder": "University of South Florida Herbarium (USF)"
          }
        ]
      }
    },
    {
      "type": "Feature",
      "geometry": {
        "type": "Point",
        "coordinates": [
          -79.7833,
          9.33333
        ]
      },
      "properties": {
        "gbifID": "1703340790",
        "species": "Prestonia portobellensis",
        "genus": "Prestonia",
        "family": "Apocynaceae",
        "scientificName": "Prestonia portobellensis (Beurl.) Woodson",
        "coordinateUncertaintyInMeters": "",
        "basisOfRecord": "PRESERVED_SPECIMEN",
        "eventDate": "1983-08-01",
        "country": null,
        "datasetName": "",
        "publisher": "USF Water Institute",
        "license": "CC_BY_4_0",
        "issues": [
          "GEODETIC_DATUM_ASSUMED_WGS84",
          "CONTINENT_DERIVED_FROM_COORDINATES",
          "INSTITUTION_COLLECTION_MISMATCH"
        ],
        "media": [
          {
            "url": "https://cdn.plantatlas.org/img/specimens/USF/218843.jpg",
            "references": null,
            "title": "Prestonia portobellensis (Beurl.) Woodson - Panama, Colon Prov. (BARCODE: 218843) - USF Herbarium",
            "creator": null,
            "publisher": null,
            "license": "http://creativecommons.org/licenses/by-nc-sa/4.0/",
            "rightsHolder": "University of South Florida Herbarium (USF)"
          }
        ]
      }
    },
    {
      "type": "Feature",
      "geometry": {
        "type": "Point",
        "coordinates": [
          -85.4667,
          9.8667
        ]
      },
      "properties": {
        "gbifID": "1703340482",
        "species": "Prestonia portobellensis",
        "genus": "Prestonia",
        "family": "Apocynaceae",
        "scientificName": "Prestonia portobellensis (Beurl.) Woodson",
        "coordinateUncertaintyInMeters": "",
        "basisOfRecord": "PRESERVED_SPECIMEN",
        "eventDate": "1984-04-04",
        "country": null,
        "datasetName": "",
        "publisher": "USF Water Institute",
        "license": "CC_BY_4_0",
        "issues": [
          "GEODETIC_DATUM_ASSUMED_WGS84",
          "CONTINENT_DERIVED_FROM_COORDINATES",
          "INSTITUTION_COLLECTION_MISMATCH"
        ],
        "media": [
          {
            "url": "https://cdn.plantatlas.org/img/specimens/USF/186287.jpg",
            "references": null,
            "title": "Prestonia portobellensis (Beurl.) Woodson - Costa Rica, San José Prov. (BARCODE: 186287) - USF Herbarium",
            "creator": null,
            "publisher": null,
            "license": "http://creativecommons.org/licenses/by-nc-sa/4.0/",
            "rightsHolder": "University of South Florida Herbarium (USF)"
          }
        ]
      }
    },
    {
      "type": "Feature",
      "geometry": {
        "type": "Point",
        "coordinates": [
          -80.0833,
          8.5
        ]
      },
      "properties": {
        "gbifID": "1703340565",
        "species": "Prestonia portobellensis",
        "genus": "Prestonia",
        "family": "Apocynaceae",
        "scientificName": "Prestonia portobellensis (Beurl.) Woodson",
        "coordinateUncertaintyInMeters": "",
        "basisOfRecord": "PRESERVED_SPECIMEN",
        "eventDate": "1982-03-19",
        "country": null,
        "datasetName": "",
        "publisher": "USF Water Institute",
        "license": "CC_BY_4_0",
        "issues": [
          "GEODETIC_DATUM_ASSUMED_WGS84",
          "CONTINENT_DERIVED_FROM_COORDINATES",
          "INSTITUTION_COLLECTION_MISMATCH"
        ],
        "media": [
          {
            "url": "https://cdn.plantatlas.org/img/specimens/USF/190582.jpg",
            "references": null,
            "title": "Prestonia portobellensis (Beurl.) Woodson - Panama, Veraguas Prov. (BARCODE: 190582) - USF Herbarium",
            "creator": null,
            "publisher": null,
            "license": "http://creativecommons.org/licenses/by-nc-sa/4.0/",
            "rightsHolder": "University of South Florida Herbarium (USF)"
          }
        ]
      }
    },
    {
      "type": "Feature",
      "geometry": {
        "type": "Point",
        "coordinates": [
          -80.45,
          7.5
        ]
      },
      "properties": {
        "gbifID": "1703340568",
        "species": "Prestonia portobellensis",
        "genus": "Prestonia",
        "family": "Apocynaceae",
        "scientificName": "Prestonia portobellensis (Beurl.) Woodson",
        "coordinateUncertaintyInMeters": "",
        "basisOfRecord": "PRESERVED_SPECIMEN",
        "eventDate": "1979-10-25",
        "country": null,
        "datasetName": "",
        "publisher": "USF Water Institute",
        "license": "CC_BY_4_0",
        "issues": [
          "GEODETIC_DATUM_ASSUMED_WGS84",
          "CONTINENT_DERIVED_FROM_COORDINATES",
          "INSTITUTION_COLLECTION_MISMATCH"
        ],
        "media": [
          {
            "url": "https://cdn.plantatlas.org/img/specimens/USF/190581.jpg",
            "references": null,
            "title": "Prestonia portobellensis (Beurl.) Woodson - Panama, Veraguas Prov. (BARCODE: 190581) - USF Herbarium",
            "creator": null,
            "publisher": null,
            "license": "http://creativecommons.org/licenses/by-nc-sa/4.0/",
            "rightsHolder": "University of South Florida Herbarium (USF)"
          }
        ]
      }
    },
    {
      "type": "Feature",
      "geometry": {
        "type": "Point",
        "coordinates": [
          -83.8004,
          9.76842
        ]
      },
      "properties": {
        "gbifID": "1703340490",
        "species": "Prestonia portobellensis",
        "genus": "Prestonia",
        "family": "Apocynaceae",
        "scientificName": "Prestonia portobellensis (Beurl.) Woodson",
        "coordinateUncertaintyInMeters": "",
        "basisOfRecord": "PRESERVED_SPECIMEN",
        "eventDate": "1984-08-06",
        "country": null,
        "datasetName": "",
        "publisher": "USF Water Institute",
        "license": "CC_BY_4_0",
        "issues": [
          "GEODETIC_DATUM_ASSUMED_WGS84",
          "CONTINENT_DERIVED_FROM_COORDINATES",
          "INSTITUTION_COLLECTION_MISMATCH"
        ],
        "media": [
          {
            "url": "https://cdn.plantatlas.org/img/specimens/USF/186254.jpg",
            "references": null,
            "title": "Prestonia portobellensis (Beurl.) Woodson - Costa Rica, Cartago Prov. (BARCODE: 186254) - USF Herbarium",
            "creator": null,
            "publisher": null,
            "license": "http://creativecommons.org/licenses/by-nc-sa/4.0/",
            "rightsHolder": "University of South Florida Herbarium (USF)"
          }
        ]
      }
    },
    {
      "type": "Feature",
      "geometry": {
        "type": "Point",
        "coordinates": [
          -76.8167,
          -1.71667
        ]
      },
      "properties": {
        "gbifID": "1703340712",
        "species": "Prestonia portobellensis",
        "genus": "Prestonia",
        "family": "Apocynaceae",
        "scientificName": "Prestonia portobellensis (Beurl.) Woodson",
        "coordinateUncertaintyInMeters": "",
        "basisOfRecord": "PRESERVED_SPECIMEN",
        "eventDate": "1990-09-01",
        "country": null,
        "datasetName": "",
        "publisher": "USF Water Institute",
        "license": "CC_BY_4_0",
        "issues": [
          "GEODETIC_DATUM_ASSUMED_WGS84",
          "CONTINENT_DERIVED_FROM_COORDINATES",
          "INSTITUTION_COLLECTION_MISMATCH"
        ],
        "media": [
          {
            "url": "https://cdn.plantatlas.org/img/specimens/USF/205765.jpg",
            "references": null,
            "title": "Prestonia portobellensis (Beurl.) Woodson - Ecuador, Pastaza Prov. (BARCODE: 205765) - USF Herbarium",
            "creator": null,
            "publisher": null,
            "license": "http://creativecommons.org/licenses/by-nc-sa/4.0/",
            "rightsHolder": "University of South Florida Herbarium (USF)"
          }
        ]
      }
    },
    {
      "type": "Feature",
      "geometry": {
        "type": "Point",
        "coordinates": [
          -83.6333,
          10.6833
        ]
      },
      "properties": {
        "gbifID": "1703340792",
        "species": "Prestonia portobellensis",
        "genus": "Prestonia",
        "family": "Apocynaceae",
        "scientificName": "Prestonia portobellensis (Beurl.) Woodson",
        "coordinateUncertaintyInMeters": "",
        "basisOfRecord": "PRESERVED_SPECIMEN",
        "eventDate": "1986-09-15",
        "country": null,
        "datasetName": "",
        "publisher": "USF Water Institute",
        "license": "CC_BY_4_0",
        "issues": [
          "GEODETIC_DATUM_ASSUMED_WGS84",
          "CONTINENT_DERIVED_FROM_COORDINATES",
          "INSTITUTION_COLLECTION_MISMATCH"
        ],
        "media": [
          {
            "url": "https://cdn.plantatlas.org/img/specimens/USF/218841.jpg",
            "references": null,
            "title": "Prestonia portobellensis (Beurl.) Woodson - Costa Rica, Limón Prov. (BARCODE: 218841) - USF Herbarium",
            "creator": null,
            "publisher": null,
            "license": "http://creativecommons.org/licenses/by-nc-sa/4.0/",
            "rightsHolder": "University of South Florida Herbarium (USF)"
          }
        ]
      }
    },
    {
      "type": "Feature",
      "geometry": {
        "type": "Point",
        "coordinates": [
          -80.4667,
          8.78333
        ]
      },
      "properties": {
        "gbifID": "1703340563",
        "species": "Prestonia portobellensis",
        "genus": "Prestonia",
        "family": "Apocynaceae",
        "scientificName": "Prestonia portobellensis (Beurl.) Woodson",
        "coordinateUncertaintyInMeters": "",
        "basisOfRecord": "PRESERVED_SPECIMEN",
        "eventDate": "1983-12-17",
        "country": null,
        "datasetName": "",
        "publisher": "USF Water Institute",
        "license": "CC_BY_4_0",
        "issues": [
          "GEODETIC_DATUM_ASSUMED_WGS84",
          "CONTINENT_DERIVED_FROM_COORDINATES",
          "INSTITUTION_COLLECTION_MISMATCH"
        ],
        "media": [
          {
            "url": "https://cdn.plantatlas.org/img/specimens/USF/190579.jpg",
            "references": null,
            "title": "Prestonia portobellensis (Beurl.) Woodson - Panama, Coclé Prov. (BARCODE: 190579) - USF Herbarium",
            "creator": null,
            "publisher": null,
            "license": "http://creativecommons.org/licenses/by-nc-sa/4.0/",
            "rightsHolder": "University of South Florida Herbarium (USF)"
          }
        ]
      }
    },
    {
      "type": "Feature",
      "geometry": {
        "type": "Point",
        "coordinates": [
          -75.3526,
          10.193
        ]
      },
      "properties": {
        "gbifID": "1703340760",
        "species": "Prestonia portobellensis",
        "genus": "Prestonia",
        "family": "Apocynaceae",
        "scientificName": "Prestonia portobellensis (Beurl.) Woodson",
        "coordinateUncertaintyInMeters": "",
        "basisOfRecord": "PRESERVED_SPECIMEN",
        "eventDate": "1989-05-23",
        "country": null,
        "datasetName": "",
        "publisher": "USF Water Institute",
        "license": "CC_BY_4_0",
        "issues": [
          "GEODETIC_DATUM_ASSUMED_WGS84",
          "CONTINENT_DERIVED_FROM_COORDINATES",
          "INSTITUTION_COLLECTION_MISMATCH"
        ],
        "media": [
          {
            "url": "https://cdn.plantatlas.org/img/specimens/USF/211192.jpg",
            "references": null,
            "title": "Prestonia portobellensis (Beurl.) Woodson - Colombia, Chocó Dept. (BARCODE: 211192) - USF Herbarium",
            "creator": null,
            "publisher": null,
            "license": "http://creativecommons.org/licenses/by-nc-sa/4.0/",
            "rightsHolder": "University of South Florida Herbarium (USF)"
          }
        ]
      }
    },
    {
      "type": "Feature",
      "geometry": {
        "type": "Point",
        "coordinates": [
          -77.35,
          5.05
        ]
      },
      "properties": {
        "gbifID": "1703340798",
        "species": "Prestonia portobellensis",
        "genus": "Prestonia",
        "family": "Apocynaceae",
        "scientificName": "Prestonia portobellensis (Beurl.) Woodson",
        "coordinateUncertaintyInMeters": "",
        "basisOfRecord": "PRESERVED_SPECIMEN",
        "eventDate": "1991-12-25",
        "country": null,
        "datasetName": "",
        "publisher": "USF Water Institute",
        "license": "CC_BY_4_0",
        "issues": [
          "GEODETIC_DATUM_ASSUMED_WGS84",
          "CONTINENT_DERIVED_FROM_COORDINATES",
          "INSTITUTION_COLLECTION_MISMATCH"
        ],
        "media": [
          {
            "url": "https://cdn.plantatlas.org/img/specimens/USF/221085.jpg",
            "references": null,
            "title": "Prestonia portobellensis (Beurl.) Woodson - Colombia, Chocó Dept. (BARCODE: 221085) - USF Herbarium",
            "creator": null,
            "publisher": null,
            "license": "http://creativecommons.org/licenses/by-nc-sa/4.0/",
            "rightsHolder": "University of South Florida Herbarium (USF)"
          }
        ]
      }
    },
    {
      "type": "Feature",
      "geometry": {
        "type": "Point",
        "coordinates": [
          -77.3167,
          6.26667
        ]
      },
      "properties": {
        "gbifID": "1703340504",
        "species": "Prestonia portobellensis",
        "genus": "Prestonia",
        "family": "Apocynaceae",
        "scientificName": "Prestonia portobellensis (Beurl.) Woodson",
        "coordinateUncertaintyInMeters": "",
        "basisOfRecord": "PRESERVED_SPECIMEN",
        "eventDate": "1984-01-10",
        "country": null,
        "datasetName": "",
        "publisher": "USF Water Institute",
        "license": "CC_BY_4_0",
        "issues": [
          "GEODETIC_DATUM_ASSUMED_WGS84",
          "CONTINENT_DERIVED_FROM_COORDINATES",
          "INSTITUTION_COLLECTION_MISMATCH"
        ],
        "media": [
          {
            "url": "https://cdn.plantatlas.org/img/specimens/USF/186524.jpg",
            "references": null,
            "title": "Prestonia portobellensis (Beurl.) Woodson - Colombia, Chocó Dept. (BARCODE: 186524) - USF Herbarium",
            "creator": null,
            "publisher": null,
            "license": "http://creativecommons.org/licenses/by-nc-sa/4.0/",
            "rightsHolder": "University of South Florida Herbarium (USF)"
          }
        ]
      }
    },
    {
      "type": "Feature",
      "geometry": {
        "type": "Point",
        "coordinates": [
          -84.081653,
          9.959738
        ]
      },
      "properties": {
        "gbifID": "2651348098",
        "species": "Prestonia portobellensis",
        "genus": "Prestonia",
        "family": "Apocynaceae",
        "scientificName": "Prestonia portobellensis (Beurl.) Woodson",
        "coordinateUncertaintyInMeters": "7326.0",
        "basisOfRecord": "PRESERVED_SPECIMEN",
        "eventDate": "1991-01-27",
        "country": null,
        "datasetName": "",
        "publisher": "University of Minnesota Bell Museum",
        "license": "CC0_1_0",
        "issues": [
          "GEODETIC_DATUM_ASSUMED_WGS84",
          "CONTINENT_DERIVED_FROM_COORDINATES",
          "AMBIGUOUS_COLLECTION",
          "TAXON_ID_NOT_FOUND"
        ],
        "media": [
          {
            "url": "https://bellatlas-images.s3.msi.umn.edu/MIN_Plants/01332/1332564_lg.jpg",
            "references": null,
            "title": null,
            "creator": null,
            "publisher": null,
            "license": "http://creativecommons.org/publicdomain/zero/1.0/",
            "rightsHolder": "Bell Museum, University of Minnesota"
          }
        ]
      }
    },
    {
      "type": "Feature",
      "geometry": {
        "type": "Point",
        "coordinates": [
          -83.923862,
          10.151621
        ]
      },
      "properties": {
        "gbifID": "4102356502",
        "species": "Prestonia portobellensis",
        "genus": "Prestonia",
        "family": "Apocynaceae",
        "scientificName": "Prestonia portobellensis (Beurl.) Woodson",
        "coordinateUncertaintyInMeters": "2432.0",
        "basisOfRecord": "PRESERVED_SPECIMEN",
        "eventDate": "1984-05-01",
        "country": null,
        "datasetName": "",
        "publisher": "Botanical Research Institute of Texas",
        "license": "CC0_1_0",
        "issues": [
          "CONTINENT_DERIVED_FROM_COORDINATES",
          "INSTITUTION_MATCH_FUZZY",
          "INSTITUTION_COLLECTION_MISMATCH",
          "TAXON_ID_NOT_FOUND"
        ],
        "media": [
          {
            "url": "https://web.corral.tacc.utexas.edu/brit/VDB/BRIT0442000/BRIT442123.jpg",
            "references": null,
            "title": null,
            "creator": null,
            "publisher": null,
            "license": "http://creativecommons.org/publicdomain/zero/1.0/",
            "rightsHolder": "Botanical Research Institute of Texas"
          }
        ]
      }
    },
    {
      "type": "Feature",
      "geometry": {
        "type": "Point",
        "coordinates": [
          -79.86,
          9.32
        ]
      },
      "properties": {
        "gbifID": "3969345901",
        "species": "Prestonia portobellensis",
        "genus": "Prestonia",
        "family": "Apocynaceae",
        "scientificName": "Prestonia portobellensis (Beurl.) Woodson",
        "coordinateUncertaintyInMeters": "",
        "basisOfRecord": "PRESERVED_SPECIMEN",
        "eventDate": "",
        "country": null,
        "datasetName": "",
        "publisher": "European Nucleotide Archive (EMBL-EBI)",
        "license": "CC_BY_4_0",
        "issues": [
          "GEODETIC_DATUM_ASSUMED_WGS84",
          "CONTINENT_DERIVED_FROM_COORDINATES",
          "TAXON_ID_NOT_FOUND",
          "TAXON_CONCEPT_ID_NOT_FOUND"
        ],
        "fallback_media": {
          "url": "https://d2jcv3kl45hlgi.cloudfront.net/3cbfc9b66d986725079a7d37a8f83225.jpg",
          "references": "http://specimens.kew.org/Herbarium/K006231299",
          "title": null,
          "creator": null,
          "publisher": null,
          "license": "http://creativecommons.org/licenses/by/4.0/",
          "rightsHolder": "Royal Botanic Gardens, Kew"
        }
      }
    },
    {
      "type": "Feature",
      "geometry": {
        "type": "Point",
        "coordinates": [
          -94.68333,
          16.9
        ]
      },
      "properties": {
        "gbifID": "2807197021",
        "species": "Prestonia portobellensis",
        "genus": "Prestonia",
        "family": "Apocynaceae",
        "scientificName": "Prestonia portobellensis (Beurl.) Woodson",
        "coordinateUncertaintyInMeters": "",
        "basisOfRecord": "PRESERVED_SPECIMEN",
        "eventDate": "1985-03-23",
        "country": null,
        "datasetName": "",
        "publisher": "University of Texas at Austin, Biodiversity Collections",
        "license": "CC0_1_0",
        "issues": [
          "GEODETIC_DATUM_ASSUMED_WGS84",
          "INSTITUTION_MATCH_FUZZY",
          "COLLECTION_MATCH_FUZZY"
        ],
        "media": [
          {
            "url": "http://was.tacc.utexas.edu/fileget?coll=TEX-LL&type=O&filename=sp65139970715733846871.att.jpg",
            "references": null,
            "title": null,
            "creator": null,
            "publisher": null,
            "license": null,
            "rightsHolder": null
          }
        ]
      }
    },
    {
      "type": "Feature",
      "geometry": {
        "type": "Point",
        "coordinates": [
          -95.01667,
          18.58333
        ]
      },
      "properties": {
        "gbifID": "2807568628",
        "species": "Prestonia portobellensis",
        "genus": "Prestonia",
        "family": "Apocynaceae",
        "scientificName": "Prestonia portobellensis (Beurl.) Woodson",
        "coordinateUncertaintyInMeters": "",
        "basisOfRecord": "PRESERVED_SPECIMEN",
        "eventDate": "1979-03-29",
        "country": null,
        "datasetName": "",
        "publisher": "University of Texas at Austin, Biodiversity Collections",
        "license": "CC0_1_0",
        "issues": [
          "GEODETIC_DATUM_ASSUMED_WGS84",
          "INSTITUTION_MATCH_FUZZY",
          "COLLECTION_MATCH_FUZZY"
        ],
        "media": [
          {
            "url": "http://was.tacc.utexas.edu/fileget?coll=TEX-LL&type=O&filename=sp66896074698312945484.att.jpg",
            "references": null,
            "title": null,
            "creator": null,
            "publisher": null,
            "license": null,
            "rightsHolder": null
          }
        ]
      }
    },
    {
      "type": "Feature",
      "geometry": {
        "type": "Point",
        "coordinates": [
          -88.95,
          16.27
        ]
      },
      "properties": {
        "gbifID": "2807536249",
        "species": "Prestonia portobellensis",
        "genus": "Prestonia",
        "family": "Apocynaceae",
        "scientificName": "Prestonia portobellensis (Beurl.) Woodson",
        "coordinateUncertaintyInMeters": "10000.0",
        "basisOfRecord": "PRESERVED_SPECIMEN",
        "eventDate": "1946-10-12",
        "country": null,
        "datasetName": "",
        "publisher": "University of Texas at Austin, Biodiversity Collections",
        "license": "CC0_1_0",
        "issues": [
          "GEODETIC_DATUM_ASSUMED_WGS84",
          "INSTITUTION_MATCH_FUZZY",
          "INSTITUTION_COLLECTION_MISMATCH"
        ],
        "media": [
          {
            "url": "http://was.tacc.utexas.edu/fileget?coll=TEX-LL&type=O&filename=sp68174336435941240974.att.jpg",
            "references": null,
            "title": null,
            "creator": null,
            "publisher": null,
            "license": null,
            "rightsHolder": null
          }
        ]
      }
    },
    {
      "type": "Feature",
      "geometry": {
        "type": "Point",
        "coordinates": [
          -94.68333,
          16.91667
        ]
      },
      "properties": {
        "gbifID": "2807449182",
        "species": "Prestonia portobellensis",
        "genus": "Prestonia",
        "family": "Apocynaceae",
        "scientificName": "Prestonia portobellensis (Beurl.) Woodson",
        "coordinateUncertaintyInMeters": "",
        "basisOfRecord": "PRESERVED_SPECIMEN",
        "eventDate": "1984-07-08",
        "country": null,
        "datasetName": "",
        "publisher": "University of Texas at Austin, Biodiversity Collections",
        "license": "CC0_1_0",
        "issues": [
          "GEODETIC_DATUM_ASSUMED_WGS84",
          "INSTITUTION_MATCH_FUZZY",
          "COLLECTION_MATCH_FUZZY"
        ],
        "media": [
          {
            "url": "http://was.tacc.utexas.edu/fileget?coll=TEX-LL&type=O&filename=sp68808999752476622765.att.jpg",
            "references": null,
            "title": null,
            "creator": null,
            "publisher": null,
            "license": null,
            "rightsHolder": null
          }
        ]
      }
    },
    {
      "type": "Feature",
      "geometry": {
        "type": "Point",
        "coordinates": [
          -91.7667,
          16.333333
        ]
      },
      "properties": {
        "gbifID": "3306425636",
        "species": "Prestonia portobellensis",
        "genus": "Prestonia",
        "family": "Apocynaceae",
        "scientificName": "Prestonia portobellensis (Beurl.) Woodson",
        "coordinateUncertaintyInMeters": "",
        "basisOfRecord": "PRESERVED_SPECIMEN",
        "eventDate": "1991-05-20",
        "country": null,
        "datasetName": "Fortalecimiento de las colecciones de ECOSUR. Primera fase",
        "publisher": "Comisión nacional para el conocimiento y uso de la biodiversidad",
        "license": "CC_BY_4_0",
        "issues": [
          "OCCURRENCE_STATUS_INFERRED_FROM_INDIVIDUAL_COUNT",
          "COORDINATE_ROUNDED",
          "TAXON_ID_NOT_FOUND",
          "SCIENTIFIC_NAME_ID_NOT_FOUND"
        ],
        "fallback_media": {
          "url": "https://d2jcv3kl45hlgi.cloudfront.net/3cbfc9b66d986725079a7d37a8f83225.jpg",
          "references": "http://specimens.kew.org/Herbarium/K006231299",
          "title": null,
          "creator": null,
          "publisher": null,
          "license": "http://creativecommons.org/licenses/by/4.0/",
          "rightsHolder": "Royal Botanic Gardens, Kew"
        }
      }
    },
    {
      "type": "Feature",
      "geometry": {
        "type": "Point",
        "coordinates": [
          -95.0878,
          18.59306
        ]
      },
      "properties": {
        "gbifID": "3308159011",
        "species": "Prestonia portobellensis",
        "genus": "Prestonia",
        "family": "Apocynaceae",
        "scientificName": "Prestonia portobellensis (Beurl.) Woodson",
        "coordinateUncertaintyInMeters": "90.0",
        "basisOfRecord": "PRESERVED_SPECIMEN",
        "eventDate": "2015-04-03",
        "country": null,
        "datasetName": "Digitalización y Sistematización de las Colecciones Biológicas Nacionales del Instituto de Biología, UNAM",
        "publisher": "Comisión nacional para el conocimiento y uso de la biodiversidad",
        "license": "CC_BY_4_0",
        "issues": [
          "OCCURRENCE_STATUS_INFERRED_FROM_INDIVIDUAL_COUNT",
          "RECORDED_DATE_INVALID",
          "SCIENTIFIC_NAME_ID_NOT_FOUND",
          "TAXON_ID_NOT_FOUND"
        ],
        "fallback_media": {
          "url": "https://d2jcv3kl45hlgi.cloudfront.net/3cbfc9b66d986725079a7d37a8f83225.jpg",
          "references": "http://specimens.kew.org/Herbarium/K006231299",
          "title": null,
          "creator": null,
          "publisher": null,
          "license": "http://creativecommons.org/licenses/by/4.0/",
          "rightsHolder": "Royal Botanic Gardens, Kew"
        }
      }
    },
    {
      "type": "Feature",
      "geometry": {
        "type": "Point",
        "coordinates": [
          -89.617,
          15.3
        ]
      },
      "properties": {
        "gbifID": "3307990161",
        "species": "Prestonia portobellensis",
        "genus": "Prestonia",
        "family": "Apocynaceae",
        "scientificName": "Prestonia portobellensis (Beurl.) Woodson",
        "coordinateUncertaintyInMeters": "",
        "basisOfRecord": "PRESERVED_SPECIMEN",
        "eventDate": "1988-07-12",
        "country": null,
        "datasetName": "Digitalización y Sistematización de las Colecciones Biológicas Nacionales del Instituto de Biología, UNAM",
        "publisher": "Comisión nacional para el conocimiento y uso de la biodiversidad",
        "license": "CC_BY_4_0",
        "issues": [
          "OCCURRENCE_STATUS_INFERRED_FROM_INDIVIDUAL_COUNT",
          "RECORDED_DATE_INVALID",
          "SCIENTIFIC_NAME_ID_NOT_FOUND",
          "TAXON_ID_NOT_FOUND"
        ],
        "fallback_media": {
          "url": "https://d2jcv3kl45hlgi.cloudfront.net/3cbfc9b66d986725079a7d37a8f83225.jpg",
          "references": "http://specimens.kew.org/Herbarium/K006231299",
          "title": null,
          "creator": null,
          "publisher": null,
          "license": "http://creativecommons.org/licenses/by/4.0/",
          "rightsHolder": "Royal Botanic Gardens, Kew"
        }
      }
    },
    {
      "type": "Feature",
      "geometry": {
        "type": "Point",
        "coordinates": [
          -90.85986,
          16.76181
        ]
      },
      "properties": {
        "gbifID": "3308072352",
        "species": "Prestonia portobellensis",
        "genus": "Prestonia",
        "family": "Apocynaceae",
        "scientificName": "Prestonia portobellensis (Beurl.) Woodson",
        "coordinateUncertaintyInMeters": "90.0",
        "basisOfRecord": "PRESERVED_SPECIMEN",
        "eventDate": "2004-10-20",
        "country": null,
        "datasetName": "Digitalización y Sistematización de las Colecciones Biológicas Nacionales del Instituto de Biología, UNAM",
        "publisher": "Comisión nacional para el conocimiento y uso de la biodiversidad",
        "license": "CC_BY_4_0",
        "issues": [
          "OCCURRENCE_STATUS_INFERRED_FROM_INDIVIDUAL_COUNT",
          "SCIENTIFIC_NAME_ID_NOT_FOUND",
          "TAXON_ID_NOT_FOUND"
        ],
        "fallback_media": {
          "url": "https://d2jcv3kl45hlgi.cloudfront.net/3cbfc9b66d986725079a7d37a8f83225.jpg",
          "references": "http://specimens.kew.org/Herbarium/K006231299",
          "title": null,
          "creator": null,
          "publisher": null,
          "license": "http://creativecommons.org/licenses/by/4.0/",
          "rightsHolder": "Royal Botanic Gardens, Kew"
        }
      }
    },
    {
      "type": "Feature",
      "geometry": {
        "type": "Point",
        "coordinates": [
          -89.983,
          13.817
        ]
      },
      "properties": {
        "gbifID": "3308611258",
        "species": "Prestonia portobellensis",
        "genus": "Prestonia",
        "family": "Apocynaceae",
        "scientificName": "Prestonia portobellensis (Beurl.) Woodson",
        "coordinateUncertaintyInMeters": "",
        "basisOfRecord": "PRESERVED_SPECIMEN",
        "eventDate": "2000-03-01",
        "country": null,
        "datasetName": "Digitalización y Sistematización de las Colecciones Biológicas Nacionales del Instituto de Biología, UNAM",
        "publisher": "Comisión nacional para el conocimiento y uso de la biodiversidad",
        "license": "CC_BY_4_0",
        "issues": [
          "OCCURRENCE_STATUS_INFERRED_FROM_INDIVIDUAL_COUNT",
          "RECORDED_DATE_INVALID",
          "SCIENTIFIC_NAME_ID_NOT_FOUND",
          "TAXON_ID_NOT_FOUND"
        ],
        "fallback_media": {
          "url": "https://d2jcv3kl45hlgi.cloudfront.net/3cbfc9b66d986725079a7d37a8f83225.jpg",
          "references": "http://specimens.kew.org/Herbarium/K006231299",
          "title": null,
          "creator": null,
          "publisher": null,
          "license": "http://creativecommons.org/licenses/by/4.0/",
          "rightsHolder": "Royal Botanic Gardens, Kew"
        }
      }
    },
    {
      "type": "Feature",
      "geometry": {
        "type": "Point",
        "coordinates": [
          -91.48806,
          17.17722
        ]
      },
      "properties": {
        "gbifID": "3308677836",
        "species": "Prestonia portobellensis",
        "genus": "Prestonia",
        "family": "Apocynaceae",
        "scientificName": "Prestonia portobellensis (Beurl.) Woodson",
        "coordinateUncertaintyInMeters": "90.0",
        "basisOfRecord": "PRESERVED_SPECIMEN",
        "eventDate": "2002-06-12",
        "country": null,
        "datasetName": "Digitalización y Sistematización de las Colecciones Biológicas Nacionales del Instituto de Biología, UNAM",
        "publisher": "Comisión nacional para el conocimiento y uso de la biodiversidad",
        "license": "CC_BY_4_0",
        "issues": [
          "OCCURRENCE_STATUS_INFERRED_FROM_INDIVIDUAL_COUNT",
          "RECORDED_DATE_INVALID",
          "TAXON_ID_NOT_FOUND",
          "SCIENTIFIC_NAME_ID_NOT_FOUND"
        ],
        "fallback_media": {
          "url": "https://d2jcv3kl45hlgi.cloudfront.net/3cbfc9b66d986725079a7d37a8f83225.jpg",
          "references": "http://specimens.kew.org/Herbarium/K006231299",
          "title": null,
          "creator": null,
          "publisher": null,
          "license": "http://creativecommons.org/licenses/by/4.0/",
          "rightsHolder": "Royal Botanic Gardens, Kew"
        }
      }
    },
    {
      "type": "Feature",
      "geometry": {
        "type": "Point",
        "coordinates": [
          -98.79028,
          21.26833
        ]
      },
      "properties": {
        "gbifID": "3308113766",
        "species": "Prestonia portobellensis",
        "genus": "Prestonia",
        "family": "Apocynaceae",
        "scientificName": "Prestonia portobellensis (Beurl.) Woodson",
        "coordinateUncertaintyInMeters": "70.0",
        "basisOfRecord": "PRESERVED_SPECIMEN",
        "eventDate": "2008-05",
        "country": null,
        "datasetName": "Digitalización y Sistematización de las Colecciones Biológicas Nacionales del Instituto de Biología, UNAM",
        "publisher": "Comisión nacional para el conocimiento y uso de la biodiversidad",
        "license": "CC_BY_4_0",
        "issues": [
          "OCCURRENCE_STATUS_INFERRED_FROM_INDIVIDUAL_COUNT",
          "RECORDED_DATE_INVALID",
          "SCIENTIFIC_NAME_ID_NOT_FOUND",
          "TAXON_ID_NOT_FOUND"
        ],
        "fallback_media": {
          "url": "https://d2jcv3kl45hlgi.cloudfront.net/3cbfc9b66d986725079a7d37a8f83225.jpg",
          "references": "http://specimens.kew.org/Herbarium/K006231299",
          "title": null,
          "creator": null,
          "publisher": null,
          "license": "http://creativecommons.org/licenses/by/4.0/",
          "rightsHolder": "Royal Botanic Gardens, Kew"
        }
      }
    },
    {
      "type": "Feature",
      "geometry": {
        "type": "Point",
        "coordinates": [
          -97.31528,
          20.00833
        ]
      },
      "properties": {
        "gbifID": "3308732782",
        "species": "Prestonia portobellensis",
        "genus": "Prestonia",
        "family": "Apocynaceae",
        "scientificName": "Prestonia portobellensis (Beurl.) Woodson",
        "coordinateUncertaintyInMeters": "80.0",
        "basisOfRecord": "PRESERVED_SPECIMEN",
        "eventDate": "2007-09-19",
        "country": null,
        "datasetName": "Digitalización y Sistematización de las Colecciones Biológicas Nacionales del Instituto de Biología, UNAM",
        "publisher": "Comisión nacional para el conocimiento y uso de la biodiversidad",
        "license": "CC_BY_4_0",
        "issues": [
          "OCCURRENCE_STATUS_INFERRED_FROM_INDIVIDUAL_COUNT",
          "SCIENTIFIC_NAME_ID_NOT_FOUND",
          "TAXON_ID_NOT_FOUND"
        ],
        "fallback_media": {
          "url": "https://d2jcv3kl45hlgi.cloudfront.net/3cbfc9b66d986725079a7d37a8f83225.jpg",
          "references": "http://specimens.kew.org/Herbarium/K006231299",
          "title": null,
          "creator": null,
          "publisher": null,
          "license": "http://creativecommons.org/licenses/by/4.0/",
          "rightsHolder": "Royal Botanic Gardens, Kew"
        }
      }
    },
    {
      "type": "Feature",
      "geometry": {
        "type": "Point",
        "coordinates": [
          -84.0,
          10.433
        ]
      },
      "properties": {
        "gbifID": "3307644491",
        "species": "Prestonia portobellensis",
        "genus": "Prestonia",
        "family": "Apocynaceae",
        "scientificName": "Prestonia portobellensis (Beurl.) Woodson",
        "coordinateUncertaintyInMeters": "",
        "basisOfRecord": "PRESERVED_SPECIMEN",
        "eventDate": "1968-06-14",
        "country": null,
        "datasetName": "Digitalización y Sistematización de las Colecciones Biológicas Nacionales del Instituto de Biología, UNAM",
        "publisher": "Comisión nacional para el conocimiento y uso de la biodiversidad",
        "license": "CC_BY_4_0",
        "issues": [
          "OCCURRENCE_STATUS_INFERRED_FROM_INDIVIDUAL_COUNT",
          "TAXON_ID_NOT_FOUND",
          "SCIENTIFIC_NAME_ID_NOT_FOUND"
        ],
        "fallback_media": {
          "url": "https://d2jcv3kl45hlgi.cloudfront.net/3cbfc9b66d986725079a7d37a8f83225.jpg",
          "references": "http://specimens.kew.org/Herbarium/K006231299",
          "title": null,
          "creator": null,
          "publisher": null,
          "license": "http://creativecommons.org/licenses/by/4.0/",
          "rightsHolder": "Royal Botanic Gardens, Kew"
        }
      }
    },
    {
      "type": "Feature",
      "geometry": {
        "type": "Point",
        "coordinates": [
          -83.6,
          10.783
        ]
      },
      "properties": {
        "gbifID": "3307976002",
        "species": "Prestonia portobellensis",
        "genus": "Prestonia",
        "family": "Apocynaceae",
        "scientificName": "Prestonia portobellensis (Beurl.) Woodson",
        "coordinateUncertaintyInMeters": "",
        "basisOfRecord": "PRESERVED_SPECIMEN",
        "eventDate": "1987-03-18",
        "country": null,
        "datasetName": "Digitalización y Sistematización de las Colecciones Biológicas Nacionales del Instituto de Biología, UNAM",
        "publisher": "Comisión nacional para el conocimiento y uso de la biodiversidad",
        "license": "CC_BY_4_0",
        "issues": [
          "OCCURRENCE_STATUS_INFERRED_FROM_INDIVIDUAL_COUNT",
          "TAXON_ID_NOT_FOUND",
          "SCIENTIFIC_NAME_ID_NOT_FOUND"
        ],
        "fallback_media": {
          "url": "https://d2jcv3kl45hlgi.cloudfront.net/3cbfc9b66d986725079a7d37a8f83225.jpg",
          "references": "http://specimens.kew.org/Herbarium/K006231299",
          "title": null,
          "creator": null,
          "publisher": null,
          "license": "http://creativecommons.org/licenses/by/4.0/",
          "rightsHolder": "Royal Botanic Gardens, Kew"
        }
      }
    },
    {
      "type": "Feature",
      "geometry": {
        "type": "Point",
        "coordinates": [
          -83.8,
          9.783
        ]
      },
      "properties": {
        "gbifID": "3307960241",
        "species": "Prestonia portobellensis",
        "genus": "Prestonia",
        "family": "Apocynaceae",
        "scientificName": "Prestonia portobellensis (Beurl.) Woodson",
        "coordinateUncertaintyInMeters": "",
        "basisOfRecord": "PRESERVED_SPECIMEN",
        "eventDate": "1984-08-06",
        "country": null,
        "datasetName": "Digitalización y Sistematización de las Colecciones Biológicas Nacionales del Instituto de Biología, UNAM",
        "publisher": "Comisión nacional para el conocimiento y uso de la biodiversidad",
        "license": "CC_BY_4_0",
        "issues": [
          "OCCURRENCE_STATUS_INFERRED_FROM_INDIVIDUAL_COUNT",
          "RECORDED_DATE_INVALID",
          "TAXON_ID_NOT_FOUND",
          "SCIENTIFIC_NAME_ID_NOT_FOUND"
        ],
        "fallback_media": {
          "url": "https://d2jcv3kl45hlgi.cloudfront.net/3cbfc9b66d986725079a7d37a8f83225.jpg",
          "references": "http://specimens.kew.org/Herbarium/K006231299",
          "title": null,
          "creator": null,
          "publisher": null,
          "license": "http://creativecommons.org/licenses/by/4.0/",
          "rightsHolder": "Royal Botanic Gardens, Kew"
        }
      }
    },
    {
      "type": "Feature",
      "geometry": {
        "type": "Point",
        "coordinates": [
          -96.30467,
          17.70575
        ]
      },
      "properties": {
        "gbifID": "3308079851",
        "species": "Prestonia portobellensis",
        "genus": "Prestonia",
        "family": "Apocynaceae",
        "scientificName": "Prestonia portobellensis (Beurl.) Woodson",
        "coordinateUncertaintyInMeters": "90.0",
        "basisOfRecord": "PRESERVED_SPECIMEN",
        "eventDate": "2007-03-17",
        "country": null,
        "datasetName": "Digitalización y Sistematización de las Colecciones Biológicas Nacionales del Instituto de Biología, UNAM",
        "publisher": "Comisión nacional para el conocimiento y uso de la biodiversidad",
        "license": "CC_BY_4_0",
        "issues": [
          "OCCURRENCE_STATUS_INFERRED_FROM_INDIVIDUAL_COUNT",
          "SCIENTIFIC_NAME_ID_NOT_FOUND",
          "TAXON_ID_NOT_FOUND"
        ],
        "fallback_media": {
          "url": "https://d2jcv3kl45hlgi.cloudfront.net/3cbfc9b66d986725079a7d37a8f83225.jpg",
          "references": "http://specimens.kew.org/Herbarium/K006231299",
          "title": null,
          "creator": null,
          "publisher": null,
          "license": "http://creativecommons.org/licenses/by/4.0/",
          "rightsHolder": "Royal Botanic Gardens, Kew"
        }
      }
    },
    {
      "type": "Feature",
      "geometry": {
        "type": "Point",
        "coordinates": [
          -91.285,
          16.93583
        ]
      },
      "properties": {
        "gbifID": "3308612369",
        "species": "Prestonia portobellensis",
        "genus": "Prestonia",
        "family": "Apocynaceae",
        "scientificName": "Prestonia portobellensis (Beurl.) Woodson",
        "coordinateUncertaintyInMeters": "90.0",
        "basisOfRecord": "PRESERVED_SPECIMEN",
        "eventDate": "2003-03-06",
        "country": null,
        "datasetName": "Digitalización y Sistematización de las Colecciones Biológicas Nacionales del Instituto de Biología, UNAM",
        "publisher": "Comisión nacional para el conocimiento y uso de la biodiversidad",
        "license": "CC_BY_4_0",
        "issues": [
          "OCCURRENCE_STATUS_INFERRED_FROM_INDIVIDUAL_COUNT",
          "RECORDED_DATE_INVALID",
          "TAXON_ID_NOT_FOUND",
          "SCIENTIFIC_NAME_ID_NOT_FOUND"
        ],
        "fallback_media": {
          "url": "https://d2jcv3kl45hlgi.cloudfront.net/3cbfc9b66d986725079a7d37a8f83225.jpg",
          "references": "http://specimens.kew.org/Herbarium/K006231299",
          "title": null,
          "creator": null,
          "publisher": null,
          "license": "http://creativecommons.org/licenses/by/4.0/",
          "rightsHolder": "Royal Botanic Gardens, Kew"
        }
      }
    },
    {
      "type": "Feature",
      "geometry": {
        "type": "Point",
        "coordinates": [
          -91.27944,
          16.91444
        ]
      },
      "properties": {
        "gbifID": "3308045316",
        "species": "Prestonia portobellensis",
        "genus": "Prestonia",
        "family": "Apocynaceae",
        "scientificName": "Prestonia portobellensis (Beurl.) Woodson",
        "coordinateUncertaintyInMeters": "90.0",
        "basisOfRecord": "PRESERVED_SPECIMEN",
        "eventDate": "2002-03-31",
        "country": null,
        "datasetName": "Digitalización y Sistematización de las Colecciones Biológicas Nacionales del Instituto de Biología, UNAM",
        "publisher": "Comisión nacional para el conocimiento y uso de la biodiversidad",
        "license": "CC_BY_4_0",
        "issues": [
          "OCCURRENCE_STATUS_INFERRED_FROM_INDIVIDUAL_COUNT",
          "SCIENTIFIC_NAME_ID_NOT_FOUND",
          "TAXON_ID_NOT_FOUND"
        ],
        "fallback_media": {
          "url": "https://d2jcv3kl45hlgi.cloudfront.net/3cbfc9b66d986725079a7d37a8f83225.jpg",
          "references": "http://specimens.kew.org/Herbarium/K006231299",
          "title": null,
          "creator": null,
          "publisher": null,
          "license": "http://creativecommons.org/licenses/by/4.0/",
          "rightsHolder": "Royal Botanic Gardens, Kew"
        }
      }
    },
    {
      "type": "Feature",
      "geometry": {
        "type": "Point",
        "coordinates": [
          -94.68333,
          16.917
        ]
      },
      "properties": {
        "gbifID": "3308682431",
        "species": "Prestonia portobellensis",
        "genus": "Prestonia",
        "family": "Apocynaceae",
        "scientificName": "Prestonia portobellensis (Beurl.) Woodson",
        "coordinateUncertaintyInMeters": "100.0",
        "basisOfRecord": "PRESERVED_SPECIMEN",
        "eventDate": "1984-06-08",
        "country": null,
        "datasetName": "Digitalización y Sistematización de las Colecciones Biológicas Nacionales del Instituto de Biología, UNAM",
        "publisher": "Comisión nacional para el conocimiento y uso de la biodiversidad",
        "license": "CC_BY_4_0",
        "issues": [
          "OCCURRENCE_STATUS_INFERRED_FROM_INDIVIDUAL_COUNT",
          "RECORDED_DATE_INVALID",
          "SCIENTIFIC_NAME_ID_NOT_FOUND",
          "TAXON_ID_NOT_FOUND"
        ],
        "fallback_media": {
          "url": "https://d2jcv3kl45hlgi.cloudfront.net/3cbfc9b66d986725079a7d37a8f83225.jpg",
          "references": "http://specimens.kew.org/Herbarium/K006231299",
          "title": null,
          "creator": null,
          "publisher": null,
          "license": "http://creativecommons.org/licenses/by/4.0/",
          "rightsHolder": "Royal Botanic Gardens, Kew"
        }
      }
    },
    {
      "type": "Feature",
      "geometry": {
        "type": "Point",
        "coordinates": [
          -93.17014,
          17.02317
        ]
      },
      "properties": {
        "gbifID": "3308683171",
        "species": "Prestonia portobellensis",
        "genus": "Prestonia",
        "family": "Apocynaceae",
        "scientificName": "Prestonia portobellensis (Beurl.) Woodson",
        "coordinateUncertaintyInMeters": "90.0",
        "basisOfRecord": "PRESERVED_SPECIMEN",
        "eventDate": "2009-10-22",
        "country": null,
        "datasetName": "Digitalización y Sistematización de las Colecciones Biológicas Nacionales del Instituto de Biología, UNAM",
        "publisher": "Comisión nacional para el conocimiento y uso de la biodiversidad",
        "license": "CC_BY_4_0",
        "issues": [
          "OCCURRENCE_STATUS_INFERRED_FROM_INDIVIDUAL_COUNT",
          "SCIENTIFIC_NAME_ID_NOT_FOUND",
          "TAXON_ID_NOT_FOUND"
        ],
        "fallback_media": {
          "url": "https://d2jcv3kl45hlgi.cloudfront.net/3cbfc9b66d986725079a7d37a8f83225.jpg",
          "references": "http://specimens.kew.org/Herbarium/K006231299",
          "title": null,
          "creator": null,
          "publisher": null,
          "license": "http://creativecommons.org/licenses/by/4.0/",
          "rightsHolder": "Royal Botanic Gardens, Kew"
        }
      }
    },
    {
      "type": "Feature",
      "geometry": {
        "type": "Point",
        "coordinates": [
          -95.083,
          18.583
        ]
      },
      "properties": {
        "gbifID": "3308152522",
        "species": "Prestonia portobellensis",
        "genus": "Prestonia",
        "family": "Apocynaceae",
        "scientificName": "Prestonia portobellensis (Beurl.) Woodson",
        "coordinateUncertaintyInMeters": "90.0",
        "basisOfRecord": "PRESERVED_SPECIMEN",
        "eventDate": "1970-05-12",
        "country": null,
        "datasetName": "Digitalización y Sistematización de las Colecciones Biológicas Nacionales del Instituto de Biología, UNAM",
        "publisher": "Comisión nacional para el conocimiento y uso de la biodiversidad",
        "license": "CC_BY_4_0",
        "issues": [
          "OCCURRENCE_STATUS_INFERRED_FROM_INDIVIDUAL_COUNT",
          "RECORDED_DATE_INVALID",
          "TAXON_ID_NOT_FOUND",
          "SCIENTIFIC_NAME_ID_NOT_FOUND"
        ],
        "fallback_media": {
          "url": "https://d2jcv3kl45hlgi.cloudfront.net/3cbfc9b66d986725079a7d37a8f83225.jpg",
          "references": "http://specimens.kew.org/Herbarium/K006231299",
          "title": null,
          "creator": null,
          "publisher": null,
          "license": "http://creativecommons.org/licenses/by/4.0/",
          "rightsHolder": "Royal Botanic Gardens, Kew"
        }
      }
    },
    {
      "type": "Feature",
      "geometry": {
        "type": "Point",
        "coordinates": [
          -91.24639,
          16.98222
        ]
      },
      "properties": {
        "gbifID": "3308034344",
        "species": "Prestonia portobellensis",
        "genus": "Prestonia",
        "family": "Apocynaceae",
        "scientificName": "Prestonia portobellensis (Beurl.) Woodson",
        "coordinateUncertaintyInMeters": "90.0",
        "basisOfRecord": "PRESERVED_SPECIMEN",
        "eventDate": "2002-05-05",
        "country": null,
        "datasetName": "Digitalización y Sistematización de las Colecciones Biológicas Nacionales del Instituto de Biología, UNAM",
        "publisher": "Comisión nacional para el conocimiento y uso de la biodiversidad",
        "license": "CC_BY_4_0",
        "issues": [
          "OCCURRENCE_STATUS_INFERRED_FROM_INDIVIDUAL_COUNT",
          "SCIENTIFIC_NAME_ID_NOT_FOUND",
          "TAXON_ID_NOT_FOUND"
        ],
        "fallback_media": {
          "url": "https://d2jcv3kl45hlgi.cloudfront.net/3cbfc9b66d986725079a7d37a8f83225.jpg",
          "references": "http://specimens.kew.org/Herbarium/K006231299",
          "title": null,
          "creator": null,
          "publisher": null,
          "license": "http://creativecommons.org/licenses/by/4.0/",
          "rightsHolder": "Royal Botanic Gardens, Kew"
        }
      }
    },
    {
      "type": "Feature",
      "geometry": {
        "type": "Point",
        "coordinates": [
          -83.633,
          10.683
        ]
      },
      "properties": {
        "gbifID": "3308507093",
        "species": "Prestonia portobellensis",
        "genus": "Prestonia",
        "family": "Apocynaceae",
        "scientificName": "Prestonia portobellensis (Beurl.) Woodson",
        "coordinateUncertaintyInMeters": "",
        "basisOfRecord": "PRESERVED_SPECIMEN",
        "eventDate": "1986-09-15",
        "country": null,
        "datasetName": "Digitalización y Sistematización de las Colecciones Biológicas Nacionales del Instituto de Biología, UNAM",
        "publisher": "Comisión nacional para el conocimiento y uso de la biodiversidad",
        "license": "CC_BY_4_0",
        "issues": [
          "OCCURRENCE_STATUS_INFERRED_FROM_INDIVIDUAL_COUNT",
          "SCIENTIFIC_NAME_ID_NOT_FOUND",
          "TAXON_ID_NOT_FOUND"
        ],
        "fallback_media": {
          "url": "https://d2jcv3kl45hlgi.cloudfront.net/3cbfc9b66d986725079a7d37a8f83225.jpg",
          "references": "http://specimens.kew.org/Herbarium/K006231299",
          "title": null,
          "creator": null,
          "publisher": null,
          "license": "http://creativecommons.org/licenses/by/4.0/",
          "rightsHolder": "Royal Botanic Gardens, Kew"
        }
      }
    },
    {
      "type": "Feature",
      "geometry": {
        "type": "Point",
        "coordinates": [
          -91.285,
          16.98583
        ]
      },
      "properties": {
        "gbifID": "3308120811",
        "species": "Prestonia portobellensis",
        "genus": "Prestonia",
        "family": "Apocynaceae",
        "scientificName": "Prestonia portobellensis (Beurl.) Woodson",
        "coordinateUncertaintyInMeters": "90.0",
        "basisOfRecord": "PRESERVED_SPECIMEN",
        "eventDate": "2002-06-18",
        "country": null,
        "datasetName": "Digitalización y Sistematización de las Colecciones Biológicas Nacionales del Instituto de Biología, UNAM",
        "publisher": "Comisión nacional para el conocimiento y uso de la biodiversidad",
        "license": "CC_BY_4_0",
        "issues": [
          "OCCURRENCE_STATUS_INFERRED_FROM_INDIVIDUAL_COUNT",
          "TAXON_ID_NOT_FOUND",
          "SCIENTIFIC_NAME_ID_NOT_FOUND"
        ],
        "fallback_media": {
          "url": "https://d2jcv3kl45hlgi.cloudfront.net/3cbfc9b66d986725079a7d37a8f83225.jpg",
          "references": "http://specimens.kew.org/Herbarium/K006231299",
          "title": null,
          "creator": null,
          "publisher": null,
          "license": "http://creativecommons.org/licenses/by/4.0/",
          "rightsHolder": "Royal Botanic Gardens, Kew"
        }
      }
    },
    {
      "type": "Feature",
      "geometry": {
        "type": "Point",
        "coordinates": [
          -90.408333,
          20.875
        ]
      },
      "properties": {
        "gbifID": "4174640527",
        "species": "Prestonia portobellensis",
        "genus": "Prestonia",
        "family": "Apocynaceae",
        "scientificName": "Prestonia portobellensis (Beurl.) Woodson",
        "coordinateUncertaintyInMeters": "70.0",
        "basisOfRecord": "PRESERVED_SPECIMEN",
        "eventDate": "1996-06-26",
        "country": null,
        "datasetName": "Actualización del banco de datos florístico de la Península de Yucatán (BAFLOPY)",
        "publisher": "Comisión nacional para el conocimiento y uso de la biodiversidad",
        "license": "CC_BY_4_0",
        "issues": [
          "OCCURRENCE_STATUS_INFERRED_FROM_INDIVIDUAL_COUNT",
          "COORDINATE_ROUNDED",
          "SCIENTIFIC_NAME_ID_NOT_FOUND",
          "TAXON_ID_NOT_FOUND"
        ],
        "fallback_media": {
          "url": "https://d2jcv3kl45hlgi.cloudfront.net/3cbfc9b66d986725079a7d37a8f83225.jpg",
          "references": "http://specimens.kew.org/Herbarium/K006231299",
          "title": null,
          "creator": null,
          "publisher": null,
          "license": "http://creativecommons.org/licenses/by/4.0/",
          "rightsHolder": "Royal Botanic Gardens, Kew"
        }
      }
    },
    {
      "type": "Feature",
      "geometry": {
        "type": "Point",
        "coordinates": [
          -82.67361,
          9.633889
        ]
      },
      "properties": {
        "gbifID": "1144736761",
        "species": "Prestonia portobellensis",
        "genus": "Prestonia",
        "family": "Apocynaceae",
        "scientificName": "Prestonia portobellensis (Beurl.) Woodson",
        "coordinateUncertaintyInMeters": "1000.0",
        "basisOfRecord": "PRESERVED_SPECIMEN",
        "eventDate": "2001-05-04",
        "country": null,
        "datasetName": "",
        "publisher": "SwissNatColl",
        "license": "CC_BY_4_0",
        "issues": [
          "GEODETIC_DATUM_ASSUMED_WGS84",
          "TAXON_ID_NOT_FOUND"
        ],
        "fallback_media": {
          "url": "https://d2jcv3kl45hlgi.cloudfront.net/3cbfc9b66d986725079a7d37a8f83225.jpg",
          "references": "http://specimens.kew.org/Herbarium/K006231299",
          "title": null,
          "creator": null,
          "publisher": null,
          "license": "http://creativecommons.org/licenses/by/4.0/",
          "rightsHolder": "Royal Botanic Gardens, Kew"
        }
      }
    },
    {
      "type": "Feature",
      "geometry": {
        "type": "Point",
        "coordinates": [
          -95.525,
          18.708333
        ]
      },
      "properties": {
        "gbifID": "1418340447",
        "species": "Prestonia portobellensis",
        "genus": "Prestonia",
        "family": "Apocynaceae",
        "scientificName": "Prestonia portobellensis (Beurl.) Woodson",
        "coordinateUncertaintyInMeters": "90.0",
        "basisOfRecord": "PRESERVED_SPECIMEN",
        "eventDate": "1995-05-18",
        "country": null,
        "datasetName": "Base de datos computarizada del herbario CIB, Instituto de Investigaciones Biológicas, Universidad Veracruzana",
        "publisher": "Comisión nacional para el conocimiento y uso de la biodiversidad",
        "license": "CC_BY_4_0",
        "issues": [
          "OCCURRENCE_STATUS_INFERRED_FROM_INDIVIDUAL_COUNT",
          "COORDINATE_ROUNDED",
          "TAXON_ID_NOT_FOUND",
          "SCIENTIFIC_NAME_ID_NOT_FOUND"
        ],
        "fallback_media": {
          "url": "https://d2jcv3kl45hlgi.cloudfront.net/3cbfc9b66d986725079a7d37a8f83225.jpg",
          "references": "http://specimens.kew.org/Herbarium/K006231299",
          "title": null,
          "creator": null,
          "publisher": null,
          "license": "http://creativecommons.org/licenses/by/4.0/",
          "rightsHolder": "Royal Botanic Gardens, Kew"
        }
      }
    },
    {
      "type": "Feature",
      "geometry": {
        "type": "Point",
        "coordinates": [
          -94.736111,
          18.366667
        ]
      },
      "properties": {
        "gbifID": "1418346574",
        "species": "Prestonia portobellensis",
        "genus": "Prestonia",
        "family": "Apocynaceae",
        "scientificName": "Prestonia portobellensis (Beurl.) Woodson",
        "coordinateUncertaintyInMeters": "90.0",
        "basisOfRecord": "PRESERVED_SPECIMEN",
        "eventDate": "1986-05-14",
        "country": null,
        "datasetName": "Base de datos computarizada del herbario CIB, Instituto de Investigaciones Biológicas, Universidad Veracruzana",
        "publisher": "Comisión nacional para el conocimiento y uso de la biodiversidad",
        "license": "CC_BY_4_0",
        "issues": [
          "OCCURRENCE_STATUS_INFERRED_FROM_INDIVIDUAL_COUNT",
          "COORDINATE_ROUNDED",
          "TAXON_ID_NOT_FOUND",
          "SCIENTIFIC_NAME_ID_NOT_FOUND"
        ],
        "fallback_media": {
          "url": "https://d2jcv3kl45hlgi.cloudfront.net/3cbfc9b66d986725079a7d37a8f83225.jpg",
          "references": "http://specimens.kew.org/Herbarium/K006231299",
          "title": null,
          "creator": null,
          "publisher": null,
          "license": "http://creativecommons.org/licenses/by/4.0/",
          "rightsHolder": "Royal Botanic Gardens, Kew"
        }
      }
    },
    {
      "type": "Feature",
      "geometry": {
        "type": "Point",
        "coordinates": [
          -92.05,
          16.116667
        ]
      },
      "properties": {
        "gbifID": "1893657883",
        "species": "Prestonia portobellensis",
        "genus": "Prestonia",
        "family": "Apocynaceae",
        "scientificName": "Prestonia portobellensis (Beurl.) Woodson",
        "coordinateUncertaintyInMeters": "100.0",
        "basisOfRecord": "PRESERVED_SPECIMEN",
        "eventDate": "1985-05-15",
        "country": null,
        "datasetName": "Etapa final de la captura y catalogación del Herbario del Instituto de Ecología, A.C., Centro Regional del Bajío",
        "publisher": "Comisión nacional para el conocimiento y uso de la biodiversidad",
        "license": "CC_BY_4_0",
        "issues": [
          "OCCURRENCE_STATUS_INFERRED_FROM_INDIVIDUAL_COUNT",
          "COORDINATE_ROUNDED",
          "SCIENTIFIC_NAME_ID_NOT_FOUND",
          "TAXON_ID_NOT_FOUND"
        ],
        "fallback_media": {
          "url": "https://d2jcv3kl45hlgi.cloudfront.net/3cbfc9b66d986725079a7d37a8f83225.jpg",
          "references": "http://specimens.kew.org/Herbarium/K006231299",
          "title": null,
          "creator": null,
          "publisher": null,
          "license": "http://creativecommons.org/licenses/by/4.0/",
          "rightsHolder": "Royal Botanic Gardens, Kew"
        }
      }
    },
    {
      "type": "Feature",
      "geometry": {
        "type": "Point",
        "coordinates": [
          -94.351869,
          16.58889
        ]
      },
      "properties": {
        "gbifID": "1893657876",
        "species": "Prestonia portobellensis",
        "genus": "Prestonia",
        "family": "Apocynaceae",
        "scientificName": "Prestonia portobellensis (Beurl.) Woodson",
        "coordinateUncertaintyInMeters": "50.0",
        "basisOfRecord": "PRESERVED_SPECIMEN",
        "eventDate": "1985-03-23",
        "country": null,
        "datasetName": "Etapa final de la captura y catalogación del Herbario del Instituto de Ecología, A.C., Centro Regional del Bajío",
        "publisher": "Comisión nacional para el conocimiento y uso de la biodiversidad",
        "license": "CC_BY_4_0",
        "issues": [
          "COORDINATE_ROUNDED",
          "TAXON_ID_NOT_FOUND",
          "SCIENTIFIC_NAME_ID_NOT_FOUND"
        ],
        "fallback_media": {
          "url": "https://d2jcv3kl45hlgi.cloudfront.net/3cbfc9b66d986725079a7d37a8f83225.jpg",
          "references": "http://specimens.kew.org/Herbarium/K006231299",
          "title": null,
          "creator": null,
          "publisher": null,
          "license": "http://creativecommons.org/licenses/by/4.0/",
          "rightsHolder": "Royal Botanic Gardens, Kew"
        }
      }
    },
    {
      "type": "Feature",
      "geometry": {
        "type": "Point",
        "coordinates": [
          -92.651083,
          15.370306
        ]
      },
      "properties": {
        "gbifID": "2630148741",
        "species": "Prestonia portobellensis",
        "genus": "Prestonia",
        "family": "Apocynaceae",
        "scientificName": "Prestonia portobellensis (Beurl.) Woodson",
        "coordinateUncertaintyInMeters": "",
        "basisOfRecord": "PRESERVED_SPECIMEN",
        "eventDate": "2006-04-11",
        "country": null,
        "datasetName": "Flora y vegetación de la región terrestre prioritaria Tacaná-Boquerón, Chiapas, México",
        "publisher": "Comisión nacional para el conocimiento y uso de la biodiversidad",
        "license": "CC_BY_4_0",
        "issues": [
          "OCCURRENCE_STATUS_INFERRED_FROM_INDIVIDUAL_COUNT",
          "RECORDED_DATE_INVALID",
          "COORDINATE_ROUNDED",
          "TAXON_ID_NOT_FOUND",
          "SCIENTIFIC_NAME_ID_NOT_FOUND"
        ],
        "fallback_media": {
          "url": "https://d2jcv3kl45hlgi.cloudfront.net/3cbfc9b66d986725079a7d37a8f83225.jpg",
          "references": "http://specimens.kew.org/Herbarium/K006231299",
          "title": null,
          "creator": null,
          "publisher": null,
          "license": "http://creativecommons.org/licenses/by/4.0/",
          "rightsHolder": "Royal Botanic Gardens, Kew"
        }
      }
    },
    {
      "type": "Feature",
      "geometry": {
        "type": "Point",
        "coordinates": [
          -97.09,
          17.17
        ]
      },
      "properties": {
        "gbifID": "2629419572",
        "species": "Prestonia portobellensis",
        "genus": "Prestonia",
        "family": "Apocynaceae",
        "scientificName": "Prestonia portobellensis (Beurl.) Woodson",
        "coordinateUncertaintyInMeters": "90.0",
        "basisOfRecord": "PRESERVED_SPECIMEN",
        "eventDate": "1995-02-16",
        "country": null,
        "datasetName": "Digitalización de la colección científica del Herbario de Querétaro \"Dr. Jerzy Rzedowski\" QMEX",
        "publisher": "Comisión nacional para el conocimiento y uso de la biodiversidad",
        "license": "CC_BY_4_0",
        "issues": [
          "OCCURRENCE_STATUS_INFERRED_FROM_INDIVIDUAL_COUNT",
          "SCIENTIFIC_NAME_ID_NOT_FOUND",
          "TAXON_ID_NOT_FOUND"
        ],
        "fallback_media": {
          "url": "https://d2jcv3kl45hlgi.cloudfront.net/3cbfc9b66d986725079a7d37a8f83225.jpg",
          "references": "http://specimens.kew.org/Herbarium/K006231299",
          "title": null,
          "creator": null,
          "publisher": null,
          "license": "http://creativecommons.org/licenses/by/4.0/",
          "rightsHolder": "Royal Botanic Gardens, Kew"
        }
      }
    },
    {
      "type": "Feature",
      "geometry": {
        "type": "Point",
        "coordinates": [
          -91.54709,
          17.215774
        ]
      },
      "properties": {
        "gbifID": "5101716036",
        "species": "Prestonia portobellensis",
        "genus": "Prestonia",
        "family": "Apocynaceae",
        "scientificName": "Prestonia portobellensis (Beurl.) Woodson",
        "coordinateUncertaintyInMeters": "",
        "basisOfRecord": "PRESERVED_SPECIMEN",
        "eventDate": "1991-05-20",
        "country": null,
        "datasetName": "Digitalización y sistematización de las colecciones biológicas del INECOL",
        "publisher": "Comisión nacional para el conocimiento y uso de la biodiversidad",
        "license": "CC_BY_4_0",
        "issues": [
          "OCCURRENCE_STATUS_INFERRED_FROM_INDIVIDUAL_COUNT",
          "COORDINATE_ROUNDED",
          "TAXON_ID_NOT_FOUND",
          "SCIENTIFIC_NAME_ID_NOT_FOUND"
        ],
        "fallback_media": {
          "url": "https://d2jcv3kl45hlgi.cloudfront.net/3cbfc9b66d986725079a7d37a8f83225.jpg",
          "references": "http://specimens.kew.org/Herbarium/K006231299",
          "title": null,
          "creator": null,
          "publisher": null,
          "license": "http://creativecommons.org/licenses/by/4.0/",
          "rightsHolder": "Royal Botanic Gardens, Kew"
        }
      }
    },
    {
      "type": "Feature",
      "geometry": {
        "type": "Point",
        "coordinates": [
          -95.076611,
          18.589313
        ]
      },
      "properties": {
        "gbifID": "5101732305",
        "species": "Prestonia portobellensis",
        "genus": "Prestonia",
        "family": "Apocynaceae",
        "scientificName": "Prestonia portobellensis (Beurl.) Woodson",
        "coordinateUncertaintyInMeters": "",
        "basisOfRecord": "PRESERVED_SPECIMEN",
        "eventDate": "1983-05-04",
        "country": null,
        "datasetName": "Digitalización y sistematización de las colecciones biológicas del INECOL",
        "publisher": "Comisión nacional para el conocimiento y uso de la biodiversidad",
        "license": "CC_BY_4_0",
        "issues": [
          "OCCURRENCE_STATUS_INFERRED_FROM_INDIVIDUAL_COUNT",
          "RECORDED_DATE_INVALID",
          "COORDINATE_ROUNDED",
          "TAXON_ID_NOT_FOUND",
          "SCIENTIFIC_NAME_ID_NOT_FOUND"
        ],
        "fallback_media": {
          "url": "https://d2jcv3kl45hlgi.cloudfront.net/3cbfc9b66d986725079a7d37a8f83225.jpg",
          "references": "http://specimens.kew.org/Herbarium/K006231299",
          "title": null,
          "creator": null,
          "publisher": null,
          "license": "http://creativecommons.org/licenses/by/4.0/",
          "rightsHolder": "Royal Botanic Gardens, Kew"
        }
      }
    },
    {
      "type": "Feature",
      "geometry": {
        "type": "Point",
        "coordinates": [
          -90.941799,
          16.181384
        ]
      },
      "properties": {
        "gbifID": "5101726679",
        "species": "Prestonia portobellensis",
        "genus": "Prestonia",
        "family": "Apocynaceae",
        "scientificName": "Prestonia portobellensis (Beurl.) Woodson",
        "coordinateUncertaintyInMeters": "",
        "basisOfRecord": "PRESERVED_SPECIMEN",
        "eventDate": "1985-02-20",
        "country": null,
        "datasetName": "Digitalización y sistematización de las colecciones biológicas del INECOL",
        "publisher": "Comisión nacional para el conocimiento y uso de la biodiversidad",
        "license": "CC_BY_4_0",
        "issues": [
          "OCCURRENCE_STATUS_INFERRED_FROM_INDIVIDUAL_COUNT",
          "COORDINATE_ROUNDED",
          "TAXON_ID_NOT_FOUND",
          "SCIENTIFIC_NAME_ID_NOT_FOUND"
        ],
        "fallback_media": {
          "url": "https://d2jcv3kl45hlgi.cloudfront.net/3cbfc9b66d986725079a7d37a8f83225.jpg",
          "references": "http://specimens.kew.org/Herbarium/K006231299",
          "title": null,
          "creator": null,
          "publisher": null,
          "license": "http://creativecommons.org/licenses/by/4.0/",
          "rightsHolder": "Royal Botanic Gardens, Kew"
        }
      }
    },
    {
      "type": "Feature",
      "geometry": {
        "type": "Point",
        "coordinates": [
          -94.100201,
          18.001565
        ]
      },
      "properties": {
        "gbifID": "5101645382",
        "species": "Prestonia portobellensis",
        "genus": "Prestonia",
        "family": "Apocynaceae",
        "scientificName": "Prestonia portobellensis (Beurl.) Woodson",
        "coordinateUncertaintyInMeters": "",
        "basisOfRecord": "PRESERVED_SPECIMEN",
        "eventDate": "1980-05-18",
        "country": null,
        "datasetName": "Digitalización y sistematización de las colecciones biológicas del INECOL",
        "publisher": "Comisión nacional para el conocimiento y uso de la biodiversidad",
        "license": "CC_BY_4_0",
        "issues": [
          "OCCURRENCE_STATUS_INFERRED_FROM_INDIVIDUAL_COUNT",
          "COORDINATE_ROUNDED",
          "SCIENTIFIC_NAME_ID_NOT_FOUND",
          "TAXON_ID_NOT_FOUND"
        ],
        "fallback_media": {
          "url": "https://d2jcv3kl45hlgi.cloudfront.net/3cbfc9b66d986725079a7d37a8f83225.jpg",
          "references": "http://specimens.kew.org/Herbarium/K006231299",
          "title": null,
          "creator": null,
          "publisher": null,
          "license": "http://creativecommons.org/licenses/by/4.0/",
          "rightsHolder": "Royal Botanic Gardens, Kew"
        }
      }
    },
    {
      "type": "Feature",
      "geometry": {
        "type": "Point",
        "coordinates": [
          -95.070222,
          18.585702
        ]
      },
      "properties": {
        "gbifID": "5101617708",
        "species": "Prestonia portobellensis",
        "genus": "Prestonia",
        "family": "Apocynaceae",
        "scientificName": "Prestonia portobellensis (Beurl.) Woodson",
        "coordinateUncertaintyInMeters": "",
        "basisOfRecord": "PRESERVED_SPECIMEN",
        "eventDate": "1984-06-29",
        "country": null,
        "datasetName": "Digitalización y sistematización de las colecciones biológicas del INECOL",
        "publisher": "Comisión nacional para el conocimiento y uso de la biodiversidad",
        "license": "CC_BY_4_0",
        "issues": [
          "OCCURRENCE_STATUS_INFERRED_FROM_INDIVIDUAL_COUNT",
          "COORDINATE_ROUNDED",
          "TAXON_ID_NOT_FOUND",
          "SCIENTIFIC_NAME_ID_NOT_FOUND"
        ],
        "fallback_media": {
          "url": "https://d2jcv3kl45hlgi.cloudfront.net/3cbfc9b66d986725079a7d37a8f83225.jpg",
          "references": "http://specimens.kew.org/Herbarium/K006231299",
          "title": null,
          "creator": null,
          "publisher": null,
          "license": "http://creativecommons.org/licenses/by/4.0/",
          "rightsHolder": "Royal Botanic Gardens, Kew"
        }
      }
    },
    {
      "type": "Feature",
      "geometry": {
        "type": "Point",
        "coordinates": [
          -94.711971,
          17.320727
        ]
      },
      "properties": {
        "gbifID": "5101685609",
        "species": "Prestonia portobellensis",
        "genus": "Prestonia",
        "family": "Apocynaceae",
        "scientificName": "Prestonia portobellensis (Beurl.) Woodson",
        "coordinateUncertaintyInMeters": "",
        "basisOfRecord": "PRESERVED_SPECIMEN",
        "eventDate": "2005-04-15",
        "country": null,
        "datasetName": "Digitalización y sistematización de las colecciones biológicas del INECOL",
        "publisher": "Comisión nacional para el conocimiento y uso de la biodiversidad",
        "license": "CC_BY_4_0",
        "issues": [
          "OCCURRENCE_STATUS_INFERRED_FROM_INDIVIDUAL_COUNT",
          "COORDINATE_ROUNDED",
          "SCIENTIFIC_NAME_ID_NOT_FOUND",
          "TAXON_ID_NOT_FOUND"
        ],
        "fallback_media": {
          "url": "https://d2jcv3kl45hlgi.cloudfront.net/3cbfc9b66d986725079a7d37a8f83225.jpg",
          "references": "http://specimens.kew.org/Herbarium/K006231299",
          "title": null,
          "creator": null,
          "publisher": null,
          "license": "http://creativecommons.org/licenses/by/4.0/",
          "rightsHolder": "Royal Botanic Gardens, Kew"
        }
      }
    },
    {
      "type": "Feature",
      "geometry": {
        "type": "Point",
        "coordinates": [
          -90.750128,
          16.334154
        ]
      },
      "properties": {
        "gbifID": "5101739755",
        "species": "Prestonia portobellensis",
        "genus": "Prestonia",
        "family": "Apocynaceae",
        "scientificName": "Prestonia portobellensis (Beurl.) Woodson",
        "coordinateUncertaintyInMeters": "",
        "basisOfRecord": "PRESERVED_SPECIMEN",
        "eventDate": "1986-04-18",
        "country": null,
        "datasetName": "Digitalización y sistematización de las colecciones biológicas del INECOL",
        "publisher": "Comisión nacional para el conocimiento y uso de la biodiversidad",
        "license": "CC_BY_4_0",
        "issues": [
          "OCCURRENCE_STATUS_INFERRED_FROM_INDIVIDUAL_COUNT",
          "COORDINATE_ROUNDED",
          "SCIENTIFIC_NAME_ID_NOT_FOUND",
          "TAXON_ID_NOT_FOUND"
        ],
        "fallback_media": {
          "url": "https://d2jcv3kl45hlgi.cloudfront.net/3cbfc9b66d986725079a7d37a8f83225.jpg",
          "references": "http://specimens.kew.org/Herbarium/K006231299",
          "title": null,
          "creator": null,
          "publisher": null,
          "license": "http://creativecommons.org/licenses/by/4.0/",
          "rightsHolder": "Royal Botanic Gardens, Kew"
        }
      }
    },
    {
      "type": "Feature",
      "geometry": {
        "type": "Point",
        "coordinates": [
          -93.391852,
          17.829908
        ]
      },
      "properties": {
        "gbifID": "5101784698",
        "species": "Prestonia portobellensis",
        "genus": "Prestonia",
        "family": "Apocynaceae",
        "scientificName": "Prestonia portobellensis (Beurl.) Woodson",
        "coordinateUncertaintyInMeters": "",
        "basisOfRecord": "PRESERVED_SPECIMEN",
        "eventDate": "1989-04-12",
        "country": null,
        "datasetName": "Digitalización y sistematización de las colecciones biológicas del INECOL",
        "publisher": "Comisión nacional para el conocimiento y uso de la biodiversidad",
        "license": "CC_BY_4_0",
        "issues": [
          "OCCURRENCE_STATUS_INFERRED_FROM_INDIVIDUAL_COUNT",
          "RECORDED_DATE_INVALID",
          "COORDINATE_ROUNDED",
          "TAXON_ID_NOT_FOUND",
          "SCIENTIFIC_NAME_ID_NOT_FOUND"
        ],
        "fallback_media": {
          "url": "https://d2jcv3kl45hlgi.cloudfront.net/3cbfc9b66d986725079a7d37a8f83225.jpg",
          "references": "http://specimens.kew.org/Herbarium/K006231299",
          "title": null,
          "creator": null,
          "publisher": null,
          "license": "http://creativecommons.org/licenses/by/4.0/",
          "rightsHolder": "Royal Botanic Gardens, Kew"
        }
      }
    },
    {
      "type": "Feature",
      "geometry": {
        "type": "Point",
        "coordinates": [
          -95.074111,
          18.585424
        ]
      },
      "properties": {
        "gbifID": "5101880487",
        "species": "Prestonia portobellensis",
        "genus": "Prestonia",
        "family": "Apocynaceae",
        "scientificName": "Prestonia portobellensis (Beurl.) Woodson",
        "coordinateUncertaintyInMeters": "",
        "basisOfRecord": "PRESERVED_SPECIMEN",
        "eventDate": "1979-03-29",
        "country": null,
        "datasetName": "Digitalización y sistematización de las colecciones biológicas del INECOL",
        "publisher": "Comisión nacional para el conocimiento y uso de la biodiversidad",
        "license": "CC_BY_4_0",
        "issues": [
          "OCCURRENCE_STATUS_INFERRED_FROM_INDIVIDUAL_COUNT",
          "COORDINATE_ROUNDED",
          "TAXON_ID_NOT_FOUND",
          "SCIENTIFIC_NAME_ID_NOT_FOUND"
        ],
        "fallback_media": {
          "url": "https://d2jcv3kl45hlgi.cloudfront.net/3cbfc9b66d986725079a7d37a8f83225.jpg",
          "references": "http://specimens.kew.org/Herbarium/K006231299",
          "title": null,
          "creator": null,
          "publisher": null,
          "license": "http://creativecommons.org/licenses/by/4.0/",
          "rightsHolder": "Royal Botanic Gardens, Kew"
        }
      }
    },
    {
      "type": "Feature",
      "geometry": {
        "type": "Point",
        "coordinates": [
          -95.879128,
          18.747915
        ]
      },
      "properties": {
        "gbifID": "5101840326",
        "species": "Prestonia portobellensis",
        "genus": "Prestonia",
        "family": "Apocynaceae",
        "scientificName": "Prestonia portobellensis (Beurl.) Woodson",
        "coordinateUncertaintyInMeters": "",
        "basisOfRecord": "PRESERVED_SPECIMEN",
        "eventDate": "2008-01-18",
        "country": null,
        "datasetName": "Digitalización y sistematización de las colecciones biológicas del INECOL",
        "publisher": "Comisión nacional para el conocimiento y uso de la biodiversidad",
        "license": "CC_BY_4_0",
        "issues": [
          "OCCURRENCE_STATUS_INFERRED_FROM_INDIVIDUAL_COUNT",
          "COORDINATE_ROUNDED",
          "TAXON_ID_NOT_FOUND",
          "SCIENTIFIC_NAME_ID_NOT_FOUND"
        ],
        "fallback_media": {
          "url": "https://d2jcv3kl45hlgi.cloudfront.net/3cbfc9b66d986725079a7d37a8f83225.jpg",
          "references": "http://specimens.kew.org/Herbarium/K006231299",
          "title": null,
          "creator": null,
          "publisher": null,
          "license": "http://creativecommons.org/licenses/by/4.0/",
          "rightsHolder": "Royal Botanic Gardens, Kew"
        }
      }
    },
    {
      "type": "Feature",
      "geometry": {
        "type": "Point",
        "coordinates": [
          -94.612988,
          17.25327
        ]
      },
      "properties": {
        "gbifID": "5101817655",
        "species": "Prestonia portobellensis",
        "genus": "Prestonia",
        "family": "Apocynaceae",
        "scientificName": "Prestonia portobellensis (Beurl.) Woodson",
        "coordinateUncertaintyInMeters": "",
        "basisOfRecord": "PRESERVED_SPECIMEN",
        "eventDate": "1974-04-04",
        "country": null,
        "datasetName": "Digitalización y sistematización de las colecciones biológicas del INECOL",
        "publisher": "Comisión nacional para el conocimiento y uso de la biodiversidad",
        "license": "CC_BY_4_0",
        "issues": [
          "OCCURRENCE_STATUS_INFERRED_FROM_INDIVIDUAL_COUNT",
          "COORDINATE_ROUNDED",
          "TAXON_ID_NOT_FOUND",
          "SCIENTIFIC_NAME_ID_NOT_FOUND"
        ],
        "fallback_media": {
          "url": "https://d2jcv3kl45hlgi.cloudfront.net/3cbfc9b66d986725079a7d37a8f83225.jpg",
          "references": "http://specimens.kew.org/Herbarium/K006231299",
          "title": null,
          "creator": null,
          "publisher": null,
          "license": "http://creativecommons.org/licenses/by/4.0/",
          "rightsHolder": "Royal Botanic Gardens, Kew"
        }
      }
    },
    {
      "type": "Feature",
      "geometry": {
        "type": "Point",
        "coordinates": [
          -92.953509,
          17.547423
        ]
      },
      "properties": {
        "gbifID": "5101884202",
        "species": "Prestonia portobellensis",
        "genus": "Prestonia",
        "family": "Apocynaceae",
        "scientificName": "Prestonia portobellensis (Beurl.) Woodson",
        "coordinateUncertaintyInMeters": "",
        "basisOfRecord": "PRESERVED_SPECIMEN",
        "eventDate": "1996-08-23",
        "country": null,
        "datasetName": "Digitalización y sistematización de las colecciones biológicas del INECOL",
        "publisher": "Comisión nacional para el conocimiento y uso de la biodiversidad",
        "license": "CC_BY_4_0",
        "issues": [
          "OCCURRENCE_STATUS_INFERRED_FROM_INDIVIDUAL_COUNT",
          "COORDINATE_ROUNDED",
          "TAXON_ID_NOT_FOUND",
          "SCIENTIFIC_NAME_ID_NOT_FOUND"
        ],
        "fallback_media": {
          "url": "https://d2jcv3kl45hlgi.cloudfront.net/3cbfc9b66d986725079a7d37a8f83225.jpg",
          "references": "http://specimens.kew.org/Herbarium/K006231299",
          "title": null,
          "creator": null,
          "publisher": null,
          "license": "http://creativecommons.org/licenses/by/4.0/",
          "rightsHolder": "Royal Botanic Gardens, Kew"
        }
      }
    },
    {
      "type": "Feature",
      "geometry": {
        "type": "Point",
        "coordinates": [
          -98.608079,
          21.170848
        ]
      },
      "properties": {
        "gbifID": "5101857858",
        "species": "Prestonia portobellensis",
        "genus": "Prestonia",
        "family": "Apocynaceae",
        "scientificName": "Prestonia portobellensis (Beurl.) Woodson",
        "coordinateUncertaintyInMeters": "",
        "basisOfRecord": "PRESERVED_SPECIMEN",
        "eventDate": "1976-08-10",
        "country": null,
        "datasetName": "Digitalización y sistematización de las colecciones biológicas del INECOL",
        "publisher": "Comisión nacional para el conocimiento y uso de la biodiversidad",
        "license": "CC_BY_4_0",
        "issues": [
          "OCCURRENCE_STATUS_INFERRED_FROM_INDIVIDUAL_COUNT",
          "RECORDED_DATE_INVALID",
          "COORDINATE_ROUNDED",
          "TAXON_ID_NOT_FOUND",
          "SCIENTIFIC_NAME_ID_NOT_FOUND"
        ],
        "fallback_media": {
          "url": "https://d2jcv3kl45hlgi.cloudfront.net/3cbfc9b66d986725079a7d37a8f83225.jpg",
          "references": "http://specimens.kew.org/Herbarium/K006231299",
          "title": null,
          "creator": null,
          "publisher": null,
          "license": "http://creativecommons.org/licenses/by/4.0/",
          "rightsHolder": "Royal Botanic Gardens, Kew"
        }
      }
    },
    {
      "type": "Feature",
      "geometry": {
        "type": "Point",
        "coordinates": [
          -95.083556,
          18.584035
        ]
      },
      "properties": {
        "gbifID": "5101875678",
        "species": "Prestonia portobellensis",
        "genus": "Prestonia",
        "family": "Apocynaceae",
        "scientificName": "Prestonia portobellensis (Beurl.) Woodson",
        "coordinateUncertaintyInMeters": "",
        "basisOfRecord": "PRESERVED_SPECIMEN",
        "eventDate": "1970-05-12",
        "country": null,
        "datasetName": "Digitalización y sistematización de las colecciones biológicas del INECOL",
        "publisher": "Comisión nacional para el conocimiento y uso de la biodiversidad",
        "license": "CC_BY_4_0",
        "issues": [
          "OCCURRENCE_STATUS_INFERRED_FROM_INDIVIDUAL_COUNT",
          "RECORDED_DATE_INVALID",
          "COORDINATE_ROUNDED",
          "TAXON_ID_NOT_FOUND",
          "SCIENTIFIC_NAME_ID_NOT_FOUND"
        ],
        "fallback_media": {
          "url": "https://d2jcv3kl45hlgi.cloudfront.net/3cbfc9b66d986725079a7d37a8f83225.jpg",
          "references": "http://specimens.kew.org/Herbarium/K006231299",
          "title": null,
          "creator": null,
          "publisher": null,
          "license": "http://creativecommons.org/licenses/by/4.0/",
          "rightsHolder": "Royal Botanic Gardens, Kew"
        }
      }
    },
    {
      "type": "Feature",
      "geometry": {
        "type": "Point",
        "coordinates": [
          -84.28333,
          10.91666
        ]
      },
      "properties": {
        "gbifID": "4061489169",
        "species": "Prestonia portobellensis",
        "genus": "Prestonia",
        "family": "Apocynaceae",
        "scientificName": "Prestonia portobellensis (Beurl.) Woodson",
        "coordinateUncertaintyInMeters": "",
        "basisOfRecord": "PRESERVED_SPECIMEN",
        "eventDate": "1998-12-04",
        "country": null,
        "datasetName": "Tropicos",
        "publisher": "Missouri Botanical Garden",
        "license": "CC_BY_4_0",
        "issues": [
          "OCCURRENCE_STATUS_INFERRED_FROM_INDIVIDUAL_COUNT",
          "GEODETIC_DATUM_ASSUMED_WGS84",
          "INSTITUTION_MATCH_NONE",
          "TAXON_ID_NOT_FOUND"
        ],
        "fallback_media": {
          "url": "https://d2jcv3kl45hlgi.cloudfront.net/3cbfc9b66d986725079a7d37a8f83225.jpg",
          "references": "http://specimens.kew.org/Herbarium/K006231299",
          "title": null,
          "creator": null,
          "publisher": null,
          "license": "http://creativecommons.org/licenses/by/4.0/",
          "rightsHolder": "Royal Botanic Gardens, Kew"
        }
      }
    },
    {
      "type": "Feature",
      "geometry": {
        "type": "Point",
        "coordinates": [
          -78.91666,
          0.8
        ]
      },
      "properties": {
        "gbifID": "1261124865",
        "species": "Prestonia portobellensis",
        "genus": "Prestonia",
        "family": "Apocynaceae",
        "scientificName": "Prestonia portobellensis (Beurl.) Woodson",
        "coordinateUncertaintyInMeters": "",
        "basisOfRecord": "PRESERVED_SPECIMEN",
        "eventDate": "1982-08-03",
        "country": null,
        "datasetName": "Tropicos",
        "publisher": "Missouri Botanical Garden",
        "license": "CC_BY_4_0",
        "issues": [
          "GEODETIC_DATUM_ASSUMED_WGS84",
          "INSTITUTION_MATCH_FUZZY",
          "COLLECTION_MATCH_NONE",
          "TAXON_ID_NOT_FOUND"
        ],
        "fallback_media": {
          "url": "https://d2jcv3kl45hlgi.cloudfront.net/3cbfc9b66d986725079a7d37a8f83225.jpg",
          "references": "http://specimens.kew.org/Herbarium/K006231299",
          "title": null,
          "creator": null,
          "publisher": null,
          "license": "http://creativecommons.org/licenses/by/4.0/",
          "rightsHolder": "Royal Botanic Gardens, Kew"
        }
      }
    },
    {
      "type": "Feature",
      "geometry": {
        "type": "Point",
        "coordinates": [
          -78.86666,
          0.8
        ]
      },
      "properties": {
        "gbifID": "1261124891",
        "species": "Prestonia portobellensis",
        "genus": "Prestonia",
        "family": "Apocynaceae",
        "scientificName": "Prestonia portobellensis (Beurl.) Woodson",
        "coordinateUncertaintyInMeters": "",
        "basisOfRecord": "PRESERVED_SPECIMEN",
        "eventDate": "1982-10-25",
        "country": null,
        "datasetName": "Tropicos",
        "publisher": "Missouri Botanical Garden",
        "license": "CC_BY_4_0",
        "issues": [
          "GEODETIC_DATUM_ASSUMED_WGS84",
          "INSTITUTION_MATCH_FUZZY",
          "COLLECTION_MATCH_NONE",
          "TAXON_ID_NOT_FOUND"
        ],
        "fallback_media": {
          "url": "https://d2jcv3kl45hlgi.cloudfront.net/3cbfc9b66d986725079a7d37a8f83225.jpg",
          "references": "http://specimens.kew.org/Herbarium/K006231299",
          "title": null,
          "creator": null,
          "publisher": null,
          "license": "http://creativecommons.org/licenses/by/4.0/",
          "rightsHolder": "Royal Botanic Gardens, Kew"
        }
      }
    },
    {
      "type": "Feature",
      "geometry": {
        "type": "Point",
        "coordinates": [
          -84.66,
          10.35
        ]
      },
      "properties": {
        "gbifID": "1261562220",
        "species": "Prestonia portobellensis",
        "genus": "Prestonia",
        "family": "Apocynaceae",
        "scientificName": "Prestonia portobellensis (Beurl.) Woodson",
        "coordinateUncertaintyInMeters": "",
        "basisOfRecord": "PRESERVED_SPECIMEN",
        "eventDate": "1991-07-12",
        "country": null,
        "datasetName": "Tropicos",
        "publisher": "Missouri Botanical Garden",
        "license": "CC_BY_4_0",
        "issues": [
          "OCCURRENCE_STATUS_INFERRED_FROM_INDIVIDUAL_COUNT",
          "GEODETIC_DATUM_ASSUMED_WGS84",
          "INSTITUTION_MATCH_FUZZY",
          "COLLECTION_MATCH_NONE",
          "TAXON_ID_NOT_FOUND"
        ],
        "fallback_media": {
          "url": "https://d2jcv3kl45hlgi.cloudfront.net/3cbfc9b66d986725079a7d37a8f83225.jpg",
          "references": "http://specimens.kew.org/Herbarium/K006231299",
          "title": null,
          "creator": null,
          "publisher": null,
          "license": "http://creativecommons.org/licenses/by/4.0/",
          "rightsHolder": "Royal Botanic Gardens, Kew"
        }
      }
    },
    {
      "type": "Feature",
      "geometry": {
        "type": "Point",
        "coordinates": [
          -83.73,
          10.64
        ]
      },
      "properties": {
        "gbifID": "1261644309",
        "species": "Prestonia portobellensis",
        "genus": "Prestonia",
        "family": "Apocynaceae",
        "scientificName": "Prestonia portobellensis (Beurl.) Woodson",
        "coordinateUncertaintyInMeters": "",
        "basisOfRecord": "PRESERVED_SPECIMEN",
        "eventDate": "1994-07-25",
        "country": null,
        "datasetName": "Tropicos",
        "publisher": "Missouri Botanical Garden",
        "license": "CC_BY_4_0",
        "issues": [
          "OCCURRENCE_STATUS_INFERRED_FROM_INDIVIDUAL_COUNT",
          "GEODETIC_DATUM_ASSUMED_WGS84",
          "INSTITUTION_MATCH_FUZZY",
          "COLLECTION_MATCH_NONE",
          "TAXON_ID_NOT_FOUND"
        ],
        "fallback_media": {
          "url": "https://d2jcv3kl45hlgi.cloudfront.net/3cbfc9b66d986725079a7d37a8f83225.jpg",
          "references": "http://specimens.kew.org/Herbarium/K006231299",
          "title": null,
          "creator": null,
          "publisher": null,
          "license": "http://creativecommons.org/licenses/by/4.0/",
          "rightsHolder": "Royal Botanic Gardens, Kew"
        }
      }
    },
    {
      "type": "Feature",
      "geometry": {
        "type": "Point",
        "coordinates": [
          -89.93333,
          13.81667
        ]
      },
      "properties": {
        "gbifID": "3913394549",
        "species": "Prestonia portobellensis",
        "genus": "Prestonia",
        "family": "Apocynaceae",
        "scientificName": "Prestonia portobellensis (Beurl.) Woodson",
        "coordinateUncertaintyInMeters": "",
        "basisOfRecord": "PRESERVED_SPECIMEN",
        "eventDate": "1997-03-23",
        "country": null,
        "datasetName": "",
        "publisher": "Botanic Garden and Botanical Museum Berlin",
        "license": "CC0_1_0",
        "issues": [
          "GEODETIC_DATUM_ASSUMED_WGS84",
          "CONTINENT_DERIVED_FROM_COORDINATES"
        ],
        "media": [
          {
            "url": "https://image.bgbm.org/images/internal/HerbarThumbs/B100031393_1700",
            "references": "https://herbarium.bgbm.org/object/B100031393",
            "title": null,
            "creator": null,
            "publisher": null,
            "license": "Partial images provided by this server are released under the Creative Commons cc-by-sa 3.0 (generic) licence [https://creativecommons.org/licenses/by-sa/3.0/de/]. Please credit images to BGBM following our citation guidelines [https://ww2.bgbm.org/Herbarium/cite.cfm]. If you would like to use images in a format or resolution which is not provided here, please contact us (d.roepert[at]bgbm.org).",
            "rightsHolder": null
          }
        ]
      }
    },
    {
      "type": "Feature",
      "geometry": {
        "type": "Point",
        "coordinates": [
          -89.98333,
          13.81667
        ]
      },
      "properties": {
        "gbifID": "3913391394",
        "species": "Prestonia portobellensis",
        "genus": "Prestonia",
        "family": "Apocynaceae",
        "scientificName": "Prestonia portobellensis (Beurl.) Woodson",
        "coordinateUncertaintyInMeters": "",
        "basisOfRecord": "PRESERVED_SPECIMEN",
        "eventDate": "2000-01-26",
        "country": null,
        "datasetName": "",
        "publisher": "Botanic Garden and Botanical Museum Berlin",
        "license": "CC0_1_0",
        "issues": [
          "GEODETIC_DATUM_ASSUMED_WGS84",
          "CONTINENT_DERIVED_FROM_COORDINATES"
        ],
        "media": [
          {
            "url": "https://image.bgbm.org/images/internal/HerbarThumbs/B100016080_1700",
            "references": "https://herbarium.bgbm.org/object/B100016080",
            "title": null,
            "creator": null,
            "publisher": null,
            "license": "Partial images provided by this server are released under the Creative Commons cc-by-sa 3.0 (generic) licence [https://creativecommons.org/licenses/by-sa/3.0/de/]. Please credit images to BGBM following our citation guidelines [https://ww2.bgbm.org/Herbarium/cite.cfm]. If you would like to use images in a format or resolution which is not provided here, please contact us (d.roepert[at]bgbm.org).",
            "rightsHolder": null
          }
        ]
      }
    },
    {
      "type": "Feature",
      "geometry": {
        "type": "Point",
        "coordinates": [
          -83.51,
          9.58
        ]
      },
      "properties": {
        "gbifID": "45842159",
        "species": "Prestonia portobellensis",
        "genus": "Prestonia",
        "family": "Apocynaceae",
        "scientificName": "Prestonia portobellensis (Beurl.) Woodson",
        "coordinateUncertaintyInMeters": "",
        "basisOfRecord": "PRESERVED_SPECIMEN",
        "eventDate": "1998-06-20",
        "country": null,
        "datasetName": "",
        "publisher": "Museo Nacional de Costa Rica",
        "license": "CC_BY_4_0",
        "issues": [
          "RECORDED_DATE_INVALID",
          "GEODETIC_DATUM_ASSUMED_WGS84",
          "CONTINENT_DERIVED_FROM_COORDINATES",
          "INSTITUTION_MATCH_NONE",
          "TAXON_MATCH_HIGHERRANK"
        ],
        "fallback_media": {
          "url": "https://d2jcv3kl45hlgi.cloudfront.net/3cbfc9b66d986725079a7d37a8f83225.jpg",
          "references": "http://specimens.kew.org/Herbarium/K006231299",
          "title": null,
          "creator": null,
          "publisher": null,
          "license": "http://creativecommons.org/licenses/by/4.0/",
          "rightsHolder": "Royal Botanic Gardens, Kew"
        }
      }
    },
    {
      "type": "Feature",
      "geometry": {
        "type": "Point",
        "coordinates": [
          -84.47,
          9.81
        ]
      },
      "properties": {
        "gbifID": "45842174",
        "species": "Prestonia portobellensis",
        "genus": "Prestonia",
        "family": "Apocynaceae",
        "scientificName": "Prestonia portobellensis (Beurl.) Woodson",
        "coordinateUncertaintyInMeters": "",
        "basisOfRecord": "PRESERVED_SPECIMEN",
        "eventDate": "2004-10-07",
        "country": null,
        "datasetName": "",
        "publisher": "Museo Nacional de Costa Rica",
        "license": "CC_BY_4_0",
        "issues": [
          "RECORDED_DATE_INVALID",
          "GEODETIC_DATUM_ASSUMED_WGS84",
          "CONTINENT_DERIVED_FROM_COORDINATES",
          "INSTITUTION_MATCH_NONE",
          "TAXON_MATCH_HIGHERRANK"
        ],
        "fallback_media": {
          "url": "https://d2jcv3kl45hlgi.cloudfront.net/3cbfc9b66d986725079a7d37a8f83225.jpg",
          "references": "http://specimens.kew.org/Herbarium/K006231299",
          "title": null,
          "creator": null,
          "publisher": null,
          "license": "http://creativecommons.org/licenses/by/4.0/",
          "rightsHolder": "Royal Botanic Gardens, Kew"
        }
      }
    },
    {
      "type": "Feature",
      "geometry": {
        "type": "Point",
        "coordinates": [
          -84.54,
          9.78
        ]
      },
      "properties": {
        "gbifID": "45839811",
        "species": "Prestonia portobellensis",
        "genus": "Prestonia",
        "family": "Apocynaceae",
        "scientificName": "Prestonia portobellensis (Beurl.) Woodson",
        "coordinateUncertaintyInMeters": "",
        "basisOfRecord": "PRESERVED_SPECIMEN",
        "eventDate": "1990-05-09",
        "country": null,
        "datasetName": "",
        "publisher": "Museo Nacional de Costa Rica",
        "license": "CC_BY_4_0",
        "issues": [
          "RECORDED_DATE_INVALID",
          "GEODETIC_DATUM_ASSUMED_WGS84",
          "CONTINENT_DERIVED_FROM_COORDINATES",
          "INSTITUTION_MATCH_NONE",
          "TAXON_MATCH_HIGHERRANK"
        ],
        "fallback_media": {
          "url": "https://d2jcv3kl45hlgi.cloudfront.net/3cbfc9b66d986725079a7d37a8f83225.jpg",
          "references": "http://specimens.kew.org/Herbarium/K006231299",
          "title": null,
          "creator": null,
          "publisher": null,
          "license": "http://creativecommons.org/licenses/by/4.0/",
          "rightsHolder": "Royal Botanic Gardens, Kew"
        }
      }
    },
    {
      "type": "Feature",
      "geometry": {
        "type": "Point",
        "coordinates": [
          -82.62,
          9.62
        ]
      },
      "properties": {
        "gbifID": "45841993",
        "species": "Prestonia portobellensis",
        "genus": "Prestonia",
        "family": "Apocynaceae",
        "scientificName": "Prestonia portobellensis (Beurl.) Woodson",
        "coordinateUncertaintyInMeters": "",
        "basisOfRecord": "PRESERVED_SPECIMEN",
        "eventDate": "2000-11-14",
        "country": null,
        "datasetName": "",
        "publisher": "Museo Nacional de Costa Rica",
        "license": "CC_BY_4_0",
        "issues": [
          "RECORDED_DATE_INVALID",
          "GEODETIC_DATUM_ASSUMED_WGS84",
          "CONTINENT_DERIVED_FROM_COORDINATES",
          "INSTITUTION_MATCH_NONE",
          "TAXON_MATCH_HIGHERRANK"
        ],
        "fallback_media": {
          "url": "https://d2jcv3kl45hlgi.cloudfront.net/3cbfc9b66d986725079a7d37a8f83225.jpg",
          "references": "http://specimens.kew.org/Herbarium/K006231299",
          "title": null,
          "creator": null,
          "publisher": null,
          "license": "http://creativecommons.org/licenses/by/4.0/",
          "rightsHolder": "Royal Botanic Gardens, Kew"
        }
      }
    },
    {
      "type": "Feature",
      "geometry": {
        "type": "Point",
        "coordinates": [
          -84.15,
          9.38
        ]
      },
      "properties": {
        "gbifID": "45839094",
        "species": "Prestonia portobellensis",
        "genus": "Prestonia",
        "family": "Apocynaceae",
        "scientificName": "Prestonia portobellensis (Beurl.) Woodson",
        "coordinateUncertaintyInMeters": "",
        "basisOfRecord": "PRESERVED_SPECIMEN",
        "eventDate": "1982-02-27",
        "country": null,
        "datasetName": "",
        "publisher": "Museo Nacional de Costa Rica",
        "license": "CC_BY_4_0",
        "issues": [
          "RECORDED_DATE_INVALID",
          "GEODETIC_DATUM_ASSUMED_WGS84",
          "CONTINENT_DERIVED_FROM_COORDINATES",
          "INSTITUTION_MATCH_NONE",
          "TAXON_MATCH_HIGHERRANK"
        ],
        "fallback_media": {
          "url": "https://d2jcv3kl45hlgi.cloudfront.net/3cbfc9b66d986725079a7d37a8f83225.jpg",
          "references": "http://specimens.kew.org/Herbarium/K006231299",
          "title": null,
          "creator": null,
          "publisher": null,
          "license": "http://creativecommons.org/licenses/by/4.0/",
          "rightsHolder": "Royal Botanic Gardens, Kew"
        }
      }
    },
    {
      "type": "Feature",
      "geometry": {
        "type": "Point",
        "coordinates": [
          -84.36,
          10.42
        ]
      },
      "properties": {
        "gbifID": "45841943",
        "species": "Prestonia portobellensis",
        "genus": "Prestonia",
        "family": "Apocynaceae",
        "scientificName": "Prestonia portobellensis (Beurl.) Woodson",
        "coordinateUncertaintyInMeters": "",
        "basisOfRecord": "PRESERVED_SPECIMEN",
        "eventDate": "2000-05-23",
        "country": null,
        "datasetName": "",
        "publisher": "Museo Nacional de Costa Rica",
        "license": "CC_BY_4_0",
        "issues": [
          "RECORDED_DATE_INVALID",
          "GEODETIC_DATUM_ASSUMED_WGS84",
          "CONTINENT_DERIVED_FROM_COORDINATES",
          "INSTITUTION_MATCH_NONE",
          "TAXON_MATCH_HIGHERRANK"
        ],
        "fallback_media": {
          "url": "https://d2jcv3kl45hlgi.cloudfront.net/3cbfc9b66d986725079a7d37a8f83225.jpg",
          "references": "http://specimens.kew.org/Herbarium/K006231299",
          "title": null,
          "creator": null,
          "publisher": null,
          "license": "http://creativecommons.org/licenses/by/4.0/",
          "rightsHolder": "Royal Botanic Gardens, Kew"
        }
      }
    },
    {
      "type": "Feature",
      "geometry": {
        "type": "Point",
        "coordinates": [
          -84.16,
          9.84
        ]
      },
      "properties": {
        "gbifID": "45842191",
        "species": "Prestonia portobellensis",
        "genus": "Prestonia",
        "family": "Apocynaceae",
        "scientificName": "Prestonia portobellensis (Beurl.) Woodson",
        "coordinateUncertaintyInMeters": "",
        "basisOfRecord": "PRESERVED_SPECIMEN",
        "eventDate": "1997-05-01",
        "country": null,
        "datasetName": "",
        "publisher": "Museo Nacional de Costa Rica",
        "license": "CC_BY_4_0",
        "issues": [
          "RECORDED_DATE_INVALID",
          "GEODETIC_DATUM_ASSUMED_WGS84",
          "CONTINENT_DERIVED_FROM_COORDINATES",
          "INSTITUTION_MATCH_NONE",
          "TAXON_MATCH_HIGHERRANK"
        ],
        "fallback_media": {
          "url": "https://d2jcv3kl45hlgi.cloudfront.net/3cbfc9b66d986725079a7d37a8f83225.jpg",
          "references": "http://specimens.kew.org/Herbarium/K006231299",
          "title": null,
          "creator": null,
          "publisher": null,
          "license": "http://creativecommons.org/licenses/by/4.0/",
          "rightsHolder": "Royal Botanic Gardens, Kew"
        }
      }
    },
    {
      "type": "Feature",
      "geometry": {
        "type": "Point",
        "coordinates": [
          -82.66,
          9.57
        ]
      },
      "properties": {
        "gbifID": "45842194",
        "species": "Prestonia portobellensis",
        "genus": "Prestonia",
        "family": "Apocynaceae",
        "scientificName": "Prestonia portobellensis (Beurl.) Woodson",
        "coordinateUncertaintyInMeters": "",
        "basisOfRecord": "PRESERVED_SPECIMEN",
        "eventDate": "1997-01-22",
        "country": null,
        "datasetName": "",
        "publisher": "Museo Nacional de Costa Rica",
        "license": "CC_BY_4_0",
        "issues": [
          "RECORDED_DATE_INVALID",
          "GEODETIC_DATUM_ASSUMED_WGS84",
          "CONTINENT_DERIVED_FROM_COORDINATES",
          "INSTITUTION_MATCH_NONE",
          "TAXON_MATCH_HIGHERRANK"
        ],
        "fallback_media": {
          "url": "https://d2jcv3kl45hlgi.cloudfront.net/3cbfc9b66d986725079a7d37a8f83225.jpg",
          "references": "http://specimens.kew.org/Herbarium/K006231299",
          "title": null,
          "creator": null,
          "publisher": null,
          "license": "http://creativecommons.org/licenses/by/4.0/",
          "rightsHolder": "Royal Botanic Gardens, Kew"
        }
      }
    },
    {
      "type": "Feature",
      "geometry": {
        "type": "Point",
        "coordinates": [
          -83.71,
          10.48
        ]
      },
      "properties": {
        "gbifID": "45842130",
        "species": "Prestonia portobellensis",
        "genus": "Prestonia",
        "family": "Apocynaceae",
        "scientificName": "Prestonia portobellensis (Beurl.) Woodson",
        "coordinateUncertaintyInMeters": "",
        "basisOfRecord": "PRESERVED_SPECIMEN",
        "eventDate": "1997-04-18",
        "country": null,
        "datasetName": "",
        "publisher": "Museo Nacional de Costa Rica",
        "license": "CC_BY_4_0",
        "issues": [
          "RECORDED_DATE_INVALID",
          "GEODETIC_DATUM_ASSUMED_WGS84",
          "CONTINENT_DERIVED_FROM_COORDINATES",
          "INSTITUTION_MATCH_NONE",
          "TAXON_MATCH_HIGHERRANK"
        ],
        "fallback_media": {
          "url": "https://d2jcv3kl45hlgi.cloudfront.net/3cbfc9b66d986725079a7d37a8f83225.jpg",
          "references": "http://specimens.kew.org/Herbarium/K006231299",
          "title": null,
          "creator": null,
          "publisher": null,
          "license": "http://creativecommons.org/licenses/by/4.0/",
          "rightsHolder": "Royal Botanic Gardens, Kew"
        }
      }
    },
    {
      "type": "Feature",
      "geometry": {
        "type": "Point",
        "coordinates": [
          -84.01,
          9.54
        ]
      },
      "properties": {
        "gbifID": "45841410",
        "species": "Prestonia portobellensis",
        "genus": "Prestonia",
        "family": "Apocynaceae",
        "scientificName": "Prestonia portobellensis (Beurl.) Woodson",
        "coordinateUncertaintyInMeters": "",
        "basisOfRecord": "PRESERVED_SPECIMEN",
        "eventDate": "1997-07-09",
        "country": null,
        "datasetName": "",
        "publisher": "Museo Nacional de Costa Rica",
        "license": "CC_BY_4_0",
        "issues": [
          "RECORDED_DATE_INVALID",
          "GEODETIC_DATUM_ASSUMED_WGS84",
          "CONTINENT_DERIVED_FROM_COORDINATES",
          "INSTITUTION_MATCH_NONE",
          "TAXON_MATCH_HIGHERRANK"
        ],
        "fallback_media": {
          "url": "https://d2jcv3kl45hlgi.cloudfront.net/3cbfc9b66d986725079a7d37a8f83225.jpg",
          "references": "http://specimens.kew.org/Herbarium/K006231299",
          "title": null,
          "creator": null,
          "publisher": null,
          "license": "http://creativecommons.org/licenses/by/4.0/",
          "rightsHolder": "Royal Botanic Gardens, Kew"
        }
      }
    },
    {
      "type": "Feature",
      "geometry": {
        "type": "Point",
        "coordinates": [
          -79.64166,
          9.40833
        ]
      },
      "properties": {
        "gbifID": "4060963478",
        "species": "Prestonia portobellensis",
        "genus": "Prestonia",
        "family": "Apocynaceae",
        "scientificName": "Prestonia portobellensis (Beurl.) Woodson",
        "coordinateUncertaintyInMeters": "",
        "basisOfRecord": "PRESERVED_SPECIMEN",
        "eventDate": "1968-02-23",
        "country": null,
        "datasetName": "Tropicos",
        "publisher": "Missouri Botanical Garden",
        "license": "CC_BY_4_0",
        "issues": [
          "GEODETIC_DATUM_ASSUMED_WGS84",
          "INSTITUTION_MATCH_NONE",
          "TAXON_ID_NOT_FOUND"
        ],
        "fallback_media": {
          "url": "https://d2jcv3kl45hlgi.cloudfront.net/3cbfc9b66d986725079a7d37a8f83225.jpg",
          "references": "http://specimens.kew.org/Herbarium/K006231299",
          "title": null,
          "creator": null,
          "publisher": null,
          "license": "http://creativecommons.org/licenses/by/4.0/",
          "rightsHolder": "Royal Botanic Gardens, Kew"
        }
      }
    },
    {
      "type": "Feature",
      "geometry": {
        "type": "Point",
        "coordinates": [
          -83.55,
          10.55
        ]
      },
      "properties": {
        "gbifID": "4060912589",
        "species": "Prestonia portobellensis",
        "genus": "Prestonia",
        "family": "Apocynaceae",
        "scientificName": "Prestonia portobellensis (Beurl.) Woodson",
        "coordinateUncertaintyInMeters": "",
        "basisOfRecord": "PRESERVED_SPECIMEN",
        "eventDate": "1997-01-21",
        "country": null,
        "datasetName": "Tropicos",
        "publisher": "Missouri Botanical Garden",
        "license": "CC_BY_4_0",
        "issues": [
          "OCCURRENCE_STATUS_INFERRED_FROM_INDIVIDUAL_COUNT",
          "GEODETIC_DATUM_ASSUMED_WGS84",
          "INSTITUTION_MATCH_NONE",
          "TAXON_ID_NOT_FOUND"
        ],
        "fallback_media": {
          "url": "https://d2jcv3kl45hlgi.cloudfront.net/3cbfc9b66d986725079a7d37a8f83225.jpg",
          "references": "http://specimens.kew.org/Herbarium/K006231299",
          "title": null,
          "creator": null,
          "publisher": null,
          "license": "http://creativecommons.org/licenses/by/4.0/",
          "rightsHolder": "Royal Botanic Gardens, Kew"
        }
      }
    },
    {
      "type": "Feature",
      "geometry": {
        "type": "Point",
        "coordinates": [
          -83.991667,
          14.541667
        ]
      },
      "properties": {
        "gbifID": "1260376604",
        "species": "Prestonia portobellensis",
        "genus": "Prestonia",
        "family": "Apocynaceae",
        "scientificName": "Prestonia portobellensis (Beurl.) Woodson",
        "coordinateUncertaintyInMeters": "",
        "basisOfRecord": "PRESERVED_SPECIMEN",
        "eventDate": "1965-08-24",
        "country": null,
        "datasetName": "Tropicos",
        "publisher": "Missouri Botanical Garden",
        "license": "CC_BY_4_0",
        "issues": [
          "OCCURRENCE_STATUS_INFERRED_FROM_INDIVIDUAL_COUNT",
          "COORDINATE_ROUNDED",
          "GEODETIC_DATUM_ASSUMED_WGS84",
          "INSTITUTION_MATCH_FUZZY",
          "COLLECTION_MATCH_NONE",
          "TAXON_ID_NOT_FOUND"
        ],
        "fallback_media": {
          "url": "https://d2jcv3kl45hlgi.cloudfront.net/3cbfc9b66d986725079a7d37a8f83225.jpg",
          "references": "http://specimens.kew.org/Herbarium/K006231299",
          "title": null,
          "creator": null,
          "publisher": null,
          "license": "http://creativecommons.org/licenses/by/4.0/",
          "rightsHolder": "Royal Botanic Gardens, Kew"
        }
      }
    },
    {
      "type": "Feature",
      "geometry": {
        "type": "Point",
        "coordinates": [
          -80.12,
          8.61
        ]
      },
      "properties": {
        "gbifID": "2236929907",
        "species": "Prestonia portobellensis",
        "genus": "Prestonia",
        "family": "Apocynaceae",
        "scientificName": "Prestonia portobellensis (Beurl.) Woodson",
        "coordinateUncertaintyInMeters": "250.0",
        "basisOfRecord": "HUMAN_OBSERVATION",
        "eventDate": "2013-05-23T18:41",
        "country": null,
        "datasetName": "iNaturalist research-grade observations",
        "publisher": "iNaturalist.org",
        "license": "CC_BY_NC_4_0",
        "issues": [
          "CONTINENT_DERIVED_FROM_COORDINATES",
          "TAXON_ID_NOT_FOUND"
        ],
        "media": [
          {
            "url": "https://inaturalist-open-data.s3.amazonaws.com/photos/12978120/original.jpg",
            "references": "https://www.inaturalist.org/photos/12978120",
            "title": null,
            "creator": "Mark Fishbein",
            "publisher": "iNaturalist",
            "license": "http://creativecommons.org/licenses/by-nc/4.0/",
            "rightsHolder": "Mark Fishbein"
          },
          {
            "url": "https://inaturalist-open-data.s3.amazonaws.com/photos/12978142/original.jpg",
            "references": "https://www.inaturalist.org/photos/12978142",
            "title": null,
            "creator": "Mark Fishbein",
            "publisher": "iNaturalist",
            "license": "http://creativecommons.org/licenses/by-nc/4.0/",
            "rightsHolder": "Mark Fishbein"
          },
          {
            "url": "https://inaturalist-open-data.s3.amazonaws.com/photos/12978143/original.jpg",
            "references": "https://www.inaturalist.org/photos/12978143",
            "title": null,
            "creator": "Mark Fishbein",
            "publisher": "iNaturalist",
            "license": "http://creativecommons.org/licenses/by-nc/4.0/",
            "rightsHolder": "Mark Fishbein"
          },
          {
            "url": "https://inaturalist-open-data.s3.amazonaws.com/photos/12978144/original.jpg",
            "references": "https://www.inaturalist.org/photos/12978144",
            "title": null,
            "creator": "Mark Fishbein",
            "publisher": "iNaturalist",
            "license": "http://creativecommons.org/licenses/by-nc/4.0/",
            "rightsHolder": "Mark Fishbein"
          }
        ]
      }
    },
    {
      "type": "Feature",
      "geometry": {
        "type": "Point",
        "coordinates": [
          -79.723892,
          9.140504
        ]
      },
      "properties": {
        "gbifID": "2563611276",
        "species": "Prestonia portobellensis",
        "genus": "Prestonia",
        "family": "Apocynaceae",
        "scientificName": "Prestonia portobellensis (Beurl.) Woodson",
        "coordinateUncertaintyInMeters": "",
        "basisOfRecord": "HUMAN_OBSERVATION",
        "eventDate": "2020-01-23T14:18:34",
        "country": null,
        "datasetName": "iNaturalist research-grade observations",
        "publisher": "iNaturalist.org",
        "license": "CC_BY_NC_4_0",
        "issues": [
          "COORDINATE_ROUNDED",
          "CONTINENT_DERIVED_FROM_COORDINATES",
          "TAXON_ID_NOT_FOUND"
        ],
        "media": [
          {
            "url": "https://inaturalist-open-data.s3.amazonaws.com/photos/60348087/original.jpeg",
            "references": "https://www.inaturalist.org/photos/60348087",
            "title": null,
            "creator": "ChristianT05",
            "publisher": "iNaturalist",
            "license": "http://creativecommons.org/licenses/by-nc/4.0/",
            "rightsHolder": "ChristianT05"
          }
        ]
      }
    },
    {
      "type": "Feature",
      "geometry": {
        "type": "Point",
        "coordinates": [
          -85.01374,
          10.720918
        ]
      },
      "properties": {
        "gbifID": "3031827197",
        "species": "Prestonia portobellensis",
        "genus": "Prestonia",
        "family": "Apocynaceae",
        "scientificName": "Prestonia portobellensis (Beurl.) Woodson",
        "coordinateUncertaintyInMeters": "210.0",
        "basisOfRecord": "HUMAN_OBSERVATION",
        "eventDate": "2020-12-14T22:54",
        "country": null,
        "datasetName": "iNaturalist research-grade observations",
        "publisher": "iNaturalist.org",
        "license": "CC_BY_NC_4_0",
        "issues": [
          "COORDINATE_ROUNDED",
          "CONTINENT_DERIVED_FROM_COORDINATES",
          "TAXON_ID_NOT_FOUND"
        ],
        "media": [
          {
            "url": "https://inaturalist-open-data.s3.amazonaws.com/photos/107399523/original.jpeg",
            "references": "https://www.inaturalist.org/photos/107399523",
            "title": null,
            "creator": "donald_varela",
            "publisher": "iNaturalist",
            "license": "http://creativecommons.org/licenses/by-nc/4.0/",
            "rightsHolder": "donald_varela"
          }
        ]
      }
    },
    {
      "type": "Feature",
      "geometry": {
        "type": "Point",
        "coordinates": [
          -82.962361,
          8.783278
        ]
      },
      "properties": {
        "gbifID": "614546022",
        "species": "Prestonia portobellensis",
        "genus": "Prestonia",
        "family": "Apocynaceae",
        "scientificName": "Prestonia portobellensis (Beurl.) Woodson",
        "coordinateUncertaintyInMeters": "",
        "basisOfRecord": "PRESERVED_SPECIMEN",
        "eventDate": "",
        "country": null,
        "datasetName": "",
        "publisher": "Organization for Tropical Studies",
        "license": "CC_BY_4_0",
        "issues": [
          "COORDINATE_ROUNDED",
          "GEODETIC_DATUM_ASSUMED_WGS84",
          "CONTINENT_DERIVED_FROM_COORDINATES",
          "INSTITUTION_MATCH_NONE"
        ],
        "fallback_media": {
          "url": "https://d2jcv3kl45hlgi.cloudfront.net/3cbfc9b66d986725079a7d37a8f83225.jpg",
          "references": "http://specimens.kew.org/Herbarium/K006231299",
          "title": null,
          "creator": null,
          "publisher": null,
          "license": "http://creativecommons.org/licenses/by/4.0/",
          "rightsHolder": "Royal Botanic Gardens, Kew"
        }
      }
    },
    {
      "type": "Feature",
      "geometry": {
        "type": "Point",
        "coordinates": [
          -82.853083,
          8.940139
        ]
      },
      "properties": {
        "gbifID": "614546413",
        "species": "Prestonia portobellensis",
        "genus": "Prestonia",
        "family": "Apocynaceae",
        "scientificName": "Prestonia portobellensis (Beurl.) Woodson",
        "coordinateUncertaintyInMeters": "",
        "basisOfRecord": "PRESERVED_SPECIMEN",
        "eventDate": "",
        "country": null,
        "datasetName": "",
        "publisher": "Organization for Tropical Studies",
        "license": "CC_BY_4_0",
        "issues": [
          "COORDINATE_ROUNDED",
          "GEODETIC_DATUM_ASSUMED_WGS84",
          "CONTINENT_DERIVED_FROM_COORDINATES",
          "INSTITUTION_MATCH_NONE"
        ],
        "fallback_media": {
          "url": "https://d2jcv3kl45hlgi.cloudfront.net/3cbfc9b66d986725079a7d37a8f83225.jpg",
          "references": "http://specimens.kew.org/Herbarium/K006231299",
          "title": null,
          "creator": null,
          "publisher": null,
          "license": "http://creativecommons.org/licenses/by/4.0/",
          "rightsHolder": "Royal Botanic Gardens, Kew"
        }
      }
    },
    {
      "type": "Feature",
      "geometry": {
        "type": "Point",
        "coordinates": [
          -82.452577,
          8.434872
        ]
      },
      "properties": {
        "gbifID": "2331828868",
        "species": "Prestonia portobellensis",
        "genus": "Prestonia",
        "family": "Apocynaceae",
        "scientificName": "Prestonia portobellensis (Beurl.) Woodson",
        "coordinateUncertaintyInMeters": "17.0",
        "basisOfRecord": "HUMAN_OBSERVATION",
        "eventDate": "2019-04-26T17:00:29",
        "country": null,
        "datasetName": "iNaturalist research-grade observations",
        "publisher": "iNaturalist.org",
        "license": "CC_BY_NC_4_0",
        "issues": [
          "COORDINATE_ROUNDED",
          "CONTINENT_DERIVED_FROM_COORDINATES",
          "TAXON_ID_NOT_FOUND"
        ],
        "media": [
          {
            "url": "https://inaturalist-open-data.s3.amazonaws.com/photos/36105185/original.jpeg",
            "references": "https://www.inaturalist.org/photos/36105185",
            "title": null,
            "creator": "Roger A. Morales-Flores",
            "publisher": "iNaturalist",
            "license": "http://creativecommons.org/licenses/by/4.0/",
            "rightsHolder": "Roger A. Morales-Flores"
          }
        ]
      }
    },
    {
      "type": "Feature",
      "geometry": {
        "type": "Point",
        "coordinates": [
          -92.298726,
          15.125868
        ]
      },
      "properties": {
        "gbifID": "2826226557",
        "species": "Prestonia portobellensis",
        "genus": "Prestonia",
        "family": "Apocynaceae",
        "scientificName": "Prestonia portobellensis (Beurl.) Woodson",
        "coordinateUncertaintyInMeters": "31.0",
        "basisOfRecord": "HUMAN_OBSERVATION",
        "eventDate": "2020-07-25T08:32:40",
        "country": null,
        "datasetName": "iNaturalist research-grade observations",
        "publisher": "iNaturalist.org",
        "license": "CC_BY_NC_4_0",
        "issues": [
          "COORDINATE_ROUNDED",
          "CONTINENT_DERIVED_FROM_COORDINATES",
          "TAXON_ID_NOT_FOUND"
        ],
        "media": [
          {
            "url": "https://inaturalist-open-data.s3.amazonaws.com/photos/87024197/original.jpg",
            "references": "https://www.inaturalist.org/photos/87024197",
            "title": null,
            "creator": "brunoargovia",
            "publisher": "iNaturalist",
            "license": "http://creativecommons.org/licenses/by-nc/4.0/",
            "rightsHolder": "brunoargovia"
          },
          {
            "url": "https://inaturalist-open-data.s3.amazonaws.com/photos/87024227/original.jpg",
            "references": "https://www.inaturalist.org/photos/87024227",
            "title": null,
            "creator": "brunoargovia",
            "publisher": "iNaturalist",
            "license": "http://creativecommons.org/licenses/by-nc/4.0/",
            "rightsHolder": "brunoargovia"
          },
          {
            "url": "https://inaturalist-open-data.s3.amazonaws.com/photos/87024212/original.jpg",
            "references": "https://www.inaturalist.org/photos/87024212",
            "title": null,
            "creator": "brunoargovia",
            "publisher": "iNaturalist",
            "license": "http://creativecommons.org/licenses/by-nc/4.0/",
            "rightsHolder": "brunoargovia"
          },
          {
            "url": "https://inaturalist-open-data.s3.amazonaws.com/photos/87024265/original.jpg",
            "references": "https://www.inaturalist.org/photos/87024265",
            "title": null,
            "creator": "brunoargovia",
            "publisher": "iNaturalist",
            "license": "http://creativecommons.org/licenses/by-nc/4.0/",
            "rightsHolder": "brunoargovia"
          }
        ]
      }
    },
    {
      "type": "Feature",
      "geometry": {
        "type": "Point",
        "coordinates": [
          -96.705741,
          18.751247
        ]
      },
      "properties": {
        "gbifID": "3118432430",
        "species": "Prestonia portobellensis",
        "genus": "Prestonia",
        "family": "Apocynaceae",
        "scientificName": "Prestonia portobellensis (Beurl.) Woodson",
        "coordinateUncertaintyInMeters": "160.0",
        "basisOfRecord": "HUMAN_OBSERVATION",
        "eventDate": "2021-04-05T11:38:05Z",
        "country": null,
        "datasetName": "iNaturalist research-grade observations",
        "publisher": "iNaturalist.org",
        "license": "CC_BY_NC_4_0",
        "issues": [
          "COORDINATE_ROUNDED",
          "CONTINENT_DERIVED_FROM_COORDINATES",
          "TAXON_ID_NOT_FOUND"
        ],
        "media": [
          {
            "url": "https://inaturalist-open-data.s3.amazonaws.com/photos/129837038/original.jpg",
            "references": "https://www.inaturalist.org/photos/129837038",
            "title": null,
            "creator": "gladis_sarahi09",
            "publisher": "iNaturalist",
            "license": "http://creativecommons.org/licenses/by-nc/4.0/",
            "rightsHolder": "gladis_sarahi09"
          },
          {
            "url": "https://inaturalist-open-data.s3.amazonaws.com/photos/129837135/original.jpg",
            "references": "https://www.inaturalist.org/photos/129837135",
            "title": null,
            "creator": "gladis_sarahi09",
            "publisher": "iNaturalist",
            "license": "http://creativecommons.org/licenses/by-nc/4.0/",
            "rightsHolder": "gladis_sarahi09"
          },
          {
            "url": "https://inaturalist-open-data.s3.amazonaws.com/photos/129837249/original.jpg",
            "references": "https://www.inaturalist.org/photos/129837249",
            "title": null,
            "creator": "gladis_sarahi09",
            "publisher": "iNaturalist",
            "license": "http://creativecommons.org/licenses/by-nc/4.0/",
            "rightsHolder": "gladis_sarahi09"
          }
        ]
      }
    },
    {
      "type": "Feature",
      "geometry": {
        "type": "Point",
        "coordinates": [
          -79.781922,
          9.335113
        ]
      },
      "properties": {
        "gbifID": "3947586562",
        "species": "Prestonia portobellensis",
        "genus": "Prestonia",
        "family": "Apocynaceae",
        "scientificName": "Prestonia portobellensis (Beurl.) Woodson",
        "coordinateUncertaintyInMeters": "30.0",
        "basisOfRecord": "HUMAN_OBSERVATION",
        "eventDate": "2021-05-28T08:42:41",
        "country": null,
        "datasetName": "iNaturalist research-grade observations",
        "publisher": "iNaturalist.org",
        "license": "CC_BY_NC_4_0",
        "issues": [
          "COORDINATE_ROUNDED",
          "CONTINENT_DERIVED_FROM_COORDINATES",
          "TAXON_ID_NOT_FOUND"
        ],
        "media": [
          {
            "url": "https://inaturalist-open-data.s3.amazonaws.com/photos/195209785/original.jpg",
            "references": "https://www.inaturalist.org/photos/195209785",
            "title": null,
            "creator": "biancolini23",
            "publisher": "iNaturalist",
            "license": "http://creativecommons.org/licenses/by-nc/4.0/",
            "rightsHolder": "biancolini23"
          },
          {
            "url": "https://inaturalist-open-data.s3.amazonaws.com/photos/195209822/original.jpg",
            "references": "https://www.inaturalist.org/photos/195209822",
            "title": null,
            "creator": "biancolini23",
            "publisher": "iNaturalist",
            "license": "http://creativecommons.org/licenses/by-nc/4.0/",
            "rightsHolder": "biancolini23"
          },
          {
            "url": "https://inaturalist-open-data.s3.amazonaws.com/photos/195209857/original.jpg",
            "references": "https://www.inaturalist.org/photos/195209857",
            "title": null,
            "creator": "biancolini23",
            "publisher": "iNaturalist",
            "license": "http://creativecommons.org/licenses/by-nc/4.0/",
            "rightsHolder": "biancolini23"
          }
        ]
      }
    },
    {
      "type": "Feature",
      "geometry": {
        "type": "Point",
        "coordinates": [
          -98.999389,
          21.393678
        ]
      },
      "properties": {
        "gbifID": "2574242953",
        "species": "Prestonia portobellensis",
        "genus": "Prestonia",
        "family": "Apocynaceae",
        "scientificName": "Prestonia portobellensis (Beurl.) Woodson",
        "coordinateUncertaintyInMeters": "151.0",
        "basisOfRecord": "HUMAN_OBSERVATION",
        "eventDate": "2017-05-13T12:14",
        "country": null,
        "datasetName": "iNaturalist research-grade observations",
        "publisher": "iNaturalist.org",
        "license": "CC_BY_4_0",
        "issues": [
          "COORDINATE_ROUNDED",
          "CONTINENT_DERIVED_FROM_COORDINATES",
          "TAXON_ID_NOT_FOUND"
        ],
        "media": [
          {
            "url": "https://inaturalist-open-data.s3.amazonaws.com/photos/60729822/original.jpg",
            "references": "https://www.inaturalist.org/photos/60729822",
            "title": null,
            "creator": "Leonardo O. Alvarado Cárdenas",
            "publisher": "iNaturalist",
            "license": "http://creativecommons.org/licenses/by/4.0/",
            "rightsHolder": "Leonardo O. Alvarado Cárdenas"
          },
          {
            "url": "https://inaturalist-open-data.s3.amazonaws.com/photos/60729832/original.jpg",
            "references": "https://www.inaturalist.org/photos/60729832",
            "title": null,
            "creator": "Leonardo O. Alvarado Cárdenas",
            "publisher": "iNaturalist",
            "license": "http://creativecommons.org/licenses/by/4.0/",
            "rightsHolder": "Leonardo O. Alvarado Cárdenas"
          }
        ]
      }
    },
    {
      "type": "Feature",
      "geometry": {
        "type": "Point",
        "coordinates": [
          -79.696012,
          9.117955
        ]
      },
      "properties": {
        "gbifID": "4597138427",
        "species": "Prestonia portobellensis",
        "genus": "Prestonia",
        "family": "Apocynaceae",
        "scientificName": "Prestonia portobellensis (Beurl.) Woodson",
        "coordinateUncertaintyInMeters": "367.0",
        "basisOfRecord": "HUMAN_OBSERVATION",
        "eventDate": "2020-04-27T14:51",
        "country": null,
        "datasetName": "iNaturalist research-grade observations",
        "publisher": "iNaturalist.org",
        "license": "CC_BY_NC_4_0",
        "issues": [
          "COORDINATE_ROUNDED",
          "CONTINENT_DERIVED_FROM_COORDINATES",
          "TAXON_ID_NOT_FOUND"
        ],
        "media": [
          {
            "url": "https://inaturalist-open-data.s3.amazonaws.com/photos/69798860/original.jpeg",
            "references": "https://www.inaturalist.org/photos/69798860",
            "title": null,
            "creator": "Riley Fortier",
            "publisher": "iNaturalist",
            "license": "http://creativecommons.org/licenses/by-nc/4.0/",
            "rightsHolder": "Riley Fortier"
          },
          {
            "url": "https://inaturalist-open-data.s3.amazonaws.com/photos/69798890/original.jpeg",
            "references": "https://www.inaturalist.org/photos/69798890",
            "title": null,
            "creator": "Riley Fortier",
            "publisher": "iNaturalist",
            "license": "http://creativecommons.org/licenses/by-nc/4.0/",
            "rightsHolder": "Riley Fortier"
          }
        ]
      }
    },
    {
      "type": "Feature",
      "geometry": {
        "type": "Point",
        "coordinates": [
          -82.961235,
          8.814178
        ]
      },
      "properties": {
        "gbifID": "3772439520",
        "species": "Prestonia portobellensis",
        "genus": "Prestonia",
        "family": "Apocynaceae",
        "scientificName": "Prestonia portobellensis (Beurl.) Woodson",
        "coordinateUncertaintyInMeters": "178.0",
        "basisOfRecord": "HUMAN_OBSERVATION",
        "eventDate": "2022-03-30T07:51:27Z",
        "country": null,
        "datasetName": "iNaturalist research-grade observations",
        "publisher": "iNaturalist.org",
        "license": "CC_BY_NC_4_0",
        "issues": [
          "COORDINATE_ROUNDED",
          "CONTINENT_DERIVED_FROM_COORDINATES",
          "TAXON_ID_NOT_FOUND"
        ],
        "media": [
          {
            "url": "https://inaturalist-open-data.s3.amazonaws.com/photos/185351632/original.jpg",
            "references": "https://www.inaturalist.org/photos/185351632",
            "title": null,
            "creator": "serendipiagirl",
            "publisher": "iNaturalist",
            "license": "http://creativecommons.org/licenses/by-nc/4.0/",
            "rightsHolder": "serendipiagirl"
          },
          {
            "url": "https://inaturalist-open-data.s3.amazonaws.com/photos/185351652/original.jpg",
            "references": "https://www.inaturalist.org/photos/185351652",
            "title": null,
            "creator": "serendipiagirl",
            "publisher": "iNaturalist",
            "license": "http://creativecommons.org/licenses/by-nc/4.0/",
            "rightsHolder": "serendipiagirl"
          }
        ]
      }
    },
    {
      "type": "Feature",
      "geometry": {
        "type": "Point",
        "coordinates": [
          -84.106042,
          10.387758
        ]
      },
      "properties": {
        "gbifID": "1805366767",
        "species": "Prestonia portobellensis",
        "genus": "Prestonia",
        "family": "Apocynaceae",
        "scientificName": "Prestonia portobellensis (Beurl.) Woodson",
        "coordinateUncertaintyInMeters": "",
        "basisOfRecord": "HUMAN_OBSERVATION",
        "eventDate": "2016-08-20T08:43:06",
        "country": null,
        "datasetName": "iNaturalist research-grade observations",
        "publisher": "iNaturalist.org",
        "license": "CC_BY_NC_4_0",
        "issues": [
          "COORDINATE_ROUNDED",
          "CONTINENT_DERIVED_FROM_COORDINATES",
          "TAXON_ID_NOT_FOUND"
        ],
        "media": [
          {
            "url": "https://inaturalist-open-data.s3.amazonaws.com/photos/4620731/original.jpg",
            "references": "https://www.inaturalist.org/photos/4620731",
            "title": null,
            "creator": "Paul Foster",
            "publisher": "iNaturalist",
            "license": "http://creativecommons.org/licenses/by-nc/4.0/",
            "rightsHolder": "Paul Foster"
          }
        ]
      }
    },
    {
      "type": "Feature",
      "geometry": {
        "type": "Point",
        "coordinates": [
          -80.682913,
          8.998883
        ]
      },
      "properties": {
        "gbifID": "2563454527",
        "species": "Prestonia portobellensis",
        "genus": "Prestonia",
        "family": "Apocynaceae",
        "scientificName": "Prestonia portobellensis (Beurl.) Woodson",
        "coordinateUncertaintyInMeters": "1263.0",
        "basisOfRecord": "HUMAN_OBSERVATION",
        "eventDate": "2008-02-28T04:33",
        "country": null,
        "datasetName": "iNaturalist research-grade observations",
        "publisher": "iNaturalist.org",
        "license": "CC_BY_NC_4_0",
        "issues": [
          "COORDINATE_ROUNDED",
          "CONTINENT_DERIVED_FROM_COORDINATES",
          "TAXON_ID_NOT_FOUND"
        ],
        "media": [
          {
            "url": "https://inaturalist-open-data.s3.amazonaws.com/photos/46196669/original.jpeg",
            "references": "https://www.inaturalist.org/photos/46196669",
            "title": null,
            "creator": "Jan Meerman",
            "publisher": "iNaturalist",
            "license": "http://creativecommons.org/licenses/by-nc/4.0/",
            "rightsHolder": "Jan Meerman"
          }
        ]
      }
    },
    {
      "type": "Feature",
      "geometry": {
        "type": "Point",
        "coordinates": [
          -84.651111,
          10.470833
        ]
      },
      "properties": {
        "gbifID": "5844357048",
        "species": "Prestonia portobellensis",
        "genus": "Prestonia",
        "family": "Apocynaceae",
        "scientificName": "Prestonia portobellensis (Beurl.) Woodson",
        "coordinateUncertaintyInMeters": "",
        "basisOfRecord": "HUMAN_OBSERVATION",
        "eventDate": "2024-06-14T16:28",
        "country": null,
        "datasetName": "iNaturalist research-grade observations",
        "publisher": "iNaturalist.org",
        "license": "CC_BY_4_0",
        "issues": [
          "COORDINATE_ROUNDED",
          "CONTINENT_DERIVED_FROM_COORDINATES",
          "TAXON_ID_NOT_FOUND"
        ],
        "media": [
          {
            "url": "https://inaturalist-open-data.s3.amazonaws.com/photos/405133792/original.jpeg",
            "references": "https://www.inaturalist.org/photos/405133792",
            "title": null,
            "creator": "Cricket Raspet",
            "publisher": "iNaturalist",
            "license": "http://creativecommons.org/licenses/by/4.0/",
            "rightsHolder": "Cricket Raspet"
          },
          {
            "url": "https://inaturalist-open-data.s3.amazonaws.com/photos/405133837/original.jpeg",
            "references": "https://www.inaturalist.org/photos/405133837",
            "title": null,
            "creator": "Cricket Raspet",
            "publisher": "iNaturalist",
            "license": "http://creativecommons.org/licenses/by/4.0/",
            "rightsHolder": "Cricket Raspet"
          }
        ]
      }
    },
    {
      "type": "Feature",
      "geometry": {
        "type": "Point",
        "coordinates": [
          -78.652033,
          0.126848
        ]
      },
      "properties": {
        "gbifID": "3456284548",
        "species": "Prestonia portobellensis",
        "genus": "Prestonia",
        "family": "Apocynaceae",
        "scientificName": "Prestonia portobellensis (Beurl.) Woodson",
        "coordinateUncertaintyInMeters": "20.0",
        "basisOfRecord": "HUMAN_OBSERVATION",
        "eventDate": "2015-04-11",
        "country": null,
        "datasetName": "iNaturalist research-grade observations",
        "publisher": "iNaturalist.org",
        "license": "CC_BY_NC_4_0",
        "issues": [
          "COORDINATE_ROUNDED",
          "CONTINENT_DERIVED_FROM_COORDINATES",
          "TAXON_ID_NOT_FOUND"
        ],
        "media": [
          {
            "url": "https://inaturalist-open-data.s3.amazonaws.com/photos/39414794/original.jpeg",
            "references": "https://www.inaturalist.org/photos/39414794",
            "title": null,
            "creator": "Holger Beck",
            "publisher": "iNaturalist",
            "license": "http://creativecommons.org/licenses/by-nc/4.0/",
            "rightsHolder": "Holger Beck"
          }
        ]
      }
    },
    {
      "type": "Feature",
      "geometry": {
        "type": "Point",
        "coordinates": [
          -93.203616,
          18.28478
        ]
      },
      "properties": {
        "gbifID": "4945746505",
        "species": "Prestonia portobellensis",
        "genus": "Prestonia",
        "family": "Apocynaceae",
        "scientificName": "Prestonia portobellensis (Beurl.) Woodson",
        "coordinateUncertaintyInMeters": "31.0",
        "basisOfRecord": "HUMAN_OBSERVATION",
        "eventDate": "2024-06-21T11:07",
        "country": null,
        "datasetName": "iNaturalist research-grade observations",
        "publisher": "iNaturalist.org",
        "license": "CC_BY_NC_4_0",
        "issues": [
          "COORDINATE_ROUNDED",
          "CONTINENT_DERIVED_FROM_COORDINATES",
          "TAXON_ID_NOT_FOUND"
        ],
        "media": [
          {
            "url": "https://inaturalist-open-data.s3.amazonaws.com/photos/429237296/original.jpeg",
            "references": "https://www.inaturalist.org/photos/429237296",
            "title": null,
            "creator": "njimenezp",
            "publisher": "iNaturalist",
            "license": "http://creativecommons.org/licenses/by-nc/4.0/",
            "rightsHolder": "njimenezp"
          }
        ]
      }
    },
    {
      "type": "Feature",
      "geometry": {
        "type": "Point",
        "coordinates": [
          -78.95071,
          9.249539
        ]
      },
      "properties": {
        "gbifID": "5828777395",
        "species": "Prestonia portobellensis",
        "genus": "Prestonia",
        "family": "Apocynaceae",
        "scientificName": "Prestonia portobellensis (Beurl.) Woodson",
        "coordinateUncertaintyInMeters": "31.0",
        "basisOfRecord": "HUMAN_OBSERVATION",
        "eventDate": "2025-06-27T11:13",
        "country": null,
        "datasetName": "iNaturalist research-grade observations",
        "publisher": "iNaturalist.org",
        "license": "CC_BY_NC_4_0",
        "issues": [
          "COORDINATE_ROUNDED",
          "CONTINENT_DERIVED_FROM_COORDINATES",
          "TAXON_ID_NOT_FOUND"
        ],
        "media": [
          {
            "url": "https://inaturalist-open-data.s3.amazonaws.com/photos/564616406/original.jpg",
            "references": "https://www.inaturalist.org/photos/564616406",
            "title": null,
            "creator": "J.R. Kuethe",
            "publisher": "iNaturalist",
            "license": "http://creativecommons.org/licenses/by-nc/4.0/",
            "rightsHolder": "J.R. Kuethe"
          },
          {
            "url": "https://inaturalist-open-data.s3.amazonaws.com/photos/564616405/original.jpg",
            "references": "https://www.inaturalist.org/photos/564616405",
            "title": null,
            "creator": "J.R. Kuethe",
            "publisher": "iNaturalist",
            "license": "http://creativecommons.org/licenses/by-nc/4.0/",
            "rightsHolder": "J.R. Kuethe"
          },
          {
            "url": "https://inaturalist-open-data.s3.amazonaws.com/photos/564616441/original.jpg",
            "references": "https://www.inaturalist.org/photos/564616441",
            "title": null,
            "creator": "J.R. Kuethe",
            "publisher": "iNaturalist",
            "license": "http://creativecommons.org/licenses/by-nc/4.0/",
            "rightsHolder": "J.R. Kuethe"
          },
          {
            "url": "https://inaturalist-open-data.s3.amazonaws.com/photos/564616500/original.jpg",
            "references": "https://www.inaturalist.org/photos/564616500",
            "title": null,
            "creator": "J.R. Kuethe",
            "publisher": "iNaturalist",
            "license": "http://creativecommons.org/licenses/by-nc/4.0/",
            "rightsHolder": "J.R. Kuethe"
          }
        ]
      }
    },
    {
      "type": "Feature",
      "geometry": {
        "type": "Point",
        "coordinates": [
          -79.859594,
          9.09008
        ]
      },
      "properties": {
        "gbifID": "5867976729",
        "species": "Prestonia portobellensis",
        "genus": "Prestonia",
        "family": "Apocynaceae",
        "scientificName": "Prestonia portobellensis (Beurl.) Woodson",
        "coordinateUncertaintyInMeters": "9.0",
        "basisOfRecord": "HUMAN_OBSERVATION",
        "eventDate": "2024-10-22T11:55:23",
        "country": null,
        "datasetName": "iNaturalist research-grade observations",
        "publisher": "iNaturalist.org",
        "license": "CC_BY_4_0",
        "issues": [
          "COORDINATE_ROUNDED",
          "CONTINENT_DERIVED_FROM_COORDINATES",
          "TAXON_ID_NOT_FOUND"
        ],
        "media": [
          {
            "url": "https://inaturalist-open-data.s3.amazonaws.com/photos/444299868/original.jpeg",
            "references": "https://www.inaturalist.org/photos/444299868",
            "title": null,
            "creator": "keesgroenendijk",
            "publisher": "iNaturalist",
            "license": "http://creativecommons.org/licenses/by/4.0/",
            "rightsHolder": "keesgroenendijk"
          },
          {
            "url": "https://inaturalist-open-data.s3.amazonaws.com/photos/444299928/original.jpeg",
            "references": "https://www.inaturalist.org/photos/444299928",
            "title": null,
            "creator": "keesgroenendijk",
            "publisher": "iNaturalist",
            "license": "http://creativecommons.org/licenses/by/4.0/",
            "rightsHolder": "keesgroenendijk"
          }
        ]
      }
    },
    {
      "type": "Feature",
      "geometry": {
        "type": "Point",
        "coordinates": [
          -76.433563,
          1.921009
        ]
      },
      "properties": {
        "gbifID": "4946557538",
        "species": "Prestonia portobellensis",
        "genus": "Prestonia",
        "family": "Apocynaceae",
        "scientificName": "Prestonia portobellensis (Beurl.) Woodson",
        "coordinateUncertaintyInMeters": "61.0",
        "basisOfRecord": "HUMAN_OBSERVATION",
        "eventDate": "2021-11-14T11:22",
        "country": null,
        "datasetName": "iNaturalist research-grade observations",
        "publisher": "iNaturalist.org",
        "license": "CC_BY_NC_4_0",
        "issues": [
          "COORDINATE_ROUNDED",
          "CONTINENT_DERIVED_FROM_COORDINATES",
          "TAXON_ID_NOT_FOUND"
        ],
        "media": [
          {
            "url": "https://inaturalist-open-data.s3.amazonaws.com/photos/221391002/original.jpeg",
            "references": "https://www.inaturalist.org/photos/221391002",
            "title": null,
            "creator": "Jorge L. Peña",
            "publisher": "iNaturalist",
            "license": "http://creativecommons.org/licenses/by-nc/4.0/",
            "rightsHolder": "Jorge L. Peña"
          }
        ]
      }
    },
    {
      "type": "Feature",
      "geometry": {
        "type": "Point",
        "coordinates": [
          -76.433333,
          6.35
        ]
      },
      "properties": {
        "gbifID": "1707548073",
        "species": "Prestonia portobellensis",
        "genus": "Prestonia",
        "family": "Apocynaceae",
        "scientificName": "Prestonia portobellensis (Beurl.) Woodson",
        "coordinateUncertaintyInMeters": "",
        "basisOfRecord": "PRESERVED_SPECIMEN",
        "eventDate": "1990-04-18",
        "country": null,
        "datasetName": "Missouri Botanical Garden Herbarium (MO)",
        "publisher": "Instituto de Investigación de Recursos Biológicos Alexander von Humboldt",
        "license": "CC_BY_NC_4_0",
        "issues": [
          "COORDINATE_ROUNDED",
          "GEODETIC_DATUM_ASSUMED_WGS84",
          "INSTITUTION_MATCH_FUZZY"
        ],
        "fallback_media": {
          "url": "https://d2jcv3kl45hlgi.cloudfront.net/3cbfc9b66d986725079a7d37a8f83225.jpg",
          "references": "http://specimens.kew.org/Herbarium/K006231299",
          "title": null,
          "creator": null,
          "publisher": null,
          "license": "http://creativecommons.org/licenses/by/4.0/",
          "rightsHolder": "Royal Botanic Gardens, Kew"
        }
      }
    },
    {
      "type": "Feature",
      "geometry": {
        "type": "Point",
        "coordinates": [
          -75.040556,
          5.526667
        ]
      },
      "properties": {
        "gbifID": "1707526034",
        "species": "Prestonia portobellensis",
        "genus": "Prestonia",
        "family": "Apocynaceae",
        "scientificName": "Prestonia portobellensis (Beurl.) Woodson",
        "coordinateUncertaintyInMeters": "",
        "basisOfRecord": "PRESERVED_SPECIMEN",
        "eventDate": "1992-10-13",
        "country": null,
        "datasetName": "",
        "publisher": "Instituto de Investigación de Recursos Biológicos Alexander von Humboldt",
        "license": "CC_BY_NC_4_0",
        "issues": [
          "COORDINATE_ROUNDED",
          "GEODETIC_DATUM_ASSUMED_WGS84",
          "INSTITUTION_MATCH_FUZZY"
        ],
        "fallback_media": {
          "url": "https://d2jcv3kl45hlgi.cloudfront.net/3cbfc9b66d986725079a7d37a8f83225.jpg",
          "references": "http://specimens.kew.org/Herbarium/K006231299",
          "title": null,
          "creator": null,
          "publisher": null,
          "license": "http://creativecommons.org/licenses/by/4.0/",
          "rightsHolder": "Royal Botanic Gardens, Kew"
        }
      }
    },
    {
      "type": "Feature",
      "geometry": {
        "type": "Point",
        "coordinates": [
          -77.295,
          5.849444
        ]
      },
      "properties": {
        "gbifID": "1707541621",
        "species": "Prestonia portobellensis",
        "genus": "Prestonia",
        "family": "Apocynaceae",
        "scientificName": "Prestonia portobellensis (Beurl.) Woodson",
        "coordinateUncertaintyInMeters": "",
        "basisOfRecord": "PRESERVED_SPECIMEN",
        "eventDate": "1990-05-06",
        "country": null,
        "datasetName": "",
        "publisher": "Instituto de Investigación de Recursos Biológicos Alexander von Humboldt",
        "license": "CC_BY_NC_4_0",
        "issues": [
          "COORDINATE_ROUNDED",
          "GEODETIC_DATUM_ASSUMED_WGS84",
          "INSTITUTION_MATCH_FUZZY"
        ],
        "fallback_media": {
          "url": "https://d2jcv3kl45hlgi.cloudfront.net/3cbfc9b66d986725079a7d37a8f83225.jpg",
          "references": "http://specimens.kew.org/Herbarium/K006231299",
          "title": null,
          "creator": null,
          "publisher": null,
          "license": "http://creativecommons.org/licenses/by/4.0/",
          "rightsHolder": "Royal Botanic Gardens, Kew"
        }
      }
    },
    {
      "type": "Feature",
      "geometry": {
        "type": "Point",
        "coordinates": [
          -96.87582,
          18.925216
        ]
      },
      "properties": {
        "gbifID": "3079755212",
        "species": "Prestonia portobellensis",
        "genus": "Prestonia",
        "family": "Apocynaceae",
        "scientificName": "Prestonia portobellensis (Beurl.) Woodson",
        "coordinateUncertaintyInMeters": "262.0",
        "basisOfRecord": "HUMAN_OBSERVATION",
        "eventDate": "2021-03-27T15:54:04Z",
        "country": null,
        "datasetName": "iNaturalist research-grade observations",
        "publisher": "iNaturalist.org",
        "license": "CC_BY_4_0",
        "issues": [
          "COORDINATE_ROUNDED",
          "CONTINENT_DERIVED_FROM_COORDINATES",
          "TAXON_ID_NOT_FOUND"
        ],
        "fallback_media": {
          "url": "https://d2jcv3kl45hlgi.cloudfront.net/3cbfc9b66d986725079a7d37a8f83225.jpg",
          "references": "http://specimens.kew.org/Herbarium/K006231299",
          "title": null,
          "creator": null,
          "publisher": null,
          "license": "http://creativecommons.org/licenses/by/4.0/",
          "rightsHolder": "Royal Botanic Gardens, Kew"
        }
      }
    },
    {
      "type": "Feature",
      "geometry": {
        "type": "Point",
        "coordinates": [
          -82.824558,
          9.736733
        ]
      },
      "properties": {
        "gbifID": "4852686209",
        "species": "Prestonia portobellensis",
        "genus": "Prestonia",
        "family": "Apocynaceae",
        "scientificName": "Prestonia portobellensis (Beurl.) Woodson",
        "coordinateUncertaintyInMeters": "4.0",
        "basisOfRecord": "HUMAN_OBSERVATION",
        "eventDate": "2024-02-16T08:38:25",
        "country": null,
        "datasetName": "iNaturalist research-grade observations",
        "publisher": "iNaturalist.org",
        "license": "CC_BY_NC_4_0",
        "issues": [
          "COORDINATE_ROUNDED",
          "CONTINENT_DERIVED_FROM_COORDINATES",
          "TAXON_ID_NOT_FOUND"
        ],
        "media": [
          {
            "url": "https://inaturalist-open-data.s3.amazonaws.com/photos/351774160/original.jpg",
            "references": "https://www.inaturalist.org/photos/351774160",
            "title": null,
            "creator": "Daniel Arias-Cruzatty",
            "publisher": "iNaturalist",
            "license": "http://creativecommons.org/licenses/by-nc/4.0/",
            "rightsHolder": "Daniel Arias-Cruzatty"
          },
          {
            "url": "https://inaturalist-open-data.s3.amazonaws.com/photos/351774201/original.jpg",
            "references": "https://www.inaturalist.org/photos/351774201",
            "title": null,
            "creator": "Daniel Arias-Cruzatty",
            "publisher": "iNaturalist",
            "license": "http://creativecommons.org/licenses/by-nc/4.0/",
            "rightsHolder": "Daniel Arias-Cruzatty"
          },
          {
            "url": "https://inaturalist-open-data.s3.amazonaws.com/photos/351774980/original.jpg",
            "references": "https://www.inaturalist.org/photos/351774980",
            "title": null,
            "creator": "Daniel Arias-Cruzatty",
            "publisher": "iNaturalist",
            "license": "http://creativecommons.org/licenses/by-nc/4.0/",
            "rightsHolder": "Daniel Arias-Cruzatty"
          }
        ]
      }
    },
    {
      "type": "Feature",
      "geometry": {
        "type": "Point",
        "coordinates": [
          -84.754135,
          10.487833
        ]
      },
      "properties": {
        "gbifID": "5020543633",
        "species": "Prestonia portobellensis",
        "genus": "Prestonia",
        "family": "Apocynaceae",
        "scientificName": "Prestonia portobellensis (Beurl.) Woodson",
        "coordinateUncertaintyInMeters": "250.0",
        "basisOfRecord": "HUMAN_OBSERVATION",
        "eventDate": "2015-10-01T00:00",
        "country": null,
        "datasetName": "",
        "publisher": "naturgucker.de",
        "license": "CC_BY_4_0",
        "issues": [
          "COORDINATE_ROUNDED",
          "GEODETIC_DATUM_ASSUMED_WGS84",
          "CONTINENT_DERIVED_FROM_COORDINATES"
        ],
        "fallback_media": {
          "url": "https://d2jcv3kl45hlgi.cloudfront.net/3cbfc9b66d986725079a7d37a8f83225.jpg",
          "references": "http://specimens.kew.org/Herbarium/K006231299",
          "title": null,
          "creator": null,
          "publisher": null,
          "license": "http://creativecommons.org/licenses/by/4.0/",
          "rightsHolder": "Royal Botanic Gardens, Kew"
        }
      }
    },
    {
      "type": "Feature",
      "geometry": {
        "type": "Point",
        "coordinates": [
          -87.454882,
          15.735622
        ]
      },
      "properties": {
        "gbifID": "2873906634",
        "species": "Prestonia portobellensis",
        "genus": "Prestonia",
        "family": "Apocynaceae",
        "scientificName": "Prestonia portobellensis (Beurl.) Woodson",
        "coordinateUncertaintyInMeters": "",
        "basisOfRecord": "HUMAN_OBSERVATION",
        "eventDate": "2020-09-25T11:27",
        "country": null,
        "datasetName": "iNaturalist research-grade observations",
        "publisher": "iNaturalist.org",
        "license": "CC_BY_NC_4_0",
        "issues": [
          "COORDINATE_ROUNDED",
          "CONTINENT_DERIVED_FROM_COORDINATES",
          "TAXON_ID_NOT_FOUND"
        ],
        "media": [
          {
            "url": "https://inaturalist-open-data.s3.amazonaws.com/photos/97181915/original.jpeg",
            "references": "https://www.inaturalist.org/photos/97181915",
            "title": null,
            "creator": "delmer jonathan",
            "publisher": "iNaturalist",
            "license": "http://creativecommons.org/licenses/by-nc/4.0/",
            "rightsHolder": "delmer jonathan"
          },
          {
            "url": "https://inaturalist-open-data.s3.amazonaws.com/photos/97182115/original.jpeg",
            "references": "https://www.inaturalist.org/photos/97182115",
            "title": null,
            "creator": "delmer jonathan",
            "publisher": "iNaturalist",
            "license": "http://creativecommons.org/licenses/by-nc/4.0/",
            "rightsHolder": "delmer jonathan"
          },
          {
            "url": "https://inaturalist-open-data.s3.amazonaws.com/photos/97182093/original.jpeg",
            "references": "https://www.inaturalist.org/photos/97182093",
            "title": null,
            "creator": "delmer jonathan",
            "publisher": "iNaturalist",
            "license": "http://creativecommons.org/licenses/by-nc/4.0/",
            "rightsHolder": "delmer jonathan"
          }
        ]
      }
    },
    {
      "type": "Feature",
      "geometry": {
        "type": "Point",
        "coordinates": [
          -79.696585,
          9.119843
        ]
      },
      "properties": {
        "gbifID": "4597221453",
        "species": "Prestonia portobellensis",
        "genus": "Prestonia",
        "family": "Apocynaceae",
        "scientificName": "Prestonia portobellensis (Beurl.) Woodson",
        "coordinateUncertaintyInMeters": "23.0",
        "basisOfRecord": "HUMAN_OBSERVATION",
        "eventDate": "2020-05-28T09:25",
        "country": null,
        "datasetName": "iNaturalist research-grade observations",
        "publisher": "iNaturalist.org",
        "license": "CC_BY_NC_4_0",
        "issues": [
          "COORDINATE_ROUNDED",
          "CONTINENT_DERIVED_FROM_COORDINATES",
          "TAXON_ID_NOT_FOUND"
        ],
        "media": [
          {
            "url": "https://inaturalist-open-data.s3.amazonaws.com/photos/75550530/original.jpeg",
            "references": "https://www.inaturalist.org/photos/75550530",
            "title": null,
            "creator": "Riley Fortier",
            "publisher": "iNaturalist",
            "license": "http://creativecommons.org/licenses/by-nc/4.0/",
            "rightsHolder": "Riley Fortier"
          },
          {
            "url": "https://inaturalist-open-data.s3.amazonaws.com/photos/75550560/original.jpeg",
            "references": "https://www.inaturalist.org/photos/75550560",
            "title": null,
            "creator": "Riley Fortier",
            "publisher": "iNaturalist",
            "license": "http://creativecommons.org/licenses/by-nc/4.0/",
            "rightsHolder": "Riley Fortier"
          }
        ]
      }
    },
    {
      "type": "Feature",
      "geometry": {
        "type": "Point",
        "coordinates": [
          -98.996638,
          21.394951
        ]
      },
      "properties": {
        "gbifID": "2542943984",
        "species": "Prestonia portobellensis",
        "genus": "Prestonia",
        "family": "Apocynaceae",
        "scientificName": "Prestonia portobellensis (Beurl.) Woodson",
        "coordinateUncertaintyInMeters": "97.0",
        "basisOfRecord": "HUMAN_OBSERVATION",
        "eventDate": "2017-11-10T12:36",
        "country": null,
        "datasetName": "iNaturalist research-grade observations",
        "publisher": "iNaturalist.org",
        "license": "CC_BY_4_0",
        "issues": [
          "COORDINATE_ROUNDED",
          "CONTINENT_DERIVED_FROM_COORDINATES",
          "TAXON_ID_NOT_FOUND"
        ],
        "media": [
          {
            "url": "https://inaturalist-open-data.s3.amazonaws.com/photos/58714221/original.jpg",
            "references": "https://www.inaturalist.org/photos/58714221",
            "title": null,
            "creator": "Leonardo O. Alvarado Cárdenas",
            "publisher": "iNaturalist",
            "license": "http://creativecommons.org/licenses/by/4.0/",
            "rightsHolder": "Leonardo O. Alvarado Cárdenas"
          },
          {
            "url": "https://inaturalist-open-data.s3.amazonaws.com/photos/58714210/original.jpg",
            "references": "https://www.inaturalist.org/photos/58714210",
            "title": null,
            "creator": "Leonardo O. Alvarado Cárdenas",
            "publisher": "iNaturalist",
            "license": "http://creativecommons.org/licenses/by/4.0/",
            "rightsHolder": "Leonardo O. Alvarado Cárdenas"
          },
          {
            "url": "https://inaturalist-open-data.s3.amazonaws.com/photos/58714227/original.jpg",
            "references": "https://www.inaturalist.org/photos/58714227",
            "title": null,
            "creator": "Leonardo O. Alvarado Cárdenas",
            "publisher": "iNaturalist",
            "license": "http://creativecommons.org/licenses/by/4.0/",
            "rightsHolder": "Leonardo O. Alvarado Cárdenas"
          },
          {
            "url": "https://inaturalist-open-data.s3.amazonaws.com/photos/58714231/original.jpg",
            "references": "https://www.inaturalist.org/photos/58714231",
            "title": null,
            "creator": "Leonardo O. Alvarado Cárdenas",
            "publisher": "iNaturalist",
            "license": "http://creativecommons.org/licenses/by/4.0/",
            "rightsHolder": "Leonardo O. Alvarado Cárdenas"
          }
        ]
      }
    },
    {
      "type": "Feature",
      "geometry": {
        "type": "Point",
        "coordinates": [
          -83.506923,
          10.448877
        ]
      },
      "properties": {
        "gbifID": "1805368776",
        "species": "Prestonia portobellensis",
        "genus": "Prestonia",
        "family": "Apocynaceae",
        "scientificName": "Prestonia portobellensis (Beurl.) Woodson",
        "coordinateUncertaintyInMeters": "210.0",
        "basisOfRecord": "HUMAN_OBSERVATION",
        "eventDate": "2006-04-22T17:34",
        "country": null,
        "datasetName": "iNaturalist research-grade observations",
        "publisher": "iNaturalist.org",
        "license": "CC_BY_NC_4_0",
        "issues": [
          "COORDINATE_ROUNDED",
          "CONTINENT_DERIVED_FROM_COORDINATES",
          "TAXON_ID_NOT_FOUND"
        ],
        "media": [
          {
            "url": "https://inaturalist-open-data.s3.amazonaws.com/photos/7439482/original.jpeg",
            "references": "https://www.inaturalist.org/photos/7439482",
            "title": null,
            "creator": "Mario",
            "publisher": "iNaturalist",
            "license": "http://creativecommons.org/licenses/by-nc/4.0/",
            "rightsHolder": "Mario"
          },
          {
            "url": "https://inaturalist-open-data.s3.amazonaws.com/photos/7439503/original.jpeg",
            "references": "https://www.inaturalist.org/photos/7439503",
            "title": null,
            "creator": "Mario",
            "publisher": "iNaturalist",
            "license": "http://creativecommons.org/licenses/by-nc/4.0/",
            "rightsHolder": "Mario"
          },
          {
            "url": "https://inaturalist-open-data.s3.amazonaws.com/photos/7439504/original.jpeg",
            "references": "https://www.inaturalist.org/photos/7439504",
            "title": null,
            "creator": "Mario",
            "publisher": "iNaturalist",
            "license": "http://creativecommons.org/licenses/by-nc/4.0/",
            "rightsHolder": "Mario"
          }
        ]
      }
    },
    {
      "type": "Feature",
      "geometry": {
        "type": "Point",
        "coordinates": [
          -79.703979,
          9.120256
        ]
      },
      "properties": {
        "gbifID": "4952544798",
        "species": "Prestonia portobellensis",
        "genus": "Prestonia",
        "family": "Apocynaceae",
        "scientificName": "Prestonia portobellensis (Beurl.) Woodson",
        "coordinateUncertaintyInMeters": "",
        "basisOfRecord": "HUMAN_OBSERVATION",
        "eventDate": "2024-06-15T09:18",
        "country": null,
        "datasetName": "iNaturalist research-grade observations",
        "publisher": "iNaturalist.org",
        "license": "CC_BY_NC_4_0",
        "issues": [
          "COORDINATE_ROUNDED",
          "CONTINENT_DERIVED_FROM_COORDINATES",
          "TAXON_ID_NOT_FOUND"
        ],
        "media": [
          {
            "url": "https://inaturalist-open-data.s3.amazonaws.com/photos/397294521/original.jpg",
            "references": "https://www.inaturalist.org/photos/397294521",
            "title": null,
            "creator": "patonsr",
            "publisher": "iNaturalist",
            "license": "http://creativecommons.org/licenses/by-nc/4.0/",
            "rightsHolder": "patonsr"
          }
        ]
      }
    },
    {
      "type": "Feature",
      "geometry": {
        "type": "Point",
        "coordinates": [
          -92.114464,
          17.25802
        ]
      },
      "properties": {
        "gbifID": "3860415738",
        "species": "Prestonia portobellensis",
        "genus": "Prestonia",
        "family": "Apocynaceae",
        "scientificName": "Prestonia portobellensis (Beurl.) Woodson",
        "coordinateUncertaintyInMeters": "24.0",
        "basisOfRecord": "HUMAN_OBSERVATION",
        "eventDate": "2022-05-28T10:07:10",
        "country": null,
        "datasetName": "iNaturalist research-grade observations",
        "publisher": "iNaturalist.org",
        "license": "CC_BY_4_0",
        "issues": [
          "COORDINATE_ROUNDED",
          "CONTINENT_DERIVED_FROM_COORDINATES",
          "TAXON_ID_NOT_FOUND"
        ],
        "media": [
          {
            "url": "https://inaturalist-open-data.s3.amazonaws.com/photos/201878441/original.jpg",
            "references": "https://www.inaturalist.org/photos/201878441",
            "title": null,
            "creator": "Skjold Søndergaard",
            "publisher": "iNaturalist",
            "license": "http://creativecommons.org/licenses/by/4.0/",
            "rightsHolder": "Skjold Søndergaard"
          },
          {
            "url": "https://inaturalist-open-data.s3.amazonaws.com/photos/201878470/original.jpg",
            "references": "https://www.inaturalist.org/photos/201878470",
            "title": null,
            "creator": "Skjold Søndergaard",
            "publisher": "iNaturalist",
            "license": "http://creativecommons.org/licenses/by/4.0/",
            "rightsHolder": "Skjold Søndergaard"
          }
        ]
      }
    },
    {
      "type": "Feature",
      "geometry": {
        "type": "Point",
        "coordinates": [
          -79.997616,
          9.32307
        ]
      },
      "properties": {
        "gbifID": "4121303443",
        "species": "Prestonia portobellensis",
        "genus": "Prestonia",
        "family": "Apocynaceae",
        "scientificName": "Prestonia portobellensis (Beurl.) Woodson",
        "coordinateUncertaintyInMeters": "4.0",
        "basisOfRecord": "HUMAN_OBSERVATION",
        "eventDate": "2014-07-29T08:37",
        "country": null,
        "datasetName": "iNaturalist research-grade observations",
        "publisher": "iNaturalist.org",
        "license": "CC_BY_NC_4_0",
        "issues": [
          "COORDINATE_ROUNDED",
          "CONTINENT_DERIVED_FROM_COORDINATES",
          "TAXON_ID_NOT_FOUND"
        ],
        "fallback_media": {
          "url": "https://d2jcv3kl45hlgi.cloudfront.net/3cbfc9b66d986725079a7d37a8f83225.jpg",
          "references": "http://specimens.kew.org/Herbarium/K006231299",
          "title": null,
          "creator": null,
          "publisher": null,
          "license": "http://creativecommons.org/licenses/by/4.0/",
          "rightsHolder": "Royal Botanic Gardens, Kew"
        }
      }
    },
    {
      "type": "Feature",
      "geometry": {
        "type": "Point",
        "coordinates": [
          -76.847585,
          7.602115
        ]
      },
      "properties": {
        "gbifID": "1123904673",
        "species": "Prestonia portobellensis",
        "genus": "Prestonia",
        "family": "Apocynaceae",
        "scientificName": "Prestonia portobellensis (Beurl.) Woodson",
        "coordinateUncertaintyInMeters": "15530.0",
        "basisOfRecord": "PRESERVED_SPECIMEN",
        "eventDate": "1984-02-27",
        "country": null,
        "datasetName": "",
        "publisher": "Universidad de Antioquia",
        "license": "CC0_1_0",
        "issues": [
          "COORDINATE_ROUNDED",
          "INSTITUTION_MATCH_FUZZY"
        ],
        "fallback_media": {
          "url": "https://d2jcv3kl45hlgi.cloudfront.net/3cbfc9b66d986725079a7d37a8f83225.jpg",
          "references": "http://specimens.kew.org/Herbarium/K006231299",
          "title": null,
          "creator": null,
          "publisher": null,
          "license": "http://creativecommons.org/licenses/by/4.0/",
          "rightsHolder": "Royal Botanic Gardens, Kew"
        }
      }
    },
    {
      "type": "Feature",
      "geometry": {
        "type": "Point",
        "coordinates": [
          -75.28789,
          7.80146
        ]
      },
      "properties": {
        "gbifID": "1123908791",
        "species": "Prestonia portobellensis",
        "genus": "Prestonia",
        "family": "Apocynaceae",
        "scientificName": "Prestonia portobellensis (Beurl.) Woodson",
        "coordinateUncertaintyInMeters": "8252.0",
        "basisOfRecord": "PRESERVED_SPECIMEN",
        "eventDate": "1988-02-21",
        "country": null,
        "datasetName": "",
        "publisher": "Universidad de Antioquia",
        "license": "CC0_1_0",
        "issues": [
          "INSTITUTION_MATCH_FUZZY"
        ],
        "fallback_media": {
          "url": "https://d2jcv3kl45hlgi.cloudfront.net/3cbfc9b66d986725079a7d37a8f83225.jpg",
          "references": "http://specimens.kew.org/Herbarium/K006231299",
          "title": null,
          "creator": null,
          "publisher": null,
          "license": "http://creativecommons.org/licenses/by/4.0/",
          "rightsHolder": "Royal Botanic Gardens, Kew"
        }
      }
    },
    {
      "type": "Feature",
      "geometry": {
        "type": "Point",
        "coordinates": [
          -77.162414,
          8.410207
        ]
      },
      "properties": {
        "gbifID": "1123910868",
        "species": "Prestonia portobellensis",
        "genus": "Prestonia",
        "family": "Apocynaceae",
        "scientificName": "Prestonia portobellensis (Beurl.) Woodson",
        "coordinateUncertaintyInMeters": "4740.0",
        "basisOfRecord": "PRESERVED_SPECIMEN",
        "eventDate": "1989-05-21",
        "country": null,
        "datasetName": "",
        "publisher": "Universidad de Antioquia",
        "license": "CC0_1_0",
        "issues": [
          "COORDINATE_ROUNDED",
          "INSTITUTION_MATCH_FUZZY"
        ],
        "fallback_media": {
          "url": "https://d2jcv3kl45hlgi.cloudfront.net/3cbfc9b66d986725079a7d37a8f83225.jpg",
          "references": "http://specimens.kew.org/Herbarium/K006231299",
          "title": null,
          "creator": null,
          "publisher": null,
          "license": "http://creativecommons.org/licenses/by/4.0/",
          "rightsHolder": "Royal Botanic Gardens, Kew"
        }
      }
    },
    {
      "type": "Feature",
      "geometry": {
        "type": "Point",
        "coordinates": [
          -77.332915,
          5.986938
        ]
      },
      "properties": {
        "gbifID": "1123914750",
        "species": "Prestonia portobellensis",
        "genus": "Prestonia",
        "family": "Apocynaceae",
        "scientificName": "Prestonia portobellensis (Beurl.) Woodson",
        "coordinateUncertaintyInMeters": "1430.0",
        "basisOfRecord": "PRESERVED_SPECIMEN",
        "eventDate": "1991-12-25",
        "country": null,
        "datasetName": "",
        "publisher": "Universidad de Antioquia",
        "license": "CC0_1_0",
        "issues": [
          "COORDINATE_ROUNDED",
          "INSTITUTION_MATCH_FUZZY"
        ],
        "fallback_media": {
          "url": "https://d2jcv3kl45hlgi.cloudfront.net/3cbfc9b66d986725079a7d37a8f83225.jpg",
          "references": "http://specimens.kew.org/Herbarium/K006231299",
          "title": null,
          "creator": null,
          "publisher": null,
          "license": "http://creativecommons.org/licenses/by/4.0/",
          "rightsHolder": "Royal Botanic Gardens, Kew"
        }
      }
    },
    {
      "type": "Feature",
      "geometry": {
        "type": "Point",
        "coordinates": [
          -77.33817,
          6.39733
        ]
      },
      "properties": {
        "gbifID": "1123891340",
        "species": "Prestonia portobellensis",
        "genus": "Prestonia",
        "family": "Apocynaceae",
        "scientificName": "Prestonia portobellensis (Beurl.) Woodson",
        "coordinateUncertaintyInMeters": "45981.0",
        "basisOfRecord": "PRESERVED_SPECIMEN",
        "eventDate": "2003-04-14",
        "country": null,
        "datasetName": "",
        "publisher": "Universidad de Antioquia",
        "license": "CC0_1_0",
        "issues": [
          "INSTITUTION_MATCH_FUZZY"
        ],
        "fallback_media": {
          "url": "https://d2jcv3kl45hlgi.cloudfront.net/3cbfc9b66d986725079a7d37a8f83225.jpg",
          "references": "http://specimens.kew.org/Herbarium/K006231299",
          "title": null,
          "creator": null,
          "publisher": null,
          "license": "http://creativecommons.org/licenses/by/4.0/",
          "rightsHolder": "Royal Botanic Gardens, Kew"
        }
      }
    },
    {
      "type": "Feature",
      "geometry": {
        "type": "Point",
        "coordinates": [
          -77.14359,
          8.28651
        ]
      },
      "properties": {
        "gbifID": "1123891539",
        "species": "Prestonia portobellensis",
        "genus": "Prestonia",
        "family": "Apocynaceae",
        "scientificName": "Prestonia portobellensis (Beurl.) Woodson",
        "coordinateUncertaintyInMeters": "411.0",
        "basisOfRecord": "PRESERVED_SPECIMEN",
        "eventDate": "2000-04-03",
        "country": null,
        "datasetName": "",
        "publisher": "Universidad de Antioquia",
        "license": "CC0_1_0",
        "issues": [
          "INSTITUTION_MATCH_FUZZY"
        ],
        "fallback_media": {
          "url": "https://d2jcv3kl45hlgi.cloudfront.net/3cbfc9b66d986725079a7d37a8f83225.jpg",
          "references": "http://specimens.kew.org/Herbarium/K006231299",
          "title": null,
          "creator": null,
          "publisher": null,
          "license": "http://creativecommons.org/licenses/by/4.0/",
          "rightsHolder": "Royal Botanic Gardens, Kew"
        }
      }
    },
    {
      "type": "Feature",
      "geometry": {
        "type": "Point",
        "coordinates": [
          -75.166667,
          6.25
        ]
      },
      "properties": {
        "gbifID": "1123903248",
        "species": "Prestonia portobellensis",
        "genus": "Prestonia",
        "family": "Apocynaceae",
        "scientificName": "Prestonia portobellensis (Beurl.) Woodson",
        "coordinateUncertaintyInMeters": "6468.0",
        "basisOfRecord": "PRESERVED_SPECIMEN",
        "eventDate": "1985-04-19",
        "country": null,
        "datasetName": "",
        "publisher": "Universidad de Antioquia",
        "license": "CC0_1_0",
        "issues": [
          "COORDINATE_ROUNDED",
          "INSTITUTION_MATCH_FUZZY"
        ],
        "fallback_media": {
          "url": "https://d2jcv3kl45hlgi.cloudfront.net/3cbfc9b66d986725079a7d37a8f83225.jpg",
          "references": "http://specimens.kew.org/Herbarium/K006231299",
          "title": null,
          "creator": null,
          "publisher": null,
          "license": "http://creativecommons.org/licenses/by/4.0/",
          "rightsHolder": "Royal Botanic Gardens, Kew"
        }
      }
    },
    {
      "type": "Feature",
      "geometry": {
        "type": "Point",
        "coordinates": [
          -74.849556,
          5.93631
        ]
      },
      "properties": {
        "gbifID": "1123904838",
        "species": "Prestonia portobellensis",
        "genus": "Prestonia",
        "family": "Apocynaceae",
        "scientificName": "Prestonia portobellensis (Beurl.) Woodson",
        "coordinateUncertaintyInMeters": "1031.0",
        "basisOfRecord": "PRESERVED_SPECIMEN",
        "eventDate": "1984-04-30",
        "country": null,
        "datasetName": "",
        "publisher": "Universidad de Antioquia",
        "license": "CC0_1_0",
        "issues": [
          "COORDINATE_ROUNDED",
          "INSTITUTION_MATCH_FUZZY"
        ],
        "fallback_media": {
          "url": "https://d2jcv3kl45hlgi.cloudfront.net/3cbfc9b66d986725079a7d37a8f83225.jpg",
          "references": "http://specimens.kew.org/Herbarium/K006231299",
          "title": null,
          "creator": null,
          "publisher": null,
          "license": "http://creativecommons.org/licenses/by/4.0/",
          "rightsHolder": "Royal Botanic Gardens, Kew"
        }
      }
    },
    {
      "type": "Feature",
      "geometry": {
        "type": "Point",
        "coordinates": [
          -76.293614,
          7.017414
        ]
      },
      "properties": {
        "gbifID": "1123906993",
        "species": "Prestonia portobellensis",
        "genus": "Prestonia",
        "family": "Apocynaceae",
        "scientificName": "Prestonia portobellensis (Beurl.) Woodson",
        "coordinateUncertaintyInMeters": "3668.0",
        "basisOfRecord": "PRESERVED_SPECIMEN",
        "eventDate": "1987-07-30",
        "country": null,
        "datasetName": "",
        "publisher": "Universidad de Antioquia",
        "license": "CC0_1_0",
        "issues": [
          "COORDINATE_ROUNDED",
          "INSTITUTION_MATCH_FUZZY"
        ],
        "fallback_media": {
          "url": "https://d2jcv3kl45hlgi.cloudfront.net/3cbfc9b66d986725079a7d37a8f83225.jpg",
          "references": "http://specimens.kew.org/Herbarium/K006231299",
          "title": null,
          "creator": null,
          "publisher": null,
          "license": "http://creativecommons.org/licenses/by/4.0/",
          "rightsHolder": "Royal Botanic Gardens, Kew"
        }
      }
    },
    {
      "type": "Feature",
      "geometry": {
        "type": "Point",
        "coordinates": [
          -77.212338,
          8.449902
        ]
      },
      "properties": {
        "gbifID": "1123912411",
        "species": "Prestonia portobellensis",
        "genus": "Prestonia",
        "family": "Apocynaceae",
        "scientificName": "Prestonia portobellensis (Beurl.) Woodson",
        "coordinateUncertaintyInMeters": "5027.0",
        "basisOfRecord": "PRESERVED_SPECIMEN",
        "eventDate": "1990-04-11",
        "country": null,
        "datasetName": "",
        "publisher": "Universidad de Antioquia",
        "license": "CC0_1_0",
        "issues": [
          "COORDINATE_ROUNDED",
          "INSTITUTION_MATCH_FUZZY"
        ],
        "fallback_media": {
          "url": "https://d2jcv3kl45hlgi.cloudfront.net/3cbfc9b66d986725079a7d37a8f83225.jpg",
          "references": "http://specimens.kew.org/Herbarium/K006231299",
          "title": null,
          "creator": null,
          "publisher": null,
          "license": "http://creativecommons.org/licenses/by/4.0/",
          "rightsHolder": "Royal Botanic Gardens, Kew"
        }
      }
    },
    {
      "type": "Feature",
      "geometry": {
        "type": "Point",
        "coordinates": [
          -77.43474,
          6.109825
        ]
      },
      "properties": {
        "gbifID": "1123913093",
        "species": "Prestonia portobellensis",
        "genus": "Prestonia",
        "family": "Apocynaceae",
        "scientificName": "Prestonia portobellensis (Beurl.) Woodson",
        "coordinateUncertaintyInMeters": "1030.0",
        "basisOfRecord": "PRESERVED_SPECIMEN",
        "eventDate": "1989-04-15",
        "country": null,
        "datasetName": "",
        "publisher": "Universidad de Antioquia",
        "license": "CC0_1_0",
        "issues": [
          "COORDINATE_ROUNDED",
          "INSTITUTION_MATCH_FUZZY"
        ],
        "fallback_media": {
          "url": "https://d2jcv3kl45hlgi.cloudfront.net/3cbfc9b66d986725079a7d37a8f83225.jpg",
          "references": "http://specimens.kew.org/Herbarium/K006231299",
          "title": null,
          "creator": null,
          "publisher": null,
          "license": "http://creativecommons.org/licenses/by/4.0/",
          "rightsHolder": "Royal Botanic Gardens, Kew"
        }
      }
    },
    {
      "type": "Feature",
      "geometry": {
        "type": "Point",
        "coordinates": [
          -77.387498,
          6.092978
        ]
      },
      "properties": {
        "gbifID": "1123913144",
        "species": "Prestonia portobellensis",
        "genus": "Prestonia",
        "family": "Apocynaceae",
        "scientificName": "Prestonia portobellensis (Beurl.) Woodson",
        "coordinateUncertaintyInMeters": "2891.0",
        "basisOfRecord": "PRESERVED_SPECIMEN",
        "eventDate": "1989-04-16",
        "country": null,
        "datasetName": "",
        "publisher": "Universidad de Antioquia",
        "license": "CC0_1_0",
        "issues": [
          "COORDINATE_ROUNDED",
          "INSTITUTION_MATCH_FUZZY"
        ],
        "fallback_media": {
          "url": "https://d2jcv3kl45hlgi.cloudfront.net/3cbfc9b66d986725079a7d37a8f83225.jpg",
          "references": "http://specimens.kew.org/Herbarium/K006231299",
          "title": null,
          "creator": null,
          "publisher": null,
          "license": "http://creativecommons.org/licenses/by/4.0/",
          "rightsHolder": "Royal Botanic Gardens, Kew"
        }
      }
    },
    {
      "type": "Feature",
      "geometry": {
        "type": "Point",
        "coordinates": [
          -76.766667,
          8.276667
        ]
      },
      "properties": {
        "gbifID": "1123917681",
        "species": "Prestonia portobellensis",
        "genus": "Prestonia",
        "family": "Apocynaceae",
        "scientificName": "Prestonia portobellensis (Beurl.) Woodson",
        "coordinateUncertaintyInMeters": "1328.0",
        "basisOfRecord": "PRESERVED_SPECIMEN",
        "eventDate": "1992-08-15",
        "country": null,
        "datasetName": "",
        "publisher": "Universidad de Antioquia",
        "license": "CC0_1_0",
        "issues": [
          "COORDINATE_ROUNDED",
          "INSTITUTION_MATCH_FUZZY"
        ],
        "fallback_media": {
          "url": "https://d2jcv3kl45hlgi.cloudfront.net/3cbfc9b66d986725079a7d37a8f83225.jpg",
          "references": "http://specimens.kew.org/Herbarium/K006231299",
          "title": null,
          "creator": null,
          "publisher": null,
          "license": "http://creativecommons.org/licenses/by/4.0/",
          "rightsHolder": "Royal Botanic Gardens, Kew"
        }
      }
    },
    {
      "type": "Feature",
      "geometry": {
        "type": "Point",
        "coordinates": [
          -74.032167,
          10.875422
        ]
      },
      "properties": {
        "gbifID": "1123902091",
        "species": "Prestonia portobellensis",
        "genus": "Prestonia",
        "family": "Apocynaceae",
        "scientificName": "Prestonia portobellensis (Beurl.) Woodson",
        "coordinateUncertaintyInMeters": "2230.0",
        "basisOfRecord": "PRESERVED_SPECIMEN",
        "eventDate": "1983-05-10",
        "country": null,
        "datasetName": "",
        "publisher": "Universidad de Antioquia",
        "license": "CC0_1_0",
        "issues": [
          "COORDINATE_ROUNDED",
          "INSTITUTION_MATCH_FUZZY"
        ],
        "fallback_media": {
          "url": "https://d2jcv3kl45hlgi.cloudfront.net/3cbfc9b66d986725079a7d37a8f83225.jpg",
          "references": "http://specimens.kew.org/Herbarium/K006231299",
          "title": null,
          "creator": null,
          "publisher": null,
          "license": "http://creativecommons.org/licenses/by/4.0/",
          "rightsHolder": "Royal Botanic Gardens, Kew"
        }
      }
    },
    {
      "type": "Feature",
      "geometry": {
        "type": "Point",
        "coordinates": [
          -75.003247,
          6.038224
        ]
      },
      "properties": {
        "gbifID": "1123913321",
        "species": "Prestonia portobellensis",
        "genus": "Prestonia",
        "family": "Apocynaceae",
        "scientificName": "Prestonia portobellensis (Beurl.) Woodson",
        "coordinateUncertaintyInMeters": "1134.0",
        "basisOfRecord": "PRESERVED_SPECIMEN",
        "eventDate": "1987-07-30",
        "country": null,
        "datasetName": "",
        "publisher": "Universidad de Antioquia",
        "license": "CC0_1_0",
        "issues": [
          "COORDINATE_ROUNDED",
          "INSTITUTION_MATCH_FUZZY"
        ],
        "fallback_media": {
          "url": "https://d2jcv3kl45hlgi.cloudfront.net/3cbfc9b66d986725079a7d37a8f83225.jpg",
          "references": "http://specimens.kew.org/Herbarium/K006231299",
          "title": null,
          "creator": null,
          "publisher": null,
          "license": "http://creativecommons.org/licenses/by/4.0/",
          "rightsHolder": "Royal Botanic Gardens, Kew"
        }
      }
    },
    {
      "type": "Feature",
      "geometry": {
        "type": "Point",
        "coordinates": [
          -74.516667,
          6.65
        ]
      },
      "properties": {
        "gbifID": "1123913082",
        "species": "Prestonia portobellensis",
        "genus": "Prestonia",
        "family": "Apocynaceae",
        "scientificName": "Prestonia portobellensis (Beurl.) Woodson",
        "coordinateUncertaintyInMeters": "15726.0",
        "basisOfRecord": "PRESERVED_SPECIMEN",
        "eventDate": "1990-03-06",
        "country": null,
        "datasetName": "",
        "publisher": "Universidad de Antioquia",
        "license": "CC0_1_0",
        "issues": [
          "COORDINATE_ROUNDED",
          "INSTITUTION_MATCH_FUZZY"
        ],
        "fallback_media": {
          "url": "https://d2jcv3kl45hlgi.cloudfront.net/3cbfc9b66d986725079a7d37a8f83225.jpg",
          "references": "http://specimens.kew.org/Herbarium/K006231299",
          "title": null,
          "creator": null,
          "publisher": null,
          "license": "http://creativecommons.org/licenses/by/4.0/",
          "rightsHolder": "Royal Botanic Gardens, Kew"
        }
      }
    },
    {
      "type": "Feature",
      "geometry": {
        "type": "Point",
        "coordinates": [
          -77.134131,
          8.386193
        ]
      },
      "properties": {
        "gbifID": "1123897626",
        "species": "Prestonia portobellensis",
        "genus": "Prestonia",
        "family": "Apocynaceae",
        "scientificName": "Prestonia portobellensis (Beurl.) Woodson",
        "coordinateUncertaintyInMeters": "2578.0",
        "basisOfRecord": "PRESERVED_SPECIMEN",
        "eventDate": "2010-06-14",
        "country": null,
        "datasetName": "",
        "publisher": "Universidad de Antioquia",
        "license": "CC0_1_0",
        "issues": [
          "COORDINATE_ROUNDED",
          "INSTITUTION_MATCH_FUZZY"
        ],
        "fallback_media": {
          "url": "https://d2jcv3kl45hlgi.cloudfront.net/3cbfc9b66d986725079a7d37a8f83225.jpg",
          "references": "http://specimens.kew.org/Herbarium/K006231299",
          "title": null,
          "creator": null,
          "publisher": null,
          "license": "http://creativecommons.org/licenses/by/4.0/",
          "rightsHolder": "Royal Botanic Gardens, Kew"
        }
      }
    },
    {
      "type": "Feature",
      "geometry": {
        "type": "Point",
        "coordinates": [
          -75.31278,
          7.444985
        ]
      },
      "properties": {
        "gbifID": "1123909370",
        "species": "Prestonia portobellensis",
        "genus": "Prestonia",
        "family": "Apocynaceae",
        "scientificName": "Prestonia portobellensis (Beurl.) Woodson",
        "coordinateUncertaintyInMeters": "4393.0",
        "basisOfRecord": "PRESERVED_SPECIMEN",
        "eventDate": "1977-04-23",
        "country": null,
        "datasetName": "",
        "publisher": "Universidad de Antioquia",
        "license": "CC0_1_0",
        "issues": [
          "INSTITUTION_MATCH_FUZZY"
        ],
        "fallback_media": {
          "url": "https://d2jcv3kl45hlgi.cloudfront.net/3cbfc9b66d986725079a7d37a8f83225.jpg",
          "references": "http://specimens.kew.org/Herbarium/K006231299",
          "title": null,
          "creator": null,
          "publisher": null,
          "license": "http://creativecommons.org/licenses/by/4.0/",
          "rightsHolder": "Royal Botanic Gardens, Kew"
        }
      }
    },
    {
      "type": "Feature",
      "geometry": {
        "type": "Point",
        "coordinates": [
          -74.595,
          7.2866
        ]
      },
      "properties": {
        "gbifID": "1123914751",
        "species": "Prestonia portobellensis",
        "genus": "Prestonia",
        "family": "Apocynaceae",
        "scientificName": "Prestonia portobellensis (Beurl.) Woodson",
        "coordinateUncertaintyInMeters": "35931.0",
        "basisOfRecord": "PRESERVED_SPECIMEN",
        "eventDate": "1979-07-21",
        "country": null,
        "datasetName": "",
        "publisher": "Universidad de Antioquia",
        "license": "CC0_1_0",
        "issues": [
          "INSTITUTION_MATCH_FUZZY"
        ],
        "fallback_media": {
          "url": "https://d2jcv3kl45hlgi.cloudfront.net/3cbfc9b66d986725079a7d37a8f83225.jpg",
          "references": "http://specimens.kew.org/Herbarium/K006231299",
          "title": null,
          "creator": null,
          "publisher": null,
          "license": "http://creativecommons.org/licenses/by/4.0/",
          "rightsHolder": "Royal Botanic Gardens, Kew"
        }
      }
    },
    {
      "type": "Feature",
      "geometry": {
        "type": "Point",
        "coordinates": [
          -83.711466,
          10.922651
        ]
      },
      "properties": {
        "gbifID": "6195918789",
        "species": "Prestonia portobellensis",
        "genus": "Prestonia",
        "family": "Apocynaceae",
        "scientificName": "Prestonia portobellensis (Beurl.) Woodson",
        "coordinateUncertaintyInMeters": "153.0",
        "basisOfRecord": "HUMAN_OBSERVATION",
        "eventDate": "2026-04-08T15:31:18",
        "country": null,
        "datasetName": "iNaturalist research-grade observations",
        "publisher": "iNaturalist.org",
        "license": "CC_BY_NC_4_0",
        "issues": [
          "COORDINATE_ROUNDED",
          "CONTINENT_DERIVED_FROM_COORDINATES",
          "TAXON_ID_NOT_FOUND"
        ],
        "media": [
          {
            "url": "https://inaturalist-open-data.s3.amazonaws.com/photos/637753392/original.jpg",
            "references": "https://www.inaturalist.org/photos/637753392",
            "title": null,
            "creator": "Ariel Salinas Seq.",
            "publisher": "iNaturalist",
            "license": "http://creativecommons.org/licenses/by-nc/4.0/",
            "rightsHolder": "Ariel Salinas Seq."
          },
          {
            "url": "https://inaturalist-open-data.s3.amazonaws.com/photos/637753458/original.jpg",
            "references": "https://www.inaturalist.org/photos/637753458",
            "title": null,
            "creator": "Ariel Salinas Seq.",
            "publisher": "iNaturalist",
            "license": "http://creativecommons.org/licenses/by-nc/4.0/",
            "rightsHolder": "Ariel Salinas Seq."
          }
        ]
      }
    },
    {
      "type": "Feature",
      "geometry": {
        "type": "Point",
        "coordinates": [
          -93.925594,
          18.064212
        ]
      },
      "properties": {
        "gbifID": "5007529905",
        "species": "Prestonia portobellensis",
        "genus": "Prestonia",
        "family": "Apocynaceae",
        "scientificName": "Prestonia portobellensis (Beurl.) Woodson",
        "coordinateUncertaintyInMeters": "8.0",
        "basisOfRecord": "HUMAN_OBSERVATION",
        "eventDate": "2024-12-13T13:59",
        "country": null,
        "datasetName": "iNaturalist research-grade observations",
        "publisher": "iNaturalist.org",
        "license": "CC_BY_4_0",
        "issues": [
          "COORDINATE_ROUNDED",
          "CONTINENT_DERIVED_FROM_COORDINATES",
          "TAXON_ID_NOT_FOUND"
        ],
        "media": [
          {
            "url": "https://inaturalist-open-data.s3.amazonaws.com/photos/457790908/original.jpeg",
            "references": "https://www.inaturalist.org/photos/457790908",
            "title": null,
            "creator": "Alexis López Hernández",
            "publisher": "iNaturalist",
            "license": "http://creativecommons.org/licenses/by/4.0/",
            "rightsHolder": "Alexis López Hernández"
          },
          {
            "url": "https://inaturalist-open-data.s3.amazonaws.com/photos/457793860/original.jpeg",
            "references": "https://www.inaturalist.org/photos/457793860",
            "title": null,
            "creator": "Alexis López Hernández",
            "publisher": "iNaturalist",
            "license": "http://creativecommons.org/licenses/by/4.0/",
            "rightsHolder": "Alexis López Hernández"
          },
          {
            "url": "https://inaturalist-open-data.s3.amazonaws.com/photos/457793863/original.jpeg",
            "references": "https://www.inaturalist.org/photos/457793863",
            "title": null,
            "creator": "Alexis López Hernández",
            "publisher": "iNaturalist",
            "license": "http://creativecommons.org/licenses/by/4.0/",
            "rightsHolder": "Alexis López Hernández"
          },
          {
            "url": "https://inaturalist-open-data.s3.amazonaws.com/photos/457793865/original.jpeg",
            "references": "https://www.inaturalist.org/photos/457793865",
            "title": null,
            "creator": "Alexis López Hernández",
            "publisher": "iNaturalist",
            "license": "http://creativecommons.org/licenses/by/4.0/",
            "rightsHolder": "Alexis López Hernández"
          },
          {
            "url": "https://inaturalist-open-data.s3.amazonaws.com/photos/457793869/original.jpeg",
            "references": "https://www.inaturalist.org/photos/457793869",
            "title": null,
            "creator": "Alexis López Hernández",
            "publisher": "iNaturalist",
            "license": "http://creativecommons.org/licenses/by/4.0/",
            "rightsHolder": "Alexis López Hernández"
          },
          {
            "url": "https://inaturalist-open-data.s3.amazonaws.com/photos/457793868/original.jpeg",
            "references": "https://www.inaturalist.org/photos/457793868",
            "title": null,
            "creator": "Alexis López Hernández",
            "publisher": "iNaturalist",
            "license": "http://creativecommons.org/licenses/by/4.0/",
            "rightsHolder": "Alexis López Hernández"
          }
        ]
      }
    },
    {
      "type": "Feature",
      "geometry": {
        "type": "Point",
        "coordinates": [
          -84.265277,
          9.741667
        ]
      },
      "properties": {
        "gbifID": "4977545544",
        "species": "Prestonia portobellensis",
        "genus": "Prestonia",
        "family": "Apocynaceae",
        "scientificName": "Prestonia portobellensis (Beurl.) Woodson",
        "coordinateUncertaintyInMeters": "",
        "basisOfRecord": "PRESERVED_SPECIMEN",
        "eventDate": "1996-07-28T00:00",
        "country": null,
        "datasetName": "",
        "publisher": "Royal Botanic Gardens, Kew",
        "license": "CC_BY_4_0",
        "issues": [
          "COORDINATE_ROUNDED",
          "GEODETIC_DATUM_ASSUMED_WGS84",
          "CONTINENT_DERIVED_FROM_COORDINATES",
          "INSTITUTION_MATCH_FUZZY",
          "INSTITUTION_COLLECTION_MISMATCH"
        ],
        "media": [
          {
            "url": "https://d2jcv3kl45hlgi.cloudfront.net/3cbfc9b66d986725079a7d37a8f83225.jpg",
            "references": "http://specimens.kew.org/Herbarium/K006231299",
            "title": null,
            "creator": null,
            "publisher": null,
            "license": "http://creativecommons.org/licenses/by/4.0/",
            "rightsHolder": "Royal Botanic Gardens, Kew"
          },
          {
            "url": "https://d2jcv3kl45hlgi.cloudfront.net/af3dfdbee57e4c4cfc37cbaa853d30b5.jpg",
            "references": "http://specimens.kew.org/Herbarium/K006231299",
            "title": null,
            "creator": null,
            "publisher": null,
            "license": "http://creativecommons.org/licenses/by/4.0/",
            "rightsHolder": "Royal Botanic Gardens, Kew"
          }
        ]
      }
    },
    {
      "type": "Feature",
      "geometry": {
        "type": "Point",
        "coordinates": [
          -82.622222,
          9.625
        ]
      },
      "properties": {
        "gbifID": "4977565046",
        "species": "Prestonia portobellensis",
        "genus": "Prestonia",
        "family": "Apocynaceae",
        "scientificName": "Prestonia portobellensis (Beurl.) Woodson",
        "coordinateUncertaintyInMeters": "",
        "basisOfRecord": "PRESERVED_SPECIMEN",
        "eventDate": "2000-11-14T00:00",
        "country": null,
        "datasetName": "",
        "publisher": "Royal Botanic Gardens, Kew",
        "license": "CC_BY_4_0",
        "issues": [
          "COORDINATE_ROUNDED",
          "GEODETIC_DATUM_ASSUMED_WGS84",
          "CONTINENT_DERIVED_FROM_COORDINATES",
          "INSTITUTION_MATCH_FUZZY",
          "INSTITUTION_COLLECTION_MISMATCH"
        ],
        "media": [
          {
            "url": "https://d2jcv3kl45hlgi.cloudfront.net/deee3988d8fe88241d6d0775bb1cf362.jpg",
            "references": "http://specimens.kew.org/Herbarium/K006231302",
            "title": null,
            "creator": null,
            "publisher": null,
            "license": "http://creativecommons.org/licenses/by/4.0/",
            "rightsHolder": "Royal Botanic Gardens, Kew"
          }
        ]
      }
    },
    {
      "type": "Feature",
      "geometry": {
        "type": "Point",
        "coordinates": [
          -84.334722,
          9.702778
        ]
      },
      "properties": {
        "gbifID": "4977587541",
        "species": "Prestonia portobellensis",
        "genus": "Prestonia",
        "family": "Apocynaceae",
        "scientificName": "Prestonia portobellensis (Beurl.) Woodson",
        "coordinateUncertaintyInMeters": "",
        "basisOfRecord": "PRESERVED_SPECIMEN",
        "eventDate": "1994-03-03T00:00",
        "country": null,
        "datasetName": "",
        "publisher": "Royal Botanic Gardens, Kew",
        "license": "CC_BY_4_0",
        "issues": [
          "COORDINATE_ROUNDED",
          "GEODETIC_DATUM_ASSUMED_WGS84",
          "CONTINENT_DERIVED_FROM_COORDINATES",
          "INSTITUTION_MATCH_FUZZY",
          "INSTITUTION_COLLECTION_MISMATCH"
        ],
        "media": [
          {
            "url": "https://d2jcv3kl45hlgi.cloudfront.net/6bd3a7656514d1775a7ce3094d09d66a.jpg",
            "references": "http://specimens.kew.org/Herbarium/K006231300",
            "title": null,
            "creator": null,
            "publisher": null,
            "license": "http://creativecommons.org/licenses/by/4.0/",
            "rightsHolder": "Royal Botanic Gardens, Kew"
          }
        ]
      }
    },
    {
      "type": "Feature",
      "geometry": {
        "type": "Point",
        "coordinates": [
          -83.65,
          10.691667
        ]
      },
      "properties": {
        "gbifID": "4977553083",
        "species": "Prestonia portobellensis",
        "genus": "Prestonia",
        "family": "Apocynaceae",
        "scientificName": "Prestonia portobellensis (Beurl.) Woodson",
        "coordinateUncertaintyInMeters": "",
        "basisOfRecord": "PRESERVED_SPECIMEN",
        "eventDate": "1995-07-24T00:00",
        "country": null,
        "datasetName": "",
        "publisher": "Royal Botanic Gardens, Kew",
        "license": "CC_BY_4_0",
        "issues": [
          "COORDINATE_ROUNDED",
          "GEODETIC_DATUM_ASSUMED_WGS84",
          "CONTINENT_DERIVED_FROM_COORDINATES",
          "INSTITUTION_MATCH_FUZZY",
          "INSTITUTION_COLLECTION_MISMATCH"
        ],
        "media": [
          {
            "url": "https://d2jcv3kl45hlgi.cloudfront.net/4ab521e27b3f8cc9303afe83a234132a.jpg",
            "references": "http://specimens.kew.org/Herbarium/K006231301",
            "title": null,
            "creator": null,
            "publisher": null,
            "license": "http://creativecommons.org/licenses/by/4.0/",
            "rightsHolder": "Royal Botanic Gardens, Kew"
          },
          {
            "url": "https://d2jcv3kl45hlgi.cloudfront.net/c52d5d45ce357a22d74431ceb7631578.jpg",
            "references": "http://specimens.kew.org/Herbarium/K006231301",
            "title": null,
            "creator": null,
            "publisher": null,
            "license": "http://creativecommons.org/licenses/by/4.0/",
            "rightsHolder": "Royal Botanic Gardens, Kew"
          }
        ]
      }
    },
    {
      "type": "Feature",
      "geometry": {
        "type": "Point",
        "coordinates": [
          -84.563889,
          9.772222
        ]
      },
      "properties": {
        "gbifID": "4977571001",
        "species": "Prestonia portobellensis",
        "genus": "Prestonia",
        "family": "Apocynaceae",
        "scientificName": "Prestonia portobellensis (Beurl.) Woodson",
        "coordinateUncertaintyInMeters": "",
        "basisOfRecord": "PRESERVED_SPECIMEN",
        "eventDate": "1991-11-25T00:00",
        "country": null,
        "datasetName": "",
        "publisher": "Royal Botanic Gardens, Kew",
        "license": "CC_BY_4_0",
        "issues": [
          "COORDINATE_ROUNDED",
          "GEODETIC_DATUM_ASSUMED_WGS84",
          "CONTINENT_DERIVED_FROM_COORDINATES",
          "INSTITUTION_MATCH_FUZZY",
          "INSTITUTION_COLLECTION_MISMATCH"
        ],
        "media": [
          {
            "url": "https://d2jcv3kl45hlgi.cloudfront.net/a7e73d9e56ef173f99025d493c55bd9e.jpg",
            "references": "http://specimens.kew.org/Herbarium/K006231298",
            "title": null,
            "creator": null,
            "publisher": null,
            "license": "http://creativecommons.org/licenses/by/4.0/",
            "rightsHolder": "Royal Botanic Gardens, Kew"
          }
        ]
      }
    },
    {
      "type": "Feature",
      "geometry": {
        "type": "Point",
        "coordinates": [
          -87.455801,
          15.763225
        ]
      },
      "properties": {
        "gbifID": "5844621542",
        "species": "Prestonia portobellensis",
        "genus": "Prestonia",
        "family": "Apocynaceae",
        "scientificName": "Prestonia portobellensis (Beurl.) Woodson",
        "coordinateUncertaintyInMeters": "4.0",
        "basisOfRecord": "HUMAN_OBSERVATION",
        "eventDate": "2019-09-17T10:42",
        "country": null,
        "datasetName": "iNaturalist research-grade observations",
        "publisher": "iNaturalist.org",
        "license": "CC_BY_NC_4_0",
        "issues": [
          "COORDINATE_ROUNDED",
          "CONTINENT_DERIVED_FROM_COORDINATES",
          "TAXON_ID_NOT_FOUND"
        ],
        "media": [
          {
            "url": "https://inaturalist-open-data.s3.amazonaws.com/photos/52597684/original.jpeg",
            "references": "https://www.inaturalist.org/photos/52597684",
            "title": null,
            "creator": "delmer jonathan",
            "publisher": "iNaturalist",
            "license": "http://creativecommons.org/licenses/by-nc/4.0/",
            "rightsHolder": "delmer jonathan"
          }
        ]
      }
    },
    {
      "type": "Feature",
      "geometry": {
        "type": "Point",
        "coordinates": [
          -79.645322,
          9.062879
        ]
      },
      "properties": {
        "gbifID": "5897158888",
        "species": "Prestonia portobellensis",
        "genus": "Prestonia",
        "family": "Apocynaceae",
        "scientificName": "Prestonia portobellensis (Beurl.) Woodson",
        "coordinateUncertaintyInMeters": "209.0",
        "basisOfRecord": "HUMAN_OBSERVATION",
        "eventDate": "2025-10-14T10:28",
        "country": null,
        "datasetName": "iNaturalist research-grade observations",
        "publisher": "iNaturalist.org",
        "license": "CC_BY_NC_4_0",
        "issues": [
          "COORDINATE_ROUNDED",
          "CONTINENT_DERIVED_FROM_COORDINATES",
          "TAXON_ID_NOT_FOUND"
        ],
        "media": [
          {
            "url": "https://inaturalist-open-data.s3.amazonaws.com/photos/590257977/original.jpg",
            "references": "https://www.inaturalist.org/photos/590257977",
            "title": null,
            "creator": "David Cohen",
            "publisher": "iNaturalist",
            "license": "http://creativecommons.org/licenses/by-nc/4.0/",
            "rightsHolder": "David Cohen"
          }
        ]
      }
    },
    {
      "type": "Feature",
      "geometry": {
        "type": "Point",
        "coordinates": [
          -77.38662,
          6.26771
        ]
      },
      "properties": {
        "gbifID": "3390904437",
        "species": "Prestonia portobellensis",
        "genus": "Prestonia",
        "family": "Apocynaceae",
        "scientificName": "Prestonia portobellensis (Beurl.) Woodson",
        "coordinateUncertaintyInMeters": "5816.1",
        "basisOfRecord": "PRESERVED_SPECIMEN",
        "eventDate": "1984-06-10",
        "country": null,
        "datasetName": "",
        "publisher": "Universidad Tecnológica del Chocó",
        "license": "CC0_1_0",
        "issues": [
          "INSTITUTION_MATCH_FUZZY",
          "COLLECTION_MATCH_FUZZY"
        ],
        "fallback_media": {
          "url": "https://d2jcv3kl45hlgi.cloudfront.net/3cbfc9b66d986725079a7d37a8f83225.jpg",
          "references": "http://specimens.kew.org/Herbarium/K006231299",
          "title": null,
          "creator": null,
          "publisher": null,
          "license": "http://creativecommons.org/licenses/by/4.0/",
          "rightsHolder": "Royal Botanic Gardens, Kew"
        }
      }
    },
    {
      "type": "Feature",
      "geometry": {
        "type": "Point",
        "coordinates": [
          -84.988328,
          10.711694
        ]
      },
      "properties": {
        "gbifID": "5844048642",
        "species": "Prestonia portobellensis",
        "genus": "Prestonia",
        "family": "Apocynaceae",
        "scientificName": "Prestonia portobellensis (Beurl.) Woodson",
        "coordinateUncertaintyInMeters": "4.0",
        "basisOfRecord": "HUMAN_OBSERVATION",
        "eventDate": "2024-04-15T09:07",
        "country": null,
        "datasetName": "iNaturalist research-grade observations",
        "publisher": "iNaturalist.org",
        "license": "CC_BY_NC_4_0",
        "issues": [
          "COORDINATE_ROUNDED",
          "CONTINENT_DERIVED_FROM_COORDINATES",
          "TAXON_ID_NOT_FOUND"
        ],
        "media": [
          {
            "url": "https://inaturalist-open-data.s3.amazonaws.com/photos/366977060/original.jpg",
            "references": "https://www.inaturalist.org/photos/366977060",
            "title": null,
            "creator": "Kerstin Wasson",
            "publisher": "iNaturalist",
            "license": "http://creativecommons.org/licenses/by-nc/4.0/",
            "rightsHolder": "Kerstin Wasson"
          }
        ]
      }
    },
    {
      "type": "Feature",
      "geometry": {
        "type": "Point",
        "coordinates": [
          -80.32339,
          8.544384
        ]
      },
      "properties": {
        "gbifID": "5844286101",
        "species": "Prestonia portobellensis",
        "genus": "Prestonia",
        "family": "Apocynaceae",
        "scientificName": "Prestonia portobellensis (Beurl.) Woodson",
        "coordinateUncertaintyInMeters": "33217.0",
        "basisOfRecord": "HUMAN_OBSERVATION",
        "eventDate": "2024-01-01T13:48:10",
        "country": null,
        "datasetName": "iNaturalist research-grade observations",
        "publisher": "iNaturalist.org",
        "license": "CC_BY_NC_4_0",
        "issues": [
          "COORDINATE_ROUNDED",
          "CONTINENT_DERIVED_FROM_COORDINATES",
          "TAXON_ID_NOT_FOUND"
        ],
        "media": [
          {
            "url": "https://inaturalist-open-data.s3.amazonaws.com/photos/363755634/original.jpg",
            "references": "https://www.inaturalist.org/photos/363755634",
            "title": null,
            "creator": "primaberro",
            "publisher": "iNaturalist",
            "license": "http://creativecommons.org/licenses/by-nc/4.0/",
            "rightsHolder": "primaberro"
          },
          {
            "url": "https://inaturalist-open-data.s3.amazonaws.com/photos/363755695/original.jpg",
            "references": "https://www.inaturalist.org/photos/363755695",
            "title": null,
            "creator": "primaberro",
            "publisher": "iNaturalist",
            "license": "http://creativecommons.org/licenses/by-nc/4.0/",
            "rightsHolder": "primaberro"
          },
          {
            "url": "https://inaturalist-open-data.s3.amazonaws.com/photos/363755844/original.jpg",
            "references": "https://www.inaturalist.org/photos/363755844",
            "title": null,
            "creator": "primaberro",
            "publisher": "iNaturalist",
            "license": "http://creativecommons.org/licenses/by-nc/4.0/",
            "rightsHolder": "primaberro"
          },
          {
            "url": "https://inaturalist-open-data.s3.amazonaws.com/photos/363756072/original.jpg",
            "references": "https://www.inaturalist.org/photos/363756072",
            "title": null,
            "creator": "primaberro",
            "publisher": "iNaturalist",
            "license": "http://creativecommons.org/licenses/by-nc/4.0/",
            "rightsHolder": "primaberro"
          }
        ]
      }
    },
    {
      "type": "Feature",
      "geometry": {
        "type": "Point",
        "coordinates": [
          -84.351608,
          10.566671
        ]
      },
      "properties": {
        "gbifID": "1253814314",
        "species": "Prestonia portobellensis",
        "genus": "Prestonia",
        "family": "Apocynaceae",
        "scientificName": "Prestonia portobellensis (Beurl.) Woodson",
        "coordinateUncertaintyInMeters": "",
        "basisOfRecord": "PRESERVED_SPECIMEN",
        "eventDate": "2003-07-04/2003-07-05",
        "country": null,
        "datasetName": "Atta",
        "publisher": "Instituto Nacional de Biodiversidad (INBio), Costa Rica",
        "license": "CC0_1_0",
        "issues": [
          "IDENTIFIED_DATE_INVALID",
          "COORDINATE_ROUNDED",
          "CONTINENT_DERIVED_FROM_COORDINATES",
          "CONTINENT_INVALID",
          "INSTITUTION_MATCH_FUZZY",
          "COLLECTION_MATCH_NONE",
          "TAXON_ID_NOT_FOUND"
        ],
        "fallback_media": {
          "url": "https://d2jcv3kl45hlgi.cloudfront.net/3cbfc9b66d986725079a7d37a8f83225.jpg",
          "references": "http://specimens.kew.org/Herbarium/K006231299",
          "title": null,
          "creator": null,
          "publisher": null,
          "license": "http://creativecommons.org/licenses/by/4.0/",
          "rightsHolder": "Royal Botanic Gardens, Kew"
        }
      }
    },
    {
      "type": "Feature",
      "geometry": {
        "type": "Point",
        "coordinates": [
          -83.168056,
          8.654167
        ]
      },
      "properties": {
        "gbifID": "1253596967",
        "species": "Prestonia portobellensis",
        "genus": "Prestonia",
        "family": "Apocynaceae",
        "scientificName": "Prestonia portobellensis (Beurl.) Woodson",
        "coordinateUncertaintyInMeters": "",
        "basisOfRecord": "PRESERVED_SPECIMEN",
        "eventDate": "1992-01-31",
        "country": null,
        "datasetName": "Atta",
        "publisher": "Instituto Nacional de Biodiversidad (INBio), Costa Rica",
        "license": "CC0_1_0",
        "issues": [
          "IDENTIFIED_DATE_INVALID",
          "COORDINATE_ROUNDED",
          "CONTINENT_DERIVED_FROM_COORDINATES",
          "CONTINENT_INVALID",
          "INSTITUTION_MATCH_FUZZY",
          "COLLECTION_MATCH_NONE",
          "TAXON_ID_NOT_FOUND"
        ],
        "fallback_media": {
          "url": "https://d2jcv3kl45hlgi.cloudfront.net/3cbfc9b66d986725079a7d37a8f83225.jpg",
          "references": "http://specimens.kew.org/Herbarium/K006231299",
          "title": null,
          "creator": null,
          "publisher": null,
          "license": "http://creativecommons.org/licenses/by/4.0/",
          "rightsHolder": "Royal Botanic Gardens, Kew"
        }
      }
    },
    {
      "type": "Feature",
      "geometry": {
        "type": "Point",
        "coordinates": [
          -84.076944,
          10.295833
        ]
      },
      "properties": {
        "gbifID": "1253705941",
        "species": "Prestonia portobellensis",
        "genus": "Prestonia",
        "family": "Apocynaceae",
        "scientificName": "Prestonia portobellensis (Beurl.) Woodson",
        "coordinateUncertaintyInMeters": "",
        "basisOfRecord": "PRESERVED_SPECIMEN",
        "eventDate": "1994-04-17",
        "country": null,
        "datasetName": "Atta",
        "publisher": "Instituto Nacional de Biodiversidad (INBio), Costa Rica",
        "license": "CC0_1_0",
        "issues": [
          "IDENTIFIED_DATE_INVALID",
          "COORDINATE_ROUNDED",
          "CONTINENT_DERIVED_FROM_COORDINATES",
          "CONTINENT_INVALID",
          "INSTITUTION_MATCH_FUZZY",
          "COLLECTION_MATCH_NONE",
          "TAXON_ID_NOT_FOUND"
        ],
        "fallback_media": {
          "url": "https://d2jcv3kl45hlgi.cloudfront.net/3cbfc9b66d986725079a7d37a8f83225.jpg",
          "references": "http://specimens.kew.org/Herbarium/K006231299",
          "title": null,
          "creator": null,
          "publisher": null,
          "license": "http://creativecommons.org/licenses/by/4.0/",
          "rightsHolder": "Royal Botanic Gardens, Kew"
        }
      }
    },
    {
      "type": "Feature",
      "geometry": {
        "type": "Point",
        "coordinates": [
          -84.528333,
          10.2625
        ]
      },
      "properties": {
        "gbifID": "1253607816",
        "species": "Prestonia portobellensis",
        "genus": "Prestonia",
        "family": "Apocynaceae",
        "scientificName": "Prestonia portobellensis (Beurl.) Woodson",
        "coordinateUncertaintyInMeters": "",
        "basisOfRecord": "PRESERVED_SPECIMEN",
        "eventDate": "1994-06-05",
        "country": null,
        "datasetName": "Atta",
        "publisher": "Instituto Nacional de Biodiversidad (INBio), Costa Rica",
        "license": "CC0_1_0",
        "issues": [
          "IDENTIFIED_DATE_INVALID",
          "COORDINATE_ROUNDED",
          "CONTINENT_DERIVED_FROM_COORDINATES",
          "CONTINENT_INVALID",
          "INSTITUTION_MATCH_FUZZY",
          "COLLECTION_MATCH_NONE",
          "TAXON_ID_NOT_FOUND"
        ],
        "fallback_media": {
          "url": "https://d2jcv3kl45hlgi.cloudfront.net/3cbfc9b66d986725079a7d37a8f83225.jpg",
          "references": "http://specimens.kew.org/Herbarium/K006231299",
          "title": null,
          "creator": null,
          "publisher": null,
          "license": "http://creativecommons.org/licenses/by/4.0/",
          "rightsHolder": "Royal Botanic Gardens, Kew"
        }
      }
    },
    {
      "type": "Feature",
      "geometry": {
        "type": "Point",
        "coordinates": [
          -84.53,
          9.771667
        ]
      },
      "properties": {
        "gbifID": "1253614442",
        "species": "Prestonia portobellensis",
        "genus": "Prestonia",
        "family": "Apocynaceae",
        "scientificName": "Prestonia portobellensis (Beurl.) Woodson",
        "coordinateUncertaintyInMeters": "",
        "basisOfRecord": "PRESERVED_SPECIMEN",
        "eventDate": "1995-04-19",
        "country": null,
        "datasetName": "Atta",
        "publisher": "Instituto Nacional de Biodiversidad (INBio), Costa Rica",
        "license": "CC0_1_0",
        "issues": [
          "IDENTIFIED_DATE_INVALID",
          "COORDINATE_ROUNDED",
          "CONTINENT_DERIVED_FROM_COORDINATES",
          "CONTINENT_INVALID",
          "INSTITUTION_MATCH_FUZZY",
          "COLLECTION_MATCH_NONE",
          "TAXON_ID_NOT_FOUND"
        ],
        "fallback_media": {
          "url": "https://d2jcv3kl45hlgi.cloudfront.net/3cbfc9b66d986725079a7d37a8f83225.jpg",
          "references": "http://specimens.kew.org/Herbarium/K006231299",
          "title": null,
          "creator": null,
          "publisher": null,
          "license": "http://creativecommons.org/licenses/by/4.0/",
          "rightsHolder": "Royal Botanic Gardens, Kew"
        }
      }
    },
    {
      "type": "Feature",
      "geometry": {
        "type": "Point",
        "coordinates": [
          -83.231389,
          8.691389
        ]
      },
      "properties": {
        "gbifID": "1253754607",
        "species": "Prestonia portobellensis",
        "genus": "Prestonia",
        "family": "Apocynaceae",
        "scientificName": "Prestonia portobellensis (Beurl.) Woodson",
        "coordinateUncertaintyInMeters": "",
        "basisOfRecord": "PRESERVED_SPECIMEN",
        "eventDate": "2000-06-10",
        "country": null,
        "datasetName": "Atta",
        "publisher": "Instituto Nacional de Biodiversidad (INBio), Costa Rica",
        "license": "CC0_1_0",
        "issues": [
          "IDENTIFIED_DATE_INVALID",
          "COORDINATE_ROUNDED",
          "CONTINENT_DERIVED_FROM_COORDINATES",
          "CONTINENT_INVALID",
          "INSTITUTION_MATCH_FUZZY",
          "COLLECTION_MATCH_NONE",
          "TAXON_ID_NOT_FOUND"
        ],
        "fallback_media": {
          "url": "https://d2jcv3kl45hlgi.cloudfront.net/3cbfc9b66d986725079a7d37a8f83225.jpg",
          "references": "http://specimens.kew.org/Herbarium/K006231299",
          "title": null,
          "creator": null,
          "publisher": null,
          "license": "http://creativecommons.org/licenses/by/4.0/",
          "rightsHolder": "Royal Botanic Gardens, Kew"
        }
      }
    },
    {
      "type": "Feature",
      "geometry": {
        "type": "Point",
        "coordinates": [
          -84.666667,
          10.35
        ]
      },
      "properties": {
        "gbifID": "1253596743",
        "species": "Prestonia portobellensis",
        "genus": "Prestonia",
        "family": "Apocynaceae",
        "scientificName": "Prestonia portobellensis (Beurl.) Woodson",
        "coordinateUncertaintyInMeters": "",
        "basisOfRecord": "PRESERVED_SPECIMEN",
        "eventDate": "1991-07-12",
        "country": null,
        "datasetName": "Atta",
        "publisher": "Instituto Nacional de Biodiversidad (INBio), Costa Rica",
        "license": "CC0_1_0",
        "issues": [
          "IDENTIFIED_DATE_INVALID",
          "COORDINATE_ROUNDED",
          "CONTINENT_DERIVED_FROM_COORDINATES",
          "CONTINENT_INVALID",
          "INSTITUTION_MATCH_FUZZY",
          "COLLECTION_MATCH_NONE",
          "TAXON_ID_NOT_FOUND"
        ],
        "fallback_media": {
          "url": "https://d2jcv3kl45hlgi.cloudfront.net/3cbfc9b66d986725079a7d37a8f83225.jpg",
          "references": "http://specimens.kew.org/Herbarium/K006231299",
          "title": null,
          "creator": null,
          "publisher": null,
          "license": "http://creativecommons.org/licenses/by/4.0/",
          "rightsHolder": "Royal Botanic Gardens, Kew"
        }
      }
    },
    {
      "type": "Feature",
      "geometry": {
        "type": "Point",
        "coordinates": [
          -83.502778,
          10.536111
        ]
      },
      "properties": {
        "gbifID": "1253633886",
        "species": "Prestonia portobellensis",
        "genus": "Prestonia",
        "family": "Apocynaceae",
        "scientificName": "Prestonia portobellensis (Beurl.) Woodson",
        "coordinateUncertaintyInMeters": "",
        "basisOfRecord": "PRESERVED_SPECIMEN",
        "eventDate": "1994-11-26",
        "country": null,
        "datasetName": "Atta",
        "publisher": "Instituto Nacional de Biodiversidad (INBio), Costa Rica",
        "license": "CC0_1_0",
        "issues": [
          "IDENTIFIED_DATE_INVALID",
          "COORDINATE_ROUNDED",
          "CONTINENT_DERIVED_FROM_COORDINATES",
          "CONTINENT_INVALID",
          "INSTITUTION_MATCH_FUZZY",
          "COLLECTION_MATCH_NONE",
          "TAXON_ID_NOT_FOUND"
        ],
        "fallback_media": {
          "url": "https://d2jcv3kl45hlgi.cloudfront.net/3cbfc9b66d986725079a7d37a8f83225.jpg",
          "references": "http://specimens.kew.org/Herbarium/K006231299",
          "title": null,
          "creator": null,
          "publisher": null,
          "license": "http://creativecommons.org/licenses/by/4.0/",
          "rightsHolder": "Royal Botanic Gardens, Kew"
        }
      }
    },
    {
      "type": "Feature",
      "geometry": {
        "type": "Point",
        "coordinates": [
          -83.5,
          10.516667
        ]
      },
      "properties": {
        "gbifID": "1253698560",
        "species": "Prestonia portobellensis",
        "genus": "Prestonia",
        "family": "Apocynaceae",
        "scientificName": "Prestonia portobellensis (Beurl.) Woodson",
        "coordinateUncertaintyInMeters": "",
        "basisOfRecord": "PRESERVED_SPECIMEN",
        "eventDate": "1987-12-03",
        "country": null,
        "datasetName": "Atta",
        "publisher": "Instituto Nacional de Biodiversidad (INBio), Costa Rica",
        "license": "CC0_1_0",
        "issues": [
          "IDENTIFIED_DATE_INVALID",
          "COORDINATE_ROUNDED",
          "CONTINENT_DERIVED_FROM_COORDINATES",
          "CONTINENT_INVALID",
          "INSTITUTION_MATCH_FUZZY",
          "COLLECTION_MATCH_NONE",
          "TAXON_ID_NOT_FOUND"
        ],
        "fallback_media": {
          "url": "https://d2jcv3kl45hlgi.cloudfront.net/3cbfc9b66d986725079a7d37a8f83225.jpg",
          "references": "http://specimens.kew.org/Herbarium/K006231299",
          "title": null,
          "creator": null,
          "publisher": null,
          "license": "http://creativecommons.org/licenses/by/4.0/",
          "rightsHolder": "Royal Botanic Gardens, Kew"
        }
      }
    },
    {
      "type": "Feature",
      "geometry": {
        "type": "Point",
        "coordinates": [
          -82.825,
          9.738889
        ]
      },
      "properties": {
        "gbifID": "1253742260",
        "species": "Prestonia portobellensis",
        "genus": "Prestonia",
        "family": "Apocynaceae",
        "scientificName": "Prestonia portobellensis (Beurl.) Woodson",
        "coordinateUncertaintyInMeters": "",
        "basisOfRecord": "PRESERVED_SPECIMEN",
        "eventDate": "2000-07-05",
        "country": null,
        "datasetName": "Atta",
        "publisher": "Instituto Nacional de Biodiversidad (INBio), Costa Rica",
        "license": "CC0_1_0",
        "issues": [
          "IDENTIFIED_DATE_INVALID",
          "COORDINATE_ROUNDED",
          "CONTINENT_DERIVED_FROM_COORDINATES",
          "CONTINENT_INVALID",
          "INSTITUTION_MATCH_FUZZY",
          "COLLECTION_MATCH_NONE",
          "TAXON_ID_NOT_FOUND"
        ],
        "fallback_media": {
          "url": "https://d2jcv3kl45hlgi.cloudfront.net/3cbfc9b66d986725079a7d37a8f83225.jpg",
          "references": "http://specimens.kew.org/Herbarium/K006231299",
          "title": null,
          "creator": null,
          "publisher": null,
          "license": "http://creativecommons.org/licenses/by/4.0/",
          "rightsHolder": "Royal Botanic Gardens, Kew"
        }
      }
    },
    {
      "type": "Feature",
      "geometry": {
        "type": "Point",
        "coordinates": [
          -83.516667,
          8.566667
        ]
      },
      "properties": {
        "gbifID": "1253644614",
        "species": "Prestonia portobellensis",
        "genus": "Prestonia",
        "family": "Apocynaceae",
        "scientificName": "Prestonia portobellensis (Beurl.) Woodson",
        "coordinateUncertaintyInMeters": "",
        "basisOfRecord": "PRESERVED_SPECIMEN",
        "eventDate": "1993-09-02",
        "country": null,
        "datasetName": "Atta",
        "publisher": "Instituto Nacional de Biodiversidad (INBio), Costa Rica",
        "license": "CC0_1_0",
        "issues": [
          "IDENTIFIED_DATE_INVALID",
          "COORDINATE_ROUNDED",
          "CONTINENT_DERIVED_FROM_COORDINATES",
          "CONTINENT_INVALID",
          "INSTITUTION_MATCH_FUZZY",
          "COLLECTION_MATCH_NONE",
          "TAXON_ID_NOT_FOUND"
        ],
        "fallback_media": {
          "url": "https://d2jcv3kl45hlgi.cloudfront.net/3cbfc9b66d986725079a7d37a8f83225.jpg",
          "references": "http://specimens.kew.org/Herbarium/K006231299",
          "title": null,
          "creator": null,
          "publisher": null,
          "license": "http://creativecommons.org/licenses/by/4.0/",
          "rightsHolder": "Royal Botanic Gardens, Kew"
        }
      }
    },
    {
      "type": "Feature",
      "geometry": {
        "type": "Point",
        "coordinates": [
          -84.327778,
          9.830556
        ]
      },
      "properties": {
        "gbifID": "1253619182",
        "species": "Prestonia portobellensis",
        "genus": "Prestonia",
        "family": "Apocynaceae",
        "scientificName": "Prestonia portobellensis (Beurl.) Woodson",
        "coordinateUncertaintyInMeters": "",
        "basisOfRecord": "PRESERVED_SPECIMEN",
        "eventDate": "1997-05-01",
        "country": null,
        "datasetName": "Atta",
        "publisher": "Instituto Nacional de Biodiversidad (INBio), Costa Rica",
        "license": "CC0_1_0",
        "issues": [
          "IDENTIFIED_DATE_INVALID",
          "COORDINATE_ROUNDED",
          "CONTINENT_DERIVED_FROM_COORDINATES",
          "CONTINENT_INVALID",
          "INSTITUTION_MATCH_FUZZY",
          "COLLECTION_MATCH_NONE",
          "TAXON_ID_NOT_FOUND"
        ],
        "fallback_media": {
          "url": "https://d2jcv3kl45hlgi.cloudfront.net/3cbfc9b66d986725079a7d37a8f83225.jpg",
          "references": "http://specimens.kew.org/Herbarium/K006231299",
          "title": null,
          "creator": null,
          "publisher": null,
          "license": "http://creativecommons.org/licenses/by/4.0/",
          "rightsHolder": "Royal Botanic Gardens, Kew"
        }
      }
    },
    {
      "type": "Feature",
      "geometry": {
        "type": "Point",
        "coordinates": [
          -83.063889,
          9.825
        ]
      },
      "properties": {
        "gbifID": "1253758596",
        "species": "Prestonia portobellensis",
        "genus": "Prestonia",
        "family": "Apocynaceae",
        "scientificName": "Prestonia portobellensis (Beurl.) Woodson",
        "coordinateUncertaintyInMeters": "",
        "basisOfRecord": "PRESERVED_SPECIMEN",
        "eventDate": "2001-03-24",
        "country": null,
        "datasetName": "Atta",
        "publisher": "Instituto Nacional de Biodiversidad (INBio), Costa Rica",
        "license": "CC0_1_0",
        "issues": [
          "IDENTIFIED_DATE_INVALID",
          "COORDINATE_ROUNDED",
          "CONTINENT_DERIVED_FROM_COORDINATES",
          "CONTINENT_INVALID",
          "INSTITUTION_MATCH_FUZZY",
          "COLLECTION_MATCH_NONE",
          "TAXON_ID_NOT_FOUND"
        ],
        "fallback_media": {
          "url": "https://d2jcv3kl45hlgi.cloudfront.net/3cbfc9b66d986725079a7d37a8f83225.jpg",
          "references": "http://specimens.kew.org/Herbarium/K006231299",
          "title": null,
          "creator": null,
          "publisher": null,
          "license": "http://creativecommons.org/licenses/by/4.0/",
          "rightsHolder": "Royal Botanic Gardens, Kew"
        }
      }
    },
    {
      "type": "Feature",
      "geometry": {
        "type": "Point",
        "coordinates": [
          -83.266667,
          8.75
        ]
      },
      "properties": {
        "gbifID": "1253599938",
        "species": "Prestonia portobellensis",
        "genus": "Prestonia",
        "family": "Apocynaceae",
        "scientificName": "Prestonia portobellensis (Beurl.) Woodson",
        "coordinateUncertaintyInMeters": "",
        "basisOfRecord": "PRESERVED_SPECIMEN",
        "eventDate": "1991-02-10",
        "country": null,
        "datasetName": "Atta",
        "publisher": "Instituto Nacional de Biodiversidad (INBio), Costa Rica",
        "license": "CC0_1_0",
        "issues": [
          "IDENTIFIED_DATE_INVALID",
          "COORDINATE_ROUNDED",
          "CONTINENT_DERIVED_FROM_COORDINATES",
          "CONTINENT_INVALID",
          "INSTITUTION_MATCH_FUZZY",
          "COLLECTION_MATCH_NONE",
          "TAXON_ID_NOT_FOUND"
        ],
        "fallback_media": {
          "url": "https://d2jcv3kl45hlgi.cloudfront.net/3cbfc9b66d986725079a7d37a8f83225.jpg",
          "references": "http://specimens.kew.org/Herbarium/K006231299",
          "title": null,
          "creator": null,
          "publisher": null,
          "license": "http://creativecommons.org/licenses/by/4.0/",
          "rightsHolder": "Royal Botanic Gardens, Kew"
        }
      }
    },
    {
      "type": "Feature",
      "geometry": {
        "type": "Point",
        "coordinates": [
          -84.066667,
          10.45
        ]
      },
      "properties": {
        "gbifID": "1253611447",
        "species": "Prestonia portobellensis",
        "genus": "Prestonia",
        "family": "Apocynaceae",
        "scientificName": "Prestonia portobellensis (Beurl.) Woodson",
        "coordinateUncertaintyInMeters": "",
        "basisOfRecord": "PRESERVED_SPECIMEN",
        "eventDate": "1984-05-09",
        "country": null,
        "datasetName": "Atta",
        "publisher": "Instituto Nacional de Biodiversidad (INBio), Costa Rica",
        "license": "CC0_1_0",
        "issues": [
          "IDENTIFIED_DATE_INVALID",
          "COORDINATE_ROUNDED",
          "CONTINENT_DERIVED_FROM_COORDINATES",
          "CONTINENT_INVALID",
          "INSTITUTION_MATCH_FUZZY",
          "COLLECTION_MATCH_NONE",
          "TAXON_ID_NOT_FOUND"
        ],
        "fallback_media": {
          "url": "https://d2jcv3kl45hlgi.cloudfront.net/3cbfc9b66d986725079a7d37a8f83225.jpg",
          "references": "http://specimens.kew.org/Herbarium/K006231299",
          "title": null,
          "creator": null,
          "publisher": null,
          "license": "http://creativecommons.org/licenses/by/4.0/",
          "rightsHolder": "Royal Botanic Gardens, Kew"
        }
      }
    },
    {
      "type": "Feature",
      "geometry": {
        "type": "Point",
        "coordinates": [
          -83.971389,
          10.389722
        ]
      },
      "properties": {
        "gbifID": "1253846321",
        "species": "Prestonia portobellensis",
        "genus": "Prestonia",
        "family": "Apocynaceae",
        "scientificName": "Prestonia portobellensis (Beurl.) Woodson",
        "coordinateUncertaintyInMeters": "",
        "basisOfRecord": "PRESERVED_SPECIMEN",
        "eventDate": "2006-10-19",
        "country": null,
        "datasetName": "Atta",
        "publisher": "Instituto Nacional de Biodiversidad (INBio), Costa Rica",
        "license": "CC0_1_0",
        "issues": [
          "IDENTIFIED_DATE_INVALID",
          "COORDINATE_ROUNDED",
          "CONTINENT_DERIVED_FROM_COORDINATES",
          "CONTINENT_INVALID",
          "INSTITUTION_MATCH_FUZZY",
          "COLLECTION_MATCH_NONE",
          "TAXON_ID_NOT_FOUND"
        ],
        "fallback_media": {
          "url": "https://d2jcv3kl45hlgi.cloudfront.net/3cbfc9b66d986725079a7d37a8f83225.jpg",
          "references": "http://specimens.kew.org/Herbarium/K006231299",
          "title": null,
          "creator": null,
          "publisher": null,
          "license": "http://creativecommons.org/licenses/by/4.0/",
          "rightsHolder": "Royal Botanic Gardens, Kew"
        }
      }
    },
    {
      "type": "Feature",
      "geometry": {
        "type": "Point",
        "coordinates": [
          -84.533333,
          9.777778
        ]
      },
      "properties": {
        "gbifID": "1253721098",
        "species": "Prestonia portobellensis",
        "genus": "Prestonia",
        "family": "Apocynaceae",
        "scientificName": "Prestonia portobellensis (Beurl.) Woodson",
        "coordinateUncertaintyInMeters": "",
        "basisOfRecord": "PRESERVED_SPECIMEN",
        "eventDate": "1999-05-05",
        "country": null,
        "datasetName": "Atta",
        "publisher": "Instituto Nacional de Biodiversidad (INBio), Costa Rica",
        "license": "CC0_1_0",
        "issues": [
          "IDENTIFIED_DATE_INVALID",
          "COORDINATE_ROUNDED",
          "CONTINENT_DERIVED_FROM_COORDINATES",
          "CONTINENT_INVALID",
          "INSTITUTION_MATCH_FUZZY",
          "COLLECTION_MATCH_NONE",
          "TAXON_ID_NOT_FOUND"
        ],
        "fallback_media": {
          "url": "https://d2jcv3kl45hlgi.cloudfront.net/3cbfc9b66d986725079a7d37a8f83225.jpg",
          "references": "http://specimens.kew.org/Herbarium/K006231299",
          "title": null,
          "creator": null,
          "publisher": null,
          "license": "http://creativecommons.org/licenses/by/4.0/",
          "rightsHolder": "Royal Botanic Gardens, Kew"
        }
      }
    },
    {
      "type": "Feature",
      "geometry": {
        "type": "Point",
        "coordinates": [
          -83.536111,
          8.713889
        ]
      },
      "properties": {
        "gbifID": "1253604482",
        "species": "Prestonia portobellensis",
        "genus": "Prestonia",
        "family": "Apocynaceae",
        "scientificName": "Prestonia portobellensis (Beurl.) Woodson",
        "coordinateUncertaintyInMeters": "",
        "basisOfRecord": "PRESERVED_SPECIMEN",
        "eventDate": "1990-10-03",
        "country": null,
        "datasetName": "Atta",
        "publisher": "Instituto Nacional de Biodiversidad (INBio), Costa Rica",
        "license": "CC0_1_0",
        "issues": [
          "IDENTIFIED_DATE_INVALID",
          "COORDINATE_ROUNDED",
          "CONTINENT_DERIVED_FROM_COORDINATES",
          "CONTINENT_INVALID",
          "INSTITUTION_MATCH_FUZZY",
          "COLLECTION_MATCH_NONE",
          "TAXON_ID_NOT_FOUND"
        ],
        "fallback_media": {
          "url": "https://d2jcv3kl45hlgi.cloudfront.net/3cbfc9b66d986725079a7d37a8f83225.jpg",
          "references": "http://specimens.kew.org/Herbarium/K006231299",
          "title": null,
          "creator": null,
          "publisher": null,
          "license": "http://creativecommons.org/licenses/by/4.0/",
          "rightsHolder": "Royal Botanic Gardens, Kew"
        }
      }
    },
    {
      "type": "Feature",
      "geometry": {
        "type": "Point",
        "coordinates": [
          -84.461667,
          9.789167
        ]
      },
      "properties": {
        "gbifID": "1253781908",
        "species": "Prestonia portobellensis",
        "genus": "Prestonia",
        "family": "Apocynaceae",
        "scientificName": "Prestonia portobellensis (Beurl.) Woodson",
        "coordinateUncertaintyInMeters": "",
        "basisOfRecord": "PRESERVED_SPECIMEN",
        "eventDate": "2002-04-26",
        "country": null,
        "datasetName": "Atta",
        "publisher": "Instituto Nacional de Biodiversidad (INBio), Costa Rica",
        "license": "CC0_1_0",
        "issues": [
          "IDENTIFIED_DATE_INVALID",
          "COORDINATE_ROUNDED",
          "CONTINENT_DERIVED_FROM_COORDINATES",
          "CONTINENT_INVALID",
          "INSTITUTION_MATCH_FUZZY",
          "COLLECTION_MATCH_NONE",
          "TAXON_ID_NOT_FOUND"
        ],
        "fallback_media": {
          "url": "https://d2jcv3kl45hlgi.cloudfront.net/3cbfc9b66d986725079a7d37a8f83225.jpg",
          "references": "http://specimens.kew.org/Herbarium/K006231299",
          "title": null,
          "creator": null,
          "publisher": null,
          "license": "http://creativecommons.org/licenses/by/4.0/",
          "rightsHolder": "Royal Botanic Gardens, Kew"
        }
      }
    },
    {
      "type": "Feature",
      "geometry": {
        "type": "Point",
        "coordinates": [
          -83.773056,
          9.191667
        ]
      },
      "properties": {
        "gbifID": "1253758492",
        "species": "Prestonia portobellensis",
        "genus": "Prestonia",
        "family": "Apocynaceae",
        "scientificName": "Prestonia portobellensis (Beurl.) Woodson",
        "coordinateUncertaintyInMeters": "",
        "basisOfRecord": "PRESERVED_SPECIMEN",
        "eventDate": "2002-06-28",
        "country": null,
        "datasetName": "Atta",
        "publisher": "Instituto Nacional de Biodiversidad (INBio), Costa Rica",
        "license": "CC0_1_0",
        "issues": [
          "IDENTIFIED_DATE_INVALID",
          "COORDINATE_ROUNDED",
          "CONTINENT_DERIVED_FROM_COORDINATES",
          "CONTINENT_INVALID",
          "INSTITUTION_MATCH_FUZZY",
          "COLLECTION_MATCH_NONE",
          "TAXON_ID_NOT_FOUND"
        ],
        "fallback_media": {
          "url": "https://d2jcv3kl45hlgi.cloudfront.net/3cbfc9b66d986725079a7d37a8f83225.jpg",
          "references": "http://specimens.kew.org/Herbarium/K006231299",
          "title": null,
          "creator": null,
          "publisher": null,
          "license": "http://creativecommons.org/licenses/by/4.0/",
          "rightsHolder": "Royal Botanic Gardens, Kew"
        }
      }
    },
    {
      "type": "Feature",
      "geometry": {
        "type": "Point",
        "coordinates": [
          -83.716667,
          10.483333
        ]
      },
      "properties": {
        "gbifID": "1253619139",
        "species": "Prestonia portobellensis",
        "genus": "Prestonia",
        "family": "Apocynaceae",
        "scientificName": "Prestonia portobellensis (Beurl.) Woodson",
        "coordinateUncertaintyInMeters": "",
        "basisOfRecord": "PRESERVED_SPECIMEN",
        "eventDate": "1997-04-18/1997-04-19",
        "country": null,
        "datasetName": "Atta",
        "publisher": "Instituto Nacional de Biodiversidad (INBio), Costa Rica",
        "license": "CC0_1_0",
        "issues": [
          "IDENTIFIED_DATE_INVALID",
          "COORDINATE_ROUNDED",
          "CONTINENT_DERIVED_FROM_COORDINATES",
          "CONTINENT_INVALID",
          "INSTITUTION_MATCH_FUZZY",
          "COLLECTION_MATCH_NONE",
          "TAXON_ID_NOT_FOUND"
        ],
        "fallback_media": {
          "url": "https://d2jcv3kl45hlgi.cloudfront.net/3cbfc9b66d986725079a7d37a8f83225.jpg",
          "references": "http://specimens.kew.org/Herbarium/K006231299",
          "title": null,
          "creator": null,
          "publisher": null,
          "license": "http://creativecommons.org/licenses/by/4.0/",
          "rightsHolder": "Royal Botanic Gardens, Kew"
        }
      }
    },
    {
      "type": "Feature",
      "geometry": {
        "type": "Point",
        "coordinates": [
          -83.25,
          8.766667
        ]
      },
      "properties": {
        "gbifID": "1253647429",
        "species": "Prestonia portobellensis",
        "genus": "Prestonia",
        "family": "Apocynaceae",
        "scientificName": "Prestonia portobellensis (Beurl.) Woodson",
        "coordinateUncertaintyInMeters": "",
        "basisOfRecord": "PRESERVED_SPECIMEN",
        "eventDate": "1994-04-10",
        "country": null,
        "datasetName": "Atta",
        "publisher": "Instituto Nacional de Biodiversidad (INBio), Costa Rica",
        "license": "CC0_1_0",
        "issues": [
          "IDENTIFIED_DATE_INVALID",
          "COORDINATE_ROUNDED",
          "CONTINENT_DERIVED_FROM_COORDINATES",
          "CONTINENT_INVALID",
          "INSTITUTION_MATCH_FUZZY",
          "COLLECTION_MATCH_NONE",
          "TAXON_ID_NOT_FOUND"
        ],
        "fallback_media": {
          "url": "https://d2jcv3kl45hlgi.cloudfront.net/3cbfc9b66d986725079a7d37a8f83225.jpg",
          "references": "http://specimens.kew.org/Herbarium/K006231299",
          "title": null,
          "creator": null,
          "publisher": null,
          "license": "http://creativecommons.org/licenses/by/4.0/",
          "rightsHolder": "Royal Botanic Gardens, Kew"
        }
      }
    },
    {
      "type": "Feature",
      "geometry": {
        "type": "Point",
        "coordinates": [
          -83.583335,
          8.466667
        ]
      },
      "properties": {
        "gbifID": "1253599964",
        "species": "Prestonia portobellensis",
        "genus": "Prestonia",
        "family": "Apocynaceae",
        "scientificName": "Prestonia portobellensis (Beurl.) Woodson",
        "coordinateUncertaintyInMeters": "",
        "basisOfRecord": "PRESERVED_SPECIMEN",
        "eventDate": "1988-03-30",
        "country": null,
        "datasetName": "Atta",
        "publisher": "Instituto Nacional de Biodiversidad (INBio), Costa Rica",
        "license": "CC0_1_0",
        "issues": [
          "IDENTIFIED_DATE_INVALID",
          "COORDINATE_ROUNDED",
          "CONTINENT_DERIVED_FROM_COORDINATES",
          "CONTINENT_INVALID",
          "INSTITUTION_MATCH_FUZZY",
          "COLLECTION_MATCH_NONE",
          "TAXON_ID_NOT_FOUND"
        ],
        "fallback_media": {
          "url": "https://d2jcv3kl45hlgi.cloudfront.net/3cbfc9b66d986725079a7d37a8f83225.jpg",
          "references": "http://specimens.kew.org/Herbarium/K006231299",
          "title": null,
          "creator": null,
          "publisher": null,
          "license": "http://creativecommons.org/licenses/by/4.0/",
          "rightsHolder": "Royal Botanic Gardens, Kew"
        }
      }
    },
    {
      "type": "Feature",
      "geometry": {
        "type": "Point",
        "coordinates": [
          -83.505556,
          10.538889
        ]
      },
      "properties": {
        "gbifID": "1253699751",
        "species": "Prestonia portobellensis",
        "genus": "Prestonia",
        "family": "Apocynaceae",
        "scientificName": "Prestonia portobellensis (Beurl.) Woodson",
        "coordinateUncertaintyInMeters": "",
        "basisOfRecord": "PRESERVED_SPECIMEN",
        "eventDate": "1989-11-11",
        "country": null,
        "datasetName": "Atta",
        "publisher": "Instituto Nacional de Biodiversidad (INBio), Costa Rica",
        "license": "CC0_1_0",
        "issues": [
          "IDENTIFIED_DATE_INVALID",
          "COORDINATE_ROUNDED",
          "CONTINENT_DERIVED_FROM_COORDINATES",
          "CONTINENT_INVALID",
          "INSTITUTION_MATCH_FUZZY",
          "COLLECTION_MATCH_NONE",
          "TAXON_ID_NOT_FOUND"
        ],
        "fallback_media": {
          "url": "https://d2jcv3kl45hlgi.cloudfront.net/3cbfc9b66d986725079a7d37a8f83225.jpg",
          "references": "http://specimens.kew.org/Herbarium/K006231299",
          "title": null,
          "creator": null,
          "publisher": null,
          "license": "http://creativecommons.org/licenses/by/4.0/",
          "rightsHolder": "Royal Botanic Gardens, Kew"
        }
      }
    },
    {
      "type": "Feature",
      "geometry": {
        "type": "Point",
        "coordinates": [
          -82.773807,
          8.906347
        ]
      },
      "properties": {
        "gbifID": "1253663849",
        "species": "Prestonia portobellensis",
        "genus": "Prestonia",
        "family": "Apocynaceae",
        "scientificName": "Prestonia portobellensis (Beurl.) Woodson",
        "coordinateUncertaintyInMeters": "",
        "basisOfRecord": "PRESERVED_SPECIMEN",
        "eventDate": "1999-05-21",
        "country": null,
        "datasetName": "Atta",
        "publisher": "Instituto Nacional de Biodiversidad (INBio), Costa Rica",
        "license": "CC0_1_0",
        "issues": [
          "IDENTIFIED_DATE_INVALID",
          "COORDINATE_ROUNDED",
          "CONTINENT_DERIVED_FROM_COORDINATES",
          "CONTINENT_INVALID",
          "INSTITUTION_MATCH_FUZZY",
          "COLLECTION_MATCH_NONE",
          "TAXON_ID_NOT_FOUND"
        ],
        "fallback_media": {
          "url": "https://d2jcv3kl45hlgi.cloudfront.net/3cbfc9b66d986725079a7d37a8f83225.jpg",
          "references": "http://specimens.kew.org/Herbarium/K006231299",
          "title": null,
          "creator": null,
          "publisher": null,
          "license": "http://creativecommons.org/licenses/by/4.0/",
          "rightsHolder": "Royal Botanic Gardens, Kew"
        }
      }
    },
    {
      "type": "Feature",
      "geometry": {
        "type": "Point",
        "coordinates": [
          -84.658333,
          10.452778
        ]
      },
      "properties": {
        "gbifID": "1253859706",
        "species": "Prestonia portobellensis",
        "genus": "Prestonia",
        "family": "Apocynaceae",
        "scientificName": "Prestonia portobellensis (Beurl.) Woodson",
        "coordinateUncertaintyInMeters": "",
        "basisOfRecord": "PRESERVED_SPECIMEN",
        "eventDate": "2004-03-05",
        "country": null,
        "datasetName": "Atta",
        "publisher": "Instituto Nacional de Biodiversidad (INBio), Costa Rica",
        "license": "CC0_1_0",
        "issues": [
          "IDENTIFIED_DATE_INVALID",
          "COORDINATE_ROUNDED",
          "CONTINENT_DERIVED_FROM_COORDINATES",
          "CONTINENT_INVALID",
          "INSTITUTION_MATCH_FUZZY",
          "COLLECTION_MATCH_NONE",
          "TAXON_ID_NOT_FOUND"
        ],
        "fallback_media": {
          "url": "https://d2jcv3kl45hlgi.cloudfront.net/3cbfc9b66d986725079a7d37a8f83225.jpg",
          "references": "http://specimens.kew.org/Herbarium/K006231299",
          "title": null,
          "creator": null,
          "publisher": null,
          "license": "http://creativecommons.org/licenses/by/4.0/",
          "rightsHolder": "Royal Botanic Gardens, Kew"
        }
      }
    },
    {
      "type": "Feature",
      "geometry": {
        "type": "Point",
        "coordinates": [
          -84.750001,
          10.3
        ]
      },
      "properties": {
        "gbifID": "1253604321",
        "species": "Prestonia portobellensis",
        "genus": "Prestonia",
        "family": "Apocynaceae",
        "scientificName": "Prestonia portobellensis (Beurl.) Woodson",
        "coordinateUncertaintyInMeters": "",
        "basisOfRecord": "PRESERVED_SPECIMEN",
        "eventDate": "1987-10-23",
        "country": null,
        "datasetName": "Atta",
        "publisher": "Instituto Nacional de Biodiversidad (INBio), Costa Rica",
        "license": "CC0_1_0",
        "issues": [
          "IDENTIFIED_DATE_INVALID",
          "COORDINATE_ROUNDED",
          "CONTINENT_DERIVED_FROM_COORDINATES",
          "CONTINENT_INVALID",
          "INSTITUTION_MATCH_FUZZY",
          "COLLECTION_MATCH_NONE",
          "TAXON_ID_NOT_FOUND"
        ],
        "fallback_media": {
          "url": "https://d2jcv3kl45hlgi.cloudfront.net/3cbfc9b66d986725079a7d37a8f83225.jpg",
          "references": "http://specimens.kew.org/Herbarium/K006231299",
          "title": null,
          "creator": null,
          "publisher": null,
          "license": "http://creativecommons.org/licenses/by/4.0/",
          "rightsHolder": "Royal Botanic Gardens, Kew"
        }
      }
    },
    {
      "type": "Feature",
      "geometry": {
        "type": "Point",
        "coordinates": [
          -82.666667,
          9.575
        ]
      },
      "properties": {
        "gbifID": "1253654126",
        "species": "Prestonia portobellensis",
        "genus": "Prestonia",
        "family": "Apocynaceae",
        "scientificName": "Prestonia portobellensis (Beurl.) Woodson",
        "coordinateUncertaintyInMeters": "",
        "basisOfRecord": "PRESERVED_SPECIMEN",
        "eventDate": "1997-01-22",
        "country": null,
        "datasetName": "Atta",
        "publisher": "Instituto Nacional de Biodiversidad (INBio), Costa Rica",
        "license": "CC0_1_0",
        "issues": [
          "IDENTIFIED_DATE_INVALID",
          "COORDINATE_ROUNDED",
          "CONTINENT_DERIVED_FROM_COORDINATES",
          "CONTINENT_INVALID",
          "INSTITUTION_MATCH_FUZZY",
          "COLLECTION_MATCH_NONE",
          "TAXON_ID_NOT_FOUND"
        ],
        "fallback_media": {
          "url": "https://d2jcv3kl45hlgi.cloudfront.net/3cbfc9b66d986725079a7d37a8f83225.jpg",
          "references": "http://specimens.kew.org/Herbarium/K006231299",
          "title": null,
          "creator": null,
          "publisher": null,
          "license": "http://creativecommons.org/licenses/by/4.0/",
          "rightsHolder": "Royal Botanic Gardens, Kew"
        }
      }
    },
    {
      "type": "Feature",
      "geometry": {
        "type": "Point",
        "coordinates": [
          -83.030556,
          9.036111
        ]
      },
      "properties": {
        "gbifID": "1253849981",
        "species": "Prestonia portobellensis",
        "genus": "Prestonia",
        "family": "Apocynaceae",
        "scientificName": "Prestonia portobellensis (Beurl.) Woodson",
        "coordinateUncertaintyInMeters": "",
        "basisOfRecord": "PRESERVED_SPECIMEN",
        "eventDate": "2006-02-22",
        "country": null,
        "datasetName": "Atta",
        "publisher": "Instituto Nacional de Biodiversidad (INBio), Costa Rica",
        "license": "CC0_1_0",
        "issues": [
          "IDENTIFIED_DATE_INVALID",
          "COORDINATE_ROUNDED",
          "CONTINENT_DERIVED_FROM_COORDINATES",
          "CONTINENT_INVALID",
          "INSTITUTION_MATCH_FUZZY",
          "COLLECTION_MATCH_NONE",
          "TAXON_ID_NOT_FOUND"
        ],
        "fallback_media": {
          "url": "https://d2jcv3kl45hlgi.cloudfront.net/3cbfc9b66d986725079a7d37a8f83225.jpg",
          "references": "http://specimens.kew.org/Herbarium/K006231299",
          "title": null,
          "creator": null,
          "publisher": null,
          "license": "http://creativecommons.org/licenses/by/4.0/",
          "rightsHolder": "Royal Botanic Gardens, Kew"
        }
      }
    },
    {
      "type": "Feature",
      "geometry": {
        "type": "Point",
        "coordinates": [
          -82.673618,
          9.633983
        ]
      },
      "properties": {
        "gbifID": "1253759934",
        "species": "Prestonia portobellensis",
        "genus": "Prestonia",
        "family": "Apocynaceae",
        "scientificName": "Prestonia portobellensis (Beurl.) Woodson",
        "coordinateUncertaintyInMeters": "",
        "basisOfRecord": "PRESERVED_SPECIMEN",
        "eventDate": "2001-05-04",
        "country": null,
        "datasetName": "Atta",
        "publisher": "Instituto Nacional de Biodiversidad (INBio), Costa Rica",
        "license": "CC0_1_0",
        "issues": [
          "IDENTIFIED_DATE_INVALID",
          "COORDINATE_ROUNDED",
          "CONTINENT_DERIVED_FROM_COORDINATES",
          "CONTINENT_INVALID",
          "INSTITUTION_MATCH_FUZZY",
          "COLLECTION_MATCH_NONE",
          "TAXON_ID_NOT_FOUND"
        ],
        "fallback_media": {
          "url": "https://d2jcv3kl45hlgi.cloudfront.net/3cbfc9b66d986725079a7d37a8f83225.jpg",
          "references": "http://specimens.kew.org/Herbarium/K006231299",
          "title": null,
          "creator": null,
          "publisher": null,
          "license": "http://creativecommons.org/licenses/by/4.0/",
          "rightsHolder": "Royal Botanic Gardens, Kew"
        }
      }
    },
    {
      "type": "Feature",
      "geometry": {
        "type": "Point",
        "coordinates": [
          -84.265278,
          9.741667
        ]
      },
      "properties": {
        "gbifID": "1253592991",
        "species": "Prestonia portobellensis",
        "genus": "Prestonia",
        "family": "Apocynaceae",
        "scientificName": "Prestonia portobellensis (Beurl.) Woodson",
        "coordinateUncertaintyInMeters": "",
        "basisOfRecord": "PRESERVED_SPECIMEN",
        "eventDate": "1996-07-28",
        "country": null,
        "datasetName": "Atta",
        "publisher": "Instituto Nacional de Biodiversidad (INBio), Costa Rica",
        "license": "CC0_1_0",
        "issues": [
          "IDENTIFIED_DATE_INVALID",
          "COORDINATE_ROUNDED",
          "CONTINENT_DERIVED_FROM_COORDINATES",
          "CONTINENT_INVALID",
          "INSTITUTION_MATCH_FUZZY",
          "COLLECTION_MATCH_NONE",
          "TAXON_ID_NOT_FOUND"
        ],
        "fallback_media": {
          "url": "https://d2jcv3kl45hlgi.cloudfront.net/3cbfc9b66d986725079a7d37a8f83225.jpg",
          "references": "http://specimens.kew.org/Herbarium/K006231299",
          "title": null,
          "creator": null,
          "publisher": null,
          "license": "http://creativecommons.org/licenses/by/4.0/",
          "rightsHolder": "Royal Botanic Gardens, Kew"
        }
      }
    },
    {
      "type": "Feature",
      "geometry": {
        "type": "Point",
        "coordinates": [
          -84.052778,
          10.391667
        ]
      },
      "properties": {
        "gbifID": "1253599113",
        "species": "Prestonia portobellensis",
        "genus": "Prestonia",
        "family": "Apocynaceae",
        "scientificName": "Prestonia portobellensis (Beurl.) Woodson",
        "coordinateUncertaintyInMeters": "",
        "basisOfRecord": "PRESERVED_SPECIMEN",
        "eventDate": "1990-11-08",
        "country": null,
        "datasetName": "Atta",
        "publisher": "Instituto Nacional de Biodiversidad (INBio), Costa Rica",
        "license": "CC0_1_0",
        "issues": [
          "IDENTIFIED_DATE_INVALID",
          "COORDINATE_ROUNDED",
          "CONTINENT_DERIVED_FROM_COORDINATES",
          "CONTINENT_INVALID",
          "INSTITUTION_MATCH_FUZZY",
          "COLLECTION_MATCH_NONE",
          "TAXON_ID_NOT_FOUND"
        ],
        "fallback_media": {
          "url": "https://d2jcv3kl45hlgi.cloudfront.net/3cbfc9b66d986725079a7d37a8f83225.jpg",
          "references": "http://specimens.kew.org/Herbarium/K006231299",
          "title": null,
          "creator": null,
          "publisher": null,
          "license": "http://creativecommons.org/licenses/by/4.0/",
          "rightsHolder": "Royal Botanic Gardens, Kew"
        }
      }
    },
    {
      "type": "Feature",
      "geometry": {
        "type": "Point",
        "coordinates": [
          -83.452778,
          9.972222
        ]
      },
      "properties": {
        "gbifID": "1253726830",
        "species": "Prestonia portobellensis",
        "genus": "Prestonia",
        "family": "Apocynaceae",
        "scientificName": "Prestonia portobellensis (Beurl.) Woodson",
        "coordinateUncertaintyInMeters": "",
        "basisOfRecord": "PRESERVED_SPECIMEN",
        "eventDate": "2000-11-22",
        "country": null,
        "datasetName": "Atta",
        "publisher": "Instituto Nacional de Biodiversidad (INBio), Costa Rica",
        "license": "CC0_1_0",
        "issues": [
          "IDENTIFIED_DATE_INVALID",
          "COORDINATE_ROUNDED",
          "CONTINENT_DERIVED_FROM_COORDINATES",
          "CONTINENT_INVALID",
          "INSTITUTION_MATCH_FUZZY",
          "COLLECTION_MATCH_NONE",
          "TAXON_ID_NOT_FOUND"
        ],
        "fallback_media": {
          "url": "https://d2jcv3kl45hlgi.cloudfront.net/3cbfc9b66d986725079a7d37a8f83225.jpg",
          "references": "http://specimens.kew.org/Herbarium/K006231299",
          "title": null,
          "creator": null,
          "publisher": null,
          "license": "http://creativecommons.org/licenses/by/4.0/",
          "rightsHolder": "Royal Botanic Gardens, Kew"
        }
      }
    },
    {
      "type": "Feature",
      "geometry": {
        "type": "Point",
        "coordinates": [
          -83.594444,
          8.477778
        ]
      },
      "properties": {
        "gbifID": "1253869754",
        "species": "Prestonia portobellensis",
        "genus": "Prestonia",
        "family": "Apocynaceae",
        "scientificName": "Prestonia portobellensis (Beurl.) Woodson",
        "coordinateUncertaintyInMeters": "",
        "basisOfRecord": "PRESERVED_SPECIMEN",
        "eventDate": "2001-02-19",
        "country": null,
        "datasetName": "Atta",
        "publisher": "Instituto Nacional de Biodiversidad (INBio), Costa Rica",
        "license": "CC0_1_0",
        "issues": [
          "IDENTIFIED_DATE_INVALID",
          "COORDINATE_ROUNDED",
          "CONTINENT_DERIVED_FROM_COORDINATES",
          "CONTINENT_INVALID",
          "INSTITUTION_MATCH_FUZZY",
          "COLLECTION_MATCH_NONE",
          "TAXON_ID_NOT_FOUND"
        ],
        "fallback_media": {
          "url": "https://d2jcv3kl45hlgi.cloudfront.net/3cbfc9b66d986725079a7d37a8f83225.jpg",
          "references": "http://specimens.kew.org/Herbarium/K006231299",
          "title": null,
          "creator": null,
          "publisher": null,
          "license": "http://creativecommons.org/licenses/by/4.0/",
          "rightsHolder": "Royal Botanic Gardens, Kew"
        }
      }
    },
    {
      "type": "Feature",
      "geometry": {
        "type": "Point",
        "coordinates": [
          -83.6,
          8.716667
        ]
      },
      "properties": {
        "gbifID": "1253596944",
        "species": "Prestonia portobellensis",
        "genus": "Prestonia",
        "family": "Apocynaceae",
        "scientificName": "Prestonia portobellensis (Beurl.) Woodson",
        "coordinateUncertaintyInMeters": "",
        "basisOfRecord": "PRESERVED_SPECIMEN",
        "eventDate": "1992-04-12",
        "country": null,
        "datasetName": "Atta",
        "publisher": "Instituto Nacional de Biodiversidad (INBio), Costa Rica",
        "license": "CC0_1_0",
        "issues": [
          "IDENTIFIED_DATE_INVALID",
          "COORDINATE_ROUNDED",
          "CONTINENT_DERIVED_FROM_COORDINATES",
          "CONTINENT_INVALID",
          "INSTITUTION_MATCH_FUZZY",
          "COLLECTION_MATCH_NONE",
          "TAXON_ID_NOT_FOUND"
        ],
        "fallback_media": {
          "url": "https://d2jcv3kl45hlgi.cloudfront.net/3cbfc9b66d986725079a7d37a8f83225.jpg",
          "references": "http://specimens.kew.org/Herbarium/K006231299",
          "title": null,
          "creator": null,
          "publisher": null,
          "license": "http://creativecommons.org/licenses/by/4.0/",
          "rightsHolder": "Royal Botanic Gardens, Kew"
        }
      }
    },
    {
      "type": "Feature",
      "geometry": {
        "type": "Point",
        "coordinates": [
          -84.31693,
          9.734112
        ]
      },
      "properties": {
        "gbifID": "1253818216",
        "species": "Prestonia portobellensis",
        "genus": "Prestonia",
        "family": "Apocynaceae",
        "scientificName": "Prestonia portobellensis (Beurl.) Woodson",
        "coordinateUncertaintyInMeters": "",
        "basisOfRecord": "PRESERVED_SPECIMEN",
        "eventDate": "2004-05-02",
        "country": null,
        "datasetName": "Atta",
        "publisher": "Instituto Nacional de Biodiversidad (INBio), Costa Rica",
        "license": "CC0_1_0",
        "issues": [
          "IDENTIFIED_DATE_INVALID",
          "COORDINATE_ROUNDED",
          "CONTINENT_DERIVED_FROM_COORDINATES",
          "CONTINENT_INVALID",
          "INSTITUTION_MATCH_FUZZY",
          "COLLECTION_MATCH_NONE",
          "TAXON_ID_NOT_FOUND"
        ],
        "fallback_media": {
          "url": "https://d2jcv3kl45hlgi.cloudfront.net/3cbfc9b66d986725079a7d37a8f83225.jpg",
          "references": "http://specimens.kew.org/Herbarium/K006231299",
          "title": null,
          "creator": null,
          "publisher": null,
          "license": "http://creativecommons.org/licenses/by/4.0/",
          "rightsHolder": "Royal Botanic Gardens, Kew"
        }
      }
    },
    {
      "type": "Feature",
      "geometry": {
        "type": "Point",
        "coordinates": [
          -84.716667,
          10.3
        ]
      },
      "properties": {
        "gbifID": "1253712498",
        "species": "Prestonia portobellensis",
        "genus": "Prestonia",
        "family": "Apocynaceae",
        "scientificName": "Prestonia portobellensis (Beurl.) Woodson",
        "coordinateUncertaintyInMeters": "",
        "basisOfRecord": "PRESERVED_SPECIMEN",
        "eventDate": "1987-10-20",
        "country": null,
        "datasetName": "Atta",
        "publisher": "Instituto Nacional de Biodiversidad (INBio), Costa Rica",
        "license": "CC0_1_0",
        "issues": [
          "IDENTIFIED_DATE_INVALID",
          "COORDINATE_ROUNDED",
          "CONTINENT_DERIVED_FROM_COORDINATES",
          "CONTINENT_INVALID",
          "INSTITUTION_MATCH_FUZZY",
          "COLLECTION_MATCH_NONE",
          "TAXON_ID_NOT_FOUND"
        ],
        "fallback_media": {
          "url": "https://d2jcv3kl45hlgi.cloudfront.net/3cbfc9b66d986725079a7d37a8f83225.jpg",
          "references": "http://specimens.kew.org/Herbarium/K006231299",
          "title": null,
          "creator": null,
          "publisher": null,
          "license": "http://creativecommons.org/licenses/by/4.0/",
          "rightsHolder": "Royal Botanic Gardens, Kew"
        }
      }
    },
    {
      "type": "Feature",
      "geometry": {
        "type": "Point",
        "coordinates": [
          -84.533333,
          9.766667
        ]
      },
      "properties": {
        "gbifID": "1253595929",
        "species": "Prestonia portobellensis",
        "genus": "Prestonia",
        "family": "Apocynaceae",
        "scientificName": "Prestonia portobellensis (Beurl.) Woodson",
        "coordinateUncertaintyInMeters": "",
        "basisOfRecord": "PRESERVED_SPECIMEN",
        "eventDate": "1993-04-02",
        "country": null,
        "datasetName": "Atta",
        "publisher": "Instituto Nacional de Biodiversidad (INBio), Costa Rica",
        "license": "CC0_1_0",
        "issues": [
          "IDENTIFIED_DATE_INVALID",
          "COORDINATE_ROUNDED",
          "CONTINENT_DERIVED_FROM_COORDINATES",
          "CONTINENT_INVALID",
          "INSTITUTION_MATCH_FUZZY",
          "COLLECTION_MATCH_NONE",
          "TAXON_ID_NOT_FOUND"
        ],
        "fallback_media": {
          "url": "https://d2jcv3kl45hlgi.cloudfront.net/3cbfc9b66d986725079a7d37a8f83225.jpg",
          "references": "http://specimens.kew.org/Herbarium/K006231299",
          "title": null,
          "creator": null,
          "publisher": null,
          "license": "http://creativecommons.org/licenses/by/4.0/",
          "rightsHolder": "Royal Botanic Gardens, Kew"
        }
      }
    },
    {
      "type": "Feature",
      "geometry": {
        "type": "Point",
        "coordinates": [
          -83.229587,
          8.691509
        ]
      },
      "properties": {
        "gbifID": "1253665160",
        "species": "Prestonia portobellensis",
        "genus": "Prestonia",
        "family": "Apocynaceae",
        "scientificName": "Prestonia portobellensis (Beurl.) Woodson",
        "coordinateUncertaintyInMeters": "",
        "basisOfRecord": "PRESERVED_SPECIMEN",
        "eventDate": "1997-11-01",
        "country": null,
        "datasetName": "Atta",
        "publisher": "Instituto Nacional de Biodiversidad (INBio), Costa Rica",
        "license": "CC0_1_0",
        "issues": [
          "IDENTIFIED_DATE_INVALID",
          "COORDINATE_ROUNDED",
          "CONTINENT_DERIVED_FROM_COORDINATES",
          "CONTINENT_INVALID",
          "INSTITUTION_MATCH_FUZZY",
          "COLLECTION_MATCH_NONE",
          "TAXON_ID_NOT_FOUND"
        ],
        "fallback_media": {
          "url": "https://d2jcv3kl45hlgi.cloudfront.net/3cbfc9b66d986725079a7d37a8f83225.jpg",
          "references": "http://specimens.kew.org/Herbarium/K006231299",
          "title": null,
          "creator": null,
          "publisher": null,
          "license": "http://creativecommons.org/licenses/by/4.0/",
          "rightsHolder": "Royal Botanic Gardens, Kew"
        }
      }
    },
    {
      "type": "Feature",
      "geometry": {
        "type": "Point",
        "coordinates": [
          -84.365278,
          9.705556
        ]
      },
      "properties": {
        "gbifID": "1253816291",
        "species": "Prestonia portobellensis",
        "genus": "Prestonia",
        "family": "Apocynaceae",
        "scientificName": "Prestonia portobellensis (Beurl.) Woodson",
        "coordinateUncertaintyInMeters": "",
        "basisOfRecord": "PRESERVED_SPECIMEN",
        "eventDate": "2003-09-14",
        "country": null,
        "datasetName": "Atta",
        "publisher": "Instituto Nacional de Biodiversidad (INBio), Costa Rica",
        "license": "CC0_1_0",
        "issues": [
          "IDENTIFIED_DATE_INVALID",
          "COORDINATE_ROUNDED",
          "CONTINENT_DERIVED_FROM_COORDINATES",
          "CONTINENT_INVALID",
          "INSTITUTION_MATCH_FUZZY",
          "COLLECTION_MATCH_NONE",
          "TAXON_ID_NOT_FOUND"
        ],
        "fallback_media": {
          "url": "https://d2jcv3kl45hlgi.cloudfront.net/3cbfc9b66d986725079a7d37a8f83225.jpg",
          "references": "http://specimens.kew.org/Herbarium/K006231299",
          "title": null,
          "creator": null,
          "publisher": null,
          "license": "http://creativecommons.org/licenses/by/4.0/",
          "rightsHolder": "Royal Botanic Gardens, Kew"
        }
      }
    },
    {
      "type": "Feature",
      "geometry": {
        "type": "Point",
        "coordinates": [
          -84.716667,
          10.316667
        ]
      },
      "properties": {
        "gbifID": "1253604306",
        "species": "Prestonia portobellensis",
        "genus": "Prestonia",
        "family": "Apocynaceae",
        "scientificName": "Prestonia portobellensis (Beurl.) Woodson",
        "coordinateUncertaintyInMeters": "",
        "basisOfRecord": "PRESERVED_SPECIMEN",
        "eventDate": "1987-12-14",
        "country": null,
        "datasetName": "Atta",
        "publisher": "Instituto Nacional de Biodiversidad (INBio), Costa Rica",
        "license": "CC0_1_0",
        "issues": [
          "IDENTIFIED_DATE_INVALID",
          "COORDINATE_ROUNDED",
          "CONTINENT_DERIVED_FROM_COORDINATES",
          "CONTINENT_INVALID",
          "INSTITUTION_MATCH_FUZZY",
          "COLLECTION_MATCH_NONE",
          "TAXON_ID_NOT_FOUND"
        ],
        "fallback_media": {
          "url": "https://d2jcv3kl45hlgi.cloudfront.net/3cbfc9b66d986725079a7d37a8f83225.jpg",
          "references": "http://specimens.kew.org/Herbarium/K006231299",
          "title": null,
          "creator": null,
          "publisher": null,
          "license": "http://creativecommons.org/licenses/by/4.0/",
          "rightsHolder": "Royal Botanic Gardens, Kew"
        }
      }
    },
    {
      "type": "Feature",
      "geometry": {
        "type": "Point",
        "coordinates": [
          -85.427779,
          10.990556
        ]
      },
      "properties": {
        "gbifID": "1253608636",
        "species": "Prestonia portobellensis",
        "genus": "Prestonia",
        "family": "Apocynaceae",
        "scientificName": "Prestonia portobellensis (Beurl.) Woodson",
        "coordinateUncertaintyInMeters": "",
        "basisOfRecord": "PRESERVED_SPECIMEN",
        "eventDate": "1991-03-03",
        "country": null,
        "datasetName": "Atta",
        "publisher": "Instituto Nacional de Biodiversidad (INBio), Costa Rica",
        "license": "CC0_1_0",
        "issues": [
          "IDENTIFIED_DATE_INVALID",
          "COORDINATE_ROUNDED",
          "CONTINENT_DERIVED_FROM_COORDINATES",
          "CONTINENT_INVALID",
          "INSTITUTION_MATCH_FUZZY",
          "COLLECTION_MATCH_NONE",
          "TAXON_ID_NOT_FOUND"
        ],
        "fallback_media": {
          "url": "https://d2jcv3kl45hlgi.cloudfront.net/3cbfc9b66d986725079a7d37a8f83225.jpg",
          "references": "http://specimens.kew.org/Herbarium/K006231299",
          "title": null,
          "creator": null,
          "publisher": null,
          "license": "http://creativecommons.org/licenses/by/4.0/",
          "rightsHolder": "Royal Botanic Gardens, Kew"
        }
      }
    },
    {
      "type": "Feature",
      "geometry": {
        "type": "Point",
        "coordinates": [
          -84.605556,
          10.408333
        ]
      },
      "properties": {
        "gbifID": "1253874640",
        "species": "Prestonia portobellensis",
        "genus": "Prestonia",
        "family": "Apocynaceae",
        "scientificName": "Prestonia portobellensis (Beurl.) Woodson",
        "coordinateUncertaintyInMeters": "",
        "basisOfRecord": "PRESERVED_SPECIMEN",
        "eventDate": "2007-11-24",
        "country": null,
        "datasetName": "Atta",
        "publisher": "Instituto Nacional de Biodiversidad (INBio), Costa Rica",
        "license": "CC0_1_0",
        "issues": [
          "IDENTIFIED_DATE_INVALID",
          "COORDINATE_ROUNDED",
          "CONTINENT_DERIVED_FROM_COORDINATES",
          "CONTINENT_INVALID",
          "INSTITUTION_MATCH_FUZZY",
          "COLLECTION_MATCH_NONE",
          "TAXON_ID_NOT_FOUND"
        ],
        "fallback_media": {
          "url": "https://d2jcv3kl45hlgi.cloudfront.net/3cbfc9b66d986725079a7d37a8f83225.jpg",
          "references": "http://specimens.kew.org/Herbarium/K006231299",
          "title": null,
          "creator": null,
          "publisher": null,
          "license": "http://creativecommons.org/licenses/by/4.0/",
          "rightsHolder": "Royal Botanic Gardens, Kew"
        }
      }
    },
    {
      "type": "Feature",
      "geometry": {
        "type": "Point",
        "coordinates": [
          -83.639444,
          8.77
        ]
      },
      "properties": {
        "gbifID": "1253819932",
        "species": "Prestonia portobellensis",
        "genus": "Prestonia",
        "family": "Apocynaceae",
        "scientificName": "Prestonia portobellensis (Beurl.) Woodson",
        "coordinateUncertaintyInMeters": "",
        "basisOfRecord": "PRESERVED_SPECIMEN",
        "eventDate": "2003-04-06",
        "country": null,
        "datasetName": "Atta",
        "publisher": "Instituto Nacional de Biodiversidad (INBio), Costa Rica",
        "license": "CC0_1_0",
        "issues": [
          "IDENTIFIED_DATE_INVALID",
          "COORDINATE_ROUNDED",
          "CONTINENT_DERIVED_FROM_COORDINATES",
          "CONTINENT_INVALID",
          "INSTITUTION_MATCH_FUZZY",
          "COLLECTION_MATCH_NONE",
          "TAXON_ID_NOT_FOUND"
        ],
        "fallback_media": {
          "url": "https://d2jcv3kl45hlgi.cloudfront.net/3cbfc9b66d986725079a7d37a8f83225.jpg",
          "references": "http://specimens.kew.org/Herbarium/K006231299",
          "title": null,
          "creator": null,
          "publisher": null,
          "license": "http://creativecommons.org/licenses/by/4.0/",
          "rightsHolder": "Royal Botanic Gardens, Kew"
        }
      }
    },
    {
      "type": "Feature",
      "geometry": {
        "type": "Point",
        "coordinates": [
          -84.206944,
          9.691111
        ]
      },
      "properties": {
        "gbifID": "1253816495",
        "species": "Prestonia portobellensis",
        "genus": "Prestonia",
        "family": "Apocynaceae",
        "scientificName": "Prestonia portobellensis (Beurl.) Woodson",
        "coordinateUncertaintyInMeters": "",
        "basisOfRecord": "PRESERVED_SPECIMEN",
        "eventDate": "2003-09-24",
        "country": null,
        "datasetName": "Atta",
        "publisher": "Instituto Nacional de Biodiversidad (INBio), Costa Rica",
        "license": "CC0_1_0",
        "issues": [
          "IDENTIFIED_DATE_INVALID",
          "COORDINATE_ROUNDED",
          "CONTINENT_DERIVED_FROM_COORDINATES",
          "CONTINENT_INVALID",
          "INSTITUTION_MATCH_FUZZY",
          "COLLECTION_MATCH_NONE",
          "TAXON_ID_NOT_FOUND"
        ],
        "fallback_media": {
          "url": "https://d2jcv3kl45hlgi.cloudfront.net/3cbfc9b66d986725079a7d37a8f83225.jpg",
          "references": "http://specimens.kew.org/Herbarium/K006231299",
          "title": null,
          "creator": null,
          "publisher": null,
          "license": "http://creativecommons.org/licenses/by/4.0/",
          "rightsHolder": "Royal Botanic Gardens, Kew"
        }
      }
    },
    {
      "type": "Feature",
      "geometry": {
        "type": "Point",
        "coordinates": [
          -83.704167,
          9.809722
        ]
      },
      "properties": {
        "gbifID": "1253899208",
        "species": "Prestonia portobellensis",
        "genus": "Prestonia",
        "family": "Apocynaceae",
        "scientificName": "Prestonia portobellensis (Beurl.) Woodson",
        "coordinateUncertaintyInMeters": "",
        "basisOfRecord": "PRESERVED_SPECIMEN",
        "eventDate": "2010-10-31",
        "country": null,
        "datasetName": "Atta",
        "publisher": "Instituto Nacional de Biodiversidad (INBio), Costa Rica",
        "license": "CC0_1_0",
        "issues": [
          "IDENTIFIED_DATE_INVALID",
          "COORDINATE_ROUNDED",
          "CONTINENT_DERIVED_FROM_COORDINATES",
          "CONTINENT_INVALID",
          "INSTITUTION_MATCH_FUZZY",
          "COLLECTION_MATCH_NONE",
          "TAXON_ID_NOT_FOUND"
        ],
        "fallback_media": {
          "url": "https://d2jcv3kl45hlgi.cloudfront.net/3cbfc9b66d986725079a7d37a8f83225.jpg",
          "references": "http://specimens.kew.org/Herbarium/K006231299",
          "title": null,
          "creator": null,
          "publisher": null,
          "license": "http://creativecommons.org/licenses/by/4.0/",
          "rightsHolder": "Royal Botanic Gardens, Kew"
        }
      }
    },
    {
      "type": "Feature",
      "geometry": {
        "type": "Point",
        "coordinates": [
          -83.523611,
          8.716667
        ]
      },
      "properties": {
        "gbifID": "1253599913",
        "species": "Prestonia portobellensis",
        "genus": "Prestonia",
        "family": "Apocynaceae",
        "scientificName": "Prestonia portobellensis (Beurl.) Woodson",
        "coordinateUncertaintyInMeters": "",
        "basisOfRecord": "PRESERVED_SPECIMEN",
        "eventDate": "1991-01-27",
        "country": null,
        "datasetName": "Atta",
        "publisher": "Instituto Nacional de Biodiversidad (INBio), Costa Rica",
        "license": "CC0_1_0",
        "issues": [
          "IDENTIFIED_DATE_INVALID",
          "COORDINATE_ROUNDED",
          "CONTINENT_DERIVED_FROM_COORDINATES",
          "CONTINENT_INVALID",
          "INSTITUTION_MATCH_FUZZY",
          "COLLECTION_MATCH_NONE",
          "TAXON_ID_NOT_FOUND"
        ],
        "fallback_media": {
          "url": "https://d2jcv3kl45hlgi.cloudfront.net/3cbfc9b66d986725079a7d37a8f83225.jpg",
          "references": "http://specimens.kew.org/Herbarium/K006231299",
          "title": null,
          "creator": null,
          "publisher": null,
          "license": "http://creativecommons.org/licenses/by/4.0/",
          "rightsHolder": "Royal Botanic Gardens, Kew"
        }
      }
    },
    {
      "type": "Feature",
      "geometry": {
        "type": "Point",
        "coordinates": [
          -85.116667,
          10.966667
        ]
      },
      "properties": {
        "gbifID": "1253691330",
        "species": "Prestonia portobellensis",
        "genus": "Prestonia",
        "family": "Apocynaceae",
        "scientificName": "Prestonia portobellensis (Beurl.) Woodson",
        "coordinateUncertaintyInMeters": "",
        "basisOfRecord": "PRESERVED_SPECIMEN",
        "eventDate": "1988-04-19",
        "country": null,
        "datasetName": "Atta",
        "publisher": "Instituto Nacional de Biodiversidad (INBio), Costa Rica",
        "license": "CC0_1_0",
        "issues": [
          "IDENTIFIED_DATE_INVALID",
          "COORDINATE_ROUNDED",
          "CONTINENT_DERIVED_FROM_COORDINATES",
          "CONTINENT_INVALID",
          "INSTITUTION_MATCH_FUZZY",
          "COLLECTION_MATCH_NONE",
          "TAXON_ID_NOT_FOUND"
        ],
        "fallback_media": {
          "url": "https://d2jcv3kl45hlgi.cloudfront.net/3cbfc9b66d986725079a7d37a8f83225.jpg",
          "references": "http://specimens.kew.org/Herbarium/K006231299",
          "title": null,
          "creator": null,
          "publisher": null,
          "license": "http://creativecommons.org/licenses/by/4.0/",
          "rightsHolder": "Royal Botanic Gardens, Kew"
        }
      }
    },
    {
      "type": "Feature",
      "geometry": {
        "type": "Point",
        "coordinates": [
          -83.024953,
          9.67537
        ]
      },
      "properties": {
        "gbifID": "1253748870",
        "species": "Prestonia portobellensis",
        "genus": "Prestonia",
        "family": "Apocynaceae",
        "scientificName": "Prestonia portobellensis (Beurl.) Woodson",
        "coordinateUncertaintyInMeters": "",
        "basisOfRecord": "PRESERVED_SPECIMEN",
        "eventDate": "2000-06-27",
        "country": null,
        "datasetName": "Atta",
        "publisher": "Instituto Nacional de Biodiversidad (INBio), Costa Rica",
        "license": "CC0_1_0",
        "issues": [
          "IDENTIFIED_DATE_INVALID",
          "COORDINATE_ROUNDED",
          "CONTINENT_DERIVED_FROM_COORDINATES",
          "CONTINENT_INVALID",
          "INSTITUTION_MATCH_FUZZY",
          "COLLECTION_MATCH_NONE",
          "TAXON_ID_NOT_FOUND"
        ],
        "fallback_media": {
          "url": "https://d2jcv3kl45hlgi.cloudfront.net/3cbfc9b66d986725079a7d37a8f83225.jpg",
          "references": "http://specimens.kew.org/Herbarium/K006231299",
          "title": null,
          "creator": null,
          "publisher": null,
          "license": "http://creativecommons.org/licenses/by/4.0/",
          "rightsHolder": "Royal Botanic Gardens, Kew"
        }
      }
    },
    {
      "type": "Feature",
      "geometry": {
        "type": "Point",
        "coordinates": [
          -83.736111,
          10.643889
        ]
      },
      "properties": {
        "gbifID": "1253645408",
        "species": "Prestonia portobellensis",
        "genus": "Prestonia",
        "family": "Apocynaceae",
        "scientificName": "Prestonia portobellensis (Beurl.) Woodson",
        "coordinateUncertaintyInMeters": "",
        "basisOfRecord": "PRESERVED_SPECIMEN",
        "eventDate": "1992-11-25",
        "country": null,
        "datasetName": "Atta",
        "publisher": "Instituto Nacional de Biodiversidad (INBio), Costa Rica",
        "license": "CC0_1_0",
        "issues": [
          "IDENTIFIED_DATE_INVALID",
          "COORDINATE_ROUNDED",
          "CONTINENT_DERIVED_FROM_COORDINATES",
          "CONTINENT_INVALID",
          "INSTITUTION_MATCH_FUZZY",
          "COLLECTION_MATCH_NONE",
          "TAXON_ID_NOT_FOUND"
        ],
        "fallback_media": {
          "url": "https://d2jcv3kl45hlgi.cloudfront.net/3cbfc9b66d986725079a7d37a8f83225.jpg",
          "references": "http://specimens.kew.org/Herbarium/K006231299",
          "title": null,
          "creator": null,
          "publisher": null,
          "license": "http://creativecommons.org/licenses/by/4.0/",
          "rightsHolder": "Royal Botanic Gardens, Kew"
        }
      }
    },
    {
      "type": "Feature",
      "geometry": {
        "type": "Point",
        "coordinates": [
          -82.961113,
          9.025
        ]
      },
      "properties": {
        "gbifID": "1253752859",
        "species": "Prestonia portobellensis",
        "genus": "Prestonia",
        "family": "Apocynaceae",
        "scientificName": "Prestonia portobellensis (Beurl.) Woodson",
        "coordinateUncertaintyInMeters": "",
        "basisOfRecord": "PRESERVED_SPECIMEN",
        "eventDate": "1997-09-15",
        "country": null,
        "datasetName": "Atta",
        "publisher": "Instituto Nacional de Biodiversidad (INBio), Costa Rica",
        "license": "CC0_1_0",
        "issues": [
          "IDENTIFIED_DATE_INVALID",
          "COORDINATE_ROUNDED",
          "CONTINENT_DERIVED_FROM_COORDINATES",
          "CONTINENT_INVALID",
          "INSTITUTION_MATCH_FUZZY",
          "COLLECTION_MATCH_NONE",
          "TAXON_ID_NOT_FOUND"
        ],
        "fallback_media": {
          "url": "https://d2jcv3kl45hlgi.cloudfront.net/3cbfc9b66d986725079a7d37a8f83225.jpg",
          "references": "http://specimens.kew.org/Herbarium/K006231299",
          "title": null,
          "creator": null,
          "publisher": null,
          "license": "http://creativecommons.org/licenses/by/4.0/",
          "rightsHolder": "Royal Botanic Gardens, Kew"
        }
      }
    },
    {
      "type": "Feature",
      "geometry": {
        "type": "Point",
        "coordinates": [
          -84.126881,
          9.386315
        ]
      },
      "properties": {
        "gbifID": "1253747224",
        "species": "Prestonia portobellensis",
        "genus": "Prestonia",
        "family": "Apocynaceae",
        "scientificName": "Prestonia portobellensis (Beurl.) Woodson",
        "coordinateUncertaintyInMeters": "",
        "basisOfRecord": "PRESERVED_SPECIMEN",
        "eventDate": "2001-08-07",
        "country": null,
        "datasetName": "Atta",
        "publisher": "Instituto Nacional de Biodiversidad (INBio), Costa Rica",
        "license": "CC0_1_0",
        "issues": [
          "IDENTIFIED_DATE_INVALID",
          "COORDINATE_ROUNDED",
          "CONTINENT_DERIVED_FROM_COORDINATES",
          "CONTINENT_INVALID",
          "INSTITUTION_MATCH_FUZZY",
          "COLLECTION_MATCH_NONE",
          "TAXON_ID_NOT_FOUND"
        ],
        "fallback_media": {
          "url": "https://d2jcv3kl45hlgi.cloudfront.net/3cbfc9b66d986725079a7d37a8f83225.jpg",
          "references": "http://specimens.kew.org/Herbarium/K006231299",
          "title": null,
          "creator": null,
          "publisher": null,
          "license": "http://creativecommons.org/licenses/by/4.0/",
          "rightsHolder": "Royal Botanic Gardens, Kew"
        }
      }
    },
    {
      "type": "Feature",
      "geometry": {
        "type": "Point",
        "coordinates": [
          -83.591667,
          8.5
        ]
      },
      "properties": {
        "gbifID": "1253695138",
        "species": "Prestonia portobellensis",
        "genus": "Prestonia",
        "family": "Apocynaceae",
        "scientificName": "Prestonia portobellensis (Beurl.) Woodson",
        "coordinateUncertaintyInMeters": "",
        "basisOfRecord": "PRESERVED_SPECIMEN",
        "eventDate": "1988-12-31",
        "country": null,
        "datasetName": "Atta",
        "publisher": "Instituto Nacional de Biodiversidad (INBio), Costa Rica",
        "license": "CC0_1_0",
        "issues": [
          "IDENTIFIED_DATE_INVALID",
          "COORDINATE_ROUNDED",
          "CONTINENT_DERIVED_FROM_COORDINATES",
          "CONTINENT_INVALID",
          "INSTITUTION_MATCH_FUZZY",
          "COLLECTION_MATCH_NONE",
          "TAXON_ID_NOT_FOUND"
        ],
        "fallback_media": {
          "url": "https://d2jcv3kl45hlgi.cloudfront.net/3cbfc9b66d986725079a7d37a8f83225.jpg",
          "references": "http://specimens.kew.org/Herbarium/K006231299",
          "title": null,
          "creator": null,
          "publisher": null,
          "license": "http://creativecommons.org/licenses/by/4.0/",
          "rightsHolder": "Royal Botanic Gardens, Kew"
        }
      }
    },
    {
      "type": "Feature",
      "geometry": {
        "type": "Point",
        "coordinates": [
          -84.7,
          10.3
        ]
      },
      "properties": {
        "gbifID": "1253702524",
        "species": "Prestonia portobellensis",
        "genus": "Prestonia",
        "family": "Apocynaceae",
        "scientificName": "Prestonia portobellensis (Beurl.) Woodson",
        "coordinateUncertaintyInMeters": "",
        "basisOfRecord": "PRESERVED_SPECIMEN",
        "eventDate": "1988-08-08",
        "country": null,
        "datasetName": "Atta",
        "publisher": "Instituto Nacional de Biodiversidad (INBio), Costa Rica",
        "license": "CC0_1_0",
        "issues": [
          "IDENTIFIED_DATE_INVALID",
          "COORDINATE_ROUNDED",
          "CONTINENT_DERIVED_FROM_COORDINATES",
          "CONTINENT_INVALID",
          "INSTITUTION_MATCH_FUZZY",
          "COLLECTION_MATCH_NONE",
          "TAXON_ID_NOT_FOUND"
        ],
        "fallback_media": {
          "url": "https://d2jcv3kl45hlgi.cloudfront.net/3cbfc9b66d986725079a7d37a8f83225.jpg",
          "references": "http://specimens.kew.org/Herbarium/K006231299",
          "title": null,
          "creator": null,
          "publisher": null,
          "license": "http://creativecommons.org/licenses/by/4.0/",
          "rightsHolder": "Royal Botanic Gardens, Kew"
        }
      }
    },
    {
      "type": "Feature",
      "geometry": {
        "type": "Point",
        "coordinates": [
          -83.647222,
          8.697222
        ]
      },
      "properties": {
        "gbifID": "1253598838",
        "species": "Prestonia portobellensis",
        "genus": "Prestonia",
        "family": "Apocynaceae",
        "scientificName": "Prestonia portobellensis (Beurl.) Woodson",
        "coordinateUncertaintyInMeters": "",
        "basisOfRecord": "PRESERVED_SPECIMEN",
        "eventDate": "1992-04-24",
        "country": null,
        "datasetName": "Atta",
        "publisher": "Instituto Nacional de Biodiversidad (INBio), Costa Rica",
        "license": "CC0_1_0",
        "issues": [
          "IDENTIFIED_DATE_INVALID",
          "COORDINATE_ROUNDED",
          "CONTINENT_DERIVED_FROM_COORDINATES",
          "CONTINENT_INVALID",
          "INSTITUTION_MATCH_FUZZY",
          "COLLECTION_MATCH_NONE",
          "TAXON_ID_NOT_FOUND"
        ],
        "fallback_media": {
          "url": "https://d2jcv3kl45hlgi.cloudfront.net/3cbfc9b66d986725079a7d37a8f83225.jpg",
          "references": "http://specimens.kew.org/Herbarium/K006231299",
          "title": null,
          "creator": null,
          "publisher": null,
          "license": "http://creativecommons.org/licenses/by/4.0/",
          "rightsHolder": "Royal Botanic Gardens, Kew"
        }
      }
    },
    {
      "type": "Feature",
      "geometry": {
        "type": "Point",
        "coordinates": [
          -85.25,
          10.833333
        ]
      },
      "properties": {
        "gbifID": "1253604240",
        "species": "Prestonia portobellensis",
        "genus": "Prestonia",
        "family": "Apocynaceae",
        "scientificName": "Prestonia portobellensis (Beurl.) Woodson",
        "coordinateUncertaintyInMeters": "",
        "basisOfRecord": "PRESERVED_SPECIMEN",
        "eventDate": "1991-07-26",
        "country": null,
        "datasetName": "Atta",
        "publisher": "Instituto Nacional de Biodiversidad (INBio), Costa Rica",
        "license": "CC0_1_0",
        "issues": [
          "IDENTIFIED_DATE_INVALID",
          "COORDINATE_ROUNDED",
          "CONTINENT_DERIVED_FROM_COORDINATES",
          "CONTINENT_INVALID",
          "INSTITUTION_MATCH_FUZZY",
          "COLLECTION_MATCH_NONE",
          "TAXON_ID_NOT_FOUND"
        ],
        "fallback_media": {
          "url": "https://d2jcv3kl45hlgi.cloudfront.net/3cbfc9b66d986725079a7d37a8f83225.jpg",
          "references": "http://specimens.kew.org/Herbarium/K006231299",
          "title": null,
          "creator": null,
          "publisher": null,
          "license": "http://creativecommons.org/licenses/by/4.0/",
          "rightsHolder": "Royal Botanic Gardens, Kew"
        }
      }
    },
    {
      "type": "Feature",
      "geometry": {
        "type": "Point",
        "coordinates": [
          -83.516668,
          8.7
        ]
      },
      "properties": {
        "gbifID": "1253644458",
        "species": "Prestonia portobellensis",
        "genus": "Prestonia",
        "family": "Apocynaceae",
        "scientificName": "Prestonia portobellensis (Beurl.) Woodson",
        "coordinateUncertaintyInMeters": "",
        "basisOfRecord": "PRESERVED_SPECIMEN",
        "eventDate": "1993-08-10",
        "country": null,
        "datasetName": "Atta",
        "publisher": "Instituto Nacional de Biodiversidad (INBio), Costa Rica",
        "license": "CC0_1_0",
        "issues": [
          "IDENTIFIED_DATE_INVALID",
          "COORDINATE_ROUNDED",
          "CONTINENT_DERIVED_FROM_COORDINATES",
          "CONTINENT_INVALID",
          "INSTITUTION_MATCH_FUZZY",
          "COLLECTION_MATCH_NONE",
          "TAXON_ID_NOT_FOUND"
        ],
        "fallback_media": {
          "url": "https://d2jcv3kl45hlgi.cloudfront.net/3cbfc9b66d986725079a7d37a8f83225.jpg",
          "references": "http://specimens.kew.org/Herbarium/K006231299",
          "title": null,
          "creator": null,
          "publisher": null,
          "license": "http://creativecommons.org/licenses/by/4.0/",
          "rightsHolder": "Royal Botanic Gardens, Kew"
        }
      }
    },
    {
      "type": "Feature",
      "geometry": {
        "type": "Point",
        "coordinates": [
          -83.106389,
          9.060556
        ]
      },
      "properties": {
        "gbifID": "1253749968",
        "species": "Prestonia portobellensis",
        "genus": "Prestonia",
        "family": "Apocynaceae",
        "scientificName": "Prestonia portobellensis (Beurl.) Woodson",
        "coordinateUncertaintyInMeters": "",
        "basisOfRecord": "PRESERVED_SPECIMEN",
        "eventDate": "2000-03-05",
        "country": null,
        "datasetName": "Atta",
        "publisher": "Instituto Nacional de Biodiversidad (INBio), Costa Rica",
        "license": "CC0_1_0",
        "issues": [
          "IDENTIFIED_DATE_INVALID",
          "COORDINATE_ROUNDED",
          "CONTINENT_DERIVED_FROM_COORDINATES",
          "CONTINENT_INVALID",
          "INSTITUTION_MATCH_FUZZY",
          "COLLECTION_MATCH_NONE",
          "TAXON_ID_NOT_FOUND"
        ],
        "fallback_media": {
          "url": "https://d2jcv3kl45hlgi.cloudfront.net/3cbfc9b66d986725079a7d37a8f83225.jpg",
          "references": "http://specimens.kew.org/Herbarium/K006231299",
          "title": null,
          "creator": null,
          "publisher": null,
          "license": "http://creativecommons.org/licenses/by/4.0/",
          "rightsHolder": "Royal Botanic Gardens, Kew"
        }
      }
    },
    {
      "type": "Feature",
      "geometry": {
        "type": "Point",
        "coordinates": [
          -82.975,
          8.788889
        ]
      },
      "properties": {
        "gbifID": "1253711630",
        "species": "Prestonia portobellensis",
        "genus": "Prestonia",
        "family": "Apocynaceae",
        "scientificName": "Prestonia portobellensis (Beurl.) Woodson",
        "coordinateUncertaintyInMeters": "",
        "basisOfRecord": "PRESERVED_SPECIMEN",
        "eventDate": "1990-02-08",
        "country": null,
        "datasetName": "Atta",
        "publisher": "Instituto Nacional de Biodiversidad (INBio), Costa Rica",
        "license": "CC0_1_0",
        "issues": [
          "IDENTIFIED_DATE_INVALID",
          "COORDINATE_ROUNDED",
          "CONTINENT_DERIVED_FROM_COORDINATES",
          "CONTINENT_INVALID",
          "INSTITUTION_MATCH_FUZZY",
          "COLLECTION_MATCH_NONE",
          "TAXON_ID_NOT_FOUND"
        ],
        "fallback_media": {
          "url": "https://d2jcv3kl45hlgi.cloudfront.net/3cbfc9b66d986725079a7d37a8f83225.jpg",
          "references": "http://specimens.kew.org/Herbarium/K006231299",
          "title": null,
          "creator": null,
          "publisher": null,
          "license": "http://creativecommons.org/licenses/by/4.0/",
          "rightsHolder": "Royal Botanic Gardens, Kew"
        }
      }
    },
    {
      "type": "Feature",
      "geometry": {
        "type": "Point",
        "coordinates": [
          -83.65,
          10.030556
        ]
      },
      "properties": {
        "gbifID": "1253815343",
        "species": "Prestonia portobellensis",
        "genus": "Prestonia",
        "family": "Apocynaceae",
        "scientificName": "Prestonia portobellensis (Beurl.) Woodson",
        "coordinateUncertaintyInMeters": "",
        "basisOfRecord": "PRESERVED_SPECIMEN",
        "eventDate": "2003-07-11",
        "country": null,
        "datasetName": "Atta",
        "publisher": "Instituto Nacional de Biodiversidad (INBio), Costa Rica",
        "license": "CC0_1_0",
        "issues": [
          "IDENTIFIED_DATE_INVALID",
          "COORDINATE_ROUNDED",
          "CONTINENT_DERIVED_FROM_COORDINATES",
          "CONTINENT_INVALID",
          "INSTITUTION_MATCH_FUZZY",
          "COLLECTION_MATCH_NONE",
          "TAXON_ID_NOT_FOUND"
        ],
        "fallback_media": {
          "url": "https://d2jcv3kl45hlgi.cloudfront.net/3cbfc9b66d986725079a7d37a8f83225.jpg",
          "references": "http://specimens.kew.org/Herbarium/K006231299",
          "title": null,
          "creator": null,
          "publisher": null,
          "license": "http://creativecommons.org/licenses/by/4.0/",
          "rightsHolder": "Royal Botanic Gardens, Kew"
        }
      }
    },
    {
      "type": "Feature",
      "geometry": {
        "type": "Point",
        "coordinates": [
          -82.969444,
          9.408333
        ]
      },
      "properties": {
        "gbifID": "1253692361",
        "species": "Prestonia portobellensis",
        "genus": "Prestonia",
        "family": "Apocynaceae",
        "scientificName": "Prestonia portobellensis (Beurl.) Woodson",
        "coordinateUncertaintyInMeters": "",
        "basisOfRecord": "PRESERVED_SPECIMEN",
        "eventDate": "1989-07-07",
        "country": null,
        "datasetName": "Atta",
        "publisher": "Instituto Nacional de Biodiversidad (INBio), Costa Rica",
        "license": "CC0_1_0",
        "issues": [
          "IDENTIFIED_DATE_INVALID",
          "COORDINATE_ROUNDED",
          "CONTINENT_DERIVED_FROM_COORDINATES",
          "CONTINENT_INVALID",
          "INSTITUTION_MATCH_FUZZY",
          "COLLECTION_MATCH_NONE",
          "TAXON_ID_NOT_FOUND"
        ],
        "fallback_media": {
          "url": "https://d2jcv3kl45hlgi.cloudfront.net/3cbfc9b66d986725079a7d37a8f83225.jpg",
          "references": "http://specimens.kew.org/Herbarium/K006231299",
          "title": null,
          "creator": null,
          "publisher": null,
          "license": "http://creativecommons.org/licenses/by/4.0/",
          "rightsHolder": "Royal Botanic Gardens, Kew"
        }
      }
    },
    {
      "type": "Feature",
      "geometry": {
        "type": "Point",
        "coordinates": [
          -83.5,
          10.533333
        ]
      },
      "properties": {
        "gbifID": "1253604284",
        "species": "Prestonia portobellensis",
        "genus": "Prestonia",
        "family": "Apocynaceae",
        "scientificName": "Prestonia portobellensis (Beurl.) Woodson",
        "coordinateUncertaintyInMeters": "",
        "basisOfRecord": "PRESERVED_SPECIMEN",
        "eventDate": "1988-07-07",
        "country": null,
        "datasetName": "Atta",
        "publisher": "Instituto Nacional de Biodiversidad (INBio), Costa Rica",
        "license": "CC0_1_0",
        "issues": [
          "IDENTIFIED_DATE_INVALID",
          "COORDINATE_ROUNDED",
          "CONTINENT_DERIVED_FROM_COORDINATES",
          "CONTINENT_INVALID",
          "INSTITUTION_MATCH_FUZZY",
          "COLLECTION_MATCH_NONE",
          "TAXON_ID_NOT_FOUND"
        ],
        "fallback_media": {
          "url": "https://d2jcv3kl45hlgi.cloudfront.net/3cbfc9b66d986725079a7d37a8f83225.jpg",
          "references": "http://specimens.kew.org/Herbarium/K006231299",
          "title": null,
          "creator": null,
          "publisher": null,
          "license": "http://creativecommons.org/licenses/by/4.0/",
          "rightsHolder": "Royal Botanic Gardens, Kew"
        }
      }
    },
    {
      "type": "Feature",
      "geometry": {
        "type": "Point",
        "coordinates": [
          -83.533333,
          10.495833
        ]
      },
      "properties": {
        "gbifID": "1253698961",
        "species": "Prestonia portobellensis",
        "genus": "Prestonia",
        "family": "Apocynaceae",
        "scientificName": "Prestonia portobellensis (Beurl.) Woodson",
        "coordinateUncertaintyInMeters": "",
        "basisOfRecord": "PRESERVED_SPECIMEN",
        "eventDate": "1988-06-10",
        "country": null,
        "datasetName": "Atta",
        "publisher": "Instituto Nacional de Biodiversidad (INBio), Costa Rica",
        "license": "CC0_1_0",
        "issues": [
          "IDENTIFIED_DATE_INVALID",
          "COORDINATE_ROUNDED",
          "CONTINENT_DERIVED_FROM_COORDINATES",
          "CONTINENT_INVALID",
          "INSTITUTION_MATCH_FUZZY",
          "COLLECTION_MATCH_NONE",
          "TAXON_ID_NOT_FOUND"
        ],
        "fallback_media": {
          "url": "https://d2jcv3kl45hlgi.cloudfront.net/3cbfc9b66d986725079a7d37a8f83225.jpg",
          "references": "http://specimens.kew.org/Herbarium/K006231299",
          "title": null,
          "creator": null,
          "publisher": null,
          "license": "http://creativecommons.org/licenses/by/4.0/",
          "rightsHolder": "Royal Botanic Gardens, Kew"
        }
      }
    },
    {
      "type": "Feature",
      "geometry": {
        "type": "Point",
        "coordinates": [
          -83.5125,
          10.540278
        ]
      },
      "properties": {
        "gbifID": "1253699860",
        "species": "Prestonia portobellensis",
        "genus": "Prestonia",
        "family": "Apocynaceae",
        "scientificName": "Prestonia portobellensis (Beurl.) Woodson",
        "coordinateUncertaintyInMeters": "",
        "basisOfRecord": "PRESERVED_SPECIMEN",
        "eventDate": "1990-10-25",
        "country": null,
        "datasetName": "Atta",
        "publisher": "Instituto Nacional de Biodiversidad (INBio), Costa Rica",
        "license": "CC0_1_0",
        "issues": [
          "IDENTIFIED_DATE_INVALID",
          "COORDINATE_ROUNDED",
          "CONTINENT_DERIVED_FROM_COORDINATES",
          "CONTINENT_INVALID",
          "INSTITUTION_MATCH_FUZZY",
          "COLLECTION_MATCH_NONE",
          "TAXON_ID_NOT_FOUND"
        ],
        "fallback_media": {
          "url": "https://d2jcv3kl45hlgi.cloudfront.net/3cbfc9b66d986725079a7d37a8f83225.jpg",
          "references": "http://specimens.kew.org/Herbarium/K006231299",
          "title": null,
          "creator": null,
          "publisher": null,
          "license": "http://creativecommons.org/licenses/by/4.0/",
          "rightsHolder": "Royal Botanic Gardens, Kew"
        }
      }
    },
    {
      "type": "Feature",
      "geometry": {
        "type": "Point",
        "coordinates": [
          -82.861954,
          9.749694
        ]
      },
      "properties": {
        "gbifID": "1253759979",
        "species": "Prestonia portobellensis",
        "genus": "Prestonia",
        "family": "Apocynaceae",
        "scientificName": "Prestonia portobellensis (Beurl.) Woodson",
        "coordinateUncertaintyInMeters": "",
        "basisOfRecord": "PRESERVED_SPECIMEN",
        "eventDate": "2001-05-05",
        "country": null,
        "datasetName": "Atta",
        "publisher": "Instituto Nacional de Biodiversidad (INBio), Costa Rica",
        "license": "CC0_1_0",
        "issues": [
          "IDENTIFIED_DATE_INVALID",
          "COORDINATE_ROUNDED",
          "CONTINENT_DERIVED_FROM_COORDINATES",
          "CONTINENT_INVALID",
          "INSTITUTION_MATCH_FUZZY",
          "COLLECTION_MATCH_NONE",
          "TAXON_ID_NOT_FOUND"
        ],
        "fallback_media": {
          "url": "https://d2jcv3kl45hlgi.cloudfront.net/3cbfc9b66d986725079a7d37a8f83225.jpg",
          "references": "http://specimens.kew.org/Herbarium/K006231299",
          "title": null,
          "creator": null,
          "publisher": null,
          "license": "http://creativecommons.org/licenses/by/4.0/",
          "rightsHolder": "Royal Botanic Gardens, Kew"
        }
      }
    },
    {
      "type": "Feature",
      "geometry": {
        "type": "Point",
        "coordinates": [
          -83.115272,
          9.103987
        ]
      },
      "properties": {
        "gbifID": "1253899363",
        "species": "Prestonia portobellensis",
        "genus": "Prestonia",
        "family": "Apocynaceae",
        "scientificName": "Prestonia portobellensis (Beurl.) Woodson",
        "coordinateUncertaintyInMeters": "",
        "basisOfRecord": "PRESERVED_SPECIMEN",
        "eventDate": "2010-11-03",
        "country": null,
        "datasetName": "Atta",
        "publisher": "Instituto Nacional de Biodiversidad (INBio), Costa Rica",
        "license": "CC0_1_0",
        "issues": [
          "IDENTIFIED_DATE_INVALID",
          "COORDINATE_ROUNDED",
          "CONTINENT_DERIVED_FROM_COORDINATES",
          "CONTINENT_INVALID",
          "INSTITUTION_MATCH_FUZZY",
          "COLLECTION_MATCH_NONE",
          "TAXON_ID_NOT_FOUND"
        ],
        "fallback_media": {
          "url": "https://d2jcv3kl45hlgi.cloudfront.net/3cbfc9b66d986725079a7d37a8f83225.jpg",
          "references": "http://specimens.kew.org/Herbarium/K006231299",
          "title": null,
          "creator": null,
          "publisher": null,
          "license": "http://creativecommons.org/licenses/by/4.0/",
          "rightsHolder": "Royal Botanic Gardens, Kew"
        }
      }
    },
    {
      "type": "Feature",
      "geometry": {
        "type": "Point",
        "coordinates": [
          -83.480556,
          8.692222
        ]
      },
      "properties": {
        "gbifID": "1253595897",
        "species": "Prestonia portobellensis",
        "genus": "Prestonia",
        "family": "Apocynaceae",
        "scientificName": "Prestonia portobellensis (Beurl.) Woodson",
        "coordinateUncertaintyInMeters": "",
        "basisOfRecord": "PRESERVED_SPECIMEN",
        "eventDate": "1993-11-25",
        "country": null,
        "datasetName": "Atta",
        "publisher": "Instituto Nacional de Biodiversidad (INBio), Costa Rica",
        "license": "CC0_1_0",
        "issues": [
          "IDENTIFIED_DATE_INVALID",
          "COORDINATE_ROUNDED",
          "CONTINENT_DERIVED_FROM_COORDINATES",
          "CONTINENT_INVALID",
          "INSTITUTION_MATCH_FUZZY",
          "COLLECTION_MATCH_NONE",
          "TAXON_ID_NOT_FOUND"
        ],
        "fallback_media": {
          "url": "https://d2jcv3kl45hlgi.cloudfront.net/3cbfc9b66d986725079a7d37a8f83225.jpg",
          "references": "http://specimens.kew.org/Herbarium/K006231299",
          "title": null,
          "creator": null,
          "publisher": null,
          "license": "http://creativecommons.org/licenses/by/4.0/",
          "rightsHolder": "Royal Botanic Gardens, Kew"
        }
      }
    },
    {
      "type": "Feature",
      "geometry": {
        "type": "Point",
        "coordinates": [
          -84.716668,
          10.316667
        ]
      },
      "properties": {
        "gbifID": "1253603991",
        "species": "Prestonia portobellensis",
        "genus": "Prestonia",
        "family": "Apocynaceae",
        "scientificName": "Prestonia portobellensis (Beurl.) Woodson",
        "coordinateUncertaintyInMeters": "",
        "basisOfRecord": "PRESERVED_SPECIMEN",
        "eventDate": "1988-12-18",
        "country": null,
        "datasetName": "Atta",
        "publisher": "Instituto Nacional de Biodiversidad (INBio), Costa Rica",
        "license": "CC0_1_0",
        "issues": [
          "IDENTIFIED_DATE_INVALID",
          "COORDINATE_ROUNDED",
          "CONTINENT_DERIVED_FROM_COORDINATES",
          "CONTINENT_INVALID",
          "INSTITUTION_MATCH_FUZZY",
          "COLLECTION_MATCH_NONE",
          "TAXON_ID_NOT_FOUND"
        ],
        "fallback_media": {
          "url": "https://d2jcv3kl45hlgi.cloudfront.net/3cbfc9b66d986725079a7d37a8f83225.jpg",
          "references": "http://specimens.kew.org/Herbarium/K006231299",
          "title": null,
          "creator": null,
          "publisher": null,
          "license": "http://creativecommons.org/licenses/by/4.0/",
          "rightsHolder": "Royal Botanic Gardens, Kew"
        }
      }
    },
    {
      "type": "Feature",
      "geometry": {
        "type": "Point",
        "coordinates": [
          -84.768056,
          10.913889
        ]
      },
      "properties": {
        "gbifID": "1253642137",
        "species": "Prestonia portobellensis",
        "genus": "Prestonia",
        "family": "Apocynaceae",
        "scientificName": "Prestonia portobellensis (Beurl.) Woodson",
        "coordinateUncertaintyInMeters": "",
        "basisOfRecord": "PRESERVED_SPECIMEN",
        "eventDate": "1993-03-16",
        "country": null,
        "datasetName": "Atta",
        "publisher": "Instituto Nacional de Biodiversidad (INBio), Costa Rica",
        "license": "CC0_1_0",
        "issues": [
          "IDENTIFIED_DATE_INVALID",
          "COORDINATE_ROUNDED",
          "CONTINENT_DERIVED_FROM_COORDINATES",
          "CONTINENT_INVALID",
          "INSTITUTION_MATCH_FUZZY",
          "COLLECTION_MATCH_NONE",
          "TAXON_ID_NOT_FOUND"
        ],
        "fallback_media": {
          "url": "https://d2jcv3kl45hlgi.cloudfront.net/3cbfc9b66d986725079a7d37a8f83225.jpg",
          "references": "http://specimens.kew.org/Herbarium/K006231299",
          "title": null,
          "creator": null,
          "publisher": null,
          "license": "http://creativecommons.org/licenses/by/4.0/",
          "rightsHolder": "Royal Botanic Gardens, Kew"
        }
      }
    },
    {
      "type": "Feature",
      "geometry": {
        "type": "Point",
        "coordinates": [
          -77.126111,
          7.898333
        ]
      },
      "properties": {
        "gbifID": "1890903874",
        "species": "Prestonia portobellensis",
        "genus": "Prestonia",
        "family": "Apocynaceae",
        "scientificName": "Prestonia portobellensis (Beurl.) Woodson",
        "coordinateUncertaintyInMeters": "297.0",
        "basisOfRecord": "PRESERVED_SPECIMEN",
        "eventDate": "1976-05-28",
        "country": null,
        "datasetName": "Datos Depurados/sistematizados por Expedición por la historia - ColombiaBio",
        "publisher": "Universidad Nacional de Colombia",
        "license": "CC_BY_4_0",
        "issues": [
          "COORDINATE_ROUNDED"
        ],
        "fallback_media": {
          "url": "https://d2jcv3kl45hlgi.cloudfront.net/3cbfc9b66d986725079a7d37a8f83225.jpg",
          "references": "http://specimens.kew.org/Herbarium/K006231299",
          "title": null,
          "creator": null,
          "publisher": null,
          "license": "http://creativecommons.org/licenses/by/4.0/",
          "rightsHolder": "Royal Botanic Gardens, Kew"
        }
      }
    },
    {
      "type": "Feature",
      "geometry": {
        "type": "Point",
        "coordinates": [
          -76.610076,
          5.860222
        ]
      },
      "properties": {
        "gbifID": "1890905384",
        "species": "Prestonia portobellensis",
        "genus": "Prestonia",
        "family": "Apocynaceae",
        "scientificName": "Prestonia portobellensis (Beurl.) Woodson",
        "coordinateUncertaintyInMeters": "1934.0",
        "basisOfRecord": "PRESERVED_SPECIMEN",
        "eventDate": "1958-04-03",
        "country": null,
        "datasetName": "Datos Depurados/sistematizados por Expedición por la historia - ColombiaBio",
        "publisher": "Universidad Nacional de Colombia",
        "license": "CC_BY_4_0",
        "issues": [],
        "fallback_media": {
          "url": "https://d2jcv3kl45hlgi.cloudfront.net/3cbfc9b66d986725079a7d37a8f83225.jpg",
          "references": "http://specimens.kew.org/Herbarium/K006231299",
          "title": null,
          "creator": null,
          "publisher": null,
          "license": "http://creativecommons.org/licenses/by/4.0/",
          "rightsHolder": "Royal Botanic Gardens, Kew"
        }
      }
    },
    {
      "type": "Feature",
      "geometry": {
        "type": "Point",
        "coordinates": [
          -74.783333,
          6.0
        ]
      },
      "properties": {
        "gbifID": "1898881838",
        "species": "Prestonia portobellensis",
        "genus": "Prestonia",
        "family": "Apocynaceae",
        "scientificName": "Prestonia portobellensis (Beurl.) Woodson",
        "coordinateUncertaintyInMeters": "250.0",
        "basisOfRecord": "PRESERVED_SPECIMEN",
        "eventDate": "1987-07-30",
        "country": null,
        "datasetName": "Datos Depurados/sistematizados por Expedición por la historia - ColombiaBio",
        "publisher": "Universidad Nacional de Colombia",
        "license": "CC_BY_4_0",
        "issues": [
          "COORDINATE_ROUNDED"
        ],
        "fallback_media": {
          "url": "https://d2jcv3kl45hlgi.cloudfront.net/3cbfc9b66d986725079a7d37a8f83225.jpg",
          "references": "http://specimens.kew.org/Herbarium/K006231299",
          "title": null,
          "creator": null,
          "publisher": null,
          "license": "http://creativecommons.org/licenses/by/4.0/",
          "rightsHolder": "Royal Botanic Gardens, Kew"
        }
      }
    },
    {
      "type": "Feature",
      "geometry": {
        "type": "Point",
        "coordinates": [
          -76.95222,
          7.635244
        ]
      },
      "properties": {
        "gbifID": "1891014036",
        "species": "Prestonia portobellensis",
        "genus": "Prestonia",
        "family": "Apocynaceae",
        "scientificName": "Prestonia portobellensis (Beurl.) Woodson",
        "coordinateUncertaintyInMeters": "577.0",
        "basisOfRecord": "PRESERVED_SPECIMEN",
        "eventDate": "1984-02-27",
        "country": null,
        "datasetName": "Datos Depurados/sistematizados por Expedición por la historia - ColombiaBio",
        "publisher": "Universidad Nacional de Colombia",
        "license": "CC_BY_4_0",
        "issues": [],
        "fallback_media": {
          "url": "https://d2jcv3kl45hlgi.cloudfront.net/3cbfc9b66d986725079a7d37a8f83225.jpg",
          "references": "http://specimens.kew.org/Herbarium/K006231299",
          "title": null,
          "creator": null,
          "publisher": null,
          "license": "http://creativecommons.org/licenses/by/4.0/",
          "rightsHolder": "Royal Botanic Gardens, Kew"
        }
      }
    },
    {
      "type": "Feature",
      "geometry": {
        "type": "Point",
        "coordinates": [
          -76.948332,
          7.61076
        ]
      },
      "properties": {
        "gbifID": "1890995505",
        "species": "Prestonia portobellensis",
        "genus": "Prestonia",
        "family": "Apocynaceae",
        "scientificName": "Prestonia portobellensis (Beurl.) Woodson",
        "coordinateUncertaintyInMeters": "3438.0",
        "basisOfRecord": "PRESERVED_SPECIMEN",
        "eventDate": "1985-01-23",
        "country": null,
        "datasetName": "Datos Depurados/sistematizados por Expedición por la historia - ColombiaBio",
        "publisher": "Universidad Nacional de Colombia",
        "license": "CC_BY_4_0",
        "issues": [],
        "fallback_media": {
          "url": "https://d2jcv3kl45hlgi.cloudfront.net/3cbfc9b66d986725079a7d37a8f83225.jpg",
          "references": "http://specimens.kew.org/Herbarium/K006231299",
          "title": null,
          "creator": null,
          "publisher": null,
          "license": "http://creativecommons.org/licenses/by/4.0/",
          "rightsHolder": "Royal Botanic Gardens, Kew"
        }
      }
    },
    {
      "type": "Feature",
      "geometry": {
        "type": "Point",
        "coordinates": [
          -77.353056,
          4.956389
        ]
      },
      "properties": {
        "gbifID": "1890908967",
        "species": "Prestonia portobellensis",
        "genus": "Prestonia",
        "family": "Apocynaceae",
        "scientificName": "Prestonia portobellensis (Beurl.) Woodson",
        "coordinateUncertaintyInMeters": "1020.0",
        "basisOfRecord": "PRESERVED_SPECIMEN",
        "eventDate": "1967",
        "country": null,
        "datasetName": "Datos Depurados/sistematizados por Expedición por la historia - ColombiaBio",
        "publisher": "Universidad Nacional de Colombia",
        "license": "CC_BY_4_0",
        "issues": [
          "RECORDED_DATE_MISMATCH",
          "COORDINATE_ROUNDED"
        ],
        "fallback_media": {
          "url": "https://d2jcv3kl45hlgi.cloudfront.net/3cbfc9b66d986725079a7d37a8f83225.jpg",
          "references": "http://specimens.kew.org/Herbarium/K006231299",
          "title": null,
          "creator": null,
          "publisher": null,
          "license": "http://creativecommons.org/licenses/by/4.0/",
          "rightsHolder": "Royal Botanic Gardens, Kew"
        }
      }
    },
    {
      "type": "Feature",
      "geometry": {
        "type": "Point",
        "coordinates": [
          -73.966667,
          10.933333
        ]
      },
      "properties": {
        "gbifID": "1844955035",
        "species": "Prestonia portobellensis",
        "genus": "Prestonia",
        "family": "Apocynaceae",
        "scientificName": "Prestonia portobellensis (Beurl.) Woodson",
        "coordinateUncertaintyInMeters": "",
        "basisOfRecord": "PRESERVED_SPECIMEN",
        "eventDate": "1972-09-29",
        "country": null,
        "datasetName": "Convenio Especial de Cooperación #13-238 entre IAvH y UN - 30 Septiembre 2013",
        "publisher": "Universidad Nacional de Colombia",
        "license": "CC_BY_4_0",
        "issues": [
          "GEODETIC_DATUM_ASSUMED_WGS84"
        ],
        "fallback_media": {
          "url": "https://d2jcv3kl45hlgi.cloudfront.net/3cbfc9b66d986725079a7d37a8f83225.jpg",
          "references": "http://specimens.kew.org/Herbarium/K006231299",
          "title": null,
          "creator": null,
          "publisher": null,
          "license": "http://creativecommons.org/licenses/by/4.0/",
          "rightsHolder": "Royal Botanic Gardens, Kew"
        }
      }
    },
    {
      "type": "Feature",
      "geometry": {
        "type": "Point",
        "coordinates": [
          -76.918611,
          4.604444
        ]
      },
      "properties": {
        "gbifID": "1890919156",
        "species": "Prestonia portobellensis",
        "genus": "Prestonia",
        "family": "Apocynaceae",
        "scientificName": "Prestonia portobellensis (Beurl.) Woodson",
        "coordinateUncertaintyInMeters": "2447.0",
        "basisOfRecord": "PRESERVED_SPECIMEN",
        "eventDate": "1979-04-07",
        "country": null,
        "datasetName": "Datos Depurados/sistematizados por Expedición por la historia - ColombiaBio",
        "publisher": "Universidad Nacional de Colombia",
        "license": "CC_BY_4_0",
        "issues": [
          "COORDINATE_ROUNDED"
        ],
        "fallback_media": {
          "url": "https://d2jcv3kl45hlgi.cloudfront.net/3cbfc9b66d986725079a7d37a8f83225.jpg",
          "references": "http://specimens.kew.org/Herbarium/K006231299",
          "title": null,
          "creator": null,
          "publisher": null,
          "license": "http://creativecommons.org/licenses/by/4.0/",
          "rightsHolder": "Royal Botanic Gardens, Kew"
        }
      }
    },
    {
      "type": "Feature",
      "geometry": {
        "type": "Point",
        "coordinates": [
          -76.916664,
          4.7
        ]
      },
      "properties": {
        "gbifID": "1890919044",
        "species": "Prestonia portobellensis",
        "genus": "Prestonia",
        "family": "Apocynaceae",
        "scientificName": "Prestonia portobellensis (Beurl.) Woodson",
        "coordinateUncertaintyInMeters": "597.0",
        "basisOfRecord": "PRESERVED_SPECIMEN",
        "eventDate": "1979-04-05",
        "country": null,
        "datasetName": "Datos Depurados/sistematizados por Expedición por la historia - ColombiaBio",
        "publisher": "Universidad Nacional de Colombia",
        "license": "CC_BY_4_0",
        "issues": [
          "COORDINATE_ROUNDED"
        ],
        "fallback_media": {
          "url": "https://d2jcv3kl45hlgi.cloudfront.net/3cbfc9b66d986725079a7d37a8f83225.jpg",
          "references": "http://specimens.kew.org/Herbarium/K006231299",
          "title": null,
          "creator": null,
          "publisher": null,
          "license": "http://creativecommons.org/licenses/by/4.0/",
          "rightsHolder": "Royal Botanic Gardens, Kew"
        }
      }
    },
    {
      "type": "Feature",
      "geometry": {
        "type": "Point",
        "coordinates": [
          -76.8167,
          -1.7167
        ]
      },
      "properties": {
        "gbifID": "4077759150",
        "species": "Prestonia portobellensis",
        "genus": "Prestonia",
        "family": "Apocynaceae",
        "scientificName": "Prestonia portobellensis (Beurl.) Woodson",
        "coordinateUncertaintyInMeters": "",
        "basisOfRecord": "PRESERVED_SPECIMEN",
        "eventDate": "1990-09-01",
        "country": null,
        "datasetName": "UNL:HERBARIO LOJA:ESPECIMEN PRERSERVADO",
        "publisher": "Herbario Reinado Espinosa (Herbario LOJA) de la Universidad Nacional de Loja",
        "license": "CC_BY_NC_4_0",
        "issues": [
          "RECORDED_DATE_INVALID",
          "TAXON_ID_NOT_FOUND"
        ],
        "fallback_media": {
          "url": "https://d2jcv3kl45hlgi.cloudfront.net/3cbfc9b66d986725079a7d37a8f83225.jpg",
          "references": "http://specimens.kew.org/Herbarium/K006231299",
          "title": null,
          "creator": null,
          "publisher": null,
          "license": "http://creativecommons.org/licenses/by/4.0/",
          "rightsHolder": "Royal Botanic Gardens, Kew"
        }
      }
    }
  ]
}
