{
  "type": "FeatureCollection",
  "metadata": {
    "host_taxon": {
      "canonical_name": "Passiflora coriacea",
      "rank": "species",
      "family": "Passifloraceae",
      "genus": "Passiflora",
      "species": "Passiflora coriacea",
      "slug": "species_passiflora_coriacea",
      "resolvable_to_gbif": true,
      "use_for_default_download": true,
      "association_count": 3,
      "butterfly_taxa": [
        "Dryas iulia",
        "Heliconius erato",
        "Heliconius sara"
      ],
      "confidence_counts": {
        "medium": 1,
        "low": 2
      },
      "occurrence_file": "occurrences/species_passiflora_coriacea.geojson",
      "gbif_resolution": {
        "query": "Passiflora coriacea",
        "rank": "species",
        "status": "resolved",
        "gbif_taxon_key": 7565198,
        "accepted_usage_key": null,
        "scientific_name": "Passiflora coriacea Juss.",
        "canonical_name": "Passiflora coriacea",
        "gbif_rank": "SPECIES",
        "taxonomic_status": "ACCEPTED",
        "match_type": "EXACT",
        "confidence": 99,
        "kingdom": "Plantae",
        "family": "Passifloraceae",
        "genus": "Passiflora",
        "resolved_at": "2026-05-21T03:58:12+00:00"
      },
      "gbif_taxon_key": 7565198,
      "gbif_status": "resolved",
      "occurrence_count": 0,
      "occurrence_mode": "not_generated",
      "occurrence_cap": null
    },
    "gbif_resolution": {
      "query": "Passiflora coriacea",
      "rank": "species",
      "status": "resolved",
      "gbif_taxon_key": 7565198,
      "accepted_usage_key": null,
      "scientific_name": "Passiflora coriacea Juss.",
      "canonical_name": "Passiflora coriacea",
      "gbif_rank": "SPECIES",
      "taxonomic_status": "ACCEPTED",
      "match_type": "EXACT",
      "confidence": 99,
      "kingdom": "Plantae",
      "family": "Passifloraceae",
      "genus": "Passiflora",
      "resolved_at": "2026-05-21T03:58:12+00:00"
    },
    "occurrence_query": {
      "method": "gbif_download_api",
      "download_key": "0004690-260519110011954",
      "download_doi": "10.15468/dl.s2gcc3",
      "download_doi_url": "https://doi.org/10.15468/dl.s2gcc3",
      "limit": null,
      "dedupe": "Exact duplicate coordinates removed per taxon after DWCA download.",
      "filters": "GBIF Download API DWCA with TAXON_KEY, HAS_COORDINATE=true, HAS_GEOSPATIAL_ISSUE=false, OCCURRENCE_STATUS=PRESENT; app study extent and coordinate uncertainty <=100km applied locally.",
      "returned_unique_coordinate_records": 682
    },
    "scientific_caveat": "GBIF plant occurrences are sampling-biased context records and do not prove local host use or ecological availability for the butterfly.",
    "generated_at": "2026-05-21T15:57:20+00:00"
  },
  "features": [
    {
      "type": "Feature",
      "geometry": {
        "type": "Point",
        "coordinates": [
          -75.80417,
          4.64111
        ]
      },
      "properties": {
        "gbifID": "1800539803",
        "species": "Passiflora coriacea",
        "genus": "Passiflora",
        "family": "Passifloraceae",
        "scientificName": "Passiflora coriacea Juss.",
        "coordinateUncertaintyInMeters": "806.0",
        "basisOfRecord": "PRESERVED_SPECIMEN",
        "eventDate": "1987-06-05",
        "country": null,
        "datasetName": "",
        "publisher": "Universidad del Quindío",
        "license": "CC_BY_NC_4_0",
        "issues": [
          "INSTITUTION_MATCH_FUZZY"
        ],
        "fallback_media": {
          "url": "https://api.jacq.org/v1/images/europeana/1638715?withredirect=1",
          "references": "https://api.jacq.org/v1/images/show/1638715?withredirect=1",
          "title": null,
          "creator": null,
          "publisher": null,
          "license": "http://creativecommons.org/publicdomain/zero/1.0/",
          "rightsHolder": null
        }
      }
    },
    {
      "type": "Feature",
      "geometry": {
        "type": "Point",
        "coordinates": [
          -75.81586,
          4.57632
        ]
      },
      "properties": {
        "gbifID": "1800542578",
        "species": "Passiflora coriacea",
        "genus": "Passiflora",
        "family": "Passifloraceae",
        "scientificName": "Passiflora coriacea Juss.",
        "coordinateUncertaintyInMeters": "3876.0",
        "basisOfRecord": "PRESERVED_SPECIMEN",
        "eventDate": "2001-09-22",
        "country": null,
        "datasetName": "",
        "publisher": "Universidad del Quindío",
        "license": "CC_BY_NC_4_0",
        "issues": [
          "INSTITUTION_MATCH_FUZZY"
        ],
        "fallback_media": {
          "url": "https://api.jacq.org/v1/images/europeana/1638715?withredirect=1",
          "references": "https://api.jacq.org/v1/images/show/1638715?withredirect=1",
          "title": null,
          "creator": null,
          "publisher": null,
          "license": "http://creativecommons.org/publicdomain/zero/1.0/",
          "rightsHolder": null
        }
      }
    },
    {
      "type": "Feature",
      "geometry": {
        "type": "Point",
        "coordinates": [
          -75.83014,
          4.58671
        ]
      },
      "properties": {
        "gbifID": "1800542469",
        "species": "Passiflora coriacea",
        "genus": "Passiflora",
        "family": "Passifloraceae",
        "scientificName": "Passiflora coriacea Juss.",
        "coordinateUncertaintyInMeters": "90.0",
        "basisOfRecord": "PRESERVED_SPECIMEN",
        "eventDate": "2001-10-18",
        "country": null,
        "datasetName": "",
        "publisher": "Universidad del Quindío",
        "license": "CC_BY_NC_4_0",
        "issues": [
          "INSTITUTION_MATCH_FUZZY"
        ],
        "fallback_media": {
          "url": "https://api.jacq.org/v1/images/europeana/1638715?withredirect=1",
          "references": "https://api.jacq.org/v1/images/show/1638715?withredirect=1",
          "title": null,
          "creator": null,
          "publisher": null,
          "license": "http://creativecommons.org/publicdomain/zero/1.0/",
          "rightsHolder": null
        }
      }
    },
    {
      "type": "Feature",
      "geometry": {
        "type": "Point",
        "coordinates": [
          -75.84974,
          4.62618
        ]
      },
      "properties": {
        "gbifID": "1800539657",
        "species": "Passiflora coriacea",
        "genus": "Passiflora",
        "family": "Passifloraceae",
        "scientificName": "Passiflora coriacea Juss.",
        "coordinateUncertaintyInMeters": "1046.0",
        "basisOfRecord": "PRESERVED_SPECIMEN",
        "eventDate": "1986-05-28",
        "country": null,
        "datasetName": "",
        "publisher": "Universidad del Quindío",
        "license": "CC_BY_NC_4_0",
        "issues": [
          "INSTITUTION_MATCH_FUZZY"
        ],
        "fallback_media": {
          "url": "https://api.jacq.org/v1/images/europeana/1638715?withredirect=1",
          "references": "https://api.jacq.org/v1/images/show/1638715?withredirect=1",
          "title": null,
          "creator": null,
          "publisher": null,
          "license": "http://creativecommons.org/publicdomain/zero/1.0/",
          "rightsHolder": null
        }
      }
    },
    {
      "type": "Feature",
      "geometry": {
        "type": "Point",
        "coordinates": [
          -75.85576,
          4.58862
        ]
      },
      "properties": {
        "gbifID": "1800542139",
        "species": "Passiflora coriacea",
        "genus": "Passiflora",
        "family": "Passifloraceae",
        "scientificName": "Passiflora coriacea Juss.",
        "coordinateUncertaintyInMeters": "980.0",
        "basisOfRecord": "PRESERVED_SPECIMEN",
        "eventDate": "1999-06-25",
        "country": null,
        "datasetName": "",
        "publisher": "Universidad del Quindío",
        "license": "CC_BY_NC_4_0",
        "issues": [
          "INSTITUTION_MATCH_FUZZY"
        ],
        "fallback_media": {
          "url": "https://api.jacq.org/v1/images/europeana/1638715?withredirect=1",
          "references": "https://api.jacq.org/v1/images/show/1638715?withredirect=1",
          "title": null,
          "creator": null,
          "publisher": null,
          "license": "http://creativecommons.org/publicdomain/zero/1.0/",
          "rightsHolder": null
        }
      }
    },
    {
      "type": "Feature",
      "geometry": {
        "type": "Point",
        "coordinates": [
          -75.80021,
          4.42277
        ]
      },
      "properties": {
        "gbifID": "1800539647",
        "species": "Passiflora coriacea",
        "genus": "Passiflora",
        "family": "Passifloraceae",
        "scientificName": "Passiflora coriacea Juss.",
        "coordinateUncertaintyInMeters": "3430.0",
        "basisOfRecord": "PRESERVED_SPECIMEN",
        "eventDate": "1984-11-08",
        "country": null,
        "datasetName": "",
        "publisher": "Universidad del Quindío",
        "license": "CC_BY_NC_4_0",
        "issues": [
          "INSTITUTION_MATCH_FUZZY"
        ],
        "fallback_media": {
          "url": "https://api.jacq.org/v1/images/europeana/1638715?withredirect=1",
          "references": "https://api.jacq.org/v1/images/show/1638715?withredirect=1",
          "title": null,
          "creator": null,
          "publisher": null,
          "license": "http://creativecommons.org/publicdomain/zero/1.0/",
          "rightsHolder": null
        }
      }
    },
    {
      "type": "Feature",
      "geometry": {
        "type": "Point",
        "coordinates": [
          -75.8645,
          4.58026
        ]
      },
      "properties": {
        "gbifID": "1800541986",
        "species": "Passiflora coriacea",
        "genus": "Passiflora",
        "family": "Passifloraceae",
        "scientificName": "Passiflora coriacea Juss.",
        "coordinateUncertaintyInMeters": "523.0",
        "basisOfRecord": "PRESERVED_SPECIMEN",
        "eventDate": "1998-03-29",
        "country": null,
        "datasetName": "",
        "publisher": "Universidad del Quindío",
        "license": "CC_BY_NC_4_0",
        "issues": [
          "INSTITUTION_MATCH_FUZZY"
        ],
        "fallback_media": {
          "url": "https://api.jacq.org/v1/images/europeana/1638715?withredirect=1",
          "references": "https://api.jacq.org/v1/images/show/1638715?withredirect=1",
          "title": null,
          "creator": null,
          "publisher": null,
          "license": "http://creativecommons.org/publicdomain/zero/1.0/",
          "rightsHolder": null
        }
      }
    },
    {
      "type": "Feature",
      "geometry": {
        "type": "Point",
        "coordinates": [
          -76.958679,
          3.985277
        ]
      },
      "properties": {
        "gbifID": "1576184361",
        "species": "Passiflora coriacea",
        "genus": "Passiflora",
        "family": "Passifloraceae",
        "scientificName": "Passiflora coriacea Juss.",
        "coordinateUncertaintyInMeters": "2372.0",
        "basisOfRecord": "PRESERVED_SPECIMEN",
        "eventDate": "",
        "country": null,
        "datasetName": "",
        "publisher": "Universidad de Caldas",
        "license": "CC_BY_4_0",
        "issues": [
          "COORDINATE_ROUNDED",
          "INSTITUTION_MATCH_FUZZY"
        ],
        "fallback_media": {
          "url": "https://api.jacq.org/v1/images/europeana/1638715?withredirect=1",
          "references": "https://api.jacq.org/v1/images/show/1638715?withredirect=1",
          "title": null,
          "creator": null,
          "publisher": null,
          "license": "http://creativecommons.org/publicdomain/zero/1.0/",
          "rightsHolder": null
        }
      }
    },
    {
      "type": "Feature",
      "geometry": {
        "type": "Point",
        "coordinates": [
          -75.89503,
          4.7993
        ]
      },
      "properties": {
        "gbifID": "1576185436",
        "species": "Passiflora coriacea",
        "genus": "Passiflora",
        "family": "Passifloraceae",
        "scientificName": "Passiflora coriacea Juss.",
        "coordinateUncertaintyInMeters": "6991.0",
        "basisOfRecord": "PRESERVED_SPECIMEN",
        "eventDate": "",
        "country": null,
        "datasetName": "",
        "publisher": "Universidad de Caldas",
        "license": "CC_BY_4_0",
        "issues": [
          "INSTITUTION_MATCH_FUZZY"
        ],
        "fallback_media": {
          "url": "https://api.jacq.org/v1/images/europeana/1638715?withredirect=1",
          "references": "https://api.jacq.org/v1/images/show/1638715?withredirect=1",
          "title": null,
          "creator": null,
          "publisher": null,
          "license": "http://creativecommons.org/publicdomain/zero/1.0/",
          "rightsHolder": null
        }
      }
    },
    {
      "type": "Feature",
      "geometry": {
        "type": "Point",
        "coordinates": [
          -75.67848,
          2.16788
        ]
      },
      "properties": {
        "gbifID": "1576184374",
        "species": "Passiflora coriacea",
        "genus": "Passiflora",
        "family": "Passifloraceae",
        "scientificName": "Passiflora coriacea Juss.",
        "coordinateUncertaintyInMeters": "1502.0",
        "basisOfRecord": "PRESERVED_SPECIMEN",
        "eventDate": "",
        "country": null,
        "datasetName": "",
        "publisher": "Universidad de Caldas",
        "license": "CC_BY_4_0",
        "issues": [
          "INSTITUTION_MATCH_FUZZY"
        ],
        "fallback_media": {
          "url": "https://api.jacq.org/v1/images/europeana/1638715?withredirect=1",
          "references": "https://api.jacq.org/v1/images/show/1638715?withredirect=1",
          "title": null,
          "creator": null,
          "publisher": null,
          "license": "http://creativecommons.org/publicdomain/zero/1.0/",
          "rightsHolder": null
        }
      }
    },
    {
      "type": "Feature",
      "geometry": {
        "type": "Point",
        "coordinates": [
          -75.782241,
          4.678712
        ]
      },
      "properties": {
        "gbifID": "1576172810",
        "species": "Passiflora coriacea",
        "genus": "Passiflora",
        "family": "Passifloraceae",
        "scientificName": "Passiflora coriacea Juss.",
        "coordinateUncertaintyInMeters": "9113.57",
        "basisOfRecord": "PRESERVED_SPECIMEN",
        "eventDate": "",
        "country": null,
        "datasetName": "",
        "publisher": "Universidad de Caldas",
        "license": "CC_BY_4_0",
        "issues": [
          "COORDINATE_ROUNDED",
          "INSTITUTION_MATCH_FUZZY"
        ],
        "fallback_media": {
          "url": "https://api.jacq.org/v1/images/europeana/1638715?withredirect=1",
          "references": "https://api.jacq.org/v1/images/show/1638715?withredirect=1",
          "title": null,
          "creator": null,
          "publisher": null,
          "license": "http://creativecommons.org/publicdomain/zero/1.0/",
          "rightsHolder": null
        }
      }
    },
    {
      "type": "Feature",
      "geometry": {
        "type": "Point",
        "coordinates": [
          -75.7023,
          5.11048
        ]
      },
      "properties": {
        "gbifID": "1576175844",
        "species": "Passiflora coriacea",
        "genus": "Passiflora",
        "family": "Passifloraceae",
        "scientificName": "Passiflora coriacea Juss.",
        "coordinateUncertaintyInMeters": "1407.0",
        "basisOfRecord": "PRESERVED_SPECIMEN",
        "eventDate": "",
        "country": null,
        "datasetName": "",
        "publisher": "Universidad de Caldas",
        "license": "CC_BY_4_0",
        "issues": [
          "INSTITUTION_MATCH_FUZZY"
        ],
        "fallback_media": {
          "url": "https://api.jacq.org/v1/images/europeana/1638715?withredirect=1",
          "references": "https://api.jacq.org/v1/images/show/1638715?withredirect=1",
          "title": null,
          "creator": null,
          "publisher": null,
          "license": "http://creativecommons.org/publicdomain/zero/1.0/",
          "rightsHolder": null
        }
      }
    },
    {
      "type": "Feature",
      "geometry": {
        "type": "Point",
        "coordinates": [
          -75.353398,
          5.302109
        ]
      },
      "properties": {
        "gbifID": "1576184318",
        "species": "Passiflora coriacea",
        "genus": "Passiflora",
        "family": "Passifloraceae",
        "scientificName": "Passiflora coriacea Juss.",
        "coordinateUncertaintyInMeters": "2187.0",
        "basisOfRecord": "PRESERVED_SPECIMEN",
        "eventDate": "",
        "country": null,
        "datasetName": "",
        "publisher": "Universidad de Caldas",
        "license": "CC_BY_4_0",
        "issues": [
          "COORDINATE_ROUNDED",
          "INSTITUTION_MATCH_FUZZY"
        ],
        "fallback_media": {
          "url": "https://api.jacq.org/v1/images/europeana/1638715?withredirect=1",
          "references": "https://api.jacq.org/v1/images/show/1638715?withredirect=1",
          "title": null,
          "creator": null,
          "publisher": null,
          "license": "http://creativecommons.org/publicdomain/zero/1.0/",
          "rightsHolder": null
        }
      }
    },
    {
      "type": "Feature",
      "geometry": {
        "type": "Point",
        "coordinates": [
          -75.647727,
          5.23198
        ]
      },
      "properties": {
        "gbifID": "1576175852",
        "species": "Passiflora coriacea",
        "genus": "Passiflora",
        "family": "Passifloraceae",
        "scientificName": "Passiflora coriacea Juss.",
        "coordinateUncertaintyInMeters": "4676.0",
        "basisOfRecord": "PRESERVED_SPECIMEN",
        "eventDate": "",
        "country": null,
        "datasetName": "",
        "publisher": "Universidad de Caldas",
        "license": "CC_BY_4_0",
        "issues": [
          "COORDINATE_ROUNDED",
          "INSTITUTION_MATCH_FUZZY"
        ],
        "fallback_media": {
          "url": "https://api.jacq.org/v1/images/europeana/1638715?withredirect=1",
          "references": "https://api.jacq.org/v1/images/show/1638715?withredirect=1",
          "title": null,
          "creator": null,
          "publisher": null,
          "license": "http://creativecommons.org/publicdomain/zero/1.0/",
          "rightsHolder": null
        }
      }
    },
    {
      "type": "Feature",
      "geometry": {
        "type": "Point",
        "coordinates": [
          -75.637071,
          5.403725
        ]
      },
      "properties": {
        "gbifID": "1576184337",
        "species": "Passiflora coriacea",
        "genus": "Passiflora",
        "family": "Passifloraceae",
        "scientificName": "Passiflora coriacea Juss.",
        "coordinateUncertaintyInMeters": "4597.0",
        "basisOfRecord": "PRESERVED_SPECIMEN",
        "eventDate": "",
        "country": null,
        "datasetName": "",
        "publisher": "Universidad de Caldas",
        "license": "CC_BY_4_0",
        "issues": [
          "COORDINATE_ROUNDED",
          "INSTITUTION_MATCH_FUZZY"
        ],
        "fallback_media": {
          "url": "https://api.jacq.org/v1/images/europeana/1638715?withredirect=1",
          "references": "https://api.jacq.org/v1/images/show/1638715?withredirect=1",
          "title": null,
          "creator": null,
          "publisher": null,
          "license": "http://creativecommons.org/publicdomain/zero/1.0/",
          "rightsHolder": null
        }
      }
    },
    {
      "type": "Feature",
      "geometry": {
        "type": "Point",
        "coordinates": [
          -76.661111,
          5.686944
        ]
      },
      "properties": {
        "gbifID": "2512737255",
        "species": "Passiflora coriacea",
        "genus": "Passiflora",
        "family": "Passifloraceae",
        "scientificName": "Passiflora coriacea Juss.",
        "coordinateUncertaintyInMeters": "",
        "basisOfRecord": "HUMAN_OBSERVATION",
        "eventDate": "2019-09-18/2019-09-23",
        "country": null,
        "datasetName": "",
        "publisher": "Instituto de Investigaciones Ambientales del Pacífico John Von Neumann - IIAP",
        "license": "CC_BY_NC_4_0",
        "issues": [
          "OCCURRENCE_STATUS_INFERRED_FROM_INDIVIDUAL_COUNT",
          "COORDINATE_ROUNDED",
          "GEODETIC_DATUM_ASSUMED_WGS84"
        ],
        "fallback_media": {
          "url": "https://api.jacq.org/v1/images/europeana/1638715?withredirect=1",
          "references": "https://api.jacq.org/v1/images/show/1638715?withredirect=1",
          "title": null,
          "creator": null,
          "publisher": null,
          "license": "http://creativecommons.org/publicdomain/zero/1.0/",
          "rightsHolder": null
        }
      }
    },
    {
      "type": "Feature",
      "geometry": {
        "type": "Point",
        "coordinates": [
          -86.903889,
          20.844444
        ]
      },
      "properties": {
        "gbifID": "2629466139",
        "species": "Passiflora coriacea",
        "genus": "Passiflora",
        "family": "Passifloraceae",
        "scientificName": "Passiflora coriacea Juss.",
        "coordinateUncertaintyInMeters": "70.0",
        "basisOfRecord": "PRESERVED_SPECIMEN",
        "eventDate": "1983-07-20",
        "country": null,
        "datasetName": "Digitalización y sistematización de las colecciones biológicas del INECOL",
        "publisher": "Comisión nacional para el conocimiento y uso de la biodiversidad",
        "license": "CC_BY_4_0",
        "issues": [
          "OCCURRENCE_STATUS_INFERRED_FROM_INDIVIDUAL_COUNT",
          "COORDINATE_ROUNDED",
          "GEODETIC_DATUM_ASSUMED_WGS84",
          "GEODETIC_DATUM_INVALID",
          "CONTINENT_DERIVED_FROM_COORDINATES",
          "AMBIGUOUS_INSTITUTION",
          "TAXON_ID_NOT_FOUND",
          "SCIENTIFIC_NAME_ID_NOT_FOUND"
        ],
        "fallback_media": {
          "url": "https://api.jacq.org/v1/images/europeana/1638715?withredirect=1",
          "references": "https://api.jacq.org/v1/images/show/1638715?withredirect=1",
          "title": null,
          "creator": null,
          "publisher": null,
          "license": "http://creativecommons.org/publicdomain/zero/1.0/",
          "rightsHolder": null
        }
      }
    },
    {
      "type": "Feature",
      "geometry": {
        "type": "Point",
        "coordinates": [
          -98.226111,
          21.345
        ]
      },
      "properties": {
        "gbifID": "2629621317",
        "species": "Passiflora coriacea",
        "genus": "Passiflora",
        "family": "Passifloraceae",
        "scientificName": "Passiflora coriacea Juss.",
        "coordinateUncertaintyInMeters": "70.0",
        "basisOfRecord": "PRESERVED_SPECIMEN",
        "eventDate": "1858",
        "country": null,
        "datasetName": "Digitalización y sistematización de las colecciones biológicas del INECOL",
        "publisher": "Comisión nacional para el conocimiento y uso de la biodiversidad",
        "license": "CC_BY_4_0",
        "issues": [
          "OCCURRENCE_STATUS_INFERRED_FROM_INDIVIDUAL_COUNT",
          "COORDINATE_ROUNDED",
          "GEODETIC_DATUM_ASSUMED_WGS84",
          "GEODETIC_DATUM_INVALID",
          "CONTINENT_DERIVED_FROM_COORDINATES",
          "INSTITUTION_MATCH_FUZZY",
          "INSTITUTION_COLLECTION_MISMATCH",
          "SCIENTIFIC_NAME_ID_NOT_FOUND",
          "TAXON_ID_NOT_FOUND"
        ],
        "fallback_media": {
          "url": "https://api.jacq.org/v1/images/europeana/1638715?withredirect=1",
          "references": "https://api.jacq.org/v1/images/show/1638715?withredirect=1",
          "title": null,
          "creator": null,
          "publisher": null,
          "license": "http://creativecommons.org/publicdomain/zero/1.0/",
          "rightsHolder": null
        }
      }
    },
    {
      "type": "Feature",
      "geometry": {
        "type": "Point",
        "coordinates": [
          -90.875194,
          16.820833
        ]
      },
      "properties": {
        "gbifID": "2629589649",
        "species": "Passiflora coriacea",
        "genus": "Passiflora",
        "family": "Passifloraceae",
        "scientificName": "Passiflora coriacea Juss.",
        "coordinateUncertaintyInMeters": "",
        "basisOfRecord": "PRESERVED_SPECIMEN",
        "eventDate": "2004-06-30",
        "country": null,
        "datasetName": "Digitalización y sistematización de las colecciones biológicas del INECOL",
        "publisher": "Comisión nacional para el conocimiento y uso de la biodiversidad",
        "license": "CC_BY_4_0",
        "issues": [
          "OCCURRENCE_STATUS_INFERRED_FROM_INDIVIDUAL_COUNT",
          "COORDINATE_ROUNDED",
          "CONTINENT_DERIVED_FROM_COORDINATES",
          "AMBIGUOUS_INSTITUTION",
          "TAXON_ID_NOT_FOUND",
          "SCIENTIFIC_NAME_ID_NOT_FOUND"
        ],
        "fallback_media": {
          "url": "https://api.jacq.org/v1/images/europeana/1638715?withredirect=1",
          "references": "https://api.jacq.org/v1/images/show/1638715?withredirect=1",
          "title": null,
          "creator": null,
          "publisher": null,
          "license": "http://creativecommons.org/publicdomain/zero/1.0/",
          "rightsHolder": null
        }
      }
    },
    {
      "type": "Feature",
      "geometry": {
        "type": "Point",
        "coordinates": [
          -96.9275,
          19.54
        ]
      },
      "properties": {
        "gbifID": "2629719649",
        "species": "Passiflora coriacea",
        "genus": "Passiflora",
        "family": "Passifloraceae",
        "scientificName": "Passiflora coriacea Juss.",
        "coordinateUncertaintyInMeters": "80.0",
        "basisOfRecord": "PRESERVED_SPECIMEN",
        "eventDate": "1980",
        "country": null,
        "datasetName": "Digitalización y sistematización de las colecciones biológicas del INECOL",
        "publisher": "Comisión nacional para el conocimiento y uso de la biodiversidad",
        "license": "CC_BY_4_0",
        "issues": [
          "OCCURRENCE_STATUS_INFERRED_FROM_INDIVIDUAL_COUNT",
          "GEODETIC_DATUM_ASSUMED_WGS84",
          "GEODETIC_DATUM_INVALID",
          "CONTINENT_DERIVED_FROM_COORDINATES",
          "AMBIGUOUS_INSTITUTION",
          "TAXON_ID_NOT_FOUND",
          "SCIENTIFIC_NAME_ID_NOT_FOUND"
        ],
        "fallback_media": {
          "url": "https://api.jacq.org/v1/images/europeana/1638715?withredirect=1",
          "references": "https://api.jacq.org/v1/images/show/1638715?withredirect=1",
          "title": null,
          "creator": null,
          "publisher": null,
          "license": "http://creativecommons.org/publicdomain/zero/1.0/",
          "rightsHolder": null
        }
      }
    },
    {
      "type": "Feature",
      "geometry": {
        "type": "Point",
        "coordinates": [
          -97.174722,
          19.981111
        ]
      },
      "properties": {
        "gbifID": "2629570999",
        "species": "Passiflora coriacea",
        "genus": "Passiflora",
        "family": "Passifloraceae",
        "scientificName": "Passiflora coriacea Juss.",
        "coordinateUncertaintyInMeters": "80.0",
        "basisOfRecord": "PRESERVED_SPECIMEN",
        "eventDate": "1982-04-23",
        "country": null,
        "datasetName": "Digitalización y sistematización de las colecciones biológicas del INECOL",
        "publisher": "Comisión nacional para el conocimiento y uso de la biodiversidad",
        "license": "CC_BY_4_0",
        "issues": [
          "OCCURRENCE_STATUS_INFERRED_FROM_INDIVIDUAL_COUNT",
          "COORDINATE_ROUNDED",
          "GEODETIC_DATUM_ASSUMED_WGS84",
          "GEODETIC_DATUM_INVALID",
          "CONTINENT_DERIVED_FROM_COORDINATES",
          "AMBIGUOUS_INSTITUTION",
          "TAXON_ID_NOT_FOUND",
          "SCIENTIFIC_NAME_ID_NOT_FOUND"
        ],
        "fallback_media": {
          "url": "https://api.jacq.org/v1/images/europeana/1638715?withredirect=1",
          "references": "https://api.jacq.org/v1/images/show/1638715?withredirect=1",
          "title": null,
          "creator": null,
          "publisher": null,
          "license": "http://creativecommons.org/publicdomain/zero/1.0/",
          "rightsHolder": null
        }
      }
    },
    {
      "type": "Feature",
      "geometry": {
        "type": "Point",
        "coordinates": [
          -95.828611,
          18.448333
        ]
      },
      "properties": {
        "gbifID": "2629728783",
        "species": "Passiflora coriacea",
        "genus": "Passiflora",
        "family": "Passifloraceae",
        "scientificName": "Passiflora coriacea Juss.",
        "coordinateUncertaintyInMeters": "90.0",
        "basisOfRecord": "PRESERVED_SPECIMEN",
        "eventDate": "",
        "country": null,
        "datasetName": "Digitalización y sistematización de las colecciones biológicas del INECOL",
        "publisher": "Comisión nacional para el conocimiento y uso de la biodiversidad",
        "license": "CC_BY_4_0",
        "issues": [
          "OCCURRENCE_STATUS_INFERRED_FROM_INDIVIDUAL_COUNT",
          "COORDINATE_ROUNDED",
          "GEODETIC_DATUM_ASSUMED_WGS84",
          "GEODETIC_DATUM_INVALID",
          "CONTINENT_DERIVED_FROM_COORDINATES",
          "AMBIGUOUS_INSTITUTION",
          "TAXON_ID_NOT_FOUND",
          "SCIENTIFIC_NAME_ID_NOT_FOUND"
        ],
        "fallback_media": {
          "url": "https://api.jacq.org/v1/images/europeana/1638715?withredirect=1",
          "references": "https://api.jacq.org/v1/images/show/1638715?withredirect=1",
          "title": null,
          "creator": null,
          "publisher": null,
          "license": "http://creativecommons.org/publicdomain/zero/1.0/",
          "rightsHolder": null
        }
      }
    },
    {
      "type": "Feature",
      "geometry": {
        "type": "Point",
        "coordinates": [
          -90.85,
          18.416667
        ]
      },
      "properties": {
        "gbifID": "2629735688",
        "species": "Passiflora coriacea",
        "genus": "Passiflora",
        "family": "Passifloraceae",
        "scientificName": "Passiflora coriacea Juss.",
        "coordinateUncertaintyInMeters": "90.0",
        "basisOfRecord": "PRESERVED_SPECIMEN",
        "eventDate": "1983-05-11",
        "country": null,
        "datasetName": "Digitalización y sistematización de las colecciones biológicas del INECOL",
        "publisher": "Comisión nacional para el conocimiento y uso de la biodiversidad",
        "license": "CC_BY_4_0",
        "issues": [
          "OCCURRENCE_STATUS_INFERRED_FROM_INDIVIDUAL_COUNT",
          "COORDINATE_ROUNDED",
          "GEODETIC_DATUM_ASSUMED_WGS84",
          "GEODETIC_DATUM_INVALID",
          "CONTINENT_DERIVED_FROM_COORDINATES",
          "AMBIGUOUS_INSTITUTION",
          "TAXON_ID_NOT_FOUND",
          "SCIENTIFIC_NAME_ID_NOT_FOUND"
        ],
        "fallback_media": {
          "url": "https://api.jacq.org/v1/images/europeana/1638715?withredirect=1",
          "references": "https://api.jacq.org/v1/images/show/1638715?withredirect=1",
          "title": null,
          "creator": null,
          "publisher": null,
          "license": "http://creativecommons.org/publicdomain/zero/1.0/",
          "rightsHolder": null
        }
      }
    },
    {
      "type": "Feature",
      "geometry": {
        "type": "Point",
        "coordinates": [
          -95.166667,
          18.433333
        ]
      },
      "properties": {
        "gbifID": "2629567627",
        "species": "Passiflora coriacea",
        "genus": "Passiflora",
        "family": "Passifloraceae",
        "scientificName": "Passiflora coriacea Juss.",
        "coordinateUncertaintyInMeters": "90.0",
        "basisOfRecord": "PRESERVED_SPECIMEN",
        "eventDate": "1985-07-24",
        "country": null,
        "datasetName": "Digitalización y sistematización de las colecciones biológicas del INECOL",
        "publisher": "Comisión nacional para el conocimiento y uso de la biodiversidad",
        "license": "CC_BY_4_0",
        "issues": [
          "OCCURRENCE_STATUS_INFERRED_FROM_INDIVIDUAL_COUNT",
          "COORDINATE_ROUNDED",
          "GEODETIC_DATUM_ASSUMED_WGS84",
          "GEODETIC_DATUM_INVALID",
          "CONTINENT_DERIVED_FROM_COORDINATES",
          "AMBIGUOUS_INSTITUTION",
          "TAXON_ID_NOT_FOUND",
          "SCIENTIFIC_NAME_ID_NOT_FOUND"
        ],
        "fallback_media": {
          "url": "https://api.jacq.org/v1/images/europeana/1638715?withredirect=1",
          "references": "https://api.jacq.org/v1/images/show/1638715?withredirect=1",
          "title": null,
          "creator": null,
          "publisher": null,
          "license": "http://creativecommons.org/publicdomain/zero/1.0/",
          "rightsHolder": null
        }
      }
    },
    {
      "type": "Feature",
      "geometry": {
        "type": "Point",
        "coordinates": [
          -93.825,
          17.474167
        ]
      },
      "properties": {
        "gbifID": "2629654145",
        "species": "Passiflora coriacea",
        "genus": "Passiflora",
        "family": "Passifloraceae",
        "scientificName": "Passiflora coriacea Juss.",
        "coordinateUncertaintyInMeters": "90.0",
        "basisOfRecord": "PRESERVED_SPECIMEN",
        "eventDate": "1970-07-14",
        "country": null,
        "datasetName": "Digitalización y sistematización de las colecciones biológicas del INECOL",
        "publisher": "Comisión nacional para el conocimiento y uso de la biodiversidad",
        "license": "CC_BY_4_0",
        "issues": [
          "OCCURRENCE_STATUS_INFERRED_FROM_INDIVIDUAL_COUNT",
          "COORDINATE_ROUNDED",
          "GEODETIC_DATUM_ASSUMED_WGS84",
          "GEODETIC_DATUM_INVALID",
          "CONTINENT_DERIVED_FROM_COORDINATES",
          "AMBIGUOUS_INSTITUTION",
          "TAXON_ID_NOT_FOUND",
          "SCIENTIFIC_NAME_ID_NOT_FOUND"
        ],
        "fallback_media": {
          "url": "https://api.jacq.org/v1/images/europeana/1638715?withredirect=1",
          "references": "https://api.jacq.org/v1/images/show/1638715?withredirect=1",
          "title": null,
          "creator": null,
          "publisher": null,
          "license": "http://creativecommons.org/publicdomain/zero/1.0/",
          "rightsHolder": null
        }
      }
    },
    {
      "type": "Feature",
      "geometry": {
        "type": "Point",
        "coordinates": [
          -89.433333,
          18.55
        ]
      },
      "properties": {
        "gbifID": "2629576002",
        "species": "Passiflora coriacea",
        "genus": "Passiflora",
        "family": "Passifloraceae",
        "scientificName": "Passiflora coriacea Juss.",
        "coordinateUncertaintyInMeters": "80.0",
        "basisOfRecord": "PRESERVED_SPECIMEN",
        "eventDate": "1988-07-07",
        "country": null,
        "datasetName": "Digitalización y sistematización de las colecciones biológicas del INECOL",
        "publisher": "Comisión nacional para el conocimiento y uso de la biodiversidad",
        "license": "CC_BY_4_0",
        "issues": [
          "OCCURRENCE_STATUS_INFERRED_FROM_INDIVIDUAL_COUNT",
          "COORDINATE_ROUNDED",
          "GEODETIC_DATUM_ASSUMED_WGS84",
          "GEODETIC_DATUM_INVALID",
          "CONTINENT_DERIVED_FROM_COORDINATES",
          "AMBIGUOUS_INSTITUTION",
          "TAXON_ID_NOT_FOUND",
          "SCIENTIFIC_NAME_ID_NOT_FOUND"
        ],
        "fallback_media": {
          "url": "https://api.jacq.org/v1/images/europeana/1638715?withredirect=1",
          "references": "https://api.jacq.org/v1/images/show/1638715?withredirect=1",
          "title": null,
          "creator": null,
          "publisher": null,
          "license": "http://creativecommons.org/publicdomain/zero/1.0/",
          "rightsHolder": null
        }
      }
    },
    {
      "type": "Feature",
      "geometry": {
        "type": "Point",
        "coordinates": [
          -96.666667,
          18.666667
        ]
      },
      "properties": {
        "gbifID": "2629569386",
        "species": "Passiflora coriacea",
        "genus": "Passiflora",
        "family": "Passifloraceae",
        "scientificName": "Passiflora coriacea Juss.",
        "coordinateUncertaintyInMeters": "90.0",
        "basisOfRecord": "PRESERVED_SPECIMEN",
        "eventDate": "1986-06-28",
        "country": null,
        "datasetName": "Digitalización y sistematización de las colecciones biológicas del INECOL",
        "publisher": "Comisión nacional para el conocimiento y uso de la biodiversidad",
        "license": "CC_BY_4_0",
        "issues": [
          "OCCURRENCE_STATUS_INFERRED_FROM_INDIVIDUAL_COUNT",
          "COORDINATE_ROUNDED",
          "GEODETIC_DATUM_ASSUMED_WGS84",
          "GEODETIC_DATUM_INVALID",
          "CONTINENT_DERIVED_FROM_COORDINATES",
          "AMBIGUOUS_INSTITUTION",
          "TAXON_ID_NOT_FOUND",
          "SCIENTIFIC_NAME_ID_NOT_FOUND"
        ],
        "fallback_media": {
          "url": "https://api.jacq.org/v1/images/europeana/1638715?withredirect=1",
          "references": "https://api.jacq.org/v1/images/show/1638715?withredirect=1",
          "title": null,
          "creator": null,
          "publisher": null,
          "license": "http://creativecommons.org/publicdomain/zero/1.0/",
          "rightsHolder": null
        }
      }
    },
    {
      "type": "Feature",
      "geometry": {
        "type": "Point",
        "coordinates": [
          -88.152778,
          20.640833
        ]
      },
      "properties": {
        "gbifID": "2629759627",
        "species": "Passiflora coriacea",
        "genus": "Passiflora",
        "family": "Passifloraceae",
        "scientificName": "Passiflora coriacea Juss.",
        "coordinateUncertaintyInMeters": "70.0",
        "basisOfRecord": "PRESERVED_SPECIMEN",
        "eventDate": "1988-10-27",
        "country": null,
        "datasetName": "Digitalización y sistematización de las colecciones biológicas del INECOL",
        "publisher": "Comisión nacional para el conocimiento y uso de la biodiversidad",
        "license": "CC_BY_4_0",
        "issues": [
          "OCCURRENCE_STATUS_INFERRED_FROM_INDIVIDUAL_COUNT",
          "COORDINATE_ROUNDED",
          "GEODETIC_DATUM_ASSUMED_WGS84",
          "GEODETIC_DATUM_INVALID",
          "CONTINENT_DERIVED_FROM_COORDINATES",
          "AMBIGUOUS_INSTITUTION",
          "TAXON_ID_NOT_FOUND",
          "SCIENTIFIC_NAME_ID_NOT_FOUND"
        ],
        "fallback_media": {
          "url": "https://api.jacq.org/v1/images/europeana/1638715?withredirect=1",
          "references": "https://api.jacq.org/v1/images/show/1638715?withredirect=1",
          "title": null,
          "creator": null,
          "publisher": null,
          "license": "http://creativecommons.org/publicdomain/zero/1.0/",
          "rightsHolder": null
        }
      }
    },
    {
      "type": "Feature",
      "geometry": {
        "type": "Point",
        "coordinates": [
          -89.48,
          21.118056
        ]
      },
      "properties": {
        "gbifID": "2629748601",
        "species": "Passiflora coriacea",
        "genus": "Passiflora",
        "family": "Passifloraceae",
        "scientificName": "Passiflora coriacea Juss.",
        "coordinateUncertaintyInMeters": "70.0",
        "basisOfRecord": "PRESERVED_SPECIMEN",
        "eventDate": "1982-07-02",
        "country": null,
        "datasetName": "Digitalización y sistematización de las colecciones biológicas del INECOL",
        "publisher": "Comisión nacional para el conocimiento y uso de la biodiversidad",
        "license": "CC_BY_4_0",
        "issues": [
          "OCCURRENCE_STATUS_INFERRED_FROM_INDIVIDUAL_COUNT",
          "COORDINATE_ROUNDED",
          "GEODETIC_DATUM_ASSUMED_WGS84",
          "GEODETIC_DATUM_INVALID",
          "CONTINENT_DERIVED_FROM_COORDINATES",
          "AMBIGUOUS_INSTITUTION",
          "TAXON_ID_NOT_FOUND",
          "SCIENTIFIC_NAME_ID_NOT_FOUND"
        ],
        "fallback_media": {
          "url": "https://api.jacq.org/v1/images/europeana/1638715?withredirect=1",
          "references": "https://api.jacq.org/v1/images/show/1638715?withredirect=1",
          "title": null,
          "creator": null,
          "publisher": null,
          "license": "http://creativecommons.org/publicdomain/zero/1.0/",
          "rightsHolder": null
        }
      }
    },
    {
      "type": "Feature",
      "geometry": {
        "type": "Point",
        "coordinates": [
          -94.761667,
          17.756667
        ]
      },
      "properties": {
        "gbifID": "2629697186",
        "species": "Passiflora coriacea",
        "genus": "Passiflora",
        "family": "Passifloraceae",
        "scientificName": "Passiflora coriacea Juss.",
        "coordinateUncertaintyInMeters": "90.0",
        "basisOfRecord": "PRESERVED_SPECIMEN",
        "eventDate": "1968-07-25",
        "country": null,
        "datasetName": "Digitalización y sistematización de las colecciones biológicas del INECOL",
        "publisher": "Comisión nacional para el conocimiento y uso de la biodiversidad",
        "license": "CC_BY_4_0",
        "issues": [
          "OCCURRENCE_STATUS_INFERRED_FROM_INDIVIDUAL_COUNT",
          "COORDINATE_ROUNDED",
          "GEODETIC_DATUM_ASSUMED_WGS84",
          "GEODETIC_DATUM_INVALID",
          "CONTINENT_DERIVED_FROM_COORDINATES",
          "AMBIGUOUS_INSTITUTION",
          "TAXON_ID_NOT_FOUND",
          "SCIENTIFIC_NAME_ID_NOT_FOUND"
        ],
        "fallback_media": {
          "url": "https://api.jacq.org/v1/images/europeana/1638715?withredirect=1",
          "references": "https://api.jacq.org/v1/images/show/1638715?withredirect=1",
          "title": null,
          "creator": null,
          "publisher": null,
          "license": "http://creativecommons.org/publicdomain/zero/1.0/",
          "rightsHolder": null
        }
      }
    },
    {
      "type": "Feature",
      "geometry": {
        "type": "Point",
        "coordinates": [
          -94.43,
          18.141667
        ]
      },
      "properties": {
        "gbifID": "2629680198",
        "species": "Passiflora coriacea",
        "genus": "Passiflora",
        "family": "Passifloraceae",
        "scientificName": "Passiflora coriacea Juss.",
        "coordinateUncertaintyInMeters": "90.0",
        "basisOfRecord": "PRESERVED_SPECIMEN",
        "eventDate": "1997-04-10",
        "country": null,
        "datasetName": "Digitalización y sistematización de las colecciones biológicas del INECOL",
        "publisher": "Comisión nacional para el conocimiento y uso de la biodiversidad",
        "license": "CC_BY_4_0",
        "issues": [
          "OCCURRENCE_STATUS_INFERRED_FROM_INDIVIDUAL_COUNT",
          "COORDINATE_ROUNDED",
          "GEODETIC_DATUM_ASSUMED_WGS84",
          "GEODETIC_DATUM_INVALID",
          "CONTINENT_DERIVED_FROM_COORDINATES",
          "AMBIGUOUS_INSTITUTION",
          "SCIENTIFIC_NAME_ID_NOT_FOUND",
          "TAXON_ID_NOT_FOUND"
        ],
        "fallback_media": {
          "url": "https://api.jacq.org/v1/images/europeana/1638715?withredirect=1",
          "references": "https://api.jacq.org/v1/images/show/1638715?withredirect=1",
          "title": null,
          "creator": null,
          "publisher": null,
          "license": "http://creativecommons.org/publicdomain/zero/1.0/",
          "rightsHolder": null
        }
      }
    },
    {
      "type": "Feature",
      "geometry": {
        "type": "Point",
        "coordinates": [
          -98.883333,
          19.483333
        ]
      },
      "properties": {
        "gbifID": "2629481604",
        "species": "Passiflora coriacea",
        "genus": "Passiflora",
        "family": "Passifloraceae",
        "scientificName": "Passiflora coriacea Juss.",
        "coordinateUncertaintyInMeters": "80.0",
        "basisOfRecord": "PRESERVED_SPECIMEN",
        "eventDate": "1983-09-29",
        "country": null,
        "datasetName": "Digitalización y sistematización de las colecciones biológicas del INECOL",
        "publisher": "Comisión nacional para el conocimiento y uso de la biodiversidad",
        "license": "CC_BY_4_0",
        "issues": [
          "OCCURRENCE_STATUS_INFERRED_FROM_INDIVIDUAL_COUNT",
          "COORDINATE_ROUNDED",
          "GEODETIC_DATUM_ASSUMED_WGS84",
          "GEODETIC_DATUM_INVALID",
          "CONTINENT_DERIVED_FROM_COORDINATES",
          "AMBIGUOUS_INSTITUTION",
          "TAXON_ID_NOT_FOUND",
          "SCIENTIFIC_NAME_ID_NOT_FOUND"
        ],
        "fallback_media": {
          "url": "https://api.jacq.org/v1/images/europeana/1638715?withredirect=1",
          "references": "https://api.jacq.org/v1/images/show/1638715?withredirect=1",
          "title": null,
          "creator": null,
          "publisher": null,
          "license": "http://creativecommons.org/publicdomain/zero/1.0/",
          "rightsHolder": null
        }
      }
    },
    {
      "type": "Feature",
      "geometry": {
        "type": "Point",
        "coordinates": [
          -98.473333,
          21.328333
        ]
      },
      "properties": {
        "gbifID": "2629560839",
        "species": "Passiflora coriacea",
        "genus": "Passiflora",
        "family": "Passifloraceae",
        "scientificName": "Passiflora coriacea Juss.",
        "coordinateUncertaintyInMeters": "70.0",
        "basisOfRecord": "PRESERVED_SPECIMEN",
        "eventDate": "1976-03",
        "country": null,
        "datasetName": "Digitalización y sistematización de las colecciones biológicas del INECOL",
        "publisher": "Comisión nacional para el conocimiento y uso de la biodiversidad",
        "license": "CC_BY_4_0",
        "issues": [
          "OCCURRENCE_STATUS_INFERRED_FROM_INDIVIDUAL_COUNT",
          "COORDINATE_ROUNDED",
          "GEODETIC_DATUM_ASSUMED_WGS84",
          "GEODETIC_DATUM_INVALID",
          "CONTINENT_DERIVED_FROM_COORDINATES",
          "AMBIGUOUS_INSTITUTION",
          "TAXON_ID_NOT_FOUND",
          "SCIENTIFIC_NAME_ID_NOT_FOUND"
        ],
        "fallback_media": {
          "url": "https://api.jacq.org/v1/images/europeana/1638715?withredirect=1",
          "references": "https://api.jacq.org/v1/images/show/1638715?withredirect=1",
          "title": null,
          "creator": null,
          "publisher": null,
          "license": "http://creativecommons.org/publicdomain/zero/1.0/",
          "rightsHolder": null
        }
      }
    },
    {
      "type": "Feature",
      "geometry": {
        "type": "Point",
        "coordinates": [
          -97.961389,
          20.210833
        ]
      },
      "properties": {
        "gbifID": "2629745783",
        "species": "Passiflora coriacea",
        "genus": "Passiflora",
        "family": "Passifloraceae",
        "scientificName": "Passiflora coriacea Juss.",
        "coordinateUncertaintyInMeters": "80.0",
        "basisOfRecord": "PRESERVED_SPECIMEN",
        "eventDate": "1987-07-21",
        "country": null,
        "datasetName": "Digitalización y sistematización de las colecciones biológicas del INECOL",
        "publisher": "Comisión nacional para el conocimiento y uso de la biodiversidad",
        "license": "CC_BY_4_0",
        "issues": [
          "OCCURRENCE_STATUS_INFERRED_FROM_INDIVIDUAL_COUNT",
          "COORDINATE_ROUNDED",
          "GEODETIC_DATUM_ASSUMED_WGS84",
          "GEODETIC_DATUM_INVALID",
          "CONTINENT_DERIVED_FROM_COORDINATES",
          "AMBIGUOUS_INSTITUTION",
          "SCIENTIFIC_NAME_ID_NOT_FOUND",
          "TAXON_ID_NOT_FOUND"
        ],
        "fallback_media": {
          "url": "https://api.jacq.org/v1/images/europeana/1638715?withredirect=1",
          "references": "https://api.jacq.org/v1/images/show/1638715?withredirect=1",
          "title": null,
          "creator": null,
          "publisher": null,
          "license": "http://creativecommons.org/publicdomain/zero/1.0/",
          "rightsHolder": null
        }
      }
    },
    {
      "type": "Feature",
      "geometry": {
        "type": "Point",
        "coordinates": [
          -95.05695,
          17.764092
        ]
      },
      "properties": {
        "gbifID": "2629759858",
        "species": "Passiflora coriacea",
        "genus": "Passiflora",
        "family": "Passifloraceae",
        "scientificName": "Passiflora coriacea Juss.",
        "coordinateUncertaintyInMeters": "90.0",
        "basisOfRecord": "PRESERVED_SPECIMEN",
        "eventDate": "2001-05-10",
        "country": null,
        "datasetName": "Digitalización y sistematización de las colecciones biológicas del INECOL",
        "publisher": "Comisión nacional para el conocimiento y uso de la biodiversidad",
        "license": "CC_BY_4_0",
        "issues": [
          "OCCURRENCE_STATUS_INFERRED_FROM_INDIVIDUAL_COUNT",
          "COORDINATE_ROUNDED",
          "GEODETIC_DATUM_ASSUMED_WGS84",
          "GEODETIC_DATUM_INVALID",
          "CONTINENT_DERIVED_FROM_COORDINATES",
          "AMBIGUOUS_INSTITUTION",
          "SCIENTIFIC_NAME_ID_NOT_FOUND",
          "TAXON_ID_NOT_FOUND"
        ],
        "fallback_media": {
          "url": "https://api.jacq.org/v1/images/europeana/1638715?withredirect=1",
          "references": "https://api.jacq.org/v1/images/show/1638715?withredirect=1",
          "title": null,
          "creator": null,
          "publisher": null,
          "license": "http://creativecommons.org/publicdomain/zero/1.0/",
          "rightsHolder": null
        }
      }
    },
    {
      "type": "Feature",
      "geometry": {
        "type": "Point",
        "coordinates": [
          -92.976944,
          18.165556
        ]
      },
      "properties": {
        "gbifID": "2629639080",
        "species": "Passiflora coriacea",
        "genus": "Passiflora",
        "family": "Passifloraceae",
        "scientificName": "Passiflora coriacea Juss.",
        "coordinateUncertaintyInMeters": "90.0",
        "basisOfRecord": "PRESERVED_SPECIMEN",
        "eventDate": "1978-10-07",
        "country": null,
        "datasetName": "Digitalización y sistematización de las colecciones biológicas del INECOL",
        "publisher": "Comisión nacional para el conocimiento y uso de la biodiversidad",
        "license": "CC_BY_4_0",
        "issues": [
          "OCCURRENCE_STATUS_INFERRED_FROM_INDIVIDUAL_COUNT",
          "COORDINATE_ROUNDED",
          "GEODETIC_DATUM_ASSUMED_WGS84",
          "GEODETIC_DATUM_INVALID",
          "CONTINENT_DERIVED_FROM_COORDINATES",
          "AMBIGUOUS_INSTITUTION",
          "TAXON_ID_NOT_FOUND",
          "SCIENTIFIC_NAME_ID_NOT_FOUND"
        ],
        "fallback_media": {
          "url": "https://api.jacq.org/v1/images/europeana/1638715?withredirect=1",
          "references": "https://api.jacq.org/v1/images/show/1638715?withredirect=1",
          "title": null,
          "creator": null,
          "publisher": null,
          "license": "http://creativecommons.org/publicdomain/zero/1.0/",
          "rightsHolder": null
        }
      }
    },
    {
      "type": "Feature",
      "geometry": {
        "type": "Point",
        "coordinates": [
          -96.751111,
          19.207222
        ]
      },
      "properties": {
        "gbifID": "2629551521",
        "species": "Passiflora coriacea",
        "genus": "Passiflora",
        "family": "Passifloraceae",
        "scientificName": "Passiflora coriacea Juss.",
        "coordinateUncertaintyInMeters": "80.0",
        "basisOfRecord": "PRESERVED_SPECIMEN",
        "eventDate": "1970-06-10",
        "country": null,
        "datasetName": "Digitalización y sistematización de las colecciones biológicas del INECOL",
        "publisher": "Comisión nacional para el conocimiento y uso de la biodiversidad",
        "license": "CC_BY_4_0",
        "issues": [
          "OCCURRENCE_STATUS_INFERRED_FROM_INDIVIDUAL_COUNT",
          "COORDINATE_ROUNDED",
          "GEODETIC_DATUM_ASSUMED_WGS84",
          "GEODETIC_DATUM_INVALID",
          "CONTINENT_DERIVED_FROM_COORDINATES",
          "AMBIGUOUS_INSTITUTION",
          "SCIENTIFIC_NAME_ID_NOT_FOUND",
          "TAXON_ID_NOT_FOUND"
        ],
        "fallback_media": {
          "url": "https://api.jacq.org/v1/images/europeana/1638715?withredirect=1",
          "references": "https://api.jacq.org/v1/images/show/1638715?withredirect=1",
          "title": null,
          "creator": null,
          "publisher": null,
          "license": "http://creativecommons.org/publicdomain/zero/1.0/",
          "rightsHolder": null
        }
      }
    },
    {
      "type": "Feature",
      "geometry": {
        "type": "Point",
        "coordinates": [
          -94.141136,
          17.435917
        ]
      },
      "properties": {
        "gbifID": "2629584040",
        "species": "Passiflora coriacea",
        "genus": "Passiflora",
        "family": "Passifloraceae",
        "scientificName": "Passiflora coriacea Juss.",
        "coordinateUncertaintyInMeters": "90.0",
        "basisOfRecord": "PRESERVED_SPECIMEN",
        "eventDate": "2001-05-07",
        "country": null,
        "datasetName": "Digitalización y sistematización de las colecciones biológicas del INECOL",
        "publisher": "Comisión nacional para el conocimiento y uso de la biodiversidad",
        "license": "CC_BY_4_0",
        "issues": [
          "OCCURRENCE_STATUS_INFERRED_FROM_INDIVIDUAL_COUNT",
          "COORDINATE_ROUNDED",
          "GEODETIC_DATUM_ASSUMED_WGS84",
          "GEODETIC_DATUM_INVALID",
          "CONTINENT_DERIVED_FROM_COORDINATES",
          "AMBIGUOUS_INSTITUTION",
          "SCIENTIFIC_NAME_ID_NOT_FOUND",
          "TAXON_ID_NOT_FOUND"
        ],
        "fallback_media": {
          "url": "https://api.jacq.org/v1/images/europeana/1638715?withredirect=1",
          "references": "https://api.jacq.org/v1/images/show/1638715?withredirect=1",
          "title": null,
          "creator": null,
          "publisher": null,
          "license": "http://creativecommons.org/publicdomain/zero/1.0/",
          "rightsHolder": null
        }
      }
    },
    {
      "type": "Feature",
      "geometry": {
        "type": "Point",
        "coordinates": [
          -97.168055,
          19.927778
        ]
      },
      "properties": {
        "gbifID": "2629723999",
        "species": "Passiflora coriacea",
        "genus": "Passiflora",
        "family": "Passifloraceae",
        "scientificName": "Passiflora coriacea Juss.",
        "coordinateUncertaintyInMeters": "80.0",
        "basisOfRecord": "PRESERVED_SPECIMEN",
        "eventDate": "1982-08-16",
        "country": null,
        "datasetName": "Digitalización y sistematización de las colecciones biológicas del INECOL",
        "publisher": "Comisión nacional para el conocimiento y uso de la biodiversidad",
        "license": "CC_BY_4_0",
        "issues": [
          "OCCURRENCE_STATUS_INFERRED_FROM_INDIVIDUAL_COUNT",
          "COORDINATE_ROUNDED",
          "GEODETIC_DATUM_ASSUMED_WGS84",
          "GEODETIC_DATUM_INVALID",
          "CONTINENT_DERIVED_FROM_COORDINATES",
          "AMBIGUOUS_INSTITUTION",
          "TAXON_ID_NOT_FOUND",
          "SCIENTIFIC_NAME_ID_NOT_FOUND"
        ],
        "fallback_media": {
          "url": "https://api.jacq.org/v1/images/europeana/1638715?withredirect=1",
          "references": "https://api.jacq.org/v1/images/show/1638715?withredirect=1",
          "title": null,
          "creator": null,
          "publisher": null,
          "license": "http://creativecommons.org/publicdomain/zero/1.0/",
          "rightsHolder": null
        }
      }
    },
    {
      "type": "Feature",
      "geometry": {
        "type": "Point",
        "coordinates": [
          -96.883611,
          19.871944
        ]
      },
      "properties": {
        "gbifID": "2629517836",
        "species": "Passiflora coriacea",
        "genus": "Passiflora",
        "family": "Passifloraceae",
        "scientificName": "Passiflora coriacea Juss.",
        "coordinateUncertaintyInMeters": "80.0",
        "basisOfRecord": "PRESERVED_SPECIMEN",
        "eventDate": "1993-02-09",
        "country": null,
        "datasetName": "Digitalización y sistematización de las colecciones biológicas del INECOL",
        "publisher": "Comisión nacional para el conocimiento y uso de la biodiversidad",
        "license": "CC_BY_4_0",
        "issues": [
          "OCCURRENCE_STATUS_INFERRED_FROM_INDIVIDUAL_COUNT",
          "COORDINATE_ROUNDED",
          "GEODETIC_DATUM_ASSUMED_WGS84",
          "GEODETIC_DATUM_INVALID",
          "CONTINENT_DERIVED_FROM_COORDINATES",
          "AMBIGUOUS_INSTITUTION",
          "TAXON_ID_NOT_FOUND",
          "SCIENTIFIC_NAME_ID_NOT_FOUND"
        ],
        "fallback_media": {
          "url": "https://api.jacq.org/v1/images/europeana/1638715?withredirect=1",
          "references": "https://api.jacq.org/v1/images/show/1638715?withredirect=1",
          "title": null,
          "creator": null,
          "publisher": null,
          "license": "http://creativecommons.org/publicdomain/zero/1.0/",
          "rightsHolder": null
        }
      }
    },
    {
      "type": "Feature",
      "geometry": {
        "type": "Point",
        "coordinates": [
          -95.962778,
          18.840278
        ]
      },
      "properties": {
        "gbifID": "2629588763",
        "species": "Passiflora coriacea",
        "genus": "Passiflora",
        "family": "Passifloraceae",
        "scientificName": "Passiflora coriacea Juss.",
        "coordinateUncertaintyInMeters": "90.0",
        "basisOfRecord": "PRESERVED_SPECIMEN",
        "eventDate": "2009-11-25",
        "country": null,
        "datasetName": "Digitalización y sistematización de las colecciones biológicas del INECOL",
        "publisher": "Comisión nacional para el conocimiento y uso de la biodiversidad",
        "license": "CC_BY_4_0",
        "issues": [
          "OCCURRENCE_STATUS_INFERRED_FROM_INDIVIDUAL_COUNT",
          "COORDINATE_ROUNDED",
          "GEODETIC_DATUM_ASSUMED_WGS84",
          "GEODETIC_DATUM_INVALID",
          "CONTINENT_DERIVED_FROM_COORDINATES",
          "AMBIGUOUS_INSTITUTION",
          "TAXON_ID_NOT_FOUND",
          "SCIENTIFIC_NAME_ID_NOT_FOUND"
        ],
        "fallback_media": {
          "url": "https://api.jacq.org/v1/images/europeana/1638715?withredirect=1",
          "references": "https://api.jacq.org/v1/images/show/1638715?withredirect=1",
          "title": null,
          "creator": null,
          "publisher": null,
          "license": "http://creativecommons.org/publicdomain/zero/1.0/",
          "rightsHolder": null
        }
      }
    },
    {
      "type": "Feature",
      "geometry": {
        "type": "Point",
        "coordinates": [
          -97.186944,
          19.950556
        ]
      },
      "properties": {
        "gbifID": "2629712436",
        "species": "Passiflora coriacea",
        "genus": "Passiflora",
        "family": "Passifloraceae",
        "scientificName": "Passiflora coriacea Juss.",
        "coordinateUncertaintyInMeters": "80.0",
        "basisOfRecord": "PRESERVED_SPECIMEN",
        "eventDate": "1981-09-02",
        "country": null,
        "datasetName": "Digitalización y sistematización de las colecciones biológicas del INECOL",
        "publisher": "Comisión nacional para el conocimiento y uso de la biodiversidad",
        "license": "CC_BY_4_0",
        "issues": [
          "OCCURRENCE_STATUS_INFERRED_FROM_INDIVIDUAL_COUNT",
          "COORDINATE_ROUNDED",
          "GEODETIC_DATUM_ASSUMED_WGS84",
          "GEODETIC_DATUM_INVALID",
          "CONTINENT_DERIVED_FROM_COORDINATES",
          "AMBIGUOUS_INSTITUTION",
          "TAXON_ID_NOT_FOUND",
          "SCIENTIFIC_NAME_ID_NOT_FOUND"
        ],
        "fallback_media": {
          "url": "https://api.jacq.org/v1/images/europeana/1638715?withredirect=1",
          "references": "https://api.jacq.org/v1/images/show/1638715?withredirect=1",
          "title": null,
          "creator": null,
          "publisher": null,
          "license": "http://creativecommons.org/publicdomain/zero/1.0/",
          "rightsHolder": null
        }
      }
    },
    {
      "type": "Feature",
      "geometry": {
        "type": "Point",
        "coordinates": [
          -96.997312,
          20.171678
        ]
      },
      "properties": {
        "gbifID": "2629533163",
        "species": "Passiflora coriacea",
        "genus": "Passiflora",
        "family": "Passifloraceae",
        "scientificName": "Passiflora coriacea Juss.",
        "coordinateUncertaintyInMeters": "1919.0",
        "basisOfRecord": "PRESERVED_SPECIMEN",
        "eventDate": "1965-03",
        "country": null,
        "datasetName": "Digitalización y sistematización de las colecciones biológicas del INECOL",
        "publisher": "Comisión nacional para el conocimiento y uso de la biodiversidad",
        "license": "CC_BY_4_0",
        "issues": [
          "OCCURRENCE_STATUS_INFERRED_FROM_INDIVIDUAL_COUNT",
          "COORDINATE_ROUNDED",
          "GEODETIC_DATUM_ASSUMED_WGS84",
          "GEODETIC_DATUM_INVALID",
          "CONTINENT_DERIVED_FROM_COORDINATES",
          "AMBIGUOUS_INSTITUTION",
          "TAXON_ID_NOT_FOUND",
          "SCIENTIFIC_NAME_ID_NOT_FOUND"
        ],
        "fallback_media": {
          "url": "https://api.jacq.org/v1/images/europeana/1638715?withredirect=1",
          "references": "https://api.jacq.org/v1/images/show/1638715?withredirect=1",
          "title": null,
          "creator": null,
          "publisher": null,
          "license": "http://creativecommons.org/publicdomain/zero/1.0/",
          "rightsHolder": null
        }
      }
    },
    {
      "type": "Feature",
      "geometry": {
        "type": "Point",
        "coordinates": [
          -96.137778,
          19.199167
        ]
      },
      "properties": {
        "gbifID": "2629466138",
        "species": "Passiflora coriacea",
        "genus": "Passiflora",
        "family": "Passifloraceae",
        "scientificName": "Passiflora coriacea Juss.",
        "coordinateUncertaintyInMeters": "80.0",
        "basisOfRecord": "PRESERVED_SPECIMEN",
        "eventDate": "",
        "country": null,
        "datasetName": "Digitalización y sistematización de las colecciones biológicas del INECOL",
        "publisher": "Comisión nacional para el conocimiento y uso de la biodiversidad",
        "license": "CC_BY_4_0",
        "issues": [
          "OCCURRENCE_STATUS_INFERRED_FROM_INDIVIDUAL_COUNT",
          "COORDINATE_ROUNDED",
          "GEODETIC_DATUM_ASSUMED_WGS84",
          "GEODETIC_DATUM_INVALID",
          "CONTINENT_DERIVED_FROM_COORDINATES",
          "AMBIGUOUS_INSTITUTION",
          "TAXON_ID_NOT_FOUND",
          "SCIENTIFIC_NAME_ID_NOT_FOUND"
        ],
        "fallback_media": {
          "url": "https://api.jacq.org/v1/images/europeana/1638715?withredirect=1",
          "references": "https://api.jacq.org/v1/images/show/1638715?withredirect=1",
          "title": null,
          "creator": null,
          "publisher": null,
          "license": "http://creativecommons.org/publicdomain/zero/1.0/",
          "rightsHolder": null
        }
      }
    },
    {
      "type": "Feature",
      "geometry": {
        "type": "Point",
        "coordinates": [
          -99.139994,
          22.107483
        ]
      },
      "properties": {
        "gbifID": "1895485372",
        "species": "Passiflora coriacea",
        "genus": "Passiflora",
        "family": "Passifloraceae",
        "scientificName": "Passiflora coriacea Juss.",
        "coordinateUncertaintyInMeters": "70.0",
        "basisOfRecord": "PRESERVED_SPECIMEN",
        "eventDate": "1981-05-17",
        "country": null,
        "datasetName": "Catálogo electrónico de especímenes depositados en el Herbario de la Universidad de Texas en Austin, Fase IV",
        "publisher": "Comisión nacional para el conocimiento y uso de la biodiversidad",
        "license": "CC_BY_4_0",
        "issues": [
          "OCCURRENCE_STATUS_INFERRED_FROM_INDIVIDUAL_COUNT",
          "COORDINATE_ROUNDED",
          "TAXON_ID_NOT_FOUND",
          "SCIENTIFIC_NAME_ID_NOT_FOUND"
        ],
        "fallback_media": {
          "url": "https://api.jacq.org/v1/images/europeana/1638715?withredirect=1",
          "references": "https://api.jacq.org/v1/images/show/1638715?withredirect=1",
          "title": null,
          "creator": null,
          "publisher": null,
          "license": "http://creativecommons.org/publicdomain/zero/1.0/",
          "rightsHolder": null
        }
      }
    },
    {
      "type": "Feature",
      "geometry": {
        "type": "Point",
        "coordinates": [
          -46.183333,
          -23.516667
        ]
      },
      "properties": {
        "gbifID": "1837840328",
        "species": "Passiflora coriacea",
        "genus": "Passiflora",
        "family": "Passifloraceae",
        "scientificName": "Passiflora coriacea Juss.",
        "coordinateUncertaintyInMeters": "",
        "basisOfRecord": "PRESERVED_SPECIMEN",
        "eventDate": "2015-05",
        "country": null,
        "datasetName": "",
        "publisher": "Universidade Federal do Espírito Santo",
        "license": "CC_BY_4_0",
        "issues": [
          "COORDINATE_ROUNDED",
          "CONTINENT_DERIVED_FROM_COORDINATES",
          "INSTITUTION_MATCH_NONE"
        ],
        "fallback_media": {
          "url": "https://api.jacq.org/v1/images/europeana/1638715?withredirect=1",
          "references": "https://api.jacq.org/v1/images/show/1638715?withredirect=1",
          "title": null,
          "creator": null,
          "publisher": null,
          "license": "http://creativecommons.org/publicdomain/zero/1.0/",
          "rightsHolder": null
        }
      }
    },
    {
      "type": "Feature",
      "geometry": {
        "type": "Point",
        "coordinates": [
          -72.501389,
          -12.447222
        ]
      },
      "properties": {
        "gbifID": "4031629003",
        "species": "Passiflora coriacea",
        "genus": "Passiflora",
        "family": "Passifloraceae",
        "scientificName": "Passiflora coriacea Juss.",
        "coordinateUncertaintyInMeters": "",
        "basisOfRecord": "PRESERVED_SPECIMEN",
        "eventDate": "2005-10-19",
        "country": null,
        "datasetName": "Tropicos",
        "publisher": "Missouri Botanical Garden",
        "license": "CC_BY_4_0",
        "issues": [
          "OCCURRENCE_STATUS_INFERRED_FROM_INDIVIDUAL_COUNT",
          "COORDINATE_ROUNDED",
          "GEODETIC_DATUM_ASSUMED_WGS84",
          "INSTITUTION_MATCH_FUZZY",
          "COLLECTION_MATCH_NONE",
          "TAXON_ID_NOT_FOUND"
        ],
        "media": [
          {
            "url": "https://images.mobot.org/RISScanning04/detailImages/RISScanning04/103929000/C33BFD27-069E-47C3-A7BF-7D71E11FAC02.jpg",
            "references": "https://www.tropicos.org/ImageFullView.aspx?imageid=103929612",
            "title": "Suclli Montañés - 2426 - Peru",
            "creator": "MBG",
            "publisher": null,
            "license": "http://creativecommons.org/licenses/by-nc-sa/3.0/",
            "rightsHolder": "MBG"
          }
        ]
      }
    },
    {
      "type": "Feature",
      "geometry": {
        "type": "Point",
        "coordinates": [
          -76.416667,
          -6.5
        ]
      },
      "properties": {
        "gbifID": "1258361071",
        "species": "Passiflora coriacea",
        "genus": "Passiflora",
        "family": "Passifloraceae",
        "scientificName": "Passiflora coriacea Juss.",
        "coordinateUncertaintyInMeters": "",
        "basisOfRecord": "PRESERVED_SPECIMEN",
        "eventDate": "1982-07-20",
        "country": null,
        "datasetName": "Tropicos",
        "publisher": "Missouri Botanical Garden",
        "license": "CC_BY_4_0",
        "issues": [
          "OCCURRENCE_STATUS_INFERRED_FROM_INDIVIDUAL_COUNT",
          "COORDINATE_ROUNDED",
          "GEODETIC_DATUM_ASSUMED_WGS84",
          "INSTITUTION_MATCH_FUZZY",
          "COLLECTION_MATCH_NONE",
          "TAXON_ID_NOT_FOUND"
        ],
        "media": [
          {
            "url": "https://images.mobot.org/RISScanning04/detailImages/RISScanning04/103929000/141D64B5-600A-4E37-89F7-B693FFA5F672.jpg",
            "references": "https://www.tropicos.org/ImageFullView.aspx?imageid=103929578",
            "title": "Gentry - 37842 - Peru",
            "creator": "MBG",
            "publisher": null,
            "license": "http://creativecommons.org/licenses/by-nc-sa/3.0/",
            "rightsHolder": "MBG"
          }
        ]
      }
    },
    {
      "type": "Feature",
      "geometry": {
        "type": "Point",
        "coordinates": [
          -75.995,
          4.797222
        ]
      },
      "properties": {
        "gbifID": "4031957418",
        "species": "Passiflora coriacea",
        "genus": "Passiflora",
        "family": "Passifloraceae",
        "scientificName": "Passiflora coriacea Juss.",
        "coordinateUncertaintyInMeters": "",
        "basisOfRecord": "PRESERVED_SPECIMEN",
        "eventDate": "1977-02-27",
        "country": null,
        "datasetName": "Tropicos",
        "publisher": "Missouri Botanical Garden",
        "license": "CC_BY_4_0",
        "issues": [
          "OCCURRENCE_STATUS_INFERRED_FROM_INDIVIDUAL_COUNT",
          "COORDINATE_ROUNDED",
          "GEODETIC_DATUM_ASSUMED_WGS84",
          "INSTITUTION_MATCH_FUZZY",
          "COLLECTION_MATCH_NONE",
          "TAXON_ID_NOT_FOUND"
        ],
        "media": [
          {
            "url": "https://images.mobot.org/RISScanning04/detailImages/RISScanning04/103929000/0CD31E1F-5386-4BBD-89C6-68357E00B64D.jpg",
            "references": "https://www.tropicos.org/ImageFullView.aspx?imageid=103929593",
            "title": "Forero - 3580 - Colombia",
            "creator": "MBG",
            "publisher": null,
            "license": "http://creativecommons.org/licenses/by-nc-sa/3.0/",
            "rightsHolder": "MBG"
          }
        ]
      }
    },
    {
      "type": "Feature",
      "geometry": {
        "type": "Point",
        "coordinates": [
          -79.585833,
          0.787222
        ]
      },
      "properties": {
        "gbifID": "4031871777",
        "species": "Passiflora coriacea",
        "genus": "Passiflora",
        "family": "Passifloraceae",
        "scientificName": "Passiflora coriacea Juss.",
        "coordinateUncertaintyInMeters": "",
        "basisOfRecord": "PRESERVED_SPECIMEN",
        "eventDate": "1967-04-13",
        "country": null,
        "datasetName": "Tropicos",
        "publisher": "Missouri Botanical Garden",
        "license": "CC_BY_4_0",
        "issues": [
          "OCCURRENCE_STATUS_INFERRED_FROM_INDIVIDUAL_COUNT",
          "COORDINATE_ROUNDED",
          "GEODETIC_DATUM_ASSUMED_WGS84",
          "INSTITUTION_MATCH_FUZZY",
          "COLLECTION_MATCH_NONE",
          "TAXON_ID_NOT_FOUND"
        ],
        "fallback_media": {
          "url": "https://api.jacq.org/v1/images/europeana/1638715?withredirect=1",
          "references": "https://api.jacq.org/v1/images/show/1638715?withredirect=1",
          "title": null,
          "creator": null,
          "publisher": null,
          "license": "http://creativecommons.org/publicdomain/zero/1.0/",
          "rightsHolder": null
        }
      }
    },
    {
      "type": "Feature",
      "geometry": {
        "type": "Point",
        "coordinates": [
          -75.020833,
          -10.867778
        ]
      },
      "properties": {
        "gbifID": "4031637445",
        "species": "Passiflora coriacea",
        "genus": "Passiflora",
        "family": "Passifloraceae",
        "scientificName": "Passiflora coriacea Juss.",
        "coordinateUncertaintyInMeters": "",
        "basisOfRecord": "PRESERVED_SPECIMEN",
        "eventDate": "2001-09-14",
        "country": null,
        "datasetName": "Tropicos",
        "publisher": "Missouri Botanical Garden",
        "license": "CC_BY_4_0",
        "issues": [
          "OCCURRENCE_STATUS_INFERRED_FROM_INDIVIDUAL_COUNT",
          "COORDINATE_ROUNDED",
          "GEODETIC_DATUM_ASSUMED_WGS84",
          "INSTITUTION_MATCH_FUZZY",
          "COLLECTION_MATCH_NONE",
          "TAXON_ID_NOT_FOUND"
        ],
        "media": [
          {
            "url": "https://images.mobot.org/RISScanning04/detailImages/RISScanning04/103929000/EDB2A6FC-0B09-4A9A-B1C5-7AF8C0E4ED11.jpg",
            "references": "https://www.tropicos.org/ImageFullView.aspx?imageid=103929602",
            "title": "Weigend - 5760 - Peru",
            "creator": "MBG",
            "publisher": null,
            "license": "http://creativecommons.org/licenses/by-nc-sa/3.0/",
            "rightsHolder": "MBG"
          }
        ]
      }
    },
    {
      "type": "Feature",
      "geometry": {
        "type": "Point",
        "coordinates": [
          -69.05,
          -12.583333
        ]
      },
      "properties": {
        "gbifID": "1260172208",
        "species": "Passiflora coriacea",
        "genus": "Passiflora",
        "family": "Passifloraceae",
        "scientificName": "Passiflora coriacea Juss.",
        "coordinateUncertaintyInMeters": "",
        "basisOfRecord": "PRESERVED_SPECIMEN",
        "eventDate": "1990-06-28",
        "country": null,
        "datasetName": "Tropicos",
        "publisher": "Missouri Botanical Garden",
        "license": "CC_BY_4_0",
        "issues": [
          "OCCURRENCE_STATUS_INFERRED_FROM_INDIVIDUAL_COUNT",
          "COORDINATE_ROUNDED",
          "GEODETIC_DATUM_ASSUMED_WGS84",
          "INSTITUTION_MATCH_FUZZY",
          "COLLECTION_MATCH_NONE",
          "TAXON_ID_NOT_FOUND"
        ],
        "media": [
          {
            "url": "https://images.mobot.org/RISScanning04/detailImages/RISScanning04/103929000/9A9BCFC6-DC7A-4FC0-863E-1223780F8A53.jpg",
            "references": "https://www.tropicos.org/ImageFullView.aspx?imageid=103929585",
            "title": "Núñez Vargas - 12363 - Peru",
            "creator": "MBG",
            "publisher": null,
            "license": "http://creativecommons.org/licenses/by-nc-sa/3.0/",
            "rightsHolder": "MBG"
          }
        ]
      }
    },
    {
      "type": "Feature",
      "geometry": {
        "type": "Point",
        "coordinates": [
          -82.55,
          27.3333
        ]
      },
      "properties": {
        "gbifID": "1258122205",
        "species": "Passiflora coriacea",
        "genus": "Passiflora",
        "family": "Passifloraceae",
        "scientificName": "Passiflora coriacea Juss.",
        "coordinateUncertaintyInMeters": "",
        "basisOfRecord": "PRESERVED_SPECIMEN",
        "eventDate": "1997-07-20",
        "country": null,
        "datasetName": "Tropicos",
        "publisher": "Missouri Botanical Garden",
        "license": "CC_BY_4_0",
        "issues": [
          "GEODETIC_DATUM_ASSUMED_WGS84",
          "INSTITUTION_MATCH_FUZZY",
          "COLLECTION_MATCH_NONE",
          "TAXON_ID_NOT_FOUND"
        ],
        "fallback_media": {
          "url": "https://api.jacq.org/v1/images/europeana/1638715?withredirect=1",
          "references": "https://api.jacq.org/v1/images/show/1638715?withredirect=1",
          "title": null,
          "creator": null,
          "publisher": null,
          "license": "http://creativecommons.org/publicdomain/zero/1.0/",
          "rightsHolder": null
        }
      }
    },
    {
      "type": "Feature",
      "geometry": {
        "type": "Point",
        "coordinates": [
          -76.302778,
          3.902222
        ]
      },
      "properties": {
        "gbifID": "4031455484",
        "species": "Passiflora coriacea",
        "genus": "Passiflora",
        "family": "Passifloraceae",
        "scientificName": "Passiflora coriacea Juss.",
        "coordinateUncertaintyInMeters": "",
        "basisOfRecord": "PRESERVED_SPECIMEN",
        "eventDate": "1982-07-09",
        "country": null,
        "datasetName": "Tropicos",
        "publisher": "Missouri Botanical Garden",
        "license": "CC_BY_4_0",
        "issues": [
          "OCCURRENCE_STATUS_INFERRED_FROM_INDIVIDUAL_COUNT",
          "COORDINATE_ROUNDED",
          "GEODETIC_DATUM_ASSUMED_WGS84",
          "INSTITUTION_MATCH_FUZZY",
          "COLLECTION_MATCH_NONE",
          "TAXON_ID_NOT_FOUND"
        ],
        "media": [
          {
            "url": "https://images.mobot.org/RISScanning04/detailImages/RISScanning04/103929000/60C3483F-7F79-4845-91A7-8DC59743079C.jpg",
            "references": "https://www.tropicos.org/ImageFullView.aspx?imageid=103929594",
            "title": "Murphy - 638 - Colombia",
            "creator": "MBG",
            "publisher": null,
            "license": "http://creativecommons.org/licenses/by-nc-sa/3.0/",
            "rightsHolder": "MBG"
          }
        ]
      }
    },
    {
      "type": "Feature",
      "geometry": {
        "type": "Point",
        "coordinates": [
          -76.349444,
          4.501389
        ]
      },
      "properties": {
        "gbifID": "1261852682",
        "species": "Passiflora coriacea",
        "genus": "Passiflora",
        "family": "Passifloraceae",
        "scientificName": "Passiflora coriacea Juss.",
        "coordinateUncertaintyInMeters": "",
        "basisOfRecord": "PRESERVED_SPECIMEN",
        "eventDate": "1991-05-27",
        "country": null,
        "datasetName": "Tropicos",
        "publisher": "Missouri Botanical Garden",
        "license": "CC_BY_4_0",
        "issues": [
          "OCCURRENCE_STATUS_INFERRED_FROM_INDIVIDUAL_COUNT",
          "COORDINATE_ROUNDED",
          "GEODETIC_DATUM_ASSUMED_WGS84",
          "INSTITUTION_MATCH_FUZZY",
          "COLLECTION_MATCH_NONE",
          "TAXON_ID_NOT_FOUND"
        ],
        "media": [
          {
            "url": "https://images.mobot.org/RISScanning04/detailImages/RISScanning04/103929000/FF4B6AD6-9C3B-4EEB-8CF7-2825F0BBD327.jpg",
            "references": "https://www.tropicos.org/ImageFullView.aspx?imageid=103929607",
            "title": "Silverstone-Sopkin - 6113 - Colombia",
            "creator": "MBG",
            "publisher": null,
            "license": "http://creativecommons.org/licenses/by-nc-sa/3.0/",
            "rightsHolder": "MBG"
          }
        ]
      }
    },
    {
      "type": "Feature",
      "geometry": {
        "type": "Point",
        "coordinates": [
          -73.083333,
          -13.066667
        ]
      },
      "properties": {
        "gbifID": "4031706395",
        "species": "Passiflora coriacea",
        "genus": "Passiflora",
        "family": "Passifloraceae",
        "scientificName": "Passiflora coriacea Juss.",
        "coordinateUncertaintyInMeters": "",
        "basisOfRecord": "PRESERVED_SPECIMEN",
        "eventDate": "2003-10-20",
        "country": null,
        "datasetName": "Tropicos",
        "publisher": "Missouri Botanical Garden",
        "license": "CC_BY_4_0",
        "issues": [
          "OCCURRENCE_STATUS_INFERRED_FROM_INDIVIDUAL_COUNT",
          "COORDINATE_ROUNDED",
          "GEODETIC_DATUM_ASSUMED_WGS84",
          "INSTITUTION_MATCH_FUZZY",
          "COLLECTION_MATCH_NONE",
          "TAXON_ID_NOT_FOUND"
        ],
        "fallback_media": {
          "url": "https://api.jacq.org/v1/images/europeana/1638715?withredirect=1",
          "references": "https://api.jacq.org/v1/images/show/1638715?withredirect=1",
          "title": null,
          "creator": null,
          "publisher": null,
          "license": "http://creativecommons.org/publicdomain/zero/1.0/",
          "rightsHolder": null
        }
      }
    },
    {
      "type": "Feature",
      "geometry": {
        "type": "Point",
        "coordinates": [
          -67.536389,
          -14.438889
        ]
      },
      "properties": {
        "gbifID": "4032041468",
        "species": "Passiflora coriacea",
        "genus": "Passiflora",
        "family": "Passifloraceae",
        "scientificName": "Passiflora coriacea Juss.",
        "coordinateUncertaintyInMeters": "",
        "basisOfRecord": "PRESERVED_SPECIMEN",
        "eventDate": "2004-12-03",
        "country": null,
        "datasetName": "Tropicos",
        "publisher": "Missouri Botanical Garden",
        "license": "CC_BY_4_0",
        "issues": [
          "OCCURRENCE_STATUS_INFERRED_FROM_INDIVIDUAL_COUNT",
          "COORDINATE_ROUNDED",
          "GEODETIC_DATUM_ASSUMED_WGS84",
          "INSTITUTION_MATCH_FUZZY",
          "COLLECTION_MATCH_NONE",
          "TAXON_ID_NOT_FOUND"
        ],
        "fallback_media": {
          "url": "https://api.jacq.org/v1/images/europeana/1638715?withredirect=1",
          "references": "https://api.jacq.org/v1/images/show/1638715?withredirect=1",
          "title": null,
          "creator": null,
          "publisher": null,
          "license": "http://creativecommons.org/publicdomain/zero/1.0/",
          "rightsHolder": null
        }
      }
    },
    {
      "type": "Feature",
      "geometry": {
        "type": "Point",
        "coordinates": [
          -75.083333,
          4.283333
        ]
      },
      "properties": {
        "gbifID": "4032122040",
        "species": "Passiflora coriacea",
        "genus": "Passiflora",
        "family": "Passifloraceae",
        "scientificName": "Passiflora coriacea Juss.",
        "coordinateUncertaintyInMeters": "",
        "basisOfRecord": "PRESERVED_SPECIMEN",
        "eventDate": "1966-08-11",
        "country": null,
        "datasetName": "Tropicos",
        "publisher": "Missouri Botanical Garden",
        "license": "CC_BY_4_0",
        "issues": [
          "OCCURRENCE_STATUS_INFERRED_FROM_INDIVIDUAL_COUNT",
          "COORDINATE_ROUNDED",
          "GEODETIC_DATUM_ASSUMED_WGS84",
          "INSTITUTION_MATCH_FUZZY",
          "COLLECTION_MATCH_NONE",
          "TAXON_ID_NOT_FOUND"
        ],
        "fallback_media": {
          "url": "https://api.jacq.org/v1/images/europeana/1638715?withredirect=1",
          "references": "https://api.jacq.org/v1/images/show/1638715?withredirect=1",
          "title": null,
          "creator": null,
          "publisher": null,
          "license": "http://creativecommons.org/publicdomain/zero/1.0/",
          "rightsHolder": null
        }
      }
    },
    {
      "type": "Feature",
      "geometry": {
        "type": "Point",
        "coordinates": [
          -75.916667,
          5.9
        ]
      },
      "properties": {
        "gbifID": "1260157131",
        "species": "Passiflora coriacea",
        "genus": "Passiflora",
        "family": "Passifloraceae",
        "scientificName": "Passiflora coriacea Juss.",
        "coordinateUncertaintyInMeters": "",
        "basisOfRecord": "PRESERVED_SPECIMEN",
        "eventDate": "1987-10-01",
        "country": null,
        "datasetName": "Tropicos",
        "publisher": "Missouri Botanical Garden",
        "license": "CC_BY_4_0",
        "issues": [
          "OCCURRENCE_STATUS_INFERRED_FROM_INDIVIDUAL_COUNT",
          "COORDINATE_ROUNDED",
          "GEODETIC_DATUM_ASSUMED_WGS84",
          "INSTITUTION_MATCH_FUZZY",
          "COLLECTION_MATCH_NONE",
          "TAXON_ID_NOT_FOUND"
        ],
        "media": [
          {
            "url": "https://images.mobot.org/RISScanning04/detailImages/RISScanning04/103929000/526A1F94-3DCE-4366-A7F3-071E597198DF.jpg",
            "references": "https://www.tropicos.org/ImageFullView.aspx?imageid=103929592",
            "title": "Zarucchi - 6102 - Colombia",
            "creator": "MBG",
            "publisher": null,
            "license": "http://creativecommons.org/licenses/by-nc-sa/3.0/",
            "rightsHolder": "MBG"
          }
        ]
      }
    },
    {
      "type": "Feature",
      "geometry": {
        "type": "Point",
        "coordinates": [
          -79.66666,
          -2.45
        ]
      },
      "properties": {
        "gbifID": "1258997538",
        "species": "Passiflora coriacea",
        "genus": "Passiflora",
        "family": "Passifloraceae",
        "scientificName": "Passiflora coriacea Juss.",
        "coordinateUncertaintyInMeters": "",
        "basisOfRecord": "PRESERVED_SPECIMEN",
        "eventDate": "1992-09-26",
        "country": null,
        "datasetName": "Tropicos",
        "publisher": "Missouri Botanical Garden",
        "license": "CC_BY_4_0",
        "issues": [
          "OCCURRENCE_STATUS_INFERRED_FROM_INDIVIDUAL_COUNT",
          "GEODETIC_DATUM_ASSUMED_WGS84",
          "INSTITUTION_MATCH_FUZZY",
          "COLLECTION_MATCH_NONE",
          "TAXON_ID_NOT_FOUND"
        ],
        "media": [
          {
            "url": "https://images.mobot.org/RISScanning04/detailImages/RISScanning04/103929000/C54D4B1B-1A85-4601-BCA1-32234814C14D.jpg",
            "references": "https://www.tropicos.org/ImageFullView.aspx?imageid=103929615",
            "title": "Cerón Martínez - 20369 - Ecuador",
            "creator": "MBG",
            "publisher": null,
            "license": "http://creativecommons.org/licenses/by-nc-sa/3.0/",
            "rightsHolder": "MBG"
          }
        ]
      }
    },
    {
      "type": "Feature",
      "geometry": {
        "type": "Point",
        "coordinates": [
          -67.15,
          -15.583333
        ]
      },
      "properties": {
        "gbifID": "1257577565",
        "species": "Passiflora coriacea",
        "genus": "Passiflora",
        "family": "Passifloraceae",
        "scientificName": "Passiflora coriacea Juss.",
        "coordinateUncertaintyInMeters": "",
        "basisOfRecord": "PRESERVED_SPECIMEN",
        "eventDate": "2003-11-20",
        "country": null,
        "datasetName": "Tropicos",
        "publisher": "Missouri Botanical Garden",
        "license": "CC_BY_4_0",
        "issues": [
          "OCCURRENCE_STATUS_INFERRED_FROM_INDIVIDUAL_COUNT",
          "COORDINATE_ROUNDED",
          "GEODETIC_DATUM_ASSUMED_WGS84",
          "INSTITUTION_MATCH_FUZZY",
          "COLLECTION_MATCH_NONE",
          "TAXON_ID_NOT_FOUND"
        ],
        "media": [
          {
            "url": "https://images.mobot.org/RISScanning04/detailImages/RISScanning04/103929000/CD6487B0-3235-4D3A-8F57-7C3925E0EED2.jpg",
            "references": "https://www.tropicos.org/ImageFullView.aspx?imageid=103929598",
            "title": "Delanoy - 78 - Bolivia",
            "creator": "MBG",
            "publisher": null,
            "license": "http://creativecommons.org/licenses/by-nc-sa/3.0/",
            "rightsHolder": "MBG"
          }
        ]
      }
    },
    {
      "type": "Feature",
      "geometry": {
        "type": "Point",
        "coordinates": [
          -83.666667,
          8.583333
        ]
      },
      "properties": {
        "gbifID": "1260131344",
        "species": "Passiflora coriacea",
        "genus": "Passiflora",
        "family": "Passifloraceae",
        "scientificName": "Passiflora coriacea Juss.",
        "coordinateUncertaintyInMeters": "",
        "basisOfRecord": "PRESERVED_SPECIMEN",
        "eventDate": "1988-03-23",
        "country": null,
        "datasetName": "Tropicos",
        "publisher": "Missouri Botanical Garden",
        "license": "CC_BY_4_0",
        "issues": [
          "OCCURRENCE_STATUS_INFERRED_FROM_INDIVIDUAL_COUNT",
          "COORDINATE_ROUNDED",
          "GEODETIC_DATUM_ASSUMED_WGS84",
          "ELEVATION_NON_NUMERIC",
          "INSTITUTION_MATCH_FUZZY",
          "COLLECTION_MATCH_NONE",
          "TAXON_ID_NOT_FOUND"
        ],
        "fallback_media": {
          "url": "https://api.jacq.org/v1/images/europeana/1638715?withredirect=1",
          "references": "https://api.jacq.org/v1/images/show/1638715?withredirect=1",
          "title": null,
          "creator": null,
          "publisher": null,
          "license": "http://creativecommons.org/publicdomain/zero/1.0/",
          "rightsHolder": null
        }
      }
    },
    {
      "type": "Feature",
      "geometry": {
        "type": "Point",
        "coordinates": [
          -76.385833,
          3.863333
        ]
      },
      "properties": {
        "gbifID": "1261852700",
        "species": "Passiflora coriacea",
        "genus": "Passiflora",
        "family": "Passifloraceae",
        "scientificName": "Passiflora coriacea Juss.",
        "coordinateUncertaintyInMeters": "",
        "basisOfRecord": "PRESERVED_SPECIMEN",
        "eventDate": "1990-10-13",
        "country": null,
        "datasetName": "Tropicos",
        "publisher": "Missouri Botanical Garden",
        "license": "CC_BY_4_0",
        "issues": [
          "OCCURRENCE_STATUS_INFERRED_FROM_INDIVIDUAL_COUNT",
          "COORDINATE_ROUNDED",
          "GEODETIC_DATUM_ASSUMED_WGS84",
          "INSTITUTION_MATCH_FUZZY",
          "COLLECTION_MATCH_NONE",
          "TAXON_ID_NOT_FOUND"
        ],
        "media": [
          {
            "url": "https://images.mobot.org/RISScanning04/detailImages/RISScanning04/103929000/6DED2A43-4E43-472A-9C26-D8FF12E25266.jpg",
            "references": "https://www.tropicos.org/ImageFullView.aspx?imageid=103929619",
            "title": "Ramos Pérez - 2811 - Colombia",
            "creator": "MBG",
            "publisher": null,
            "license": "http://creativecommons.org/licenses/by-nc-sa/3.0/",
            "rightsHolder": "MBG"
          }
        ]
      }
    },
    {
      "type": "Feature",
      "geometry": {
        "type": "Point",
        "coordinates": [
          -79.666667,
          -2.45
        ]
      },
      "properties": {
        "gbifID": "1259003583",
        "species": "Passiflora coriacea",
        "genus": "Passiflora",
        "family": "Passifloraceae",
        "scientificName": "Passiflora coriacea Juss.",
        "coordinateUncertaintyInMeters": "",
        "basisOfRecord": "PRESERVED_SPECIMEN",
        "eventDate": "1992-02-26",
        "country": null,
        "datasetName": "Tropicos",
        "publisher": "Missouri Botanical Garden",
        "license": "CC_BY_4_0",
        "issues": [
          "OCCURRENCE_STATUS_INFERRED_FROM_INDIVIDUAL_COUNT",
          "COORDINATE_ROUNDED",
          "GEODETIC_DATUM_ASSUMED_WGS84",
          "INSTITUTION_MATCH_FUZZY",
          "COLLECTION_MATCH_NONE",
          "TAXON_ID_NOT_FOUND"
        ],
        "media": [
          {
            "url": "https://images.mobot.org/RISScanning04/detailImages/RISScanning04/103929000/8598FC21-9D75-4F5F-B030-E4585DAD28F6.jpg",
            "references": "https://www.tropicos.org/ImageFullView.aspx?imageid=103929614",
            "title": "Cerón Martínez - 18252 - Ecuador",
            "creator": "MBG",
            "publisher": null,
            "license": "http://creativecommons.org/licenses/by-nc-sa/3.0/",
            "rightsHolder": "MBG"
          }
        ]
      }
    },
    {
      "type": "Feature",
      "geometry": {
        "type": "Point",
        "coordinates": [
          -76.916667,
          -7.25
        ]
      },
      "properties": {
        "gbifID": "1260099873",
        "species": "Passiflora coriacea",
        "genus": "Passiflora",
        "family": "Passifloraceae",
        "scientificName": "Passiflora coriacea Juss.",
        "coordinateUncertaintyInMeters": "",
        "basisOfRecord": "PRESERVED_SPECIMEN",
        "eventDate": "1984-02-05",
        "country": null,
        "datasetName": "Tropicos",
        "publisher": "Missouri Botanical Garden",
        "license": "CC_BY_4_0",
        "issues": [
          "OCCURRENCE_STATUS_INFERRED_FROM_INDIVIDUAL_COUNT",
          "COORDINATE_ROUNDED",
          "GEODETIC_DATUM_ASSUMED_WGS84",
          "INSTITUTION_MATCH_FUZZY",
          "COLLECTION_MATCH_NONE",
          "TAXON_ID_NOT_FOUND"
        ],
        "media": [
          {
            "url": "https://images.mobot.org/RISScanning04/detailImages/RISScanning04/103929000/B6442558-5BFE-4467-88AD-D0385616BDF6.jpg",
            "references": "https://www.tropicos.org/ImageFullView.aspx?imageid=103929577",
            "title": "Gentry - 44941 - Peru",
            "creator": "MBG",
            "publisher": null,
            "license": "http://creativecommons.org/licenses/by-nc-sa/3.0/",
            "rightsHolder": "MBG"
          }
        ]
      }
    },
    {
      "type": "Feature",
      "geometry": {
        "type": "Point",
        "coordinates": [
          -76.763889,
          -6.933056
        ]
      },
      "properties": {
        "gbifID": "1258361048",
        "species": "Passiflora coriacea",
        "genus": "Passiflora",
        "family": "Passifloraceae",
        "scientificName": "Passiflora coriacea Juss.",
        "coordinateUncertaintyInMeters": "",
        "basisOfRecord": "PRESERVED_SPECIMEN",
        "eventDate": "1959-10-05",
        "country": null,
        "datasetName": "Tropicos",
        "publisher": "Missouri Botanical Garden",
        "license": "CC_BY_4_0",
        "issues": [
          "OCCURRENCE_STATUS_INFERRED_FROM_INDIVIDUAL_COUNT",
          "COORDINATE_ROUNDED",
          "GEODETIC_DATUM_ASSUMED_WGS84",
          "INSTITUTION_MATCH_FUZZY",
          "COLLECTION_MATCH_NONE",
          "TAXON_ID_NOT_FOUND"
        ],
        "media": [
          {
            "url": "https://images.mobot.org/RISScanning04/detailImages/RISScanning04/103929000/570FFEAB-378D-4405-A719-3C0E4EE30D73.jpg",
            "references": "https://www.tropicos.org/ImageFullView.aspx?imageid=103929597",
            "title": "Woytkowski - 5491 - Peru",
            "creator": "MBG",
            "publisher": null,
            "license": "http://creativecommons.org/licenses/by-nc-sa/3.0/",
            "rightsHolder": "MBG"
          }
        ]
      }
    },
    {
      "type": "Feature",
      "geometry": {
        "type": "Point",
        "coordinates": [
          -89.71638,
          16.99611
        ]
      },
      "properties": {
        "gbifID": "1260139148",
        "species": "Passiflora coriacea",
        "genus": "Passiflora",
        "family": "Passifloraceae",
        "scientificName": "Passiflora coriacea Juss.",
        "coordinateUncertaintyInMeters": "",
        "basisOfRecord": "PRESERVED_SPECIMEN",
        "eventDate": "1989-01-07",
        "country": null,
        "datasetName": "Tropicos",
        "publisher": "Missouri Botanical Garden",
        "license": "CC_BY_4_0",
        "issues": [
          "OCCURRENCE_STATUS_INFERRED_FROM_INDIVIDUAL_COUNT",
          "GEODETIC_DATUM_ASSUMED_WGS84",
          "INSTITUTION_MATCH_FUZZY",
          "COLLECTION_MATCH_NONE",
          "TAXON_ID_NOT_FOUND"
        ],
        "fallback_media": {
          "url": "https://api.jacq.org/v1/images/europeana/1638715?withredirect=1",
          "references": "https://api.jacq.org/v1/images/show/1638715?withredirect=1",
          "title": null,
          "creator": null,
          "publisher": null,
          "license": "http://creativecommons.org/publicdomain/zero/1.0/",
          "rightsHolder": null
        }
      }
    },
    {
      "type": "Feature",
      "geometry": {
        "type": "Point",
        "coordinates": [
          -69.183333,
          10.166667
        ]
      },
      "properties": {
        "gbifID": "1258361010",
        "species": "Passiflora coriacea",
        "genus": "Passiflora",
        "family": "Passifloraceae",
        "scientificName": "Passiflora coriacea Juss.",
        "coordinateUncertaintyInMeters": "",
        "basisOfRecord": "PRESERVED_SPECIMEN",
        "eventDate": "1979-07-28",
        "country": null,
        "datasetName": "Tropicos",
        "publisher": "Missouri Botanical Garden",
        "license": "CC_BY_4_0",
        "issues": [
          "OCCURRENCE_STATUS_INFERRED_FROM_INDIVIDUAL_COUNT",
          "COORDINATE_ROUNDED",
          "GEODETIC_DATUM_ASSUMED_WGS84",
          "INSTITUTION_MATCH_FUZZY",
          "COLLECTION_MATCH_NONE",
          "TAXON_ID_NOT_FOUND"
        ],
        "media": [
          {
            "url": "https://images.mobot.org/RISScanning04/detailImages/RISScanning04/103929000/074567FD-C212-418C-BD03-2F41D7B75738.jpg",
            "references": "https://www.tropicos.org/ImageFullView.aspx?imageid=103929588",
            "title": "Meijer - 56 - Venezuela",
            "creator": "MBG",
            "publisher": null,
            "license": "http://creativecommons.org/licenses/by-nc-sa/3.0/",
            "rightsHolder": "MBG"
          }
        ]
      }
    },
    {
      "type": "Feature",
      "geometry": {
        "type": "Point",
        "coordinates": [
          -75.1,
          6.75
        ]
      },
      "properties": {
        "gbifID": "1258361046",
        "species": "Passiflora coriacea",
        "genus": "Passiflora",
        "family": "Passifloraceae",
        "scientificName": "Passiflora coriacea Juss.",
        "coordinateUncertaintyInMeters": "",
        "basisOfRecord": "PRESERVED_SPECIMEN",
        "eventDate": "1988-09-27",
        "country": null,
        "datasetName": "Tropicos",
        "publisher": "Missouri Botanical Garden",
        "license": "CC_BY_4_0",
        "issues": [
          "OCCURRENCE_STATUS_INFERRED_FROM_INDIVIDUAL_COUNT",
          "GEODETIC_DATUM_ASSUMED_WGS84",
          "INSTITUTION_MATCH_FUZZY",
          "COLLECTION_MATCH_NONE",
          "TAXON_ID_NOT_FOUND"
        ],
        "media": [
          {
            "url": "https://images.mobot.org/RISScanning04/detailImages/RISScanning04/103929000/04C7889F-56C3-4F0A-A941-F0094FD6BDF1.jpg",
            "references": "https://www.tropicos.org/ImageFullView.aspx?imageid=103929591",
            "title": "Betancur Betancur - 727 - Colombia",
            "creator": "MBG",
            "publisher": null,
            "license": "http://creativecommons.org/licenses/by-nc-sa/3.0/",
            "rightsHolder": "MBG"
          }
        ]
      }
    },
    {
      "type": "Feature",
      "geometry": {
        "type": "Point",
        "coordinates": [
          -76.416667,
          -6.583333
        ]
      },
      "properties": {
        "gbifID": "1258361033",
        "species": "Passiflora coriacea",
        "genus": "Passiflora",
        "family": "Passifloraceae",
        "scientificName": "Passiflora coriacea Juss.",
        "coordinateUncertaintyInMeters": "",
        "basisOfRecord": "PRESERVED_SPECIMEN",
        "eventDate": "1982-07-18",
        "country": null,
        "datasetName": "Tropicos",
        "publisher": "Missouri Botanical Garden",
        "license": "CC_BY_4_0",
        "issues": [
          "OCCURRENCE_STATUS_INFERRED_FROM_INDIVIDUAL_COUNT",
          "COORDINATE_ROUNDED",
          "GEODETIC_DATUM_ASSUMED_WGS84",
          "INSTITUTION_MATCH_FUZZY",
          "COLLECTION_MATCH_NONE",
          "TAXON_ID_NOT_FOUND"
        ],
        "media": [
          {
            "url": "https://images.mobot.org/RISScanning04/detailImages/RISScanning04/103929000/C808585E-854A-497C-AB7A-5EF9FB36C079.jpg",
            "references": "https://www.tropicos.org/ImageFullView.aspx?imageid=103929581",
            "title": "Gentry - 37669 - Peru",
            "creator": "MBG",
            "publisher": null,
            "license": "http://creativecommons.org/licenses/by-nc-sa/3.0/",
            "rightsHolder": "MBG"
          }
        ]
      }
    },
    {
      "type": "Feature",
      "geometry": {
        "type": "Point",
        "coordinates": [
          -76.794722,
          -6.806667
        ]
      },
      "properties": {
        "gbifID": "4031555860",
        "species": "Passiflora coriacea",
        "genus": "Passiflora",
        "family": "Passifloraceae",
        "scientificName": "Passiflora coriacea Juss.",
        "coordinateUncertaintyInMeters": "",
        "basisOfRecord": "PRESERVED_SPECIMEN",
        "eventDate": "1959-09-29",
        "country": null,
        "datasetName": "Tropicos",
        "publisher": "Missouri Botanical Garden",
        "license": "CC_BY_4_0",
        "issues": [
          "OCCURRENCE_STATUS_INFERRED_FROM_INDIVIDUAL_COUNT",
          "COORDINATE_ROUNDED",
          "GEODETIC_DATUM_ASSUMED_WGS84",
          "INSTITUTION_MATCH_FUZZY",
          "COLLECTION_MATCH_NONE",
          "TAXON_ID_NOT_FOUND"
        ],
        "media": [
          {
            "url": "https://images.mobot.org/RISScanning04/detailImages/RISScanning04/103929000/6B1B3147-766C-44F8-AE55-4F6029836822.jpg",
            "references": "https://www.tropicos.org/ImageFullView.aspx?imageid=103929575",
            "title": "Woytkowski - 5421 - Peru",
            "creator": "MBG",
            "publisher": null,
            "license": "http://creativecommons.org/licenses/by-nc-sa/3.0/",
            "rightsHolder": "MBG"
          }
        ]
      }
    },
    {
      "type": "Feature",
      "geometry": {
        "type": "Point",
        "coordinates": [
          -77.15,
          7.833333
        ]
      },
      "properties": {
        "gbifID": "4031457425",
        "species": "Passiflora coriacea",
        "genus": "Passiflora",
        "family": "Passifloraceae",
        "scientificName": "Passiflora coriacea Juss.",
        "coordinateUncertaintyInMeters": "",
        "basisOfRecord": "PRESERVED_SPECIMEN",
        "eventDate": "1976-06-02",
        "country": null,
        "datasetName": "Tropicos",
        "publisher": "Missouri Botanical Garden",
        "license": "CC_BY_4_0",
        "issues": [
          "OCCURRENCE_STATUS_INFERRED_FROM_INDIVIDUAL_COUNT",
          "COORDINATE_ROUNDED",
          "GEODETIC_DATUM_ASSUMED_WGS84",
          "INSTITUTION_MATCH_FUZZY",
          "COLLECTION_MATCH_NONE",
          "TAXON_ID_NOT_FOUND"
        ],
        "media": [
          {
            "url": "https://images.mobot.org/RISScanning04/detailImages/RISScanning04/103929000/2F9BF9D8-E5D6-44C0-88C7-26FDC423571C.jpg",
            "references": "https://www.tropicos.org/ImageFullView.aspx?imageid=103929596",
            "title": "Forero - 1770 - Colombia",
            "creator": "MBG",
            "publisher": null,
            "license": "http://creativecommons.org/licenses/by-nc-sa/3.0/",
            "rightsHolder": "MBG"
          }
        ]
      }
    },
    {
      "type": "Feature",
      "geometry": {
        "type": "Point",
        "coordinates": [
          -76.2,
          -6.566667
        ]
      },
      "properties": {
        "gbifID": "4031773898",
        "species": "Passiflora coriacea",
        "genus": "Passiflora",
        "family": "Passifloraceae",
        "scientificName": "Passiflora coriacea Juss.",
        "coordinateUncertaintyInMeters": "",
        "basisOfRecord": "PRESERVED_SPECIMEN",
        "eventDate": "1986-09-21",
        "country": null,
        "datasetName": "Tropicos",
        "publisher": "Missouri Botanical Garden",
        "license": "CC_BY_4_0",
        "issues": [
          "OCCURRENCE_STATUS_INFERRED_FROM_INDIVIDUAL_COUNT",
          "COORDINATE_ROUNDED",
          "GEODETIC_DATUM_ASSUMED_WGS84",
          "INSTITUTION_MATCH_FUZZY",
          "COLLECTION_MATCH_NONE",
          "TAXON_ID_NOT_FOUND"
        ],
        "media": [
          {
            "url": "https://images.mobot.org/RISScanning04/detailImages/RISScanning04/103929000/945E1834-150E-497E-ACF1-31465D85010E.jpg",
            "references": "https://www.tropicos.org/ImageFullView.aspx?imageid=103929582",
            "title": "Knapp - 8361 - Peru",
            "creator": "MBG",
            "publisher": null,
            "license": "http://creativecommons.org/licenses/by-nc-sa/3.0/",
            "rightsHolder": "MBG"
          }
        ]
      }
    },
    {
      "type": "Feature",
      "geometry": {
        "type": "Point",
        "coordinates": [
          -72.35,
          -12.45
        ]
      },
      "properties": {
        "gbifID": "4031797454",
        "species": "Passiflora coriacea",
        "genus": "Passiflora",
        "family": "Passifloraceae",
        "scientificName": "Passiflora coriacea Juss.",
        "coordinateUncertaintyInMeters": "",
        "basisOfRecord": "PRESERVED_SPECIMEN",
        "eventDate": "2005-05-12",
        "country": null,
        "datasetName": "Tropicos",
        "publisher": "Missouri Botanical Garden",
        "license": "CC_BY_4_0",
        "issues": [
          "OCCURRENCE_STATUS_INFERRED_FROM_INDIVIDUAL_COUNT",
          "GEODETIC_DATUM_ASSUMED_WGS84",
          "INSTITUTION_MATCH_FUZZY",
          "COLLECTION_MATCH_NONE",
          "TAXON_ID_NOT_FOUND"
        ],
        "media": [
          {
            "url": "https://images.mobot.org/RISScanning04/detailImages/RISScanning04/103929000/39C6102D-49E5-4A74-A62D-34F3D5B0E2D2.jpg",
            "references": "https://www.tropicos.org/ImageFullView.aspx?imageid=103929613",
            "title": "Calatayud Hermosa - 2981 - Peru",
            "creator": "MBG",
            "publisher": null,
            "license": "http://creativecommons.org/licenses/by-nc-sa/3.0/",
            "rightsHolder": "MBG"
          }
        ]
      }
    },
    {
      "type": "Feature",
      "geometry": {
        "type": "Point",
        "coordinates": [
          -76.383333,
          3.883333
        ]
      },
      "properties": {
        "gbifID": "1260577975",
        "species": "Passiflora coriacea",
        "genus": "Passiflora",
        "family": "Passifloraceae",
        "scientificName": "Passiflora coriacea Juss.",
        "coordinateUncertaintyInMeters": "",
        "basisOfRecord": "PRESERVED_SPECIMEN",
        "eventDate": "1990-11-11",
        "country": null,
        "datasetName": "Tropicos",
        "publisher": "Missouri Botanical Garden",
        "license": "CC_BY_4_0",
        "issues": [
          "OCCURRENCE_STATUS_INFERRED_FROM_INDIVIDUAL_COUNT",
          "COORDINATE_ROUNDED",
          "GEODETIC_DATUM_ASSUMED_WGS84",
          "INSTITUTION_MATCH_FUZZY",
          "COLLECTION_MATCH_NONE",
          "TAXON_ID_NOT_FOUND"
        ],
        "media": [
          {
            "url": "https://images.mobot.org/RISScanning04/detailImages/RISScanning04/103929000/3610B172-9F70-440C-AC1E-DE206ACAE755.jpg",
            "references": "https://www.tropicos.org/ImageFullView.aspx?imageid=103929603",
            "title": "Ramos Pérez - 2936 - Colombia",
            "creator": "MBG",
            "publisher": null,
            "license": "http://creativecommons.org/licenses/by-nc-sa/3.0/",
            "rightsHolder": "MBG"
          }
        ]
      }
    },
    {
      "type": "Feature",
      "geometry": {
        "type": "Point",
        "coordinates": [
          -69.116667,
          10.833333
        ]
      },
      "properties": {
        "gbifID": "4031553400",
        "species": "Passiflora coriacea",
        "genus": "Passiflora",
        "family": "Passifloraceae",
        "scientificName": "Passiflora coriacea Juss.",
        "coordinateUncertaintyInMeters": "",
        "basisOfRecord": "PRESERVED_SPECIMEN",
        "eventDate": "1979-06-22",
        "country": null,
        "datasetName": "Tropicos",
        "publisher": "Missouri Botanical Garden",
        "license": "CC_BY_4_0",
        "issues": [
          "OCCURRENCE_STATUS_INFERRED_FROM_INDIVIDUAL_COUNT",
          "COORDINATE_ROUNDED",
          "GEODETIC_DATUM_ASSUMED_WGS84",
          "INSTITUTION_MATCH_FUZZY",
          "COLLECTION_MATCH_NONE",
          "TAXON_ID_NOT_FOUND"
        ],
        "media": [
          {
            "url": "https://images.mobot.org/RISScanning04/detailImages/RISScanning04/103929000/CCB65CC2-99EB-4C7B-ABEE-B02157FF0FC3.jpg",
            "references": "https://www.tropicos.org/ImageFullView.aspx?imageid=103929589",
            "title": "Liesner - 7831 - Venezuela",
            "creator": "MBG",
            "publisher": null,
            "license": "http://creativecommons.org/licenses/by-nc-sa/3.0/",
            "rightsHolder": "MBG"
          }
        ]
      }
    },
    {
      "type": "Feature",
      "geometry": {
        "type": "Point",
        "coordinates": [
          -72.666667,
          10.793056
        ]
      },
      "properties": {
        "gbifID": "1258361038",
        "species": "Passiflora coriacea",
        "genus": "Passiflora",
        "family": "Passifloraceae",
        "scientificName": "Passiflora coriacea Juss.",
        "coordinateUncertaintyInMeters": "",
        "basisOfRecord": "PRESERVED_SPECIMEN",
        "eventDate": "1982-11-10",
        "country": null,
        "datasetName": "Tropicos",
        "publisher": "Missouri Botanical Garden",
        "license": "CC_BY_4_0",
        "issues": [
          "OCCURRENCE_STATUS_INFERRED_FROM_INDIVIDUAL_COUNT",
          "COORDINATE_ROUNDED",
          "GEODETIC_DATUM_ASSUMED_WGS84",
          "INSTITUTION_MATCH_FUZZY",
          "COLLECTION_MATCH_NONE",
          "TAXON_ID_NOT_FOUND"
        ],
        "media": [
          {
            "url": "https://images.mobot.org/RISScanning04/detailImages/RISScanning04/103929000/69EC4F43-9C1C-4DCB-90B5-D6CB48C1A829.jpg",
            "references": "https://www.tropicos.org/ImageFullView.aspx?imageid=103929587",
            "title": "Bunting - 12264 - Venezuela",
            "creator": "MBG",
            "publisher": null,
            "license": "http://creativecommons.org/licenses/by-nc-sa/3.0/",
            "rightsHolder": "MBG"
          }
        ]
      }
    },
    {
      "type": "Feature",
      "geometry": {
        "type": "Point",
        "coordinates": [
          -79.466667,
          0.333333
        ]
      },
      "properties": {
        "gbifID": "4031681851",
        "species": "Passiflora coriacea",
        "genus": "Passiflora",
        "family": "Passifloraceae",
        "scientificName": "Passiflora coriacea Juss.",
        "coordinateUncertaintyInMeters": "",
        "basisOfRecord": "PRESERVED_SPECIMEN",
        "eventDate": "1962-08",
        "country": null,
        "datasetName": "Tropicos",
        "publisher": "Missouri Botanical Garden",
        "license": "CC_BY_4_0",
        "issues": [
          "OCCURRENCE_STATUS_INFERRED_FROM_INDIVIDUAL_COUNT",
          "COORDINATE_ROUNDED",
          "GEODETIC_DATUM_ASSUMED_WGS84",
          "INSTITUTION_MATCH_FUZZY",
          "COLLECTION_MATCH_NONE",
          "TAXON_ID_NOT_FOUND"
        ],
        "fallback_media": {
          "url": "https://api.jacq.org/v1/images/europeana/1638715?withredirect=1",
          "references": "https://api.jacq.org/v1/images/show/1638715?withredirect=1",
          "title": null,
          "creator": null,
          "publisher": null,
          "license": "http://creativecommons.org/publicdomain/zero/1.0/",
          "rightsHolder": null
        }
      }
    },
    {
      "type": "Feature",
      "geometry": {
        "type": "Point",
        "coordinates": [
          -76.75,
          -7.183333
        ]
      },
      "properties": {
        "gbifID": "1261499897",
        "species": "Passiflora coriacea",
        "genus": "Passiflora",
        "family": "Passifloraceae",
        "scientificName": "Passiflora coriacea Juss.",
        "coordinateUncertaintyInMeters": "",
        "basisOfRecord": "PRESERVED_SPECIMEN",
        "eventDate": "1962-03-20",
        "country": null,
        "datasetName": "Tropicos",
        "publisher": "Missouri Botanical Garden",
        "license": "CC_BY_4_0",
        "issues": [
          "OCCURRENCE_STATUS_INFERRED_FROM_INDIVIDUAL_COUNT",
          "COORDINATE_ROUNDED",
          "GEODETIC_DATUM_ASSUMED_WGS84",
          "INSTITUTION_MATCH_FUZZY",
          "COLLECTION_MATCH_NONE",
          "TAXON_ID_NOT_FOUND"
        ],
        "media": [
          {
            "url": "https://images.mobot.org/RISScanning04/detailImages/RISScanning04/103929000/07121072-D2FC-4565-89E3-8BEFE12B15A5.jpg",
            "references": "https://www.tropicos.org/ImageFullView.aspx?imageid=103929579",
            "title": "Woytkowski - 7101 - Peru",
            "creator": "MBG",
            "publisher": null,
            "license": "http://creativecommons.org/licenses/by-nc-sa/3.0/",
            "rightsHolder": "MBG"
          }
        ]
      }
    },
    {
      "type": "Feature",
      "geometry": {
        "type": "Point",
        "coordinates": [
          -74.892548,
          4.00447
        ]
      },
      "properties": {
        "gbifID": "4031457426",
        "species": "Passiflora coriacea",
        "genus": "Passiflora",
        "family": "Passifloraceae",
        "scientificName": "Passiflora coriacea Juss.",
        "coordinateUncertaintyInMeters": "",
        "basisOfRecord": "PRESERVED_SPECIMEN",
        "eventDate": "1984-11-16",
        "country": null,
        "datasetName": "Tropicos",
        "publisher": "Missouri Botanical Garden",
        "license": "CC_BY_4_0",
        "issues": [
          "OCCURRENCE_STATUS_INFERRED_FROM_INDIVIDUAL_COUNT",
          "COORDINATE_ROUNDED",
          "GEODETIC_DATUM_ASSUMED_WGS84",
          "INSTITUTION_MATCH_FUZZY",
          "COLLECTION_MATCH_NONE",
          "TAXON_ID_NOT_FOUND"
        ],
        "media": [
          {
            "url": "https://images.mobot.org/RISScanning04/detailImages/RISScanning04/103929000/B2A9EFDB-1957-4AD9-B44C-DC6B2EE37618.jpg",
            "references": "https://www.tropicos.org/ImageFullView.aspx?imageid=103929595",
            "title": "Forero - 10031 - Colombia",
            "creator": "MBG",
            "publisher": null,
            "license": "http://creativecommons.org/licenses/by-nc-sa/3.0/",
            "rightsHolder": "MBG"
          }
        ]
      }
    },
    {
      "type": "Feature",
      "geometry": {
        "type": "Point",
        "coordinates": [
          -76.183333,
          -6.6
        ]
      },
      "properties": {
        "gbifID": "4031878871",
        "species": "Passiflora coriacea",
        "genus": "Passiflora",
        "family": "Passifloraceae",
        "scientificName": "Passiflora coriacea Juss.",
        "coordinateUncertaintyInMeters": "",
        "basisOfRecord": "PRESERVED_SPECIMEN",
        "eventDate": "1986-02-16",
        "country": null,
        "datasetName": "Tropicos",
        "publisher": "Missouri Botanical Garden",
        "license": "CC_BY_4_0",
        "issues": [
          "OCCURRENCE_STATUS_INFERRED_FROM_INDIVIDUAL_COUNT",
          "COORDINATE_ROUNDED",
          "GEODETIC_DATUM_ASSUMED_WGS84",
          "INSTITUTION_MATCH_FUZZY",
          "COLLECTION_MATCH_NONE",
          "TAXON_ID_NOT_FOUND"
        ],
        "media": [
          {
            "url": "https://images.mobot.org/RISScanning04/detailImages/RISScanning04/103929000/2882E1F2-9EA6-49C1-B774-B5FE2D27223A.jpg",
            "references": "https://www.tropicos.org/ImageFullView.aspx?imageid=103929583",
            "title": "Knapp - 6877 - Peru",
            "creator": "MBG",
            "publisher": null,
            "license": "http://creativecommons.org/licenses/by-nc-sa/3.0/",
            "rightsHolder": "MBG"
          }
        ]
      }
    },
    {
      "type": "Feature",
      "geometry": {
        "type": "Point",
        "coordinates": [
          -76.583611,
          -8.088055
        ]
      },
      "properties": {
        "gbifID": "1258361047",
        "species": "Passiflora coriacea",
        "genus": "Passiflora",
        "family": "Passifloraceae",
        "scientificName": "Passiflora coriacea Juss.",
        "coordinateUncertaintyInMeters": "",
        "basisOfRecord": "PRESERVED_SPECIMEN",
        "eventDate": "1979-05-12",
        "country": null,
        "datasetName": "Tropicos",
        "publisher": "Missouri Botanical Garden",
        "license": "CC_BY_4_0",
        "issues": [
          "OCCURRENCE_STATUS_INFERRED_FROM_INDIVIDUAL_COUNT",
          "COORDINATE_ROUNDED",
          "GEODETIC_DATUM_ASSUMED_WGS84",
          "INSTITUTION_MATCH_FUZZY",
          "COLLECTION_MATCH_NONE",
          "TAXON_ID_NOT_FOUND"
        ],
        "media": [
          {
            "url": "https://images.mobot.org/RISScanning04/detailImages/RISScanning04/103929000/BE16F671-18C5-4DC7-8E45-451DDAEE6A63.jpg",
            "references": "https://www.tropicos.org/ImageFullView.aspx?imageid=103929580",
            "title": "Schunke Vigo - 10959 - Peru",
            "creator": "MBG",
            "publisher": null,
            "license": "http://creativecommons.org/licenses/by-nc-sa/3.0/",
            "rightsHolder": "MBG"
          }
        ]
      }
    },
    {
      "type": "Feature",
      "geometry": {
        "type": "Point",
        "coordinates": [
          -72.954167,
          -12.451389
        ]
      },
      "properties": {
        "gbifID": "4031694821",
        "species": "Passiflora coriacea",
        "genus": "Passiflora",
        "family": "Passifloraceae",
        "scientificName": "Passiflora coriacea Juss.",
        "coordinateUncertaintyInMeters": "",
        "basisOfRecord": "PRESERVED_SPECIMEN",
        "eventDate": "2005-11-14",
        "country": null,
        "datasetName": "Tropicos",
        "publisher": "Missouri Botanical Garden",
        "license": "CC_BY_4_0",
        "issues": [
          "OCCURRENCE_STATUS_INFERRED_FROM_INDIVIDUAL_COUNT",
          "COORDINATE_ROUNDED",
          "GEODETIC_DATUM_ASSUMED_WGS84",
          "INSTITUTION_MATCH_FUZZY",
          "COLLECTION_MATCH_NONE",
          "TAXON_ID_NOT_FOUND"
        ],
        "media": [
          {
            "url": "https://images.mobot.org/RISScanning04/detailImages/RISScanning04/103929000/5A8C1291-1B06-4367-8C02-EEDF3477724C.jpg",
            "references": "https://www.tropicos.org/ImageFullView.aspx?imageid=103929601",
            "title": "Huamantupa Chuquimaco - 7122 - Peru",
            "creator": "MBG",
            "publisher": null,
            "license": "http://creativecommons.org/licenses/by-nc-sa/3.0/",
            "rightsHolder": "MBG"
          }
        ]
      }
    },
    {
      "type": "Feature",
      "geometry": {
        "type": "Point",
        "coordinates": [
          -76.033333,
          4.65
        ]
      },
      "properties": {
        "gbifID": "1261852659",
        "species": "Passiflora coriacea",
        "genus": "Passiflora",
        "family": "Passifloraceae",
        "scientificName": "Passiflora coriacea Juss.",
        "coordinateUncertaintyInMeters": "",
        "basisOfRecord": "PRESERVED_SPECIMEN",
        "eventDate": "1989-07-02",
        "country": null,
        "datasetName": "Tropicos",
        "publisher": "Missouri Botanical Garden",
        "license": "CC_BY_4_0",
        "issues": [
          "OCCURRENCE_STATUS_INFERRED_FROM_INDIVIDUAL_COUNT",
          "COORDINATE_ROUNDED",
          "GEODETIC_DATUM_ASSUMED_WGS84",
          "INSTITUTION_MATCH_FUZZY",
          "COLLECTION_MATCH_NONE",
          "TAXON_ID_NOT_FOUND"
        ],
        "media": [
          {
            "url": "https://images.mobot.org/RISScanning04/detailImages/RISScanning04/103929000/E5F9DC57-8BC7-45EA-9D9C-C6E2ECB0FCAA.jpg",
            "references": "https://www.tropicos.org/ImageFullView.aspx?imageid=103929605",
            "title": "Silverstone-Sopkin - 5376 - Colombia",
            "creator": "MBG",
            "publisher": null,
            "license": "http://creativecommons.org/licenses/by-nc-sa/3.0/",
            "rightsHolder": "MBG"
          }
        ]
      }
    },
    {
      "type": "Feature",
      "geometry": {
        "type": "Point",
        "coordinates": [
          -72.55,
          -12.73333
        ]
      },
      "properties": {
        "gbifID": "4031544754",
        "species": "Passiflora coriacea",
        "genus": "Passiflora",
        "family": "Passifloraceae",
        "scientificName": "Passiflora coriacea Juss.",
        "coordinateUncertaintyInMeters": "",
        "basisOfRecord": "PRESERVED_SPECIMEN",
        "eventDate": "2003-08-20",
        "country": null,
        "datasetName": "Tropicos",
        "publisher": "Missouri Botanical Garden",
        "license": "CC_BY_4_0",
        "issues": [
          "OCCURRENCE_STATUS_INFERRED_FROM_INDIVIDUAL_COUNT",
          "GEODETIC_DATUM_ASSUMED_WGS84",
          "INSTITUTION_MATCH_FUZZY",
          "COLLECTION_MATCH_NONE",
          "TAXON_ID_NOT_FOUND"
        ],
        "media": [
          {
            "url": "https://images.mobot.org/tropicosimages3/detailimages/TropicosImageVol3/100552000/15BA12E8-17A2-45B2-9104-45B54DA99DB6.jpg",
            "references": "https://www.tropicos.org/ImageFullView.aspx?imageid=100552103",
            "title": "Suclli Montañés - 1180 - Peru",
            "creator": "MBG",
            "publisher": null,
            "license": "http://creativecommons.org/licenses/by-nc-sa/3.0/",
            "rightsHolder": "MBG"
          }
        ]
      }
    },
    {
      "type": "Feature",
      "geometry": {
        "type": "Point",
        "coordinates": [
          -76.5125,
          -8.184167
        ]
      },
      "properties": {
        "gbifID": "4031458419",
        "species": "Passiflora coriacea",
        "genus": "Passiflora",
        "family": "Passifloraceae",
        "scientificName": "Passiflora coriacea Juss.",
        "coordinateUncertaintyInMeters": "",
        "basisOfRecord": "PRESERVED_SPECIMEN",
        "eventDate": "1970-02-22",
        "country": null,
        "datasetName": "Tropicos",
        "publisher": "Missouri Botanical Garden",
        "license": "CC_BY_4_0",
        "issues": [
          "OCCURRENCE_STATUS_INFERRED_FROM_INDIVIDUAL_COUNT",
          "COORDINATE_ROUNDED",
          "GEODETIC_DATUM_ASSUMED_WGS84",
          "INSTITUTION_MATCH_FUZZY",
          "COLLECTION_MATCH_NONE",
          "TAXON_ID_NOT_FOUND"
        ],
        "media": [
          {
            "url": "https://images.mobot.org/RISScanning04/detailImages/RISScanning04/103929000/B620FCC7-3860-4128-9203-689C13922295.jpg",
            "references": "https://www.tropicos.org/ImageFullView.aspx?imageid=103929584",
            "title": "Schunke Vigo - 3823 - Peru",
            "creator": "MBG",
            "publisher": null,
            "license": "http://creativecommons.org/licenses/by-nc-sa/3.0/",
            "rightsHolder": "MBG"
          }
        ]
      }
    },
    {
      "type": "Feature",
      "geometry": {
        "type": "Point",
        "coordinates": [
          -68.524028,
          -14.462778
        ]
      },
      "properties": {
        "gbifID": "4148122352",
        "species": "Passiflora coriacea",
        "genus": "Passiflora",
        "family": "Passifloraceae",
        "scientificName": "Passiflora coriacea Juss.",
        "coordinateUncertaintyInMeters": "",
        "basisOfRecord": "PRESERVED_SPECIMEN",
        "eventDate": "2013-04-23",
        "country": null,
        "datasetName": "Tropicos",
        "publisher": "Missouri Botanical Garden",
        "license": "CC_BY_4_0",
        "issues": [
          "OCCURRENCE_STATUS_INFERRED_FROM_INDIVIDUAL_COUNT",
          "COORDINATE_ROUNDED",
          "GEODETIC_DATUM_ASSUMED_WGS84",
          "INSTITUTION_MATCH_FUZZY",
          "COLLECTION_MATCH_NONE",
          "TAXON_ID_NOT_FOUND"
        ],
        "media": [
          {
            "url": "https://images.mobot.org/RISScanning04/detailImages/RISScanning04/103929000/291108F4-638A-4485-BCEF-DE708857C10C.jpg",
            "references": "https://www.tropicos.org/ImageFullView.aspx?imageid=103929617",
            "title": "Fuentes Claros - 17922 - Bolivia",
            "creator": "MBG",
            "publisher": null,
            "license": "http://creativecommons.org/licenses/by-nc-sa/3.0/",
            "rightsHolder": "MBG"
          }
        ]
      }
    },
    {
      "type": "Feature",
      "geometry": {
        "type": "Point",
        "coordinates": [
          -74.83333,
          4.91666
        ]
      },
      "properties": {
        "gbifID": "1260107244",
        "species": "Passiflora coriacea",
        "genus": "Passiflora",
        "family": "Passifloraceae",
        "scientificName": "Passiflora coriacea Juss.",
        "coordinateUncertaintyInMeters": "",
        "basisOfRecord": "PRESERVED_SPECIMEN",
        "eventDate": "1990-12-19",
        "country": null,
        "datasetName": "Tropicos",
        "publisher": "Missouri Botanical Garden",
        "license": "CC_BY_4_0",
        "issues": [
          "OCCURRENCE_STATUS_INFERRED_FROM_INDIVIDUAL_COUNT",
          "GEODETIC_DATUM_ASSUMED_WGS84",
          "INSTITUTION_MATCH_FUZZY",
          "COLLECTION_MATCH_NONE",
          "TAXON_ID_NOT_FOUND"
        ],
        "fallback_media": {
          "url": "https://api.jacq.org/v1/images/europeana/1638715?withredirect=1",
          "references": "https://api.jacq.org/v1/images/show/1638715?withredirect=1",
          "title": null,
          "creator": null,
          "publisher": null,
          "license": "http://creativecommons.org/publicdomain/zero/1.0/",
          "rightsHolder": null
        }
      }
    },
    {
      "type": "Feature",
      "geometry": {
        "type": "Point",
        "coordinates": [
          -76.136667,
          -6.574167
        ]
      },
      "properties": {
        "gbifID": "4031864854",
        "species": "Passiflora coriacea",
        "genus": "Passiflora",
        "family": "Passifloraceae",
        "scientificName": "Passiflora coriacea Juss.",
        "coordinateUncertaintyInMeters": "",
        "basisOfRecord": "PRESERVED_SPECIMEN",
        "eventDate": "1935-03",
        "country": null,
        "datasetName": "Tropicos",
        "publisher": "Missouri Botanical Garden",
        "license": "CC_BY_4_0",
        "issues": [
          "OCCURRENCE_STATUS_INFERRED_FROM_INDIVIDUAL_COUNT",
          "COORDINATE_ROUNDED",
          "GEODETIC_DATUM_ASSUMED_WGS84",
          "INSTITUTION_MATCH_FUZZY",
          "COLLECTION_MATCH_NONE",
          "TAXON_ID_NOT_FOUND"
        ],
        "media": [
          {
            "url": "https://images.mobot.org/RISScanning04/detailImages/RISScanning04/103929000/2576CB69-8B55-44BF-91AA-7EBB6CDFBD11.jpg",
            "references": "https://www.tropicos.org/ImageFullView.aspx?imageid=103929576",
            "title": "Klug - 3963 - Peru",
            "creator": "MBG",
            "publisher": null,
            "license": "http://creativecommons.org/licenses/by-nc-sa/3.0/",
            "rightsHolder": "MBG"
          }
        ]
      }
    },
    {
      "type": "Feature",
      "geometry": {
        "type": "Point",
        "coordinates": [
          -76.3775,
          3.762222
        ]
      },
      "properties": {
        "gbifID": "1261852674",
        "species": "Passiflora coriacea",
        "genus": "Passiflora",
        "family": "Passifloraceae",
        "scientificName": "Passiflora coriacea Juss.",
        "coordinateUncertaintyInMeters": "",
        "basisOfRecord": "PRESERVED_SPECIMEN",
        "eventDate": "1988-03-10",
        "country": null,
        "datasetName": "Tropicos",
        "publisher": "Missouri Botanical Garden",
        "license": "CC_BY_4_0",
        "issues": [
          "OCCURRENCE_STATUS_INFERRED_FROM_INDIVIDUAL_COUNT",
          "COORDINATE_ROUNDED",
          "GEODETIC_DATUM_ASSUMED_WGS84",
          "INSTITUTION_MATCH_FUZZY",
          "COLLECTION_MATCH_NONE",
          "TAXON_ID_NOT_FOUND"
        ],
        "media": [
          {
            "url": "https://images.mobot.org/RISScanning04/detailImages/RISScanning04/103929000/7603AF84-1008-46DE-9950-6F7FE90A4929.jpg",
            "references": "https://www.tropicos.org/ImageFullView.aspx?imageid=103929606",
            "title": "Silverstone-Sopkin - 3661 - Colombia",
            "creator": "MBG",
            "publisher": null,
            "license": "http://creativecommons.org/licenses/by-nc-sa/3.0/",
            "rightsHolder": "MBG"
          }
        ]
      }
    },
    {
      "type": "Feature",
      "geometry": {
        "type": "Point",
        "coordinates": [
          -68.559722,
          -14.329722
        ]
      },
      "properties": {
        "gbifID": "4032096051",
        "species": "Passiflora coriacea",
        "genus": "Passiflora",
        "family": "Passifloraceae",
        "scientificName": "Passiflora coriacea Juss.",
        "coordinateUncertaintyInMeters": "",
        "basisOfRecord": "PRESERVED_SPECIMEN",
        "eventDate": "2005-06-10",
        "country": null,
        "datasetName": "Tropicos",
        "publisher": "Missouri Botanical Garden",
        "license": "CC_BY_4_0",
        "issues": [
          "OCCURRENCE_STATUS_INFERRED_FROM_INDIVIDUAL_COUNT",
          "COORDINATE_ROUNDED",
          "GEODETIC_DATUM_ASSUMED_WGS84",
          "INSTITUTION_MATCH_FUZZY",
          "COLLECTION_MATCH_NONE",
          "TAXON_ID_NOT_FOUND"
        ],
        "media": [
          {
            "url": "https://images.mobot.org/RISScanning04/detailImages/RISScanning04/103929000/7D034FF5-16D3-493A-98A7-9DF964392E7E.jpg",
            "references": "https://www.tropicos.org/ImageFullView.aspx?imageid=103929609",
            "title": "Araujo Murakami - 1917 - Bolivia",
            "creator": "MBG",
            "publisher": null,
            "license": "http://creativecommons.org/licenses/by-nc-sa/3.0/",
            "rightsHolder": "MBG"
          }
        ]
      }
    },
    {
      "type": "Feature",
      "geometry": {
        "type": "Point",
        "coordinates": [
          -76.066667,
          4.35
        ]
      },
      "properties": {
        "gbifID": "1261852662",
        "species": "Passiflora coriacea",
        "genus": "Passiflora",
        "family": "Passifloraceae",
        "scientificName": "Passiflora coriacea Juss.",
        "coordinateUncertaintyInMeters": "",
        "basisOfRecord": "PRESERVED_SPECIMEN",
        "eventDate": "1987-04-15",
        "country": null,
        "datasetName": "Tropicos",
        "publisher": "Missouri Botanical Garden",
        "license": "CC_BY_4_0",
        "issues": [
          "OCCURRENCE_STATUS_INFERRED_FROM_INDIVIDUAL_COUNT",
          "COORDINATE_ROUNDED",
          "GEODETIC_DATUM_ASSUMED_WGS84",
          "INSTITUTION_MATCH_FUZZY",
          "COLLECTION_MATCH_NONE",
          "TAXON_ID_NOT_FOUND"
        ],
        "media": [
          {
            "url": "https://images.mobot.org/RISScanning04/detailImages/RISScanning04/103929000/E1D2ABA8-CDB1-4D33-BEE4-366B5FCE8C8D.jpg",
            "references": "https://www.tropicos.org/ImageFullView.aspx?imageid=103929604",
            "title": "Silverstone-Sopkin - 3075 - Colombia",
            "creator": "MBG",
            "publisher": null,
            "license": "http://creativecommons.org/licenses/by-nc-sa/3.0/",
            "rightsHolder": "MBG"
          }
        ]
      }
    },
    {
      "type": "Feature",
      "geometry": {
        "type": "Point",
        "coordinates": [
          -72.548055,
          -12.723611
        ]
      },
      "properties": {
        "gbifID": "4032019995",
        "species": "Passiflora coriacea",
        "genus": "Passiflora",
        "family": "Passifloraceae",
        "scientificName": "Passiflora coriacea Juss.",
        "coordinateUncertaintyInMeters": "",
        "basisOfRecord": "PRESERVED_SPECIMEN",
        "eventDate": "2005-11-17",
        "country": null,
        "datasetName": "Tropicos",
        "publisher": "Missouri Botanical Garden",
        "license": "CC_BY_4_0",
        "issues": [
          "OCCURRENCE_STATUS_INFERRED_FROM_INDIVIDUAL_COUNT",
          "COORDINATE_ROUNDED",
          "GEODETIC_DATUM_ASSUMED_WGS84",
          "INSTITUTION_MATCH_FUZZY",
          "COLLECTION_MATCH_NONE",
          "TAXON_ID_NOT_FOUND"
        ],
        "media": [
          {
            "url": "https://images.mobot.org/RISScanning04/detailImages/RISScanning04/103929000/8C58736E-36CF-4456-9EC1-8B20D2952ED9.jpg",
            "references": "https://www.tropicos.org/ImageFullView.aspx?imageid=103929599",
            "title": "Huamantupa Chuquimaco - 7203 - Peru",
            "creator": "MBG",
            "publisher": null,
            "license": "http://creativecommons.org/licenses/by-nc-sa/3.0/",
            "rightsHolder": "MBG"
          }
        ]
      }
    },
    {
      "type": "Feature",
      "geometry": {
        "type": "Point",
        "coordinates": [
          -69.083333,
          -12.583333
        ]
      },
      "properties": {
        "gbifID": "4031369917",
        "species": "Passiflora coriacea",
        "genus": "Passiflora",
        "family": "Passifloraceae",
        "scientificName": "Passiflora coriacea Juss.",
        "coordinateUncertaintyInMeters": "",
        "basisOfRecord": "PRESERVED_SPECIMEN",
        "eventDate": "1989-12-19",
        "country": null,
        "datasetName": "Tropicos",
        "publisher": "Missouri Botanical Garden",
        "license": "CC_BY_4_0",
        "issues": [
          "OCCURRENCE_STATUS_INFERRED_FROM_INDIVIDUAL_COUNT",
          "COORDINATE_ROUNDED",
          "GEODETIC_DATUM_ASSUMED_WGS84",
          "INSTITUTION_MATCH_FUZZY",
          "COLLECTION_MATCH_NONE",
          "TAXON_ID_NOT_FOUND"
        ],
        "media": [
          {
            "url": "https://images.mobot.org/RISScanning04/detailImages/RISScanning04/103929000/7F31F2CA-D9DC-4FAB-8289-2F4D937D5795.jpg",
            "references": "https://www.tropicos.org/ImageFullView.aspx?imageid=103929586",
            "title": "Gentry - 68962 - Peru",
            "creator": "MBG",
            "publisher": null,
            "license": "http://creativecommons.org/licenses/by-nc-sa/3.0/",
            "rightsHolder": "MBG"
          }
        ]
      }
    },
    {
      "type": "Feature",
      "geometry": {
        "type": "Point",
        "coordinates": [
          -68.555833,
          -14.331389
        ]
      },
      "properties": {
        "gbifID": "4032064460",
        "species": "Passiflora coriacea",
        "genus": "Passiflora",
        "family": "Passifloraceae",
        "scientificName": "Passiflora coriacea Juss.",
        "coordinateUncertaintyInMeters": "",
        "basisOfRecord": "PRESERVED_SPECIMEN",
        "eventDate": "2005-05-28",
        "country": null,
        "datasetName": "Tropicos",
        "publisher": "Missouri Botanical Garden",
        "license": "CC_BY_4_0",
        "issues": [
          "OCCURRENCE_STATUS_INFERRED_FROM_INDIVIDUAL_COUNT",
          "COORDINATE_ROUNDED",
          "GEODETIC_DATUM_ASSUMED_WGS84",
          "INSTITUTION_MATCH_FUZZY",
          "COLLECTION_MATCH_NONE",
          "TAXON_ID_NOT_FOUND"
        ],
        "fallback_media": {
          "url": "https://api.jacq.org/v1/images/europeana/1638715?withredirect=1",
          "references": "https://api.jacq.org/v1/images/show/1638715?withredirect=1",
          "title": null,
          "creator": null,
          "publisher": null,
          "license": "http://creativecommons.org/publicdomain/zero/1.0/",
          "rightsHolder": null
        }
      }
    },
    {
      "type": "Feature",
      "geometry": {
        "type": "Point",
        "coordinates": [
          -72.666667,
          -12.783333
        ]
      },
      "properties": {
        "gbifID": "1260173202",
        "species": "Passiflora coriacea",
        "genus": "Passiflora",
        "family": "Passifloraceae",
        "scientificName": "Passiflora coriacea Juss.",
        "coordinateUncertaintyInMeters": "",
        "basisOfRecord": "PRESERVED_SPECIMEN",
        "eventDate": "1989-02-03",
        "country": null,
        "datasetName": "Tropicos",
        "publisher": "Missouri Botanical Garden",
        "license": "CC_BY_4_0",
        "issues": [
          "OCCURRENCE_STATUS_INFERRED_FROM_INDIVIDUAL_COUNT",
          "COORDINATE_ROUNDED",
          "GEODETIC_DATUM_ASSUMED_WGS84",
          "INSTITUTION_MATCH_FUZZY",
          "COLLECTION_MATCH_NONE",
          "TAXON_ID_NOT_FOUND"
        ],
        "media": [
          {
            "url": "https://images.mobot.org/RISScanning04/detailImages/RISScanning04/103929000/3C7B2A16-C780-4126-A02E-78F108E2715E.jpg",
            "references": "https://www.tropicos.org/ImageFullView.aspx?imageid=103929590",
            "title": "Núñez Vargas - 10110 - Peru",
            "creator": "MBG",
            "publisher": null,
            "license": "http://creativecommons.org/licenses/by-nc-sa/3.0/",
            "rightsHolder": "MBG"
          }
        ]
      }
    },
    {
      "type": "Feature",
      "geometry": {
        "type": "Point",
        "coordinates": [
          -72.820278,
          -12.641111
        ]
      },
      "properties": {
        "gbifID": "4031636925",
        "species": "Passiflora coriacea",
        "genus": "Passiflora",
        "family": "Passifloraceae",
        "scientificName": "Passiflora coriacea Juss.",
        "coordinateUncertaintyInMeters": "",
        "basisOfRecord": "PRESERVED_SPECIMEN",
        "eventDate": "2007-07-18",
        "country": null,
        "datasetName": "Tropicos",
        "publisher": "Missouri Botanical Garden",
        "license": "CC_BY_4_0",
        "issues": [
          "OCCURRENCE_STATUS_INFERRED_FROM_INDIVIDUAL_COUNT",
          "COORDINATE_ROUNDED",
          "GEODETIC_DATUM_ASSUMED_WGS84",
          "INSTITUTION_MATCH_FUZZY",
          "COLLECTION_MATCH_NONE",
          "TAXON_ID_NOT_FOUND"
        ],
        "media": [
          {
            "url": "https://images.mobot.org/RISScanning04/detailImages/RISScanning04/103929000/524F86CC-BD5A-4910-B6E3-6C2913B01F87.jpg",
            "references": "https://www.tropicos.org/ImageFullView.aspx?imageid=103929611",
            "title": "Calatayud Hermosa - 4454 - Peru",
            "creator": "MBG",
            "publisher": null,
            "license": "http://creativecommons.org/licenses/by-nc-sa/3.0/",
            "rightsHolder": "MBG"
          }
        ]
      }
    },
    {
      "type": "Feature",
      "geometry": {
        "type": "Point",
        "coordinates": [
          -72.5,
          -12.409444
        ]
      },
      "properties": {
        "gbifID": "4032033876",
        "species": "Passiflora coriacea",
        "genus": "Passiflora",
        "family": "Passifloraceae",
        "scientificName": "Passiflora coriacea Juss.",
        "coordinateUncertaintyInMeters": "",
        "basisOfRecord": "PRESERVED_SPECIMEN",
        "eventDate": "2007-09-18",
        "country": null,
        "datasetName": "Tropicos",
        "publisher": "Missouri Botanical Garden",
        "license": "CC_BY_4_0",
        "issues": [
          "OCCURRENCE_STATUS_INFERRED_FROM_INDIVIDUAL_COUNT",
          "COORDINATE_ROUNDED",
          "GEODETIC_DATUM_ASSUMED_WGS84",
          "INSTITUTION_MATCH_FUZZY",
          "COLLECTION_MATCH_NONE",
          "TAXON_ID_NOT_FOUND"
        ],
        "media": [
          {
            "url": "https://images.mobot.org/RISScanning04/detailImages/RISScanning04/103929000/742084EC-B501-4B57-9588-50F6E10EA188.jpg",
            "references": "https://www.tropicos.org/ImageFullView.aspx?imageid=103929610",
            "title": "Huamantupa Chuquimaco - 10419 - Peru",
            "creator": "MBG",
            "publisher": null,
            "license": "http://creativecommons.org/licenses/by-nc-sa/3.0/",
            "rightsHolder": "MBG"
          }
        ]
      }
    },
    {
      "type": "Feature",
      "geometry": {
        "type": "Point",
        "coordinates": [
          -76.081806,
          4.335869
        ]
      },
      "properties": {
        "gbifID": "3083760404",
        "species": "Passiflora coriacea",
        "genus": "Passiflora",
        "family": "Passifloraceae",
        "scientificName": "Passiflora coriacea Juss.",
        "coordinateUncertaintyInMeters": "",
        "basisOfRecord": "PRESERVED_SPECIMEN",
        "eventDate": "2020-11-20",
        "country": null,
        "datasetName": "Instituto para la Investigación y la Preservación del Patrimonio Cultural y Natural del Valle del Cauca - INCIVA",
        "publisher": "Instituto para la Investigación y la Preservación del Patrimonio Cultural y Natural del Valle del Cauca - INCIVA",
        "license": "CC0_1_0",
        "issues": [
          "INSTITUTION_MATCH_FUZZY",
          "COLLECTION_MATCH_FUZZY"
        ],
        "fallback_media": {
          "url": "https://api.jacq.org/v1/images/europeana/1638715?withredirect=1",
          "references": "https://api.jacq.org/v1/images/show/1638715?withredirect=1",
          "title": null,
          "creator": null,
          "publisher": null,
          "license": "http://creativecommons.org/publicdomain/zero/1.0/",
          "rightsHolder": null
        }
      }
    },
    {
      "type": "Feature",
      "geometry": {
        "type": "Point",
        "coordinates": [
          -76.05611,
          4.198944
        ]
      },
      "properties": {
        "gbifID": "3081192375",
        "species": "Passiflora coriacea",
        "genus": "Passiflora",
        "family": "Passifloraceae",
        "scientificName": "Passiflora coriacea Juss.",
        "coordinateUncertaintyInMeters": "",
        "basisOfRecord": "HUMAN_OBSERVATION",
        "eventDate": "2020-08-01",
        "country": null,
        "datasetName": "Instituto para la Investigación y la Preservación del Patrimonio Cultural y Natural del Valle del Cauca - INCIVA",
        "publisher": "Instituto para la Investigación y la Preservación del Patrimonio Cultural y Natural del Valle del Cauca - INCIVA",
        "license": "CC0_1_0",
        "issues": [
          "OCCURRENCE_STATUS_INFERRED_FROM_INDIVIDUAL_COUNT"
        ],
        "fallback_media": {
          "url": "https://api.jacq.org/v1/images/europeana/1638715?withredirect=1",
          "references": "https://api.jacq.org/v1/images/show/1638715?withredirect=1",
          "title": null,
          "creator": null,
          "publisher": null,
          "license": "http://creativecommons.org/publicdomain/zero/1.0/",
          "rightsHolder": null
        }
      }
    },
    {
      "type": "Feature",
      "geometry": {
        "type": "Point",
        "coordinates": [
          -76.292216,
          3.835933
        ]
      },
      "properties": {
        "gbifID": "3327629466",
        "species": "Passiflora coriacea",
        "genus": "Passiflora",
        "family": "Passifloraceae",
        "scientificName": "Passiflora coriacea Juss.",
        "coordinateUncertaintyInMeters": "",
        "basisOfRecord": "HUMAN_OBSERVATION",
        "eventDate": "2021-04-08",
        "country": null,
        "datasetName": "Instituto para la Investigación y la Preservación del Patrimonio Cultural y Natural del Valle del Cauca - INCIVA",
        "publisher": "Instituto para la Investigación y la Preservación del Patrimonio Cultural y Natural del Valle del Cauca - INCIVA",
        "license": "CC0_1_0",
        "issues": [
          "OCCURRENCE_STATUS_INFERRED_FROM_INDIVIDUAL_COUNT"
        ],
        "fallback_media": {
          "url": "https://api.jacq.org/v1/images/europeana/1638715?withredirect=1",
          "references": "https://api.jacq.org/v1/images/show/1638715?withredirect=1",
          "title": null,
          "creator": null,
          "publisher": null,
          "license": "http://creativecommons.org/publicdomain/zero/1.0/",
          "rightsHolder": null
        }
      }
    },
    {
      "type": "Feature",
      "geometry": {
        "type": "Point",
        "coordinates": [
          -75.705753,
          5.802035
        ]
      },
      "properties": {
        "gbifID": "3095781999",
        "species": "Passiflora coriacea",
        "genus": "Passiflora",
        "family": "Passifloraceae",
        "scientificName": "Passiflora coriacea Juss.",
        "coordinateUncertaintyInMeters": "",
        "basisOfRecord": "HUMAN_OBSERVATION",
        "eventDate": "2019-02-10",
        "country": null,
        "datasetName": "",
        "publisher": "AngloGold Ashanti Colombia S.A.S",
        "license": "CC_BY_NC_4_0",
        "issues": [],
        "fallback_media": {
          "url": "https://api.jacq.org/v1/images/europeana/1638715?withredirect=1",
          "references": "https://api.jacq.org/v1/images/show/1638715?withredirect=1",
          "title": null,
          "creator": null,
          "publisher": null,
          "license": "http://creativecommons.org/publicdomain/zero/1.0/",
          "rightsHolder": null
        }
      }
    },
    {
      "type": "Feature",
      "geometry": {
        "type": "Point",
        "coordinates": [
          -75.710649,
          5.795796
        ]
      },
      "properties": {
        "gbifID": "3095783968",
        "species": "Passiflora coriacea",
        "genus": "Passiflora",
        "family": "Passifloraceae",
        "scientificName": "Passiflora coriacea Juss.",
        "coordinateUncertaintyInMeters": "",
        "basisOfRecord": "HUMAN_OBSERVATION",
        "eventDate": "2019-04-10",
        "country": null,
        "datasetName": "",
        "publisher": "AngloGold Ashanti Colombia S.A.S",
        "license": "CC_BY_NC_4_0",
        "issues": [],
        "fallback_media": {
          "url": "https://api.jacq.org/v1/images/europeana/1638715?withredirect=1",
          "references": "https://api.jacq.org/v1/images/show/1638715?withredirect=1",
          "title": null,
          "creator": null,
          "publisher": null,
          "license": "http://creativecommons.org/publicdomain/zero/1.0/",
          "rightsHolder": null
        }
      }
    },
    {
      "type": "Feature",
      "geometry": {
        "type": "Point",
        "coordinates": [
          -75.707746,
          5.795691
        ]
      },
      "properties": {
        "gbifID": "3095790244",
        "species": "Passiflora coriacea",
        "genus": "Passiflora",
        "family": "Passifloraceae",
        "scientificName": "Passiflora coriacea Juss.",
        "coordinateUncertaintyInMeters": "",
        "basisOfRecord": "HUMAN_OBSERVATION",
        "eventDate": "2019-02-26",
        "country": null,
        "datasetName": "",
        "publisher": "AngloGold Ashanti Colombia S.A.S",
        "license": "CC_BY_NC_4_0",
        "issues": [],
        "fallback_media": {
          "url": "https://api.jacq.org/v1/images/europeana/1638715?withredirect=1",
          "references": "https://api.jacq.org/v1/images/show/1638715?withredirect=1",
          "title": null,
          "creator": null,
          "publisher": null,
          "license": "http://creativecommons.org/publicdomain/zero/1.0/",
          "rightsHolder": null
        }
      }
    },
    {
      "type": "Feature",
      "geometry": {
        "type": "Point",
        "coordinates": [
          -75.709628,
          5.792029
        ]
      },
      "properties": {
        "gbifID": "3095820484",
        "species": "Passiflora coriacea",
        "genus": "Passiflora",
        "family": "Passifloraceae",
        "scientificName": "Passiflora coriacea Juss.",
        "coordinateUncertaintyInMeters": "",
        "basisOfRecord": "HUMAN_OBSERVATION",
        "eventDate": "2019-02-13",
        "country": null,
        "datasetName": "",
        "publisher": "AngloGold Ashanti Colombia S.A.S",
        "license": "CC_BY_NC_4_0",
        "issues": [],
        "fallback_media": {
          "url": "https://api.jacq.org/v1/images/europeana/1638715?withredirect=1",
          "references": "https://api.jacq.org/v1/images/show/1638715?withredirect=1",
          "title": null,
          "creator": null,
          "publisher": null,
          "license": "http://creativecommons.org/publicdomain/zero/1.0/",
          "rightsHolder": null
        }
      }
    },
    {
      "type": "Feature",
      "geometry": {
        "type": "Point",
        "coordinates": [
          -75.706198,
          5.799169
        ]
      },
      "properties": {
        "gbifID": "3095821874",
        "species": "Passiflora coriacea",
        "genus": "Passiflora",
        "family": "Passifloraceae",
        "scientificName": "Passiflora coriacea Juss.",
        "coordinateUncertaintyInMeters": "",
        "basisOfRecord": "HUMAN_OBSERVATION",
        "eventDate": "2019-04-10",
        "country": null,
        "datasetName": "",
        "publisher": "AngloGold Ashanti Colombia S.A.S",
        "license": "CC_BY_NC_4_0",
        "issues": [],
        "fallback_media": {
          "url": "https://api.jacq.org/v1/images/europeana/1638715?withredirect=1",
          "references": "https://api.jacq.org/v1/images/show/1638715?withredirect=1",
          "title": null,
          "creator": null,
          "publisher": null,
          "license": "http://creativecommons.org/publicdomain/zero/1.0/",
          "rightsHolder": null
        }
      }
    },
    {
      "type": "Feature",
      "geometry": {
        "type": "Point",
        "coordinates": [
          -75.708784,
          5.800638
        ]
      },
      "properties": {
        "gbifID": "3095795684",
        "species": "Passiflora coriacea",
        "genus": "Passiflora",
        "family": "Passifloraceae",
        "scientificName": "Passiflora coriacea Juss.",
        "coordinateUncertaintyInMeters": "",
        "basisOfRecord": "HUMAN_OBSERVATION",
        "eventDate": "2019-04-09",
        "country": null,
        "datasetName": "",
        "publisher": "AngloGold Ashanti Colombia S.A.S",
        "license": "CC_BY_NC_4_0",
        "issues": [],
        "fallback_media": {
          "url": "https://api.jacq.org/v1/images/europeana/1638715?withredirect=1",
          "references": "https://api.jacq.org/v1/images/show/1638715?withredirect=1",
          "title": null,
          "creator": null,
          "publisher": null,
          "license": "http://creativecommons.org/publicdomain/zero/1.0/",
          "rightsHolder": null
        }
      }
    },
    {
      "type": "Feature",
      "geometry": {
        "type": "Point",
        "coordinates": [
          -75.691725,
          5.802642
        ]
      },
      "properties": {
        "gbifID": "3095812206",
        "species": "Passiflora coriacea",
        "genus": "Passiflora",
        "family": "Passifloraceae",
        "scientificName": "Passiflora coriacea Juss.",
        "coordinateUncertaintyInMeters": "",
        "basisOfRecord": "HUMAN_OBSERVATION",
        "eventDate": "2019-02-14",
        "country": null,
        "datasetName": "",
        "publisher": "AngloGold Ashanti Colombia S.A.S",
        "license": "CC_BY_NC_4_0",
        "issues": [],
        "fallback_media": {
          "url": "https://api.jacq.org/v1/images/europeana/1638715?withredirect=1",
          "references": "https://api.jacq.org/v1/images/show/1638715?withredirect=1",
          "title": null,
          "creator": null,
          "publisher": null,
          "license": "http://creativecommons.org/publicdomain/zero/1.0/",
          "rightsHolder": null
        }
      }
    },
    {
      "type": "Feature",
      "geometry": {
        "type": "Point",
        "coordinates": [
          -75.708446,
          5.79563
        ]
      },
      "properties": {
        "gbifID": "3095838117",
        "species": "Passiflora coriacea",
        "genus": "Passiflora",
        "family": "Passifloraceae",
        "scientificName": "Passiflora coriacea Juss.",
        "coordinateUncertaintyInMeters": "",
        "basisOfRecord": "HUMAN_OBSERVATION",
        "eventDate": "2019-02-25",
        "country": null,
        "datasetName": "",
        "publisher": "AngloGold Ashanti Colombia S.A.S",
        "license": "CC_BY_NC_4_0",
        "issues": [],
        "fallback_media": {
          "url": "https://api.jacq.org/v1/images/europeana/1638715?withredirect=1",
          "references": "https://api.jacq.org/v1/images/show/1638715?withredirect=1",
          "title": null,
          "creator": null,
          "publisher": null,
          "license": "http://creativecommons.org/publicdomain/zero/1.0/",
          "rightsHolder": null
        }
      }
    },
    {
      "type": "Feature",
      "geometry": {
        "type": "Point",
        "coordinates": [
          -75.708245,
          5.801001
        ]
      },
      "properties": {
        "gbifID": "3095761805",
        "species": "Passiflora coriacea",
        "genus": "Passiflora",
        "family": "Passifloraceae",
        "scientificName": "Passiflora coriacea Juss.",
        "coordinateUncertaintyInMeters": "",
        "basisOfRecord": "HUMAN_OBSERVATION",
        "eventDate": "2019-04-09",
        "country": null,
        "datasetName": "",
        "publisher": "AngloGold Ashanti Colombia S.A.S",
        "license": "CC_BY_NC_4_0",
        "issues": [],
        "fallback_media": {
          "url": "https://api.jacq.org/v1/images/europeana/1638715?withredirect=1",
          "references": "https://api.jacq.org/v1/images/show/1638715?withredirect=1",
          "title": null,
          "creator": null,
          "publisher": null,
          "license": "http://creativecommons.org/publicdomain/zero/1.0/",
          "rightsHolder": null
        }
      }
    },
    {
      "type": "Feature",
      "geometry": {
        "type": "Point",
        "coordinates": [
          -75.702263,
          5.794858
        ]
      },
      "properties": {
        "gbifID": "3095799030",
        "species": "Passiflora coriacea",
        "genus": "Passiflora",
        "family": "Passifloraceae",
        "scientificName": "Passiflora coriacea Juss.",
        "coordinateUncertaintyInMeters": "",
        "basisOfRecord": "HUMAN_OBSERVATION",
        "eventDate": "2019-02-07",
        "country": null,
        "datasetName": "",
        "publisher": "AngloGold Ashanti Colombia S.A.S",
        "license": "CC_BY_NC_4_0",
        "issues": [],
        "fallback_media": {
          "url": "https://api.jacq.org/v1/images/europeana/1638715?withredirect=1",
          "references": "https://api.jacq.org/v1/images/show/1638715?withredirect=1",
          "title": null,
          "creator": null,
          "publisher": null,
          "license": "http://creativecommons.org/publicdomain/zero/1.0/",
          "rightsHolder": null
        }
      }
    },
    {
      "type": "Feature",
      "geometry": {
        "type": "Point",
        "coordinates": [
          -75.710063,
          5.795461
        ]
      },
      "properties": {
        "gbifID": "3095800729",
        "species": "Passiflora coriacea",
        "genus": "Passiflora",
        "family": "Passifloraceae",
        "scientificName": "Passiflora coriacea Juss.",
        "coordinateUncertaintyInMeters": "",
        "basisOfRecord": "HUMAN_OBSERVATION",
        "eventDate": "2019-04-11",
        "country": null,
        "datasetName": "",
        "publisher": "AngloGold Ashanti Colombia S.A.S",
        "license": "CC_BY_NC_4_0",
        "issues": [],
        "fallback_media": {
          "url": "https://api.jacq.org/v1/images/europeana/1638715?withredirect=1",
          "references": "https://api.jacq.org/v1/images/show/1638715?withredirect=1",
          "title": null,
          "creator": null,
          "publisher": null,
          "license": "http://creativecommons.org/publicdomain/zero/1.0/",
          "rightsHolder": null
        }
      }
    },
    {
      "type": "Feature",
      "geometry": {
        "type": "Point",
        "coordinates": [
          -75.707033,
          5.792854
        ]
      },
      "properties": {
        "gbifID": "3095814575",
        "species": "Passiflora coriacea",
        "genus": "Passiflora",
        "family": "Passifloraceae",
        "scientificName": "Passiflora coriacea Juss.",
        "coordinateUncertaintyInMeters": "",
        "basisOfRecord": "HUMAN_OBSERVATION",
        "eventDate": "2019-02-13",
        "country": null,
        "datasetName": "",
        "publisher": "AngloGold Ashanti Colombia S.A.S",
        "license": "CC_BY_NC_4_0",
        "issues": [],
        "fallback_media": {
          "url": "https://api.jacq.org/v1/images/europeana/1638715?withredirect=1",
          "references": "https://api.jacq.org/v1/images/show/1638715?withredirect=1",
          "title": null,
          "creator": null,
          "publisher": null,
          "license": "http://creativecommons.org/publicdomain/zero/1.0/",
          "rightsHolder": null
        }
      }
    },
    {
      "type": "Feature",
      "geometry": {
        "type": "Point",
        "coordinates": [
          -75.712711,
          5.792024
        ]
      },
      "properties": {
        "gbifID": "3095776687",
        "species": "Passiflora coriacea",
        "genus": "Passiflora",
        "family": "Passifloraceae",
        "scientificName": "Passiflora coriacea Juss.",
        "coordinateUncertaintyInMeters": "",
        "basisOfRecord": "HUMAN_OBSERVATION",
        "eventDate": "2018-10-30",
        "country": null,
        "datasetName": "",
        "publisher": "AngloGold Ashanti Colombia S.A.S",
        "license": "CC_BY_NC_4_0",
        "issues": [],
        "fallback_media": {
          "url": "https://api.jacq.org/v1/images/europeana/1638715?withredirect=1",
          "references": "https://api.jacq.org/v1/images/show/1638715?withredirect=1",
          "title": null,
          "creator": null,
          "publisher": null,
          "license": "http://creativecommons.org/publicdomain/zero/1.0/",
          "rightsHolder": null
        }
      }
    },
    {
      "type": "Feature",
      "geometry": {
        "type": "Point",
        "coordinates": [
          -75.708955,
          5.797665
        ]
      },
      "properties": {
        "gbifID": "3095786687",
        "species": "Passiflora coriacea",
        "genus": "Passiflora",
        "family": "Passifloraceae",
        "scientificName": "Passiflora coriacea Juss.",
        "coordinateUncertaintyInMeters": "",
        "basisOfRecord": "HUMAN_OBSERVATION",
        "eventDate": "2019-02-09",
        "country": null,
        "datasetName": "",
        "publisher": "AngloGold Ashanti Colombia S.A.S",
        "license": "CC_BY_NC_4_0",
        "issues": [],
        "fallback_media": {
          "url": "https://api.jacq.org/v1/images/europeana/1638715?withredirect=1",
          "references": "https://api.jacq.org/v1/images/show/1638715?withredirect=1",
          "title": null,
          "creator": null,
          "publisher": null,
          "license": "http://creativecommons.org/publicdomain/zero/1.0/",
          "rightsHolder": null
        }
      }
    },
    {
      "type": "Feature",
      "geometry": {
        "type": "Point",
        "coordinates": [
          -75.707019,
          5.801021
        ]
      },
      "properties": {
        "gbifID": "3095786846",
        "species": "Passiflora coriacea",
        "genus": "Passiflora",
        "family": "Passifloraceae",
        "scientificName": "Passiflora coriacea Juss.",
        "coordinateUncertaintyInMeters": "",
        "basisOfRecord": "HUMAN_OBSERVATION",
        "eventDate": "2019-02-11",
        "country": null,
        "datasetName": "",
        "publisher": "AngloGold Ashanti Colombia S.A.S",
        "license": "CC_BY_NC_4_0",
        "issues": [],
        "fallback_media": {
          "url": "https://api.jacq.org/v1/images/europeana/1638715?withredirect=1",
          "references": "https://api.jacq.org/v1/images/show/1638715?withredirect=1",
          "title": null,
          "creator": null,
          "publisher": null,
          "license": "http://creativecommons.org/publicdomain/zero/1.0/",
          "rightsHolder": null
        }
      }
    },
    {
      "type": "Feature",
      "geometry": {
        "type": "Point",
        "coordinates": [
          -75.707335,
          5.7934
        ]
      },
      "properties": {
        "gbifID": "3095823400",
        "species": "Passiflora coriacea",
        "genus": "Passiflora",
        "family": "Passifloraceae",
        "scientificName": "Passiflora coriacea Juss.",
        "coordinateUncertaintyInMeters": "",
        "basisOfRecord": "HUMAN_OBSERVATION",
        "eventDate": "2019-02-13",
        "country": null,
        "datasetName": "",
        "publisher": "AngloGold Ashanti Colombia S.A.S",
        "license": "CC_BY_NC_4_0",
        "issues": [],
        "fallback_media": {
          "url": "https://api.jacq.org/v1/images/europeana/1638715?withredirect=1",
          "references": "https://api.jacq.org/v1/images/show/1638715?withredirect=1",
          "title": null,
          "creator": null,
          "publisher": null,
          "license": "http://creativecommons.org/publicdomain/zero/1.0/",
          "rightsHolder": null
        }
      }
    },
    {
      "type": "Feature",
      "geometry": {
        "type": "Point",
        "coordinates": [
          -75.380531,
          3.068964
        ]
      },
      "properties": {
        "gbifID": "3498599445",
        "species": "Passiflora coriacea",
        "genus": "Passiflora",
        "family": "Passifloraceae",
        "scientificName": "Passiflora coriacea Juss.",
        "coordinateUncertaintyInMeters": "5.0",
        "basisOfRecord": "HUMAN_OBSERVATION",
        "eventDate": "2020-12-11",
        "country": null,
        "datasetName": "",
        "publisher": "Instituto de Investigación de Recursos Biológicos Alexander von Humboldt",
        "license": "CC_BY_NC_4_0",
        "issues": [
          "COORDINATE_ROUNDED"
        ],
        "fallback_media": {
          "url": "https://api.jacq.org/v1/images/europeana/1638715?withredirect=1",
          "references": "https://api.jacq.org/v1/images/show/1638715?withredirect=1",
          "title": null,
          "creator": null,
          "publisher": null,
          "license": "http://creativecommons.org/publicdomain/zero/1.0/",
          "rightsHolder": null
        }
      }
    },
    {
      "type": "Feature",
      "geometry": {
        "type": "Point",
        "coordinates": [
          -73.17,
          -12.77
        ]
      },
      "properties": {
        "gbifID": "1320202125",
        "species": "Passiflora coriacea",
        "genus": "Passiflora",
        "family": "Passifloraceae",
        "scientificName": "Passiflora coriacea Juss.",
        "coordinateUncertaintyInMeters": "",
        "basisOfRecord": "PRESERVED_SPECIMEN",
        "eventDate": "1984-04-13",
        "country": null,
        "datasetName": "NMNH Extant Biology",
        "publisher": "National Museum of Natural History, Smithsonian Institution",
        "license": "CC0_1_0",
        "issues": [
          "OCCURRENCE_STATUS_INFERRED_FROM_INDIVIDUAL_COUNT",
          "GEODETIC_DATUM_ASSUMED_WGS84"
        ],
        "media": [
          {
            "url": "https://collections.nmnh.si.edu/media/?i=15488791&h=2000",
            "references": null,
            "title": "01274608.tif",
            "creator": "Conveyor Belt",
            "publisher": "Smithsonian Institution, NMNH, Botany",
            "license": "http://creativecommons.org/publicdomain/zero/1.0/",
            "rightsHolder": null
          }
        ]
      }
    },
    {
      "type": "Feature",
      "geometry": {
        "type": "Point",
        "coordinates": [
          -99.4,
          21.9167
        ]
      },
      "properties": {
        "gbifID": "1317685333",
        "species": "Passiflora coriacea",
        "genus": "Passiflora",
        "family": "Passifloraceae",
        "scientificName": "Passiflora coriacea Juss.",
        "coordinateUncertaintyInMeters": "",
        "basisOfRecord": "PRESERVED_SPECIMEN",
        "eventDate": "1934-08-08/1934-08-09",
        "country": null,
        "datasetName": "NMNH Extant Biology",
        "publisher": "National Museum of Natural History, Smithsonian Institution",
        "license": "CC0_1_0",
        "issues": [
          "OCCURRENCE_STATUS_INFERRED_FROM_INDIVIDUAL_COUNT",
          "GEODETIC_DATUM_ASSUMED_WGS84"
        ],
        "media": [
          {
            "url": "https://collections.nmnh.si.edu/media/?i=15451988&h=2000",
            "references": null,
            "title": "01186947.tif",
            "creator": "Conveyor Belt",
            "publisher": "Smithsonian Institution, NMNH, Botany",
            "license": "http://creativecommons.org/publicdomain/zero/1.0/",
            "rightsHolder": null
          },
          {
            "url": "https://collections.nmnh.si.edu/media/?i=10426122&h=2000",
            "references": null,
            "title": "01186947.tif",
            "creator": "Ingrid P. Lin",
            "publisher": "Smithsonian Institution, NMNH, Botany",
            "license": "http://creativecommons.org/publicdomain/zero/1.0/",
            "rightsHolder": null
          }
        ]
      }
    },
    {
      "type": "Feature",
      "geometry": {
        "type": "Point",
        "coordinates": [
          -73.12,
          7.13
        ]
      },
      "properties": {
        "gbifID": "1322396069",
        "species": "Passiflora coriacea",
        "genus": "Passiflora",
        "family": "Passifloraceae",
        "scientificName": "Passiflora coriacea Juss.",
        "coordinateUncertaintyInMeters": "",
        "basisOfRecord": "PRESERVED_SPECIMEN",
        "eventDate": "1926-12-29",
        "country": null,
        "datasetName": "NMNH Extant Biology",
        "publisher": "National Museum of Natural History, Smithsonian Institution",
        "license": "CC0_1_0",
        "issues": [
          "OCCURRENCE_STATUS_INFERRED_FROM_INDIVIDUAL_COUNT",
          "GEODETIC_DATUM_ASSUMED_WGS84"
        ],
        "media": [
          {
            "url": "https://collections.nmnh.si.edu/media/?i=12075115&h=2000",
            "references": null,
            "title": "01310728.tif",
            "creator": "Ingrid P. Lin",
            "publisher": "Smithsonian Institution, NMNH, Botany",
            "license": "http://creativecommons.org/publicdomain/zero/1.0/",
            "rightsHolder": null
          },
          {
            "url": "https://collections.nmnh.si.edu/media/?i=15448301&h=2000",
            "references": null,
            "title": "01310728.tif",
            "creator": "Conveyor Belt",
            "publisher": "Smithsonian Institution, NMNH, Botany",
            "license": "http://creativecommons.org/publicdomain/zero/1.0/",
            "rightsHolder": null
          }
        ]
      }
    },
    {
      "type": "Feature",
      "geometry": {
        "type": "Point",
        "coordinates": [
          -72.5,
          -12.4094
        ]
      },
      "properties": {
        "gbifID": "1320131733",
        "species": "Passiflora coriacea",
        "genus": "Passiflora",
        "family": "Passifloraceae",
        "scientificName": "Passiflora coriacea Juss.",
        "coordinateUncertaintyInMeters": "",
        "basisOfRecord": "PRESERVED_SPECIMEN",
        "eventDate": "2007-09-18",
        "country": null,
        "datasetName": "NMNH Extant Biology",
        "publisher": "National Museum of Natural History, Smithsonian Institution",
        "license": "CC0_1_0",
        "issues": [
          "OCCURRENCE_STATUS_INFERRED_FROM_INDIVIDUAL_COUNT",
          "GEODETIC_DATUM_ASSUMED_WGS84"
        ],
        "media": [
          {
            "url": "https://collections.nmnh.si.edu/media/?i=10453416&h=2000",
            "references": null,
            "title": "01196526.tif",
            "creator": "Ingrid P. Lin",
            "publisher": "Smithsonian Institution, NMNH, Botany",
            "license": "http://creativecommons.org/publicdomain/zero/1.0/",
            "rightsHolder": null
          },
          {
            "url": "https://collections.nmnh.si.edu/media/?i=15452552&h=2000",
            "references": null,
            "title": "01196526.tif",
            "creator": "Conveyor Belt",
            "publisher": "Smithsonian Institution, NMNH, Botany",
            "license": "http://creativecommons.org/publicdomain/zero/1.0/",
            "rightsHolder": null
          }
        ]
      }
    },
    {
      "type": "Feature",
      "geometry": {
        "type": "Point",
        "coordinates": [
          -67.5351,
          -14.4296
        ]
      },
      "properties": {
        "gbifID": "1321575261",
        "species": "Passiflora coriacea",
        "genus": "Passiflora",
        "family": "Passifloraceae",
        "scientificName": "Passiflora coriacea Juss.",
        "coordinateUncertaintyInMeters": "",
        "basisOfRecord": "PRESERVED_SPECIMEN",
        "eventDate": "1921-11-26",
        "country": null,
        "datasetName": "NMNH Extant Biology",
        "publisher": "National Museum of Natural History, Smithsonian Institution",
        "license": "CC0_1_0",
        "issues": [
          "OCCURRENCE_STATUS_INFERRED_FROM_INDIVIDUAL_COUNT",
          "GEODETIC_DATUM_ASSUMED_WGS84",
          "GEODETIC_DATUM_INVALID"
        ],
        "media": [
          {
            "url": "https://collections.nmnh.si.edu/media/?i=15464209&h=2000",
            "references": null,
            "title": "01274607.tif",
            "creator": "Conveyor Belt",
            "publisher": "Smithsonian Institution, NMNH, Botany",
            "license": "http://creativecommons.org/publicdomain/zero/1.0/",
            "rightsHolder": null
          }
        ]
      }
    },
    {
      "type": "Feature",
      "geometry": {
        "type": "Point",
        "coordinates": [
          -58.258611,
          -9.819722
        ]
      },
      "properties": {
        "gbifID": "1077302767",
        "species": "Passiflora coriacea",
        "genus": "Passiflora",
        "family": "Passifloraceae",
        "scientificName": "Passiflora coriacea Juss.",
        "coordinateUncertaintyInMeters": "",
        "basisOfRecord": "PRESERVED_SPECIMEN",
        "eventDate": "2011-03-01",
        "country": null,
        "datasetName": "",
        "publisher": "Universidade Federal de Mato Grosso",
        "license": "CC_BY_4_0",
        "issues": [
          "CONTINENT_DERIVED_FROM_COORDINATES",
          "INSTITUTION_MATCH_FUZZY",
          "INSTITUTION_COLLECTION_MISMATCH"
        ],
        "fallback_media": {
          "url": "https://api.jacq.org/v1/images/europeana/1638715?withredirect=1",
          "references": "https://api.jacq.org/v1/images/show/1638715?withredirect=1",
          "title": null,
          "creator": null,
          "publisher": null,
          "license": "http://creativecommons.org/publicdomain/zero/1.0/",
          "rightsHolder": null
        }
      }
    },
    {
      "type": "Feature",
      "geometry": {
        "type": "Point",
        "coordinates": [
          -76.181472,
          6.902539
        ]
      },
      "properties": {
        "gbifID": "4075352716",
        "species": "Passiflora coriacea",
        "genus": "Passiflora",
        "family": "Passifloraceae",
        "scientificName": "Passiflora coriacea Juss.",
        "coordinateUncertaintyInMeters": "",
        "basisOfRecord": "HUMAN_OBSERVATION",
        "eventDate": "2020-11-22",
        "country": null,
        "datasetName": "",
        "publisher": "Empresas Públicas de Medellín E.S.P.",
        "license": "CC_BY_NC_4_0",
        "issues": [],
        "fallback_media": {
          "url": "https://api.jacq.org/v1/images/europeana/1638715?withredirect=1",
          "references": "https://api.jacq.org/v1/images/show/1638715?withredirect=1",
          "title": null,
          "creator": null,
          "publisher": null,
          "license": "http://creativecommons.org/publicdomain/zero/1.0/",
          "rightsHolder": null
        }
      }
    },
    {
      "type": "Feature",
      "geometry": {
        "type": "Point",
        "coordinates": [
          -76.181275,
          6.902396
        ]
      },
      "properties": {
        "gbifID": "4075352728",
        "species": "Passiflora coriacea",
        "genus": "Passiflora",
        "family": "Passifloraceae",
        "scientificName": "Passiflora coriacea Juss.",
        "coordinateUncertaintyInMeters": "",
        "basisOfRecord": "HUMAN_OBSERVATION",
        "eventDate": "2020-11-22",
        "country": null,
        "datasetName": "",
        "publisher": "Empresas Públicas de Medellín E.S.P.",
        "license": "CC_BY_NC_4_0",
        "issues": [],
        "fallback_media": {
          "url": "https://api.jacq.org/v1/images/europeana/1638715?withredirect=1",
          "references": "https://api.jacq.org/v1/images/show/1638715?withredirect=1",
          "title": null,
          "creator": null,
          "publisher": null,
          "license": "http://creativecommons.org/publicdomain/zero/1.0/",
          "rightsHolder": null
        }
      }
    },
    {
      "type": "Feature",
      "geometry": {
        "type": "Point",
        "coordinates": [
          -76.164504,
          6.895444
        ]
      },
      "properties": {
        "gbifID": "4075359128",
        "species": "Passiflora coriacea",
        "genus": "Passiflora",
        "family": "Passifloraceae",
        "scientificName": "Passiflora coriacea Juss.",
        "coordinateUncertaintyInMeters": "",
        "basisOfRecord": "HUMAN_OBSERVATION",
        "eventDate": "2020-11-19",
        "country": null,
        "datasetName": "",
        "publisher": "Empresas Públicas de Medellín E.S.P.",
        "license": "CC_BY_NC_4_0",
        "issues": [],
        "fallback_media": {
          "url": "https://api.jacq.org/v1/images/europeana/1638715?withredirect=1",
          "references": "https://api.jacq.org/v1/images/show/1638715?withredirect=1",
          "title": null,
          "creator": null,
          "publisher": null,
          "license": "http://creativecommons.org/publicdomain/zero/1.0/",
          "rightsHolder": null
        }
      }
    },
    {
      "type": "Feature",
      "geometry": {
        "type": "Point",
        "coordinates": [
          -76.181044,
          6.903123
        ]
      },
      "properties": {
        "gbifID": "4075366703",
        "species": "Passiflora coriacea",
        "genus": "Passiflora",
        "family": "Passifloraceae",
        "scientificName": "Passiflora coriacea Juss.",
        "coordinateUncertaintyInMeters": "",
        "basisOfRecord": "HUMAN_OBSERVATION",
        "eventDate": "2020-11-16",
        "country": null,
        "datasetName": "",
        "publisher": "Empresas Públicas de Medellín E.S.P.",
        "license": "CC_BY_NC_4_0",
        "issues": [],
        "fallback_media": {
          "url": "https://api.jacq.org/v1/images/europeana/1638715?withredirect=1",
          "references": "https://api.jacq.org/v1/images/show/1638715?withredirect=1",
          "title": null,
          "creator": null,
          "publisher": null,
          "license": "http://creativecommons.org/publicdomain/zero/1.0/",
          "rightsHolder": null
        }
      }
    },
    {
      "type": "Feature",
      "geometry": {
        "type": "Point",
        "coordinates": [
          -76.180148,
          6.903983
        ]
      },
      "properties": {
        "gbifID": "4075372510",
        "species": "Passiflora coriacea",
        "genus": "Passiflora",
        "family": "Passifloraceae",
        "scientificName": "Passiflora coriacea Juss.",
        "coordinateUncertaintyInMeters": "",
        "basisOfRecord": "HUMAN_OBSERVATION",
        "eventDate": "2020-11-16",
        "country": null,
        "datasetName": "",
        "publisher": "Empresas Públicas de Medellín E.S.P.",
        "license": "CC_BY_NC_4_0",
        "issues": [],
        "fallback_media": {
          "url": "https://api.jacq.org/v1/images/europeana/1638715?withredirect=1",
          "references": "https://api.jacq.org/v1/images/show/1638715?withredirect=1",
          "title": null,
          "creator": null,
          "publisher": null,
          "license": "http://creativecommons.org/publicdomain/zero/1.0/",
          "rightsHolder": null
        }
      }
    },
    {
      "type": "Feature",
      "geometry": {
        "type": "Point",
        "coordinates": [
          -76.17967,
          6.901955
        ]
      },
      "properties": {
        "gbifID": "4075352575",
        "species": "Passiflora coriacea",
        "genus": "Passiflora",
        "family": "Passifloraceae",
        "scientificName": "Passiflora coriacea Juss.",
        "coordinateUncertaintyInMeters": "",
        "basisOfRecord": "HUMAN_OBSERVATION",
        "eventDate": "2020-11-16",
        "country": null,
        "datasetName": "",
        "publisher": "Empresas Públicas de Medellín E.S.P.",
        "license": "CC_BY_NC_4_0",
        "issues": [],
        "fallback_media": {
          "url": "https://api.jacq.org/v1/images/europeana/1638715?withredirect=1",
          "references": "https://api.jacq.org/v1/images/show/1638715?withredirect=1",
          "title": null,
          "creator": null,
          "publisher": null,
          "license": "http://creativecommons.org/publicdomain/zero/1.0/",
          "rightsHolder": null
        }
      }
    },
    {
      "type": "Feature",
      "geometry": {
        "type": "Point",
        "coordinates": [
          -76.164497,
          6.895444
        ]
      },
      "properties": {
        "gbifID": "4075352902",
        "species": "Passiflora coriacea",
        "genus": "Passiflora",
        "family": "Passifloraceae",
        "scientificName": "Passiflora coriacea Juss.",
        "coordinateUncertaintyInMeters": "",
        "basisOfRecord": "HUMAN_OBSERVATION",
        "eventDate": "2020-11-19",
        "country": null,
        "datasetName": "",
        "publisher": "Empresas Públicas de Medellín E.S.P.",
        "license": "CC_BY_NC_4_0",
        "issues": [],
        "fallback_media": {
          "url": "https://api.jacq.org/v1/images/europeana/1638715?withredirect=1",
          "references": "https://api.jacq.org/v1/images/show/1638715?withredirect=1",
          "title": null,
          "creator": null,
          "publisher": null,
          "license": "http://creativecommons.org/publicdomain/zero/1.0/",
          "rightsHolder": null
        }
      }
    },
    {
      "type": "Feature",
      "geometry": {
        "type": "Point",
        "coordinates": [
          -76.166382,
          6.895592
        ]
      },
      "properties": {
        "gbifID": "4075370979",
        "species": "Passiflora coriacea",
        "genus": "Passiflora",
        "family": "Passifloraceae",
        "scientificName": "Passiflora coriacea Juss.",
        "coordinateUncertaintyInMeters": "",
        "basisOfRecord": "HUMAN_OBSERVATION",
        "eventDate": "2020-11-20",
        "country": null,
        "datasetName": "",
        "publisher": "Empresas Públicas de Medellín E.S.P.",
        "license": "CC_BY_NC_4_0",
        "issues": [],
        "fallback_media": {
          "url": "https://api.jacq.org/v1/images/europeana/1638715?withredirect=1",
          "references": "https://api.jacq.org/v1/images/show/1638715?withredirect=1",
          "title": null,
          "creator": null,
          "publisher": null,
          "license": "http://creativecommons.org/publicdomain/zero/1.0/",
          "rightsHolder": null
        }
      }
    },
    {
      "type": "Feature",
      "geometry": {
        "type": "Point",
        "coordinates": [
          -76.166439,
          6.89546
        ]
      },
      "properties": {
        "gbifID": "4075371007",
        "species": "Passiflora coriacea",
        "genus": "Passiflora",
        "family": "Passifloraceae",
        "scientificName": "Passiflora coriacea Juss.",
        "coordinateUncertaintyInMeters": "",
        "basisOfRecord": "HUMAN_OBSERVATION",
        "eventDate": "2020-11-20",
        "country": null,
        "datasetName": "",
        "publisher": "Empresas Públicas de Medellín E.S.P.",
        "license": "CC_BY_NC_4_0",
        "issues": [],
        "fallback_media": {
          "url": "https://api.jacq.org/v1/images/europeana/1638715?withredirect=1",
          "references": "https://api.jacq.org/v1/images/show/1638715?withredirect=1",
          "title": null,
          "creator": null,
          "publisher": null,
          "license": "http://creativecommons.org/publicdomain/zero/1.0/",
          "rightsHolder": null
        }
      }
    },
    {
      "type": "Feature",
      "geometry": {
        "type": "Point",
        "coordinates": [
          -76.180128,
          6.904095
        ]
      },
      "properties": {
        "gbifID": "4075371300",
        "species": "Passiflora coriacea",
        "genus": "Passiflora",
        "family": "Passifloraceae",
        "scientificName": "Passiflora coriacea Juss.",
        "coordinateUncertaintyInMeters": "",
        "basisOfRecord": "HUMAN_OBSERVATION",
        "eventDate": "2020-11-16",
        "country": null,
        "datasetName": "",
        "publisher": "Empresas Públicas de Medellín E.S.P.",
        "license": "CC_BY_NC_4_0",
        "issues": [],
        "fallback_media": {
          "url": "https://api.jacq.org/v1/images/europeana/1638715?withredirect=1",
          "references": "https://api.jacq.org/v1/images/show/1638715?withredirect=1",
          "title": null,
          "creator": null,
          "publisher": null,
          "license": "http://creativecommons.org/publicdomain/zero/1.0/",
          "rightsHolder": null
        }
      }
    },
    {
      "type": "Feature",
      "geometry": {
        "type": "Point",
        "coordinates": [
          -88.93,
          16.17
        ]
      },
      "properties": {
        "gbifID": "1930679876",
        "species": "Passiflora coriacea",
        "genus": "Passiflora",
        "family": "Passifloraceae",
        "scientificName": "Passiflora coriacea Juss.",
        "coordinateUncertaintyInMeters": "",
        "basisOfRecord": "PRESERVED_SPECIMEN",
        "eventDate": "1993-03-15",
        "country": null,
        "datasetName": "Vascular plants",
        "publisher": "The New York Botanical Garden",
        "license": "CC0_1_0",
        "issues": [
          "MODIFIED_DATE_INVALID",
          "GEODETIC_DATUM_ASSUMED_WGS84"
        ],
        "fallback_media": {
          "url": "https://api.jacq.org/v1/images/europeana/1638715?withredirect=1",
          "references": "https://api.jacq.org/v1/images/show/1638715?withredirect=1",
          "title": null,
          "creator": null,
          "publisher": null,
          "license": "http://creativecommons.org/publicdomain/zero/1.0/",
          "rightsHolder": null
        }
      }
    },
    {
      "type": "Feature",
      "geometry": {
        "type": "Point",
        "coordinates": [
          -75.654569,
          5.684167
        ]
      },
      "properties": {
        "gbifID": "6217133463",
        "species": "Passiflora coriacea",
        "genus": "Passiflora",
        "family": "Passifloraceae",
        "scientificName": "Passiflora coriacea Juss.",
        "coordinateUncertaintyInMeters": "17.0",
        "basisOfRecord": "HUMAN_OBSERVATION",
        "eventDate": "2025-11-05",
        "country": null,
        "datasetName": "Monitoreo participativo de biodiversidad, diagnóstico de viveros y turismo - Fase 3 de aceleración de la ruta Cartama Sostenible",
        "publisher": "Fundación Grupo Argos",
        "license": "CC_BY_4_0",
        "issues": [
          "COORDINATE_ROUNDED",
          "SCIENTIFIC_NAME_ID_NOT_FOUND"
        ],
        "fallback_media": {
          "url": "https://api.jacq.org/v1/images/europeana/1638715?withredirect=1",
          "references": "https://api.jacq.org/v1/images/show/1638715?withredirect=1",
          "title": null,
          "creator": null,
          "publisher": null,
          "license": "http://creativecommons.org/publicdomain/zero/1.0/",
          "rightsHolder": null
        }
      }
    },
    {
      "type": "Feature",
      "geometry": {
        "type": "Point",
        "coordinates": [
          -75.654553,
          5.684187
        ]
      },
      "properties": {
        "gbifID": "6217134499",
        "species": "Passiflora coriacea",
        "genus": "Passiflora",
        "family": "Passifloraceae",
        "scientificName": "Passiflora coriacea Juss.",
        "coordinateUncertaintyInMeters": "10.0",
        "basisOfRecord": "HUMAN_OBSERVATION",
        "eventDate": "2025-11-05",
        "country": null,
        "datasetName": "Monitoreo participativo de biodiversidad, diagnóstico de viveros y turismo - Fase 3 de aceleración de la ruta Cartama Sostenible",
        "publisher": "Fundación Grupo Argos",
        "license": "CC_BY_4_0",
        "issues": [
          "COORDINATE_ROUNDED",
          "SCIENTIFIC_NAME_ID_NOT_FOUND"
        ],
        "fallback_media": {
          "url": "https://api.jacq.org/v1/images/europeana/1638715?withredirect=1",
          "references": "https://api.jacq.org/v1/images/show/1638715?withredirect=1",
          "title": null,
          "creator": null,
          "publisher": null,
          "license": "http://creativecommons.org/publicdomain/zero/1.0/",
          "rightsHolder": null
        }
      }
    },
    {
      "type": "Feature",
      "geometry": {
        "type": "Point",
        "coordinates": [
          -75.678076,
          5.7577
        ]
      },
      "properties": {
        "gbifID": "6217138340",
        "species": "Passiflora coriacea",
        "genus": "Passiflora",
        "family": "Passifloraceae",
        "scientificName": "Passiflora coriacea Juss.",
        "coordinateUncertaintyInMeters": "4.0",
        "basisOfRecord": "HUMAN_OBSERVATION",
        "eventDate": "2025-11-07",
        "country": null,
        "datasetName": "Monitoreo participativo de biodiversidad, diagnóstico de viveros y turismo - Fase 3 de aceleración de la ruta Cartama Sostenible",
        "publisher": "Fundación Grupo Argos",
        "license": "CC_BY_4_0",
        "issues": [
          "COORDINATE_ROUNDED",
          "SCIENTIFIC_NAME_ID_NOT_FOUND"
        ],
        "fallback_media": {
          "url": "https://api.jacq.org/v1/images/europeana/1638715?withredirect=1",
          "references": "https://api.jacq.org/v1/images/show/1638715?withredirect=1",
          "title": null,
          "creator": null,
          "publisher": null,
          "license": "http://creativecommons.org/publicdomain/zero/1.0/",
          "rightsHolder": null
        }
      }
    },
    {
      "type": "Feature",
      "geometry": {
        "type": "Point",
        "coordinates": [
          -82.8619,
          9.7494
        ]
      },
      "properties": {
        "gbifID": "1936676648",
        "species": "Passiflora coriacea",
        "genus": "Passiflora",
        "family": "Passifloraceae",
        "scientificName": "Passiflora coriacea Juss.",
        "coordinateUncertaintyInMeters": "",
        "basisOfRecord": "PRESERVED_SPECIMEN",
        "eventDate": "2001-05-05",
        "country": null,
        "datasetName": "",
        "publisher": "Real Jardín Botánico (CSIC)",
        "license": "CC_BY_NC_4_0",
        "issues": [
          "GEODETIC_DATUM_ASSUMED_WGS84",
          "CONTINENT_DERIVED_FROM_COORDINATES",
          "INSTITUTION_MATCH_NONE",
          "TAXON_ID_NOT_FOUND"
        ],
        "fallback_media": {
          "url": "https://api.jacq.org/v1/images/europeana/1638715?withredirect=1",
          "references": "https://api.jacq.org/v1/images/show/1638715?withredirect=1",
          "title": null,
          "creator": null,
          "publisher": null,
          "license": "http://creativecommons.org/publicdomain/zero/1.0/",
          "rightsHolder": null
        }
      }
    },
    {
      "type": "Feature",
      "geometry": {
        "type": "Point",
        "coordinates": [
          -76.168889,
          4.028333
        ]
      },
      "properties": {
        "gbifID": "4440560774",
        "species": "Passiflora coriacea",
        "genus": "Passiflora",
        "family": "Passifloraceae",
        "scientificName": "Passiflora coriacea Juss.",
        "coordinateUncertaintyInMeters": "502.62",
        "basisOfRecord": "PRESERVED_SPECIMEN",
        "eventDate": "1978-03-30",
        "country": null,
        "datasetName": "",
        "publisher": "Instituto para la Investigación y la Preservación del Patrimonio Cultural y Natural del Valle del Cauca - INCIVA",
        "license": "CC_BY_NC_4_0",
        "issues": [
          "COORDINATE_ROUNDED",
          "INSTITUTION_MATCH_FUZZY"
        ],
        "fallback_media": {
          "url": "https://api.jacq.org/v1/images/europeana/1638715?withredirect=1",
          "references": "https://api.jacq.org/v1/images/show/1638715?withredirect=1",
          "title": null,
          "creator": null,
          "publisher": null,
          "license": "http://creativecommons.org/publicdomain/zero/1.0/",
          "rightsHolder": null
        }
      }
    },
    {
      "type": "Feature",
      "geometry": {
        "type": "Point",
        "coordinates": [
          -76.298417,
          3.835526
        ]
      },
      "properties": {
        "gbifID": "4440558648",
        "species": "Passiflora coriacea",
        "genus": "Passiflora",
        "family": "Passifloraceae",
        "scientificName": "Passiflora coriacea Juss.",
        "coordinateUncertaintyInMeters": "502.62",
        "basisOfRecord": "PRESERVED_SPECIMEN",
        "eventDate": "2021-04-08",
        "country": null,
        "datasetName": "",
        "publisher": "Instituto para la Investigación y la Preservación del Patrimonio Cultural y Natural del Valle del Cauca - INCIVA",
        "license": "CC_BY_NC_4_0",
        "issues": [
          "INSTITUTION_MATCH_FUZZY"
        ],
        "fallback_media": {
          "url": "https://api.jacq.org/v1/images/europeana/1638715?withredirect=1",
          "references": "https://api.jacq.org/v1/images/show/1638715?withredirect=1",
          "title": null,
          "creator": null,
          "publisher": null,
          "license": "http://creativecommons.org/publicdomain/zero/1.0/",
          "rightsHolder": null
        }
      }
    },
    {
      "type": "Feature",
      "geometry": {
        "type": "Point",
        "coordinates": [
          -75.265396,
          9.733988
        ]
      },
      "properties": {
        "gbifID": "4440563852",
        "species": "Passiflora coriacea",
        "genus": "Passiflora",
        "family": "Passifloraceae",
        "scientificName": "Passiflora coriacea Juss.",
        "coordinateUncertaintyInMeters": "15800.0",
        "basisOfRecord": "PRESERVED_SPECIMEN",
        "eventDate": "1980-02-18",
        "country": null,
        "datasetName": "",
        "publisher": "Instituto para la Investigación y la Preservación del Patrimonio Cultural y Natural del Valle del Cauca - INCIVA",
        "license": "CC_BY_NC_4_0",
        "issues": [
          "INSTITUTION_MATCH_FUZZY"
        ],
        "fallback_media": {
          "url": "https://api.jacq.org/v1/images/europeana/1638715?withredirect=1",
          "references": "https://api.jacq.org/v1/images/show/1638715?withredirect=1",
          "title": null,
          "creator": null,
          "publisher": null,
          "license": "http://creativecommons.org/publicdomain/zero/1.0/",
          "rightsHolder": null
        }
      }
    },
    {
      "type": "Feature",
      "geometry": {
        "type": "Point",
        "coordinates": [
          -76.166275,
          4.029402
        ]
      },
      "properties": {
        "gbifID": "4440573746",
        "species": "Passiflora coriacea",
        "genus": "Passiflora",
        "family": "Passifloraceae",
        "scientificName": "Passiflora coriacea Juss.",
        "coordinateUncertaintyInMeters": "94.77",
        "basisOfRecord": "PRESERVED_SPECIMEN",
        "eventDate": "1978-04-18",
        "country": null,
        "datasetName": "",
        "publisher": "Instituto para la Investigación y la Preservación del Patrimonio Cultural y Natural del Valle del Cauca - INCIVA",
        "license": "CC_BY_NC_4_0",
        "issues": [
          "INSTITUTION_MATCH_FUZZY"
        ],
        "fallback_media": {
          "url": "https://api.jacq.org/v1/images/europeana/1638715?withredirect=1",
          "references": "https://api.jacq.org/v1/images/show/1638715?withredirect=1",
          "title": null,
          "creator": null,
          "publisher": null,
          "license": "http://creativecommons.org/publicdomain/zero/1.0/",
          "rightsHolder": null
        }
      }
    },
    {
      "type": "Feature",
      "geometry": {
        "type": "Point",
        "coordinates": [
          -76.296503,
          3.8362
        ]
      },
      "properties": {
        "gbifID": "4440559236",
        "species": "Passiflora coriacea",
        "genus": "Passiflora",
        "family": "Passifloraceae",
        "scientificName": "Passiflora coriacea Juss.",
        "coordinateUncertaintyInMeters": "502.62",
        "basisOfRecord": "PRESERVED_SPECIMEN",
        "eventDate": "2019-12-21",
        "country": null,
        "datasetName": "",
        "publisher": "Instituto para la Investigación y la Preservación del Patrimonio Cultural y Natural del Valle del Cauca - INCIVA",
        "license": "CC_BY_NC_4_0",
        "issues": [
          "INSTITUTION_MATCH_FUZZY"
        ],
        "fallback_media": {
          "url": "https://api.jacq.org/v1/images/europeana/1638715?withredirect=1",
          "references": "https://api.jacq.org/v1/images/show/1638715?withredirect=1",
          "title": null,
          "creator": null,
          "publisher": null,
          "license": "http://creativecommons.org/publicdomain/zero/1.0/",
          "rightsHolder": null
        }
      }
    },
    {
      "type": "Feature",
      "geometry": {
        "type": "Point",
        "coordinates": [
          -46.8842,
          -23.1864
        ]
      },
      "properties": {
        "gbifID": "1090559931",
        "species": "Passiflora coriacea",
        "genus": "Passiflora",
        "family": "Passifloraceae",
        "scientificName": "Passiflora coriacea Juss.",
        "coordinateUncertaintyInMeters": "",
        "basisOfRecord": "PRESERVED_SPECIMEN",
        "eventDate": "1994-01-27",
        "country": null,
        "datasetName": "",
        "publisher": "Instituto Agronômico (IAC)",
        "license": "CC_BY_4_0",
        "issues": [
          "CONTINENT_DERIVED_FROM_COORDINATES",
          "INSTITUTION_MATCH_FUZZY",
          "COLLECTION_MATCH_FUZZY"
        ],
        "fallback_media": {
          "url": "https://api.jacq.org/v1/images/europeana/1638715?withredirect=1",
          "references": "https://api.jacq.org/v1/images/show/1638715?withredirect=1",
          "title": null,
          "creator": null,
          "publisher": null,
          "license": "http://creativecommons.org/publicdomain/zero/1.0/",
          "rightsHolder": null
        }
      }
    },
    {
      "type": "Feature",
      "geometry": {
        "type": "Point",
        "coordinates": [
          -39.0494,
          -14.7889
        ]
      },
      "properties": {
        "gbifID": "1090579976",
        "species": "Passiflora coriacea",
        "genus": "Passiflora",
        "family": "Passifloraceae",
        "scientificName": "Passiflora coriacea Juss.",
        "coordinateUncertaintyInMeters": "",
        "basisOfRecord": "PRESERVED_SPECIMEN",
        "eventDate": "2007-08-14",
        "country": null,
        "datasetName": "",
        "publisher": "Instituto Agronômico (IAC)",
        "license": "CC_BY_4_0",
        "issues": [
          "CONTINENT_DERIVED_FROM_COORDINATES",
          "INSTITUTION_MATCH_FUZZY",
          "COLLECTION_MATCH_FUZZY"
        ],
        "fallback_media": {
          "url": "https://api.jacq.org/v1/images/europeana/1638715?withredirect=1",
          "references": "https://api.jacq.org/v1/images/show/1638715?withredirect=1",
          "title": null,
          "creator": null,
          "publisher": null,
          "license": "http://creativecommons.org/publicdomain/zero/1.0/",
          "rightsHolder": null
        }
      }
    },
    {
      "type": "Feature",
      "geometry": {
        "type": "Point",
        "coordinates": [
          -46.6808,
          -22.6819
        ]
      },
      "properties": {
        "gbifID": "1090564655",
        "species": "Passiflora coriacea",
        "genus": "Passiflora",
        "family": "Passifloraceae",
        "scientificName": "Passiflora coriacea Juss.",
        "coordinateUncertaintyInMeters": "",
        "basisOfRecord": "PRESERVED_SPECIMEN",
        "eventDate": "1999-01-25",
        "country": null,
        "datasetName": "",
        "publisher": "Instituto Agronômico (IAC)",
        "license": "CC_BY_4_0",
        "issues": [
          "CONTINENT_DERIVED_FROM_COORDINATES",
          "INSTITUTION_MATCH_FUZZY",
          "COLLECTION_MATCH_FUZZY"
        ],
        "fallback_media": {
          "url": "https://api.jacq.org/v1/images/europeana/1638715?withredirect=1",
          "references": "https://api.jacq.org/v1/images/show/1638715?withredirect=1",
          "title": null,
          "creator": null,
          "publisher": null,
          "license": "http://creativecommons.org/publicdomain/zero/1.0/",
          "rightsHolder": null
        }
      }
    },
    {
      "type": "Feature",
      "geometry": {
        "type": "Point",
        "coordinates": [
          -89.0,
          15.5
        ]
      },
      "properties": {
        "gbifID": "1228542733",
        "species": "Passiflora coriacea",
        "genus": "Passiflora",
        "family": "Passifloraceae",
        "scientificName": "Passiflora coriacea Juss.",
        "coordinateUncertaintyInMeters": "",
        "basisOfRecord": "PRESERVED_SPECIMEN",
        "eventDate": "1967-06-18",
        "country": null,
        "datasetName": "seeds-22-sep-2023",
        "publisher": "Field Museum",
        "license": "CC0_1_0",
        "issues": [
          "GEODETIC_DATUM_ASSUMED_WGS84",
          "INSTITUTION_MATCH_FUZZY",
          "AMBIGUOUS_COLLECTION"
        ],
        "fallback_media": {
          "url": "https://api.jacq.org/v1/images/europeana/1638715?withredirect=1",
          "references": "https://api.jacq.org/v1/images/show/1638715?withredirect=1",
          "title": null,
          "creator": null,
          "publisher": null,
          "license": "http://creativecommons.org/publicdomain/zero/1.0/",
          "rightsHolder": null
        }
      }
    },
    {
      "type": "Feature",
      "geometry": {
        "type": "Point",
        "coordinates": [
          -90.590869,
          14.151943
        ]
      },
      "properties": {
        "gbifID": "5170664341",
        "species": "Passiflora coriacea",
        "genus": "Passiflora",
        "family": "Passifloraceae",
        "scientificName": "Passiflora coriacea Juss.",
        "coordinateUncertaintyInMeters": "50.0",
        "basisOfRecord": "PRESERVED_SPECIMEN",
        "eventDate": "2022-04-30",
        "country": null,
        "datasetName": "",
        "publisher": "Centro de Estudios Conservacionistas (CECON), Universidad de San Carlos de Guatemala (USAC)",
        "license": "CC_BY_NC_4_0",
        "issues": [
          "CONTINENT_DERIVED_FROM_COORDINATES",
          "INSTITUTION_MATCH_FUZZY",
          "COLLECTION_MATCH_FUZZY",
          "TAXON_ID_NOT_FOUND"
        ],
        "media": [
          {
            "url": "https://biodiversidad.gt/media/USCG_USCG/00048/USCG_48217.jpg",
            "references": null,
            "title": null,
            "creator": "Herbario USCG",
            "publisher": null,
            "license": "http://creativecommons.org/licenses/by-nc/4.0/",
            "rightsHolder": "USAC, CECON, Herbario USCG (USAC-USCG)"
          }
        ]
      }
    },
    {
      "type": "Feature",
      "geometry": {
        "type": "Point",
        "coordinates": [
          -82.40786,
          29.61194
        ]
      },
      "properties": {
        "gbifID": "1457784305",
        "species": "Passiflora coriacea",
        "genus": "Passiflora",
        "family": "Passifloraceae",
        "scientificName": "Passiflora coriacea Juss.",
        "coordinateUncertaintyInMeters": "",
        "basisOfRecord": "PRESERVED_SPECIMEN",
        "eventDate": "2004-10-04",
        "country": null,
        "datasetName": "",
        "publisher": "Florida Museum of Natural History",
        "license": "CC_BY_NC_4_0",
        "issues": [
          "CONTINENT_DERIVED_FROM_COORDINATES",
          "INSTITUTION_MATCH_FUZZY",
          "COLLECTION_MATCH_NONE"
        ],
        "media": [
          {
            "url": "https://cdn.floridamuseum.ufl.edu/Herbarium/67a15d49-3c1b-456d-a8f7-da8b6a0feb59",
            "references": null,
            "title": "Passiflora coriacea",
            "creator": "University of Florida Herbarium",
            "publisher": null,
            "license": "http://creativecommons.org/licenses/by-nc/4.0/",
            "rightsHolder": "Florida Museum of Natural History Herbarium - University of Florida"
          },
          {
            "url": "https://cdn.floridamuseum.ufl.edu/Herbarium/8b5a886d-15ce-421c-af59-7f51112117bb",
            "references": null,
            "title": "Passiflora coriacea",
            "creator": "University of Florida Herbarium",
            "publisher": null,
            "license": "http://creativecommons.org/licenses/by-nc/4.0/",
            "rightsHolder": "Florida Museum of Natural History Herbarium - University of Florida"
          }
        ]
      }
    },
    {
      "type": "Feature",
      "geometry": {
        "type": "Point",
        "coordinates": [
          -82.4584,
          27.9475
        ]
      },
      "properties": {
        "gbifID": "1503288933",
        "species": "Passiflora coriacea",
        "genus": "Passiflora",
        "family": "Passifloraceae",
        "scientificName": "Passiflora coriacea Juss.",
        "coordinateUncertaintyInMeters": "",
        "basisOfRecord": "PRESERVED_SPECIMEN",
        "eventDate": "1961-04-21",
        "country": null,
        "datasetName": "",
        "publisher": "USF Water Institute",
        "license": "CC_BY_4_0",
        "issues": [
          "GEODETIC_DATUM_ASSUMED_WGS84",
          "CONTINENT_DERIVED_FROM_COORDINATES",
          "INSTITUTION_COLLECTION_MISMATCH"
        ],
        "media": [
          {
            "url": "https://cdn.plantatlas.org/img/specimens/USF/40581.jpg",
            "references": null,
            "title": "Passiflora coriacea Juss. - USA, Florida (BARCODE: 40581) - USF Herbarium",
            "creator": null,
            "publisher": null,
            "license": "http://creativecommons.org/licenses/by-nc-sa/4.0/",
            "rightsHolder": "University of South Florida Herbarium (USF)"
          }
        ]
      }
    },
    {
      "type": "Feature",
      "geometry": {
        "type": "Point",
        "coordinates": [
          -82.4904,
          27.1962
        ]
      },
      "properties": {
        "gbifID": "1503283204",
        "species": "Passiflora coriacea",
        "genus": "Passiflora",
        "family": "Passifloraceae",
        "scientificName": "Passiflora coriacea Juss.",
        "coordinateUncertaintyInMeters": "",
        "basisOfRecord": "PRESERVED_SPECIMEN",
        "eventDate": "1937-11-20",
        "country": null,
        "datasetName": "",
        "publisher": "USF Water Institute",
        "license": "CC_BY_4_0",
        "issues": [
          "GEODETIC_DATUM_ASSUMED_WGS84",
          "CONTINENT_DERIVED_FROM_COORDINATES",
          "INSTITUTION_COLLECTION_MISMATCH"
        ],
        "media": [
          {
            "url": "https://cdn.plantatlas.org/img/specimens/USF/289394.jpg",
            "references": null,
            "title": "Passiflora coriacea Juss. - USA, Florida (BARCODE: 289394) - USF Herbarium",
            "creator": null,
            "publisher": null,
            "license": "http://creativecommons.org/licenses/by-nc-sa/4.0/",
            "rightsHolder": "University of South Florida Herbarium (USF)"
          }
        ]
      }
    },
    {
      "type": "Feature",
      "geometry": {
        "type": "Point",
        "coordinates": [
          -79.85,
          9.15
        ]
      },
      "properties": {
        "gbifID": "3969345884",
        "species": "Passiflora coriacea",
        "genus": "Passiflora",
        "family": "Passifloraceae",
        "scientificName": "Passiflora coriacea Juss.",
        "coordinateUncertaintyInMeters": "",
        "basisOfRecord": "PRESERVED_SPECIMEN",
        "eventDate": "2011-06-30",
        "country": null,
        "datasetName": "",
        "publisher": "European Nucleotide Archive (EMBL-EBI)",
        "license": "CC_BY_4_0",
        "issues": [
          "GEODETIC_DATUM_ASSUMED_WGS84",
          "CONTINENT_DERIVED_FROM_COORDINATES",
          "TAXON_ID_NOT_FOUND",
          "TAXON_CONCEPT_ID_NOT_FOUND"
        ],
        "fallback_media": {
          "url": "https://api.jacq.org/v1/images/europeana/1638715?withredirect=1",
          "references": "https://api.jacq.org/v1/images/show/1638715?withredirect=1",
          "title": null,
          "creator": null,
          "publisher": null,
          "license": "http://creativecommons.org/publicdomain/zero/1.0/",
          "rightsHolder": null
        }
      }
    },
    {
      "type": "Feature",
      "geometry": {
        "type": "Point",
        "coordinates": [
          -96.191417,
          15.765444
        ]
      },
      "properties": {
        "gbifID": "1894614919",
        "species": "Passiflora coriacea",
        "genus": "Passiflora",
        "family": "Passifloraceae",
        "scientificName": "Passiflora coriacea Juss.",
        "coordinateUncertaintyInMeters": "100.0",
        "basisOfRecord": "PRESERVED_SPECIMEN",
        "eventDate": "2005-04-30",
        "country": null,
        "datasetName": "Composición florística del Parque Nacional Huatulco",
        "publisher": "Comisión nacional para el conocimiento y uso de la biodiversidad",
        "license": "CC_BY_4_0",
        "issues": [
          "OCCURRENCE_STATUS_INFERRED_FROM_INDIVIDUAL_COUNT",
          "COORDINATE_ROUNDED",
          "TAXON_ID_NOT_FOUND",
          "SCIENTIFIC_NAME_ID_NOT_FOUND"
        ],
        "fallback_media": {
          "url": "https://api.jacq.org/v1/images/europeana/1638715?withredirect=1",
          "references": "https://api.jacq.org/v1/images/show/1638715?withredirect=1",
          "title": null,
          "creator": null,
          "publisher": null,
          "license": "http://creativecommons.org/publicdomain/zero/1.0/",
          "rightsHolder": null
        }
      }
    },
    {
      "type": "Feature",
      "geometry": {
        "type": "Point",
        "coordinates": [
          -96.222222,
          15.70025
        ]
      },
      "properties": {
        "gbifID": "1894614903",
        "species": "Passiflora coriacea",
        "genus": "Passiflora",
        "family": "Passifloraceae",
        "scientificName": "Passiflora coriacea Juss.",
        "coordinateUncertaintyInMeters": "100.0",
        "basisOfRecord": "PRESERVED_SPECIMEN",
        "eventDate": "2005-12-14",
        "country": null,
        "datasetName": "Composición florística del Parque Nacional Huatulco",
        "publisher": "Comisión nacional para el conocimiento y uso de la biodiversidad",
        "license": "CC_BY_4_0",
        "issues": [
          "OCCURRENCE_STATUS_INFERRED_FROM_INDIVIDUAL_COUNT",
          "COORDINATE_ROUNDED",
          "TAXON_ID_NOT_FOUND",
          "SCIENTIFIC_NAME_ID_NOT_FOUND"
        ],
        "fallback_media": {
          "url": "https://api.jacq.org/v1/images/europeana/1638715?withredirect=1",
          "references": "https://api.jacq.org/v1/images/show/1638715?withredirect=1",
          "title": null,
          "creator": null,
          "publisher": null,
          "license": "http://creativecommons.org/publicdomain/zero/1.0/",
          "rightsHolder": null
        }
      }
    },
    {
      "type": "Feature",
      "geometry": {
        "type": "Point",
        "coordinates": [
          -96.190361,
          15.782806
        ]
      },
      "properties": {
        "gbifID": "1894614914",
        "species": "Passiflora coriacea",
        "genus": "Passiflora",
        "family": "Passifloraceae",
        "scientificName": "Passiflora coriacea Juss.",
        "coordinateUncertaintyInMeters": "100.0",
        "basisOfRecord": "PRESERVED_SPECIMEN",
        "eventDate": "2005-07-24",
        "country": null,
        "datasetName": "Composición florística del Parque Nacional Huatulco",
        "publisher": "Comisión nacional para el conocimiento y uso de la biodiversidad",
        "license": "CC_BY_4_0",
        "issues": [
          "OCCURRENCE_STATUS_INFERRED_FROM_INDIVIDUAL_COUNT",
          "COORDINATE_ROUNDED",
          "TAXON_ID_NOT_FOUND",
          "SCIENTIFIC_NAME_ID_NOT_FOUND"
        ],
        "fallback_media": {
          "url": "https://api.jacq.org/v1/images/europeana/1638715?withredirect=1",
          "references": "https://api.jacq.org/v1/images/show/1638715?withredirect=1",
          "title": null,
          "creator": null,
          "publisher": null,
          "license": "http://creativecommons.org/publicdomain/zero/1.0/",
          "rightsHolder": null
        }
      }
    },
    {
      "type": "Feature",
      "geometry": {
        "type": "Point",
        "coordinates": [
          -96.21725,
          15.748278
        ]
      },
      "properties": {
        "gbifID": "1894614924",
        "species": "Passiflora coriacea",
        "genus": "Passiflora",
        "family": "Passifloraceae",
        "scientificName": "Passiflora coriacea Juss.",
        "coordinateUncertaintyInMeters": "100.0",
        "basisOfRecord": "PRESERVED_SPECIMEN",
        "eventDate": "2005-02-15",
        "country": null,
        "datasetName": "Composición florística del Parque Nacional Huatulco",
        "publisher": "Comisión nacional para el conocimiento y uso de la biodiversidad",
        "license": "CC_BY_4_0",
        "issues": [
          "OCCURRENCE_STATUS_INFERRED_FROM_INDIVIDUAL_COUNT",
          "COORDINATE_ROUNDED",
          "TAXON_ID_NOT_FOUND",
          "SCIENTIFIC_NAME_ID_NOT_FOUND"
        ],
        "fallback_media": {
          "url": "https://api.jacq.org/v1/images/europeana/1638715?withredirect=1",
          "references": "https://api.jacq.org/v1/images/show/1638715?withredirect=1",
          "title": null,
          "creator": null,
          "publisher": null,
          "license": "http://creativecommons.org/publicdomain/zero/1.0/",
          "rightsHolder": null
        }
      }
    },
    {
      "type": "Feature",
      "geometry": {
        "type": "Point",
        "coordinates": [
          -96.168528,
          15.719806
        ]
      },
      "properties": {
        "gbifID": "1894614932",
        "species": "Passiflora coriacea",
        "genus": "Passiflora",
        "family": "Passifloraceae",
        "scientificName": "Passiflora coriacea Juss.",
        "coordinateUncertaintyInMeters": "100.0",
        "basisOfRecord": "PRESERVED_SPECIMEN",
        "eventDate": "2004-12-03",
        "country": null,
        "datasetName": "Composición florística del Parque Nacional Huatulco",
        "publisher": "Comisión nacional para el conocimiento y uso de la biodiversidad",
        "license": "CC_BY_4_0",
        "issues": [
          "OCCURRENCE_STATUS_INFERRED_FROM_INDIVIDUAL_COUNT",
          "RECORDED_DATE_INVALID",
          "COORDINATE_ROUNDED",
          "TAXON_ID_NOT_FOUND",
          "SCIENTIFIC_NAME_ID_NOT_FOUND"
        ],
        "fallback_media": {
          "url": "https://api.jacq.org/v1/images/europeana/1638715?withredirect=1",
          "references": "https://api.jacq.org/v1/images/show/1638715?withredirect=1",
          "title": null,
          "creator": null,
          "publisher": null,
          "license": "http://creativecommons.org/publicdomain/zero/1.0/",
          "rightsHolder": null
        }
      }
    },
    {
      "type": "Feature",
      "geometry": {
        "type": "Point",
        "coordinates": [
          -96.184806,
          15.761111
        ]
      },
      "properties": {
        "gbifID": "1894614906",
        "species": "Passiflora coriacea",
        "genus": "Passiflora",
        "family": "Passifloraceae",
        "scientificName": "Passiflora coriacea Juss.",
        "coordinateUncertaintyInMeters": "100.0",
        "basisOfRecord": "PRESERVED_SPECIMEN",
        "eventDate": "2004-11-30",
        "country": null,
        "datasetName": "Composición florística del Parque Nacional Huatulco",
        "publisher": "Comisión nacional para el conocimiento y uso de la biodiversidad",
        "license": "CC_BY_4_0",
        "issues": [
          "OCCURRENCE_STATUS_INFERRED_FROM_INDIVIDUAL_COUNT",
          "COORDINATE_ROUNDED",
          "TAXON_ID_NOT_FOUND",
          "SCIENTIFIC_NAME_ID_NOT_FOUND"
        ],
        "fallback_media": {
          "url": "https://api.jacq.org/v1/images/europeana/1638715?withredirect=1",
          "references": "https://api.jacq.org/v1/images/show/1638715?withredirect=1",
          "title": null,
          "creator": null,
          "publisher": null,
          "license": "http://creativecommons.org/publicdomain/zero/1.0/",
          "rightsHolder": null
        }
      }
    },
    {
      "type": "Feature",
      "geometry": {
        "type": "Point",
        "coordinates": [
          -96.224389,
          15.7395
        ]
      },
      "properties": {
        "gbifID": "1894614910",
        "species": "Passiflora coriacea",
        "genus": "Passiflora",
        "family": "Passifloraceae",
        "scientificName": "Passiflora coriacea Juss.",
        "coordinateUncertaintyInMeters": "100.0",
        "basisOfRecord": "PRESERVED_SPECIMEN",
        "eventDate": "2005-11-27",
        "country": null,
        "datasetName": "Composición florística del Parque Nacional Huatulco",
        "publisher": "Comisión nacional para el conocimiento y uso de la biodiversidad",
        "license": "CC_BY_4_0",
        "issues": [
          "OCCURRENCE_STATUS_INFERRED_FROM_INDIVIDUAL_COUNT",
          "COORDINATE_ROUNDED",
          "TAXON_ID_NOT_FOUND",
          "SCIENTIFIC_NAME_ID_NOT_FOUND"
        ],
        "fallback_media": {
          "url": "https://api.jacq.org/v1/images/europeana/1638715?withredirect=1",
          "references": "https://api.jacq.org/v1/images/show/1638715?withredirect=1",
          "title": null,
          "creator": null,
          "publisher": null,
          "license": "http://creativecommons.org/publicdomain/zero/1.0/",
          "rightsHolder": null
        }
      }
    },
    {
      "type": "Feature",
      "geometry": {
        "type": "Point",
        "coordinates": [
          -92.393333,
          18.066667
        ]
      },
      "properties": {
        "gbifID": "1894875268",
        "species": "Passiflora coriacea",
        "genus": "Passiflora",
        "family": "Passifloraceae",
        "scientificName": "Passiflora coriacea Juss.",
        "coordinateUncertaintyInMeters": "90.0",
        "basisOfRecord": "PRESERVED_SPECIMEN",
        "eventDate": "1984-09-02",
        "country": null,
        "datasetName": "Flora de la reserva de la biósfera de los Pantanos de Centla, en el estado de Tabasco, México",
        "publisher": "Comisión nacional para el conocimiento y uso de la biodiversidad",
        "license": "CC_BY_4_0",
        "issues": [
          "RECORDED_DATE_INVALID",
          "COORDINATE_ROUNDED",
          "SCIENTIFIC_NAME_ID_NOT_FOUND",
          "TAXON_ID_NOT_FOUND"
        ],
        "fallback_media": {
          "url": "https://api.jacq.org/v1/images/europeana/1638715?withredirect=1",
          "references": "https://api.jacq.org/v1/images/show/1638715?withredirect=1",
          "title": null,
          "creator": null,
          "publisher": null,
          "license": "http://creativecommons.org/publicdomain/zero/1.0/",
          "rightsHolder": null
        }
      }
    },
    {
      "type": "Feature",
      "geometry": {
        "type": "Point",
        "coordinates": [
          -92.256117,
          17.72778
        ]
      },
      "properties": {
        "gbifID": "1894875275",
        "species": "Passiflora coriacea",
        "genus": "Passiflora",
        "family": "Passifloraceae",
        "scientificName": "Passiflora coriacea Juss.",
        "coordinateUncertaintyInMeters": "",
        "basisOfRecord": "PRESERVED_SPECIMEN",
        "eventDate": "1998-09-16",
        "country": null,
        "datasetName": "Flora de la reserva de la biósfera de los Pantanos de Centla, en el estado de Tabasco, México",
        "publisher": "Comisión nacional para el conocimiento y uso de la biodiversidad",
        "license": "CC_BY_4_0",
        "issues": [
          "OCCURRENCE_STATUS_INFERRED_FROM_INDIVIDUAL_COUNT",
          "COORDINATE_ROUNDED",
          "SCIENTIFIC_NAME_ID_NOT_FOUND",
          "TAXON_ID_NOT_FOUND"
        ],
        "fallback_media": {
          "url": "https://api.jacq.org/v1/images/europeana/1638715?withredirect=1",
          "references": "https://api.jacq.org/v1/images/show/1638715?withredirect=1",
          "title": null,
          "creator": null,
          "publisher": null,
          "license": "http://creativecommons.org/publicdomain/zero/1.0/",
          "rightsHolder": null
        }
      }
    },
    {
      "type": "Feature",
      "geometry": {
        "type": "Point",
        "coordinates": [
          -92.579173,
          18.549169
        ]
      },
      "properties": {
        "gbifID": "1894875282",
        "species": "Passiflora coriacea",
        "genus": "Passiflora",
        "family": "Passifloraceae",
        "scientificName": "Passiflora coriacea Juss.",
        "coordinateUncertaintyInMeters": "",
        "basisOfRecord": "PRESERVED_SPECIMEN",
        "eventDate": "1998-07-30",
        "country": null,
        "datasetName": "Flora de la reserva de la biósfera de los Pantanos de Centla, en el estado de Tabasco, México",
        "publisher": "Comisión nacional para el conocimiento y uso de la biodiversidad",
        "license": "CC_BY_4_0",
        "issues": [
          "OCCURRENCE_STATUS_INFERRED_FROM_INDIVIDUAL_COUNT",
          "COORDINATE_ROUNDED",
          "SCIENTIFIC_NAME_ID_NOT_FOUND",
          "TAXON_ID_NOT_FOUND"
        ],
        "fallback_media": {
          "url": "https://api.jacq.org/v1/images/europeana/1638715?withredirect=1",
          "references": "https://api.jacq.org/v1/images/show/1638715?withredirect=1",
          "title": null,
          "creator": null,
          "publisher": null,
          "license": "http://creativecommons.org/publicdomain/zero/1.0/",
          "rightsHolder": null
        }
      }
    },
    {
      "type": "Feature",
      "geometry": {
        "type": "Point",
        "coordinates": [
          -91.141667,
          16.758333
        ]
      },
      "properties": {
        "gbifID": "3306430089",
        "species": "Passiflora coriacea",
        "genus": "Passiflora",
        "family": "Passifloraceae",
        "scientificName": "Passiflora coriacea Juss.",
        "coordinateUncertaintyInMeters": "",
        "basisOfRecord": "PRESERVED_SPECIMEN",
        "eventDate": "1994-10-02",
        "country": null,
        "datasetName": "Fortalecimiento de las colecciones de ECOSUR. Primera fase",
        "publisher": "Comisión nacional para el conocimiento y uso de la biodiversidad",
        "license": "CC_BY_4_0",
        "issues": [
          "OCCURRENCE_STATUS_INFERRED_FROM_INDIVIDUAL_COUNT",
          "RECORDED_DATE_INVALID",
          "COORDINATE_ROUNDED",
          "TAXON_ID_NOT_FOUND",
          "SCIENTIFIC_NAME_ID_NOT_FOUND"
        ],
        "fallback_media": {
          "url": "https://api.jacq.org/v1/images/europeana/1638715?withredirect=1",
          "references": "https://api.jacq.org/v1/images/show/1638715?withredirect=1",
          "title": null,
          "creator": null,
          "publisher": null,
          "license": "http://creativecommons.org/publicdomain/zero/1.0/",
          "rightsHolder": null
        }
      }
    },
    {
      "type": "Feature",
      "geometry": {
        "type": "Point",
        "coordinates": [
          -95.93611,
          15.88139
        ]
      },
      "properties": {
        "gbifID": "3307980641",
        "species": "Passiflora coriacea",
        "genus": "Passiflora",
        "family": "Passifloraceae",
        "scientificName": "Passiflora coriacea Juss.",
        "coordinateUncertaintyInMeters": "100.0",
        "basisOfRecord": "PRESERVED_SPECIMEN",
        "eventDate": "1999-11-04",
        "country": null,
        "datasetName": "Digitalización y Sistematización de las Colecciones Biológicas Nacionales del Instituto de Biología, UNAM",
        "publisher": "Comisión nacional para el conocimiento y uso de la biodiversidad",
        "license": "CC_BY_4_0",
        "issues": [
          "OCCURRENCE_STATUS_INFERRED_FROM_INDIVIDUAL_COUNT",
          "RECORDED_DATE_INVALID",
          "SCIENTIFIC_NAME_ID_NOT_FOUND",
          "TAXON_ID_NOT_FOUND"
        ],
        "fallback_media": {
          "url": "https://api.jacq.org/v1/images/europeana/1638715?withredirect=1",
          "references": "https://api.jacq.org/v1/images/show/1638715?withredirect=1",
          "title": null,
          "creator": null,
          "publisher": null,
          "license": "http://creativecommons.org/publicdomain/zero/1.0/",
          "rightsHolder": null
        }
      }
    },
    {
      "type": "Feature",
      "geometry": {
        "type": "Point",
        "coordinates": [
          -91.133,
          16.75
        ]
      },
      "properties": {
        "gbifID": "3308435226",
        "species": "Passiflora coriacea",
        "genus": "Passiflora",
        "family": "Passifloraceae",
        "scientificName": "Passiflora coriacea Juss.",
        "coordinateUncertaintyInMeters": "90.0",
        "basisOfRecord": "PRESERVED_SPECIMEN",
        "eventDate": "1994-10-02",
        "country": null,
        "datasetName": "Digitalización y Sistematización de las Colecciones Biológicas Nacionales del Instituto de Biología, UNAM",
        "publisher": "Comisión nacional para el conocimiento y uso de la biodiversidad",
        "license": "CC_BY_4_0",
        "issues": [
          "OCCURRENCE_STATUS_INFERRED_FROM_INDIVIDUAL_COUNT",
          "RECORDED_DATE_INVALID",
          "TAXON_ID_NOT_FOUND",
          "SCIENTIFIC_NAME_ID_NOT_FOUND"
        ],
        "fallback_media": {
          "url": "https://api.jacq.org/v1/images/europeana/1638715?withredirect=1",
          "references": "https://api.jacq.org/v1/images/show/1638715?withredirect=1",
          "title": null,
          "creator": null,
          "publisher": null,
          "license": "http://creativecommons.org/publicdomain/zero/1.0/",
          "rightsHolder": null
        }
      }
    },
    {
      "type": "Feature",
      "geometry": {
        "type": "Point",
        "coordinates": [
          -97.703889,
          20.451944
        ]
      },
      "properties": {
        "gbifID": "3308166473",
        "species": "Passiflora coriacea",
        "genus": "Passiflora",
        "family": "Passifloraceae",
        "scientificName": "Passiflora coriacea Juss.",
        "coordinateUncertaintyInMeters": "80.0",
        "basisOfRecord": "PRESERVED_SPECIMEN",
        "eventDate": "1950-11",
        "country": null,
        "datasetName": "Digitalización y Sistematización de las Colecciones Biológicas Nacionales del Instituto de Biología, UNAM",
        "publisher": "Comisión nacional para el conocimiento y uso de la biodiversidad",
        "license": "CC_BY_4_0",
        "issues": [
          "OCCURRENCE_STATUS_INFERRED_FROM_INDIVIDUAL_COUNT",
          "RECORDED_DATE_INVALID",
          "COORDINATE_ROUNDED",
          "TAXON_ID_NOT_FOUND",
          "SCIENTIFIC_NAME_ID_NOT_FOUND"
        ],
        "fallback_media": {
          "url": "https://api.jacq.org/v1/images/europeana/1638715?withredirect=1",
          "references": "https://api.jacq.org/v1/images/show/1638715?withredirect=1",
          "title": null,
          "creator": null,
          "publisher": null,
          "license": "http://creativecommons.org/publicdomain/zero/1.0/",
          "rightsHolder": null
        }
      }
    },
    {
      "type": "Feature",
      "geometry": {
        "type": "Point",
        "coordinates": [
          -97.291667,
          19.95
        ]
      },
      "properties": {
        "gbifID": "3307879830",
        "species": "Passiflora coriacea",
        "genus": "Passiflora",
        "family": "Passifloraceae",
        "scientificName": "Passiflora coriacea Juss.",
        "coordinateUncertaintyInMeters": "80.0",
        "basisOfRecord": "PRESERVED_SPECIMEN",
        "eventDate": "1982-08-23",
        "country": null,
        "datasetName": "Digitalización y Sistematización de las Colecciones Biológicas Nacionales del Instituto de Biología, UNAM",
        "publisher": "Comisión nacional para el conocimiento y uso de la biodiversidad",
        "license": "CC_BY_4_0",
        "issues": [
          "OCCURRENCE_STATUS_INFERRED_FROM_INDIVIDUAL_COUNT",
          "COORDINATE_ROUNDED",
          "TAXON_ID_NOT_FOUND",
          "SCIENTIFIC_NAME_ID_NOT_FOUND"
        ],
        "fallback_media": {
          "url": "https://api.jacq.org/v1/images/europeana/1638715?withredirect=1",
          "references": "https://api.jacq.org/v1/images/show/1638715?withredirect=1",
          "title": null,
          "creator": null,
          "publisher": null,
          "license": "http://creativecommons.org/publicdomain/zero/1.0/",
          "rightsHolder": null
        }
      }
    },
    {
      "type": "Feature",
      "geometry": {
        "type": "Point",
        "coordinates": [
          -91.095245,
          19.044472
        ]
      },
      "properties": {
        "gbifID": "3308442786",
        "species": "Passiflora coriacea",
        "genus": "Passiflora",
        "family": "Passifloraceae",
        "scientificName": "Passiflora coriacea Juss.",
        "coordinateUncertaintyInMeters": "",
        "basisOfRecord": "PRESERVED_SPECIMEN",
        "eventDate": "1987-05-03",
        "country": null,
        "datasetName": "Digitalización y Sistematización de las Colecciones Biológicas Nacionales del Instituto de Biología, UNAM",
        "publisher": "Comisión nacional para el conocimiento y uso de la biodiversidad",
        "license": "CC_BY_4_0",
        "issues": [
          "OCCURRENCE_STATUS_INFERRED_FROM_INDIVIDUAL_COUNT",
          "RECORDED_DATE_INVALID",
          "COORDINATE_ROUNDED",
          "SCIENTIFIC_NAME_ID_NOT_FOUND",
          "TAXON_ID_NOT_FOUND"
        ],
        "fallback_media": {
          "url": "https://api.jacq.org/v1/images/europeana/1638715?withredirect=1",
          "references": "https://api.jacq.org/v1/images/show/1638715?withredirect=1",
          "title": null,
          "creator": null,
          "publisher": null,
          "license": "http://creativecommons.org/publicdomain/zero/1.0/",
          "rightsHolder": null
        }
      }
    },
    {
      "type": "Feature",
      "geometry": {
        "type": "Point",
        "coordinates": [
          -90.87519,
          16.82189
        ]
      },
      "properties": {
        "gbifID": "3308208040",
        "species": "Passiflora coriacea",
        "genus": "Passiflora",
        "family": "Passifloraceae",
        "scientificName": "Passiflora coriacea Juss.",
        "coordinateUncertaintyInMeters": "90.0",
        "basisOfRecord": "PRESERVED_SPECIMEN",
        "eventDate": "2004-06-30",
        "country": null,
        "datasetName": "Digitalización y Sistematización de las Colecciones Biológicas Nacionales del Instituto de Biología, UNAM",
        "publisher": "Comisión nacional para el conocimiento y uso de la biodiversidad",
        "license": "CC_BY_4_0",
        "issues": [
          "OCCURRENCE_STATUS_INFERRED_FROM_INDIVIDUAL_COUNT",
          "TAXON_ID_NOT_FOUND",
          "SCIENTIFIC_NAME_ID_NOT_FOUND"
        ],
        "fallback_media": {
          "url": "https://api.jacq.org/v1/images/europeana/1638715?withredirect=1",
          "references": "https://api.jacq.org/v1/images/show/1638715?withredirect=1",
          "title": null,
          "creator": null,
          "publisher": null,
          "license": "http://creativecommons.org/publicdomain/zero/1.0/",
          "rightsHolder": null
        }
      }
    },
    {
      "type": "Feature",
      "geometry": {
        "type": "Point",
        "coordinates": [
          -96.18481,
          15.76111
        ]
      },
      "properties": {
        "gbifID": "3308039146",
        "species": "Passiflora coriacea",
        "genus": "Passiflora",
        "family": "Passifloraceae",
        "scientificName": "Passiflora coriacea Juss.",
        "coordinateUncertaintyInMeters": "100.0",
        "basisOfRecord": "PRESERVED_SPECIMEN",
        "eventDate": "2004-11-30",
        "country": null,
        "datasetName": "Digitalización y Sistematización de las Colecciones Biológicas Nacionales del Instituto de Biología, UNAM",
        "publisher": "Comisión nacional para el conocimiento y uso de la biodiversidad",
        "license": "CC_BY_4_0",
        "issues": [
          "OCCURRENCE_STATUS_INFERRED_FROM_INDIVIDUAL_COUNT",
          "SCIENTIFIC_NAME_ID_NOT_FOUND",
          "TAXON_ID_NOT_FOUND"
        ],
        "fallback_media": {
          "url": "https://api.jacq.org/v1/images/europeana/1638715?withredirect=1",
          "references": "https://api.jacq.org/v1/images/show/1638715?withredirect=1",
          "title": null,
          "creator": null,
          "publisher": null,
          "license": "http://creativecommons.org/publicdomain/zero/1.0/",
          "rightsHolder": null
        }
      }
    },
    {
      "type": "Feature",
      "geometry": {
        "type": "Point",
        "coordinates": [
          -96.01833,
          15.875
        ]
      },
      "properties": {
        "gbifID": "3308617045",
        "species": "Passiflora coriacea",
        "genus": "Passiflora",
        "family": "Passifloraceae",
        "scientificName": "Passiflora coriacea Juss.",
        "coordinateUncertaintyInMeters": "100.0",
        "basisOfRecord": "PRESERVED_SPECIMEN",
        "eventDate": "1999-03-28",
        "country": null,
        "datasetName": "Digitalización y Sistematización de las Colecciones Biológicas Nacionales del Instituto de Biología, UNAM",
        "publisher": "Comisión nacional para el conocimiento y uso de la biodiversidad",
        "license": "CC_BY_4_0",
        "issues": [
          "OCCURRENCE_STATUS_INFERRED_FROM_INDIVIDUAL_COUNT",
          "SCIENTIFIC_NAME_ID_NOT_FOUND",
          "TAXON_ID_NOT_FOUND"
        ],
        "fallback_media": {
          "url": "https://api.jacq.org/v1/images/europeana/1638715?withredirect=1",
          "references": "https://api.jacq.org/v1/images/show/1638715?withredirect=1",
          "title": null,
          "creator": null,
          "publisher": null,
          "license": "http://creativecommons.org/publicdomain/zero/1.0/",
          "rightsHolder": null
        }
      }
    },
    {
      "type": "Feature",
      "geometry": {
        "type": "Point",
        "coordinates": [
          -88.06528,
          19.86889
        ]
      },
      "properties": {
        "gbifID": "3308652560",
        "species": "Passiflora coriacea",
        "genus": "Passiflora",
        "family": "Passifloraceae",
        "scientificName": "Passiflora coriacea Juss.",
        "coordinateUncertaintyInMeters": "80.0",
        "basisOfRecord": "PRESERVED_SPECIMEN",
        "eventDate": "2002-05",
        "country": null,
        "datasetName": "Digitalización y Sistematización de las Colecciones Biológicas Nacionales del Instituto de Biología, UNAM",
        "publisher": "Comisión nacional para el conocimiento y uso de la biodiversidad",
        "license": "CC_BY_4_0",
        "issues": [
          "OCCURRENCE_STATUS_INFERRED_FROM_INDIVIDUAL_COUNT",
          "RECORDED_DATE_INVALID",
          "TAXON_ID_NOT_FOUND",
          "SCIENTIFIC_NAME_ID_NOT_FOUND"
        ],
        "fallback_media": {
          "url": "https://api.jacq.org/v1/images/europeana/1638715?withredirect=1",
          "references": "https://api.jacq.org/v1/images/show/1638715?withredirect=1",
          "title": null,
          "creator": null,
          "publisher": null,
          "license": "http://creativecommons.org/publicdomain/zero/1.0/",
          "rightsHolder": null
        }
      }
    },
    {
      "type": "Feature",
      "geometry": {
        "type": "Point",
        "coordinates": [
          -96.02472,
          15.90722
        ]
      },
      "properties": {
        "gbifID": "3308544383",
        "species": "Passiflora coriacea",
        "genus": "Passiflora",
        "family": "Passifloraceae",
        "scientificName": "Passiflora coriacea Juss.",
        "coordinateUncertaintyInMeters": "100.0",
        "basisOfRecord": "PRESERVED_SPECIMEN",
        "eventDate": "1999-11-18",
        "country": null,
        "datasetName": "Digitalización y Sistematización de las Colecciones Biológicas Nacionales del Instituto de Biología, UNAM",
        "publisher": "Comisión nacional para el conocimiento y uso de la biodiversidad",
        "license": "CC_BY_4_0",
        "issues": [
          "OCCURRENCE_STATUS_INFERRED_FROM_INDIVIDUAL_COUNT",
          "TAXON_ID_NOT_FOUND",
          "SCIENTIFIC_NAME_ID_NOT_FOUND"
        ],
        "fallback_media": {
          "url": "https://api.jacq.org/v1/images/europeana/1638715?withredirect=1",
          "references": "https://api.jacq.org/v1/images/show/1638715?withredirect=1",
          "title": null,
          "creator": null,
          "publisher": null,
          "license": "http://creativecommons.org/publicdomain/zero/1.0/",
          "rightsHolder": null
        }
      }
    },
    {
      "type": "Feature",
      "geometry": {
        "type": "Point",
        "coordinates": [
          -92.85347,
          17.621
        ]
      },
      "properties": {
        "gbifID": "3308559899",
        "species": "Passiflora coriacea",
        "genus": "Passiflora",
        "family": "Passifloraceae",
        "scientificName": "Passiflora coriacea Juss.",
        "coordinateUncertaintyInMeters": "90.0",
        "basisOfRecord": "PRESERVED_SPECIMEN",
        "eventDate": "1999-05-28",
        "country": null,
        "datasetName": "Digitalización y Sistematización de las Colecciones Biológicas Nacionales del Instituto de Biología, UNAM",
        "publisher": "Comisión nacional para el conocimiento y uso de la biodiversidad",
        "license": "CC_BY_4_0",
        "issues": [
          "OCCURRENCE_STATUS_INFERRED_FROM_INDIVIDUAL_COUNT",
          "SCIENTIFIC_NAME_ID_NOT_FOUND",
          "TAXON_ID_NOT_FOUND"
        ],
        "fallback_media": {
          "url": "https://api.jacq.org/v1/images/europeana/1638715?withredirect=1",
          "references": "https://api.jacq.org/v1/images/show/1638715?withredirect=1",
          "title": null,
          "creator": null,
          "publisher": null,
          "license": "http://creativecommons.org/publicdomain/zero/1.0/",
          "rightsHolder": null
        }
      }
    },
    {
      "type": "Feature",
      "geometry": {
        "type": "Point",
        "coordinates": [
          -96.21725,
          15.71981
        ]
      },
      "properties": {
        "gbifID": "3308089397",
        "species": "Passiflora coriacea",
        "genus": "Passiflora",
        "family": "Passifloraceae",
        "scientificName": "Passiflora coriacea Juss.",
        "coordinateUncertaintyInMeters": "100.0",
        "basisOfRecord": "PRESERVED_SPECIMEN",
        "eventDate": "2005-02-15",
        "country": null,
        "datasetName": "Digitalización y Sistematización de las Colecciones Biológicas Nacionales del Instituto de Biología, UNAM",
        "publisher": "Comisión nacional para el conocimiento y uso de la biodiversidad",
        "license": "CC_BY_4_0",
        "issues": [
          "OCCURRENCE_STATUS_INFERRED_FROM_INDIVIDUAL_COUNT",
          "TAXON_ID_NOT_FOUND",
          "SCIENTIFIC_NAME_ID_NOT_FOUND"
        ],
        "fallback_media": {
          "url": "https://api.jacq.org/v1/images/europeana/1638715?withredirect=1",
          "references": "https://api.jacq.org/v1/images/show/1638715?withredirect=1",
          "title": null,
          "creator": null,
          "publisher": null,
          "license": "http://creativecommons.org/publicdomain/zero/1.0/",
          "rightsHolder": null
        }
      }
    },
    {
      "type": "Feature",
      "geometry": {
        "type": "Point",
        "coordinates": [
          -97.06667,
          15.85
        ]
      },
      "properties": {
        "gbifID": "3307866667",
        "species": "Passiflora coriacea",
        "genus": "Passiflora",
        "family": "Passifloraceae",
        "scientificName": "Passiflora coriacea Juss.",
        "coordinateUncertaintyInMeters": "100.0",
        "basisOfRecord": "PRESERVED_SPECIMEN",
        "eventDate": "1988-01-19",
        "country": null,
        "datasetName": "Digitalización y Sistematización de las Colecciones Biológicas Nacionales del Instituto de Biología, UNAM",
        "publisher": "Comisión nacional para el conocimiento y uso de la biodiversidad",
        "license": "CC_BY_4_0",
        "issues": [
          "OCCURRENCE_STATUS_INFERRED_FROM_INDIVIDUAL_COUNT",
          "SCIENTIFIC_NAME_ID_NOT_FOUND",
          "TAXON_ID_NOT_FOUND"
        ],
        "fallback_media": {
          "url": "https://api.jacq.org/v1/images/europeana/1638715?withredirect=1",
          "references": "https://api.jacq.org/v1/images/show/1638715?withredirect=1",
          "title": null,
          "creator": null,
          "publisher": null,
          "license": "http://creativecommons.org/publicdomain/zero/1.0/",
          "rightsHolder": null
        }
      }
    },
    {
      "type": "Feature",
      "geometry": {
        "type": "Point",
        "coordinates": [
          -96.0125,
          15.93778
        ]
      },
      "properties": {
        "gbifID": "3307958009",
        "species": "Passiflora coriacea",
        "genus": "Passiflora",
        "family": "Passifloraceae",
        "scientificName": "Passiflora coriacea Juss.",
        "coordinateUncertaintyInMeters": "100.0",
        "basisOfRecord": "PRESERVED_SPECIMEN",
        "eventDate": "1998-03-28",
        "country": null,
        "datasetName": "Digitalización y Sistematización de las Colecciones Biológicas Nacionales del Instituto de Biología, UNAM",
        "publisher": "Comisión nacional para el conocimiento y uso de la biodiversidad",
        "license": "CC_BY_4_0",
        "issues": [
          "OCCURRENCE_STATUS_INFERRED_FROM_INDIVIDUAL_COUNT",
          "TAXON_ID_NOT_FOUND",
          "SCIENTIFIC_NAME_ID_NOT_FOUND"
        ],
        "fallback_media": {
          "url": "https://api.jacq.org/v1/images/europeana/1638715?withredirect=1",
          "references": "https://api.jacq.org/v1/images/show/1638715?withredirect=1",
          "title": null,
          "creator": null,
          "publisher": null,
          "license": "http://creativecommons.org/publicdomain/zero/1.0/",
          "rightsHolder": null
        }
      }
    },
    {
      "type": "Feature",
      "geometry": {
        "type": "Point",
        "coordinates": [
          -95.92944,
          15.88861
        ]
      },
      "properties": {
        "gbifID": "3308606906",
        "species": "Passiflora coriacea",
        "genus": "Passiflora",
        "family": "Passifloraceae",
        "scientificName": "Passiflora coriacea Juss.",
        "coordinateUncertaintyInMeters": "100.0",
        "basisOfRecord": "PRESERVED_SPECIMEN",
        "eventDate": "1999-01-04",
        "country": null,
        "datasetName": "Digitalización y Sistematización de las Colecciones Biológicas Nacionales del Instituto de Biología, UNAM",
        "publisher": "Comisión nacional para el conocimiento y uso de la biodiversidad",
        "license": "CC_BY_4_0",
        "issues": [
          "OCCURRENCE_STATUS_INFERRED_FROM_INDIVIDUAL_COUNT",
          "RECORDED_DATE_INVALID",
          "SCIENTIFIC_NAME_ID_NOT_FOUND",
          "TAXON_ID_NOT_FOUND"
        ],
        "fallback_media": {
          "url": "https://api.jacq.org/v1/images/europeana/1638715?withredirect=1",
          "references": "https://api.jacq.org/v1/images/show/1638715?withredirect=1",
          "title": null,
          "creator": null,
          "publisher": null,
          "license": "http://creativecommons.org/publicdomain/zero/1.0/",
          "rightsHolder": null
        }
      }
    },
    {
      "type": "Feature",
      "geometry": {
        "type": "Point",
        "coordinates": [
          -95.87472,
          15.88889
        ]
      },
      "properties": {
        "gbifID": "3308609023",
        "species": "Passiflora coriacea",
        "genus": "Passiflora",
        "family": "Passifloraceae",
        "scientificName": "Passiflora coriacea Juss.",
        "coordinateUncertaintyInMeters": "100.0",
        "basisOfRecord": "PRESERVED_SPECIMEN",
        "eventDate": "1999-02-24",
        "country": null,
        "datasetName": "Digitalización y Sistematización de las Colecciones Biológicas Nacionales del Instituto de Biología, UNAM",
        "publisher": "Comisión nacional para el conocimiento y uso de la biodiversidad",
        "license": "CC_BY_4_0",
        "issues": [
          "OCCURRENCE_STATUS_INFERRED_FROM_INDIVIDUAL_COUNT",
          "TAXON_ID_NOT_FOUND",
          "SCIENTIFIC_NAME_ID_NOT_FOUND"
        ],
        "fallback_media": {
          "url": "https://api.jacq.org/v1/images/europeana/1638715?withredirect=1",
          "references": "https://api.jacq.org/v1/images/show/1638715?withredirect=1",
          "title": null,
          "creator": null,
          "publisher": null,
          "license": "http://creativecommons.org/publicdomain/zero/1.0/",
          "rightsHolder": null
        }
      }
    },
    {
      "type": "Feature",
      "geometry": {
        "type": "Point",
        "coordinates": [
          -96.00944,
          15.81972
        ]
      },
      "properties": {
        "gbifID": "3307971260",
        "species": "Passiflora coriacea",
        "genus": "Passiflora",
        "family": "Passifloraceae",
        "scientificName": "Passiflora coriacea Juss.",
        "coordinateUncertaintyInMeters": "100.0",
        "basisOfRecord": "PRESERVED_SPECIMEN",
        "eventDate": "1999-11-23",
        "country": null,
        "datasetName": "Digitalización y Sistematización de las Colecciones Biológicas Nacionales del Instituto de Biología, UNAM",
        "publisher": "Comisión nacional para el conocimiento y uso de la biodiversidad",
        "license": "CC_BY_4_0",
        "issues": [
          "OCCURRENCE_STATUS_INFERRED_FROM_INDIVIDUAL_COUNT",
          "SCIENTIFIC_NAME_ID_NOT_FOUND",
          "TAXON_ID_NOT_FOUND"
        ],
        "fallback_media": {
          "url": "https://api.jacq.org/v1/images/europeana/1638715?withredirect=1",
          "references": "https://api.jacq.org/v1/images/show/1638715?withredirect=1",
          "title": null,
          "creator": null,
          "publisher": null,
          "license": "http://creativecommons.org/publicdomain/zero/1.0/",
          "rightsHolder": null
        }
      }
    },
    {
      "type": "Feature",
      "geometry": {
        "type": "Point",
        "coordinates": [
          -88.03194,
          19.87917
        ]
      },
      "properties": {
        "gbifID": "3308053941",
        "species": "Passiflora coriacea",
        "genus": "Passiflora",
        "family": "Passifloraceae",
        "scientificName": "Passiflora coriacea Juss.",
        "coordinateUncertaintyInMeters": "80.0",
        "basisOfRecord": "PRESERVED_SPECIMEN",
        "eventDate": "2002-05",
        "country": null,
        "datasetName": "Digitalización y Sistematización de las Colecciones Biológicas Nacionales del Instituto de Biología, UNAM",
        "publisher": "Comisión nacional para el conocimiento y uso de la biodiversidad",
        "license": "CC_BY_4_0",
        "issues": [
          "OCCURRENCE_STATUS_INFERRED_FROM_INDIVIDUAL_COUNT",
          "RECORDED_DATE_INVALID",
          "TAXON_ID_NOT_FOUND",
          "SCIENTIFIC_NAME_ID_NOT_FOUND"
        ],
        "fallback_media": {
          "url": "https://api.jacq.org/v1/images/europeana/1638715?withredirect=1",
          "references": "https://api.jacq.org/v1/images/show/1638715?withredirect=1",
          "title": null,
          "creator": null,
          "publisher": null,
          "license": "http://creativecommons.org/publicdomain/zero/1.0/",
          "rightsHolder": null
        }
      }
    },
    {
      "type": "Feature",
      "geometry": {
        "type": "Point",
        "coordinates": [
          -97.713056,
          20.466944
        ]
      },
      "properties": {
        "gbifID": "3308246971",
        "species": "Passiflora coriacea",
        "genus": "Passiflora",
        "family": "Passifloraceae",
        "scientificName": "Passiflora coriacea Juss.",
        "coordinateUncertaintyInMeters": "80.0",
        "basisOfRecord": "PRESERVED_SPECIMEN",
        "eventDate": "1962-06-21",
        "country": null,
        "datasetName": "Digitalización y Sistematización de las Colecciones Biológicas Nacionales del Instituto de Biología, UNAM",
        "publisher": "Comisión nacional para el conocimiento y uso de la biodiversidad",
        "license": "CC_BY_4_0",
        "issues": [
          "OCCURRENCE_STATUS_INFERRED_FROM_INDIVIDUAL_COUNT",
          "COORDINATE_ROUNDED",
          "SCIENTIFIC_NAME_ID_NOT_FOUND",
          "TAXON_ID_NOT_FOUND"
        ],
        "fallback_media": {
          "url": "https://api.jacq.org/v1/images/europeana/1638715?withredirect=1",
          "references": "https://api.jacq.org/v1/images/show/1638715?withredirect=1",
          "title": null,
          "creator": null,
          "publisher": null,
          "license": "http://creativecommons.org/publicdomain/zero/1.0/",
          "rightsHolder": null
        }
      }
    },
    {
      "type": "Feature",
      "geometry": {
        "type": "Point",
        "coordinates": [
          -96.16853,
          15.71981
        ]
      },
      "properties": {
        "gbifID": "3308648585",
        "species": "Passiflora coriacea",
        "genus": "Passiflora",
        "family": "Passifloraceae",
        "scientificName": "Passiflora coriacea Juss.",
        "coordinateUncertaintyInMeters": "100.0",
        "basisOfRecord": "PRESERVED_SPECIMEN",
        "eventDate": "2004-12-03",
        "country": null,
        "datasetName": "Digitalización y Sistematización de las Colecciones Biológicas Nacionales del Instituto de Biología, UNAM",
        "publisher": "Comisión nacional para el conocimiento y uso de la biodiversidad",
        "license": "CC_BY_4_0",
        "issues": [
          "OCCURRENCE_STATUS_INFERRED_FROM_INDIVIDUAL_COUNT",
          "RECORDED_DATE_INVALID",
          "TAXON_ID_NOT_FOUND",
          "SCIENTIFIC_NAME_ID_NOT_FOUND"
        ],
        "fallback_media": {
          "url": "https://api.jacq.org/v1/images/europeana/1638715?withredirect=1",
          "references": "https://api.jacq.org/v1/images/show/1638715?withredirect=1",
          "title": null,
          "creator": null,
          "publisher": null,
          "license": "http://creativecommons.org/publicdomain/zero/1.0/",
          "rightsHolder": null
        }
      }
    },
    {
      "type": "Feature",
      "geometry": {
        "type": "Point",
        "coordinates": [
          -86.883,
          20.833
        ]
      },
      "properties": {
        "gbifID": "3307923964",
        "species": "Passiflora coriacea",
        "genus": "Passiflora",
        "family": "Passifloraceae",
        "scientificName": "Passiflora coriacea Juss.",
        "coordinateUncertaintyInMeters": "70.0",
        "basisOfRecord": "PRESERVED_SPECIMEN",
        "eventDate": "1983-07-02",
        "country": null,
        "datasetName": "Digitalización y Sistematización de las Colecciones Biológicas Nacionales del Instituto de Biología, UNAM",
        "publisher": "Comisión nacional para el conocimiento y uso de la biodiversidad",
        "license": "CC_BY_4_0",
        "issues": [
          "OCCURRENCE_STATUS_INFERRED_FROM_INDIVIDUAL_COUNT",
          "RECORDED_DATE_INVALID",
          "SCIENTIFIC_NAME_ID_NOT_FOUND",
          "TAXON_ID_NOT_FOUND"
        ],
        "fallback_media": {
          "url": "https://api.jacq.org/v1/images/europeana/1638715?withredirect=1",
          "references": "https://api.jacq.org/v1/images/show/1638715?withredirect=1",
          "title": null,
          "creator": null,
          "publisher": null,
          "license": "http://creativecommons.org/publicdomain/zero/1.0/",
          "rightsHolder": null
        }
      }
    },
    {
      "type": "Feature",
      "geometry": {
        "type": "Point",
        "coordinates": [
          -89.267,
          13.833
        ]
      },
      "properties": {
        "gbifID": "3308483921",
        "species": "Passiflora coriacea",
        "genus": "Passiflora",
        "family": "Passifloraceae",
        "scientificName": "Passiflora coriacea Juss.",
        "coordinateUncertaintyInMeters": "",
        "basisOfRecord": "PRESERVED_SPECIMEN",
        "eventDate": "1990-07-22",
        "country": null,
        "datasetName": "Digitalización y Sistematización de las Colecciones Biológicas Nacionales del Instituto de Biología, UNAM",
        "publisher": "Comisión nacional para el conocimiento y uso de la biodiversidad",
        "license": "CC_BY_4_0",
        "issues": [
          "OCCURRENCE_STATUS_INFERRED_FROM_INDIVIDUAL_COUNT",
          "SCIENTIFIC_NAME_ID_NOT_FOUND",
          "TAXON_ID_NOT_FOUND"
        ],
        "fallback_media": {
          "url": "https://api.jacq.org/v1/images/europeana/1638715?withredirect=1",
          "references": "https://api.jacq.org/v1/images/show/1638715?withredirect=1",
          "title": null,
          "creator": null,
          "publisher": null,
          "license": "http://creativecommons.org/publicdomain/zero/1.0/",
          "rightsHolder": null
        }
      }
    },
    {
      "type": "Feature",
      "geometry": {
        "type": "Point",
        "coordinates": [
          -97.29944,
          20.00833
        ]
      },
      "properties": {
        "gbifID": "3308736599",
        "species": "Passiflora coriacea",
        "genus": "Passiflora",
        "family": "Passifloraceae",
        "scientificName": "Passiflora coriacea Juss.",
        "coordinateUncertaintyInMeters": "80.0",
        "basisOfRecord": "PRESERVED_SPECIMEN",
        "eventDate": "2008-09-20",
        "country": null,
        "datasetName": "Digitalización y Sistematización de las Colecciones Biológicas Nacionales del Instituto de Biología, UNAM",
        "publisher": "Comisión nacional para el conocimiento y uso de la biodiversidad",
        "license": "CC_BY_4_0",
        "issues": [
          "OCCURRENCE_STATUS_INFERRED_FROM_INDIVIDUAL_COUNT",
          "TAXON_ID_NOT_FOUND",
          "SCIENTIFIC_NAME_ID_NOT_FOUND"
        ],
        "fallback_media": {
          "url": "https://api.jacq.org/v1/images/europeana/1638715?withredirect=1",
          "references": "https://api.jacq.org/v1/images/show/1638715?withredirect=1",
          "title": null,
          "creator": null,
          "publisher": null,
          "license": "http://creativecommons.org/publicdomain/zero/1.0/",
          "rightsHolder": null
        }
      }
    },
    {
      "type": "Feature",
      "geometry": {
        "type": "Point",
        "coordinates": [
          -92.635,
          18.43556
        ]
      },
      "properties": {
        "gbifID": "3308073104",
        "species": "Passiflora coriacea",
        "genus": "Passiflora",
        "family": "Passifloraceae",
        "scientificName": "Passiflora coriacea Juss.",
        "coordinateUncertaintyInMeters": "90.0",
        "basisOfRecord": "PRESERVED_SPECIMEN",
        "eventDate": "2002-02-23",
        "country": null,
        "datasetName": "Digitalización y Sistematización de las Colecciones Biológicas Nacionales del Instituto de Biología, UNAM",
        "publisher": "Comisión nacional para el conocimiento y uso de la biodiversidad",
        "license": "CC_BY_4_0",
        "issues": [
          "OCCURRENCE_STATUS_INFERRED_FROM_INDIVIDUAL_COUNT",
          "SCIENTIFIC_NAME_ID_NOT_FOUND",
          "TAXON_ID_NOT_FOUND"
        ],
        "fallback_media": {
          "url": "https://api.jacq.org/v1/images/europeana/1638715?withredirect=1",
          "references": "https://api.jacq.org/v1/images/show/1638715?withredirect=1",
          "title": null,
          "creator": null,
          "publisher": null,
          "license": "http://creativecommons.org/publicdomain/zero/1.0/",
          "rightsHolder": null
        }
      }
    },
    {
      "type": "Feature",
      "geometry": {
        "type": "Point",
        "coordinates": [
          -90.933,
          16.117
        ]
      },
      "properties": {
        "gbifID": "3308098102",
        "species": "Passiflora coriacea",
        "genus": "Passiflora",
        "family": "Passifloraceae",
        "scientificName": "Passiflora coriacea Juss.",
        "coordinateUncertaintyInMeters": "100.0",
        "basisOfRecord": "PRESERVED_SPECIMEN",
        "eventDate": "1996-08-03",
        "country": null,
        "datasetName": "Digitalización y Sistematización de las Colecciones Biológicas Nacionales del Instituto de Biología, UNAM",
        "publisher": "Comisión nacional para el conocimiento y uso de la biodiversidad",
        "license": "CC_BY_4_0",
        "issues": [
          "OCCURRENCE_STATUS_INFERRED_FROM_INDIVIDUAL_COUNT",
          "RECORDED_DATE_INVALID",
          "TAXON_ID_NOT_FOUND",
          "SCIENTIFIC_NAME_ID_NOT_FOUND"
        ],
        "fallback_media": {
          "url": "https://api.jacq.org/v1/images/europeana/1638715?withredirect=1",
          "references": "https://api.jacq.org/v1/images/show/1638715?withredirect=1",
          "title": null,
          "creator": null,
          "publisher": null,
          "license": "http://creativecommons.org/publicdomain/zero/1.0/",
          "rightsHolder": null
        }
      }
    },
    {
      "type": "Feature",
      "geometry": {
        "type": "Point",
        "coordinates": [
          -95.75,
          17.75
        ]
      },
      "properties": {
        "gbifID": "3308495925",
        "species": "Passiflora coriacea",
        "genus": "Passiflora",
        "family": "Passifloraceae",
        "scientificName": "Passiflora coriacea Juss.",
        "coordinateUncertaintyInMeters": "90.0",
        "basisOfRecord": "PRESERVED_SPECIMEN",
        "eventDate": "1987-02-20",
        "country": null,
        "datasetName": "Digitalización y Sistematización de las Colecciones Biológicas Nacionales del Instituto de Biología, UNAM",
        "publisher": "Comisión nacional para el conocimiento y uso de la biodiversidad",
        "license": "CC_BY_4_0",
        "issues": [
          "OCCURRENCE_STATUS_INFERRED_FROM_INDIVIDUAL_COUNT",
          "SCIENTIFIC_NAME_ID_NOT_FOUND",
          "TAXON_ID_NOT_FOUND"
        ],
        "fallback_media": {
          "url": "https://api.jacq.org/v1/images/europeana/1638715?withredirect=1",
          "references": "https://api.jacq.org/v1/images/show/1638715?withredirect=1",
          "title": null,
          "creator": null,
          "publisher": null,
          "license": "http://creativecommons.org/publicdomain/zero/1.0/",
          "rightsHolder": null
        }
      }
    },
    {
      "type": "Feature",
      "geometry": {
        "type": "Point",
        "coordinates": [
          -95.90361,
          15.85056
        ]
      },
      "properties": {
        "gbifID": "3308540466",
        "species": "Passiflora coriacea",
        "genus": "Passiflora",
        "family": "Passifloraceae",
        "scientificName": "Passiflora coriacea Juss.",
        "coordinateUncertaintyInMeters": "100.0",
        "basisOfRecord": "PRESERVED_SPECIMEN",
        "eventDate": "1998-10-14",
        "country": null,
        "datasetName": "Digitalización y Sistematización de las Colecciones Biológicas Nacionales del Instituto de Biología, UNAM",
        "publisher": "Comisión nacional para el conocimiento y uso de la biodiversidad",
        "license": "CC_BY_4_0",
        "issues": [
          "OCCURRENCE_STATUS_INFERRED_FROM_INDIVIDUAL_COUNT",
          "SCIENTIFIC_NAME_ID_NOT_FOUND",
          "TAXON_ID_NOT_FOUND"
        ],
        "fallback_media": {
          "url": "https://api.jacq.org/v1/images/europeana/1638715?withredirect=1",
          "references": "https://api.jacq.org/v1/images/show/1638715?withredirect=1",
          "title": null,
          "creator": null,
          "publisher": null,
          "license": "http://creativecommons.org/publicdomain/zero/1.0/",
          "rightsHolder": null
        }
      }
    },
    {
      "type": "Feature",
      "geometry": {
        "type": "Point",
        "coordinates": [
          -89.04556,
          19.60833
        ]
      },
      "properties": {
        "gbifID": "3308682195",
        "species": "Passiflora coriacea",
        "genus": "Passiflora",
        "family": "Passifloraceae",
        "scientificName": "Passiflora coriacea Juss.",
        "coordinateUncertaintyInMeters": "80.0",
        "basisOfRecord": "PRESERVED_SPECIMEN",
        "eventDate": "2004-09-02",
        "country": null,
        "datasetName": "Digitalización y Sistematización de las Colecciones Biológicas Nacionales del Instituto de Biología, UNAM",
        "publisher": "Comisión nacional para el conocimiento y uso de la biodiversidad",
        "license": "CC_BY_4_0",
        "issues": [
          "OCCURRENCE_STATUS_INFERRED_FROM_INDIVIDUAL_COUNT",
          "RECORDED_DATE_INVALID",
          "TAXON_ID_NOT_FOUND",
          "SCIENTIFIC_NAME_ID_NOT_FOUND"
        ],
        "fallback_media": {
          "url": "https://api.jacq.org/v1/images/europeana/1638715?withredirect=1",
          "references": "https://api.jacq.org/v1/images/show/1638715?withredirect=1",
          "title": null,
          "creator": null,
          "publisher": null,
          "license": "http://creativecommons.org/publicdomain/zero/1.0/",
          "rightsHolder": null
        }
      }
    },
    {
      "type": "Feature",
      "geometry": {
        "type": "Point",
        "coordinates": [
          -95.90333,
          15.84111
        ]
      },
      "properties": {
        "gbifID": "3307961669",
        "species": "Passiflora coriacea",
        "genus": "Passiflora",
        "family": "Passifloraceae",
        "scientificName": "Passiflora coriacea Juss.",
        "coordinateUncertaintyInMeters": "100.0",
        "basisOfRecord": "PRESERVED_SPECIMEN",
        "eventDate": "1999-12-07",
        "country": null,
        "datasetName": "Digitalización y Sistematización de las Colecciones Biológicas Nacionales del Instituto de Biología, UNAM",
        "publisher": "Comisión nacional para el conocimiento y uso de la biodiversidad",
        "license": "CC_BY_4_0",
        "issues": [
          "OCCURRENCE_STATUS_INFERRED_FROM_INDIVIDUAL_COUNT",
          "RECORDED_DATE_INVALID",
          "TAXON_ID_NOT_FOUND",
          "SCIENTIFIC_NAME_ID_NOT_FOUND"
        ],
        "fallback_media": {
          "url": "https://api.jacq.org/v1/images/europeana/1638715?withredirect=1",
          "references": "https://api.jacq.org/v1/images/show/1638715?withredirect=1",
          "title": null,
          "creator": null,
          "publisher": null,
          "license": "http://creativecommons.org/publicdomain/zero/1.0/",
          "rightsHolder": null
        }
      }
    },
    {
      "type": "Feature",
      "geometry": {
        "type": "Point",
        "coordinates": [
          -96.22222,
          15.70025
        ]
      },
      "properties": {
        "gbifID": "3308072344",
        "species": "Passiflora coriacea",
        "genus": "Passiflora",
        "family": "Passifloraceae",
        "scientificName": "Passiflora coriacea Juss.",
        "coordinateUncertaintyInMeters": "100.0",
        "basisOfRecord": "PRESERVED_SPECIMEN",
        "eventDate": "2005-12-14",
        "country": null,
        "datasetName": "Digitalización y Sistematización de las Colecciones Biológicas Nacionales del Instituto de Biología, UNAM",
        "publisher": "Comisión nacional para el conocimiento y uso de la biodiversidad",
        "license": "CC_BY_4_0",
        "issues": [
          "OCCURRENCE_STATUS_INFERRED_FROM_INDIVIDUAL_COUNT",
          "SCIENTIFIC_NAME_ID_NOT_FOUND",
          "TAXON_ID_NOT_FOUND"
        ],
        "fallback_media": {
          "url": "https://api.jacq.org/v1/images/europeana/1638715?withredirect=1",
          "references": "https://api.jacq.org/v1/images/show/1638715?withredirect=1",
          "title": null,
          "creator": null,
          "publisher": null,
          "license": "http://creativecommons.org/publicdomain/zero/1.0/",
          "rightsHolder": null
        }
      }
    },
    {
      "type": "Feature",
      "geometry": {
        "type": "Point",
        "coordinates": [
          -96.25,
          15.7
        ]
      },
      "properties": {
        "gbifID": "3308574971",
        "species": "Passiflora coriacea",
        "genus": "Passiflora",
        "family": "Passifloraceae",
        "scientificName": "Passiflora coriacea Juss.",
        "coordinateUncertaintyInMeters": "100.0",
        "basisOfRecord": "PRESERVED_SPECIMEN",
        "eventDate": "2000-02-19",
        "country": null,
        "datasetName": "Digitalización y Sistematización de las Colecciones Biológicas Nacionales del Instituto de Biología, UNAM",
        "publisher": "Comisión nacional para el conocimiento y uso de la biodiversidad",
        "license": "CC_BY_4_0",
        "issues": [
          "OCCURRENCE_STATUS_INFERRED_FROM_INDIVIDUAL_COUNT",
          "SCIENTIFIC_NAME_ID_NOT_FOUND",
          "TAXON_ID_NOT_FOUND"
        ],
        "fallback_media": {
          "url": "https://api.jacq.org/v1/images/europeana/1638715?withredirect=1",
          "references": "https://api.jacq.org/v1/images/show/1638715?withredirect=1",
          "title": null,
          "creator": null,
          "publisher": null,
          "license": "http://creativecommons.org/publicdomain/zero/1.0/",
          "rightsHolder": null
        }
      }
    },
    {
      "type": "Feature",
      "geometry": {
        "type": "Point",
        "coordinates": [
          -90.96939,
          16.90097
        ]
      },
      "properties": {
        "gbifID": "3308096216",
        "species": "Passiflora coriacea",
        "genus": "Passiflora",
        "family": "Passifloraceae",
        "scientificName": "Passiflora coriacea Juss.",
        "coordinateUncertaintyInMeters": "90.0",
        "basisOfRecord": "PRESERVED_SPECIMEN",
        "eventDate": "1999-02-09",
        "country": null,
        "datasetName": "Digitalización y Sistematización de las Colecciones Biológicas Nacionales del Instituto de Biología, UNAM",
        "publisher": "Comisión nacional para el conocimiento y uso de la biodiversidad",
        "license": "CC_BY_4_0",
        "issues": [
          "OCCURRENCE_STATUS_INFERRED_FROM_INDIVIDUAL_COUNT",
          "RECORDED_DATE_INVALID",
          "SCIENTIFIC_NAME_ID_NOT_FOUND",
          "TAXON_ID_NOT_FOUND"
        ],
        "fallback_media": {
          "url": "https://api.jacq.org/v1/images/europeana/1638715?withredirect=1",
          "references": "https://api.jacq.org/v1/images/show/1638715?withredirect=1",
          "title": null,
          "creator": null,
          "publisher": null,
          "license": "http://creativecommons.org/publicdomain/zero/1.0/",
          "rightsHolder": null
        }
      }
    },
    {
      "type": "Feature",
      "geometry": {
        "type": "Point",
        "coordinates": [
          -97.31667,
          15.95
        ]
      },
      "properties": {
        "gbifID": "3307864835",
        "species": "Passiflora coriacea",
        "genus": "Passiflora",
        "family": "Passifloraceae",
        "scientificName": "Passiflora coriacea Juss.",
        "coordinateUncertaintyInMeters": "100.0",
        "basisOfRecord": "PRESERVED_SPECIMEN",
        "eventDate": "1993-12-03",
        "country": null,
        "datasetName": "Digitalización y Sistematización de las Colecciones Biológicas Nacionales del Instituto de Biología, UNAM",
        "publisher": "Comisión nacional para el conocimiento y uso de la biodiversidad",
        "license": "CC_BY_4_0",
        "issues": [
          "OCCURRENCE_STATUS_INFERRED_FROM_INDIVIDUAL_COUNT",
          "RECORDED_DATE_INVALID",
          "TAXON_ID_NOT_FOUND",
          "SCIENTIFIC_NAME_ID_NOT_FOUND"
        ],
        "fallback_media": {
          "url": "https://api.jacq.org/v1/images/europeana/1638715?withredirect=1",
          "references": "https://api.jacq.org/v1/images/show/1638715?withredirect=1",
          "title": null,
          "creator": null,
          "publisher": null,
          "license": "http://creativecommons.org/publicdomain/zero/1.0/",
          "rightsHolder": null
        }
      }
    },
    {
      "type": "Feature",
      "geometry": {
        "type": "Point",
        "coordinates": [
          -95.9475,
          15.95611
        ]
      },
      "properties": {
        "gbifID": "3308570636",
        "species": "Passiflora coriacea",
        "genus": "Passiflora",
        "family": "Passifloraceae",
        "scientificName": "Passiflora coriacea Juss.",
        "coordinateUncertaintyInMeters": "100.0",
        "basisOfRecord": "PRESERVED_SPECIMEN",
        "eventDate": "1999-11-05",
        "country": null,
        "datasetName": "Digitalización y Sistematización de las Colecciones Biológicas Nacionales del Instituto de Biología, UNAM",
        "publisher": "Comisión nacional para el conocimiento y uso de la biodiversidad",
        "license": "CC_BY_4_0",
        "issues": [
          "OCCURRENCE_STATUS_INFERRED_FROM_INDIVIDUAL_COUNT",
          "RECORDED_DATE_INVALID",
          "SCIENTIFIC_NAME_ID_NOT_FOUND",
          "TAXON_ID_NOT_FOUND"
        ],
        "fallback_media": {
          "url": "https://api.jacq.org/v1/images/europeana/1638715?withredirect=1",
          "references": "https://api.jacq.org/v1/images/show/1638715?withredirect=1",
          "title": null,
          "creator": null,
          "publisher": null,
          "license": "http://creativecommons.org/publicdomain/zero/1.0/",
          "rightsHolder": null
        }
      }
    },
    {
      "type": "Feature",
      "geometry": {
        "type": "Point",
        "coordinates": [
          -88.07667,
          19.84806
        ]
      },
      "properties": {
        "gbifID": "3308623347",
        "species": "Passiflora coriacea",
        "genus": "Passiflora",
        "family": "Passifloraceae",
        "scientificName": "Passiflora coriacea Juss.",
        "coordinateUncertaintyInMeters": "80.0",
        "basisOfRecord": "PRESERVED_SPECIMEN",
        "eventDate": "2002-06",
        "country": null,
        "datasetName": "Digitalización y Sistematización de las Colecciones Biológicas Nacionales del Instituto de Biología, UNAM",
        "publisher": "Comisión nacional para el conocimiento y uso de la biodiversidad",
        "license": "CC_BY_4_0",
        "issues": [
          "OCCURRENCE_STATUS_INFERRED_FROM_INDIVIDUAL_COUNT",
          "RECORDED_DATE_INVALID",
          "SCIENTIFIC_NAME_ID_NOT_FOUND",
          "TAXON_ID_NOT_FOUND"
        ],
        "fallback_media": {
          "url": "https://api.jacq.org/v1/images/europeana/1638715?withredirect=1",
          "references": "https://api.jacq.org/v1/images/show/1638715?withredirect=1",
          "title": null,
          "creator": null,
          "publisher": null,
          "license": "http://creativecommons.org/publicdomain/zero/1.0/",
          "rightsHolder": null
        }
      }
    },
    {
      "type": "Feature",
      "geometry": {
        "type": "Point",
        "coordinates": [
          -97.2767,
          20.72028
        ]
      },
      "properties": {
        "gbifID": "3308125791",
        "species": "Passiflora coriacea",
        "genus": "Passiflora",
        "family": "Passifloraceae",
        "scientificName": "Passiflora coriacea Juss.",
        "coordinateUncertaintyInMeters": "80.0",
        "basisOfRecord": "PRESERVED_SPECIMEN",
        "eventDate": "2012-10-30",
        "country": null,
        "datasetName": "Digitalización y Sistematización de las Colecciones Biológicas Nacionales del Instituto de Biología, UNAM",
        "publisher": "Comisión nacional para el conocimiento y uso de la biodiversidad",
        "license": "CC_BY_4_0",
        "issues": [
          "OCCURRENCE_STATUS_INFERRED_FROM_INDIVIDUAL_COUNT",
          "SCIENTIFIC_NAME_ID_NOT_FOUND",
          "TAXON_ID_NOT_FOUND"
        ],
        "fallback_media": {
          "url": "https://api.jacq.org/v1/images/europeana/1638715?withredirect=1",
          "references": "https://api.jacq.org/v1/images/show/1638715?withredirect=1",
          "title": null,
          "creator": null,
          "publisher": null,
          "license": "http://creativecommons.org/publicdomain/zero/1.0/",
          "rightsHolder": null
        }
      }
    },
    {
      "type": "Feature",
      "geometry": {
        "type": "Point",
        "coordinates": [
          -96.34472,
          15.83139
        ]
      },
      "properties": {
        "gbifID": "3308004095",
        "species": "Passiflora coriacea",
        "genus": "Passiflora",
        "family": "Passifloraceae",
        "scientificName": "Passiflora coriacea Juss.",
        "coordinateUncertaintyInMeters": "100.0",
        "basisOfRecord": "PRESERVED_SPECIMEN",
        "eventDate": "1999-05-17",
        "country": null,
        "datasetName": "Digitalización y Sistematización de las Colecciones Biológicas Nacionales del Instituto de Biología, UNAM",
        "publisher": "Comisión nacional para el conocimiento y uso de la biodiversidad",
        "license": "CC_BY_4_0",
        "issues": [
          "OCCURRENCE_STATUS_INFERRED_FROM_INDIVIDUAL_COUNT",
          "SCIENTIFIC_NAME_ID_NOT_FOUND",
          "TAXON_ID_NOT_FOUND"
        ],
        "fallback_media": {
          "url": "https://api.jacq.org/v1/images/europeana/1638715?withredirect=1",
          "references": "https://api.jacq.org/v1/images/show/1638715?withredirect=1",
          "title": null,
          "creator": null,
          "publisher": null,
          "license": "http://creativecommons.org/publicdomain/zero/1.0/",
          "rightsHolder": null
        }
      }
    },
    {
      "type": "Feature",
      "geometry": {
        "type": "Point",
        "coordinates": [
          -96.22439,
          15.7395
        ]
      },
      "properties": {
        "gbifID": "3308649102",
        "species": "Passiflora coriacea",
        "genus": "Passiflora",
        "family": "Passifloraceae",
        "scientificName": "Passiflora coriacea Juss.",
        "coordinateUncertaintyInMeters": "100.0",
        "basisOfRecord": "PRESERVED_SPECIMEN",
        "eventDate": "2005-11-27",
        "country": null,
        "datasetName": "Digitalización y Sistematización de las Colecciones Biológicas Nacionales del Instituto de Biología, UNAM",
        "publisher": "Comisión nacional para el conocimiento y uso de la biodiversidad",
        "license": "CC_BY_4_0",
        "issues": [
          "OCCURRENCE_STATUS_INFERRED_FROM_INDIVIDUAL_COUNT",
          "TAXON_ID_NOT_FOUND",
          "SCIENTIFIC_NAME_ID_NOT_FOUND"
        ],
        "fallback_media": {
          "url": "https://api.jacq.org/v1/images/europeana/1638715?withredirect=1",
          "references": "https://api.jacq.org/v1/images/show/1638715?withredirect=1",
          "title": null,
          "creator": null,
          "publisher": null,
          "license": "http://creativecommons.org/publicdomain/zero/1.0/",
          "rightsHolder": null
        }
      }
    },
    {
      "type": "Feature",
      "geometry": {
        "type": "Point",
        "coordinates": [
          -89.433,
          18.55
        ]
      },
      "properties": {
        "gbifID": "3308726182",
        "species": "Passiflora coriacea",
        "genus": "Passiflora",
        "family": "Passifloraceae",
        "scientificName": "Passiflora coriacea Juss.",
        "coordinateUncertaintyInMeters": "80.0",
        "basisOfRecord": "PRESERVED_SPECIMEN",
        "eventDate": "1988-07-07",
        "country": null,
        "datasetName": "Digitalización y Sistematización de las Colecciones Biológicas Nacionales del Instituto de Biología, UNAM",
        "publisher": "Comisión nacional para el conocimiento y uso de la biodiversidad",
        "license": "CC_BY_4_0",
        "issues": [
          "OCCURRENCE_STATUS_INFERRED_FROM_INDIVIDUAL_COUNT",
          "TAXON_ID_NOT_FOUND",
          "SCIENTIFIC_NAME_ID_NOT_FOUND"
        ],
        "fallback_media": {
          "url": "https://api.jacq.org/v1/images/europeana/1638715?withredirect=1",
          "references": "https://api.jacq.org/v1/images/show/1638715?withredirect=1",
          "title": null,
          "creator": null,
          "publisher": null,
          "license": "http://creativecommons.org/publicdomain/zero/1.0/",
          "rightsHolder": null
        }
      }
    },
    {
      "type": "Feature",
      "geometry": {
        "type": "Point",
        "coordinates": [
          -89.816111,
          18.086111
        ]
      },
      "properties": {
        "gbifID": "1893312793",
        "species": "Passiflora coriacea",
        "genus": "Passiflora",
        "family": "Passifloraceae",
        "scientificName": "Passiflora coriacea Juss.",
        "coordinateUncertaintyInMeters": "90.0",
        "basisOfRecord": "PRESERVED_SPECIMEN",
        "eventDate": "1995-08-07",
        "country": null,
        "datasetName": "Formación del banco de datos del herbario (UCAM)",
        "publisher": "Comisión nacional para el conocimiento y uso de la biodiversidad",
        "license": "CC_BY_4_0",
        "issues": [
          "OCCURRENCE_STATUS_INFERRED_FROM_INDIVIDUAL_COUNT",
          "RECORDED_DATE_INVALID",
          "COORDINATE_ROUNDED",
          "TAXON_ID_NOT_FOUND",
          "SCIENTIFIC_NAME_ID_NOT_FOUND"
        ],
        "fallback_media": {
          "url": "https://api.jacq.org/v1/images/europeana/1638715?withredirect=1",
          "references": "https://api.jacq.org/v1/images/show/1638715?withredirect=1",
          "title": null,
          "creator": null,
          "publisher": null,
          "license": "http://creativecommons.org/publicdomain/zero/1.0/",
          "rightsHolder": null
        }
      }
    },
    {
      "type": "Feature",
      "geometry": {
        "type": "Point",
        "coordinates": [
          -89.458333,
          21.125
        ]
      },
      "properties": {
        "gbifID": "371278438",
        "species": "Passiflora coriacea",
        "genus": "Passiflora",
        "family": "Passifloraceae",
        "scientificName": "Passiflora coriacea Juss.",
        "coordinateUncertaintyInMeters": "70.0",
        "basisOfRecord": "PRESERVED_SPECIMEN",
        "eventDate": "1982-07-02",
        "country": null,
        "datasetName": "Actualización del banco de datos florístico de la Península de Yucatán (BAFLOPY)",
        "publisher": "Comisión nacional para el conocimiento y uso de la biodiversidad",
        "license": "CC_BY_4_0",
        "issues": [
          "RECORDED_DATE_INVALID",
          "COORDINATE_ROUNDED",
          "SCIENTIFIC_NAME_ID_NOT_FOUND",
          "TAXON_ID_NOT_FOUND"
        ],
        "fallback_media": {
          "url": "https://api.jacq.org/v1/images/europeana/1638715?withredirect=1",
          "references": "https://api.jacq.org/v1/images/show/1638715?withredirect=1",
          "title": null,
          "creator": null,
          "publisher": null,
          "license": "http://creativecommons.org/publicdomain/zero/1.0/",
          "rightsHolder": null
        }
      }
    },
    {
      "type": "Feature",
      "geometry": {
        "type": "Point",
        "coordinates": [
          -90.858333,
          18.425
        ]
      },
      "properties": {
        "gbifID": "371274238",
        "species": "Passiflora coriacea",
        "genus": "Passiflora",
        "family": "Passifloraceae",
        "scientificName": "Passiflora coriacea Juss.",
        "coordinateUncertaintyInMeters": "90.0",
        "basisOfRecord": "PRESERVED_SPECIMEN",
        "eventDate": "1983-05-11",
        "country": null,
        "datasetName": "Actualización del banco de datos florístico de la Península de Yucatán (BAFLOPY)",
        "publisher": "Comisión nacional para el conocimiento y uso de la biodiversidad",
        "license": "CC_BY_4_0",
        "issues": [
          "RECORDED_DATE_INVALID",
          "COORDINATE_ROUNDED",
          "SCIENTIFIC_NAME_ID_NOT_FOUND",
          "TAXON_ID_NOT_FOUND"
        ],
        "fallback_media": {
          "url": "https://api.jacq.org/v1/images/europeana/1638715?withredirect=1",
          "references": "https://api.jacq.org/v1/images/show/1638715?withredirect=1",
          "title": null,
          "creator": null,
          "publisher": null,
          "license": "http://creativecommons.org/publicdomain/zero/1.0/",
          "rightsHolder": null
        }
      }
    },
    {
      "type": "Feature",
      "geometry": {
        "type": "Point",
        "coordinates": [
          -89.475,
          19.408333
        ]
      },
      "properties": {
        "gbifID": "4174643355",
        "species": "Passiflora coriacea",
        "genus": "Passiflora",
        "family": "Passifloraceae",
        "scientificName": "Passiflora coriacea Juss.",
        "coordinateUncertaintyInMeters": "80.0",
        "basisOfRecord": "PRESERVED_SPECIMEN",
        "eventDate": "1990-03-12",
        "country": null,
        "datasetName": "Actualización del banco de datos florístico de la Península de Yucatán (BAFLOPY)",
        "publisher": "Comisión nacional para el conocimiento y uso de la biodiversidad",
        "license": "CC_BY_4_0",
        "issues": [
          "OCCURRENCE_STATUS_INFERRED_FROM_INDIVIDUAL_COUNT",
          "RECORDED_DATE_INVALID",
          "COORDINATE_ROUNDED",
          "SCIENTIFIC_NAME_ID_NOT_FOUND",
          "TAXON_ID_NOT_FOUND"
        ],
        "fallback_media": {
          "url": "https://api.jacq.org/v1/images/europeana/1638715?withredirect=1",
          "references": "https://api.jacq.org/v1/images/show/1638715?withredirect=1",
          "title": null,
          "creator": null,
          "publisher": null,
          "license": "http://creativecommons.org/publicdomain/zero/1.0/",
          "rightsHolder": null
        }
      }
    },
    {
      "type": "Feature",
      "geometry": {
        "type": "Point",
        "coordinates": [
          -89.841667,
          19.741667
        ]
      },
      "properties": {
        "gbifID": "4174641011",
        "species": "Passiflora coriacea",
        "genus": "Passiflora",
        "family": "Passifloraceae",
        "scientificName": "Passiflora coriacea Juss.",
        "coordinateUncertaintyInMeters": "80.0",
        "basisOfRecord": "PRESERVED_SPECIMEN",
        "eventDate": "1991-02-12",
        "country": null,
        "datasetName": "Actualización del banco de datos florístico de la Península de Yucatán (BAFLOPY)",
        "publisher": "Comisión nacional para el conocimiento y uso de la biodiversidad",
        "license": "CC_BY_4_0",
        "issues": [
          "RECORDED_DATE_INVALID",
          "COORDINATE_ROUNDED",
          "SCIENTIFIC_NAME_ID_NOT_FOUND",
          "TAXON_ID_NOT_FOUND"
        ],
        "fallback_media": {
          "url": "https://api.jacq.org/v1/images/europeana/1638715?withredirect=1",
          "references": "https://api.jacq.org/v1/images/show/1638715?withredirect=1",
          "title": null,
          "creator": null,
          "publisher": null,
          "license": "http://creativecommons.org/publicdomain/zero/1.0/",
          "rightsHolder": null
        }
      }
    },
    {
      "type": "Feature",
      "geometry": {
        "type": "Point",
        "coordinates": [
          -92.509167,
          17.820833
        ]
      },
      "properties": {
        "gbifID": "1894552678",
        "species": "Passiflora coriacea",
        "genus": "Passiflora",
        "family": "Passifloraceae",
        "scientificName": "Passiflora coriacea Juss.",
        "coordinateUncertaintyInMeters": "90.0",
        "basisOfRecord": "PRESERVED_SPECIMEN",
        "eventDate": "2002-03-25",
        "country": null,
        "datasetName": "Actualización de las bases de datos de las colecciones de plantas vasculares y macromicetos del herbario de la UJAT",
        "publisher": "Comisión nacional para el conocimiento y uso de la biodiversidad",
        "license": "CC_BY_4_0",
        "issues": [
          "OCCURRENCE_STATUS_INFERRED_FROM_INDIVIDUAL_COUNT",
          "COORDINATE_ROUNDED",
          "TAXON_ID_NOT_FOUND",
          "SCIENTIFIC_NAME_ID_NOT_FOUND"
        ],
        "fallback_media": {
          "url": "https://api.jacq.org/v1/images/europeana/1638715?withredirect=1",
          "references": "https://api.jacq.org/v1/images/show/1638715?withredirect=1",
          "title": null,
          "creator": null,
          "publisher": null,
          "license": "http://creativecommons.org/publicdomain/zero/1.0/",
          "rightsHolder": null
        }
      }
    },
    {
      "type": "Feature",
      "geometry": {
        "type": "Point",
        "coordinates": [
          -92.1775,
          18.968611
        ]
      },
      "properties": {
        "gbifID": "1894552535",
        "species": "Passiflora coriacea",
        "genus": "Passiflora",
        "family": "Passifloraceae",
        "scientificName": "Passiflora coriacea Juss.",
        "coordinateUncertaintyInMeters": "80.0",
        "basisOfRecord": "PRESERVED_SPECIMEN",
        "eventDate": "2002-08-28",
        "country": null,
        "datasetName": "Actualización de las bases de datos de las colecciones de plantas vasculares y macromicetos del herbario de la UJAT",
        "publisher": "Comisión nacional para el conocimiento y uso de la biodiversidad",
        "license": "CC_BY_4_0",
        "issues": [
          "OCCURRENCE_STATUS_INFERRED_FROM_INDIVIDUAL_COUNT",
          "COORDINATE_ROUNDED",
          "CONTINENT_COORDINATE_MISMATCH",
          "TAXON_ID_NOT_FOUND",
          "SCIENTIFIC_NAME_ID_NOT_FOUND"
        ],
        "fallback_media": {
          "url": "https://api.jacq.org/v1/images/europeana/1638715?withredirect=1",
          "references": "https://api.jacq.org/v1/images/show/1638715?withredirect=1",
          "title": null,
          "creator": null,
          "publisher": null,
          "license": "http://creativecommons.org/publicdomain/zero/1.0/",
          "rightsHolder": null
        }
      }
    },
    {
      "type": "Feature",
      "geometry": {
        "type": "Point",
        "coordinates": [
          -92.621,
          17.853472
        ]
      },
      "properties": {
        "gbifID": "1894552565",
        "species": "Passiflora coriacea",
        "genus": "Passiflora",
        "family": "Passifloraceae",
        "scientificName": "Passiflora coriacea Juss.",
        "coordinateUncertaintyInMeters": "",
        "basisOfRecord": "PRESERVED_SPECIMEN",
        "eventDate": "1999-05-28",
        "country": null,
        "datasetName": "Actualización de las bases de datos de las colecciones de plantas vasculares y macromicetos del herbario de la UJAT",
        "publisher": "Comisión nacional para el conocimiento y uso de la biodiversidad",
        "license": "CC_BY_4_0",
        "issues": [
          "OCCURRENCE_STATUS_INFERRED_FROM_INDIVIDUAL_COUNT",
          "COORDINATE_ROUNDED",
          "TAXON_ID_NOT_FOUND",
          "SCIENTIFIC_NAME_ID_NOT_FOUND"
        ],
        "fallback_media": {
          "url": "https://api.jacq.org/v1/images/europeana/1638715?withredirect=1",
          "references": "https://api.jacq.org/v1/images/show/1638715?withredirect=1",
          "title": null,
          "creator": null,
          "publisher": null,
          "license": "http://creativecommons.org/publicdomain/zero/1.0/",
          "rightsHolder": null
        }
      }
    },
    {
      "type": "Feature",
      "geometry": {
        "type": "Point",
        "coordinates": [
          -92.755,
          17.7775
        ]
      },
      "properties": {
        "gbifID": "1894552682",
        "species": "Passiflora coriacea",
        "genus": "Passiflora",
        "family": "Passifloraceae",
        "scientificName": "Passiflora coriacea Juss.",
        "coordinateUncertaintyInMeters": "",
        "basisOfRecord": "PRESERVED_SPECIMEN",
        "eventDate": "1988-04-10",
        "country": null,
        "datasetName": "Actualización de las bases de datos de las colecciones de plantas vasculares y macromicetos del herbario de la UJAT",
        "publisher": "Comisión nacional para el conocimiento y uso de la biodiversidad",
        "license": "CC_BY_4_0",
        "issues": [
          "OCCURRENCE_STATUS_INFERRED_FROM_INDIVIDUAL_COUNT",
          "RECORDED_DATE_INVALID",
          "TAXON_ID_NOT_FOUND",
          "SCIENTIFIC_NAME_ID_NOT_FOUND"
        ],
        "fallback_media": {
          "url": "https://api.jacq.org/v1/images/europeana/1638715?withredirect=1",
          "references": "https://api.jacq.org/v1/images/show/1638715?withredirect=1",
          "title": null,
          "creator": null,
          "publisher": null,
          "license": "http://creativecommons.org/publicdomain/zero/1.0/",
          "rightsHolder": null
        }
      }
    },
    {
      "type": "Feature",
      "geometry": {
        "type": "Point",
        "coordinates": [
          -92.990555,
          17.928056
        ]
      },
      "properties": {
        "gbifID": "1894552540",
        "species": "Passiflora coriacea",
        "genus": "Passiflora",
        "family": "Passifloraceae",
        "scientificName": "Passiflora coriacea Juss.",
        "coordinateUncertaintyInMeters": "",
        "basisOfRecord": "PRESERVED_SPECIMEN",
        "eventDate": "2001-09-12",
        "country": null,
        "datasetName": "Actualización de las bases de datos de las colecciones de plantas vasculares y macromicetos del herbario de la UJAT",
        "publisher": "Comisión nacional para el conocimiento y uso de la biodiversidad",
        "license": "CC_BY_4_0",
        "issues": [
          "OCCURRENCE_STATUS_INFERRED_FROM_INDIVIDUAL_COUNT",
          "RECORDED_DATE_INVALID",
          "COORDINATE_ROUNDED",
          "TAXON_ID_NOT_FOUND",
          "SCIENTIFIC_NAME_ID_NOT_FOUND"
        ],
        "fallback_media": {
          "url": "https://api.jacq.org/v1/images/europeana/1638715?withredirect=1",
          "references": "https://api.jacq.org/v1/images/show/1638715?withredirect=1",
          "title": null,
          "creator": null,
          "publisher": null,
          "license": "http://creativecommons.org/publicdomain/zero/1.0/",
          "rightsHolder": null
        }
      }
    },
    {
      "type": "Feature",
      "geometry": {
        "type": "Point",
        "coordinates": [
          -93.0,
          18.375556
        ]
      },
      "properties": {
        "gbifID": "1894552561",
        "species": "Passiflora coriacea",
        "genus": "Passiflora",
        "family": "Passifloraceae",
        "scientificName": "Passiflora coriacea Juss.",
        "coordinateUncertaintyInMeters": "",
        "basisOfRecord": "PRESERVED_SPECIMEN",
        "eventDate": "1986-02-12",
        "country": null,
        "datasetName": "Actualización de las bases de datos de las colecciones de plantas vasculares y macromicetos del herbario de la UJAT",
        "publisher": "Comisión nacional para el conocimiento y uso de la biodiversidad",
        "license": "CC_BY_4_0",
        "issues": [
          "OCCURRENCE_STATUS_INFERRED_FROM_INDIVIDUAL_COUNT",
          "RECORDED_DATE_INVALID",
          "COORDINATE_ROUNDED",
          "TAXON_ID_NOT_FOUND",
          "SCIENTIFIC_NAME_ID_NOT_FOUND"
        ],
        "fallback_media": {
          "url": "https://api.jacq.org/v1/images/europeana/1638715?withredirect=1",
          "references": "https://api.jacq.org/v1/images/show/1638715?withredirect=1",
          "title": null,
          "creator": null,
          "publisher": null,
          "license": "http://creativecommons.org/publicdomain/zero/1.0/",
          "rightsHolder": null
        }
      }
    },
    {
      "type": "Feature",
      "geometry": {
        "type": "Point",
        "coordinates": [
          -92.508889,
          17.751944
        ]
      },
      "properties": {
        "gbifID": "1894552568",
        "species": "Passiflora coriacea",
        "genus": "Passiflora",
        "family": "Passifloraceae",
        "scientificName": "Passiflora coriacea Juss.",
        "coordinateUncertaintyInMeters": "90.0",
        "basisOfRecord": "PRESERVED_SPECIMEN",
        "eventDate": "2004-04-21",
        "country": null,
        "datasetName": "Actualización de las bases de datos de las colecciones de plantas vasculares y macromicetos del herbario de la UJAT",
        "publisher": "Comisión nacional para el conocimiento y uso de la biodiversidad",
        "license": "CC_BY_4_0",
        "issues": [
          "OCCURRENCE_STATUS_INFERRED_FROM_INDIVIDUAL_COUNT",
          "COORDINATE_ROUNDED",
          "TAXON_ID_NOT_FOUND",
          "SCIENTIFIC_NAME_ID_NOT_FOUND"
        ],
        "fallback_media": {
          "url": "https://api.jacq.org/v1/images/europeana/1638715?withredirect=1",
          "references": "https://api.jacq.org/v1/images/show/1638715?withredirect=1",
          "title": null,
          "creator": null,
          "publisher": null,
          "license": "http://creativecommons.org/publicdomain/zero/1.0/",
          "rightsHolder": null
        }
      }
    },
    {
      "type": "Feature",
      "geometry": {
        "type": "Point",
        "coordinates": [
          -92.420833,
          17.9
        ]
      },
      "properties": {
        "gbifID": "1894552574",
        "species": "Passiflora coriacea",
        "genus": "Passiflora",
        "family": "Passifloraceae",
        "scientificName": "Passiflora coriacea Juss.",
        "coordinateUncertaintyInMeters": "",
        "basisOfRecord": "PRESERVED_SPECIMEN",
        "eventDate": "1996-08-23",
        "country": null,
        "datasetName": "Actualización de las bases de datos de las colecciones de plantas vasculares y macromicetos del herbario de la UJAT",
        "publisher": "Comisión nacional para el conocimiento y uso de la biodiversidad",
        "license": "CC_BY_4_0",
        "issues": [
          "OCCURRENCE_STATUS_INFERRED_FROM_INDIVIDUAL_COUNT",
          "COORDINATE_ROUNDED",
          "TAXON_ID_NOT_FOUND",
          "SCIENTIFIC_NAME_ID_NOT_FOUND"
        ],
        "fallback_media": {
          "url": "https://api.jacq.org/v1/images/europeana/1638715?withredirect=1",
          "references": "https://api.jacq.org/v1/images/show/1638715?withredirect=1",
          "title": null,
          "creator": null,
          "publisher": null,
          "license": "http://creativecommons.org/publicdomain/zero/1.0/",
          "rightsHolder": null
        }
      }
    },
    {
      "type": "Feature",
      "geometry": {
        "type": "Point",
        "coordinates": [
          -92.357222,
          18.4275
        ]
      },
      "properties": {
        "gbifID": "1894552546",
        "species": "Passiflora coriacea",
        "genus": "Passiflora",
        "family": "Passifloraceae",
        "scientificName": "Passiflora coriacea Juss.",
        "coordinateUncertaintyInMeters": "",
        "basisOfRecord": "PRESERVED_SPECIMEN",
        "eventDate": "2002-07-18",
        "country": null,
        "datasetName": "Actualización de las bases de datos de las colecciones de plantas vasculares y macromicetos del herbario de la UJAT",
        "publisher": "Comisión nacional para el conocimiento y uso de la biodiversidad",
        "license": "CC_BY_4_0",
        "issues": [
          "OCCURRENCE_STATUS_INFERRED_FROM_INDIVIDUAL_COUNT",
          "COORDINATE_ROUNDED",
          "TAXON_ID_NOT_FOUND",
          "SCIENTIFIC_NAME_ID_NOT_FOUND"
        ],
        "fallback_media": {
          "url": "https://api.jacq.org/v1/images/europeana/1638715?withredirect=1",
          "references": "https://api.jacq.org/v1/images/show/1638715?withredirect=1",
          "title": null,
          "creator": null,
          "publisher": null,
          "license": "http://creativecommons.org/publicdomain/zero/1.0/",
          "rightsHolder": null
        }
      }
    },
    {
      "type": "Feature",
      "geometry": {
        "type": "Point",
        "coordinates": [
          -92.826111,
          17.438611
        ]
      },
      "properties": {
        "gbifID": "1894552556",
        "species": "Passiflora coriacea",
        "genus": "Passiflora",
        "family": "Passifloraceae",
        "scientificName": "Passiflora coriacea Juss.",
        "coordinateUncertaintyInMeters": "90.0",
        "basisOfRecord": "PRESERVED_SPECIMEN",
        "eventDate": "1996-03-18",
        "country": null,
        "datasetName": "Actualización de las bases de datos de las colecciones de plantas vasculares y macromicetos del herbario de la UJAT",
        "publisher": "Comisión nacional para el conocimiento y uso de la biodiversidad",
        "license": "CC_BY_4_0",
        "issues": [
          "OCCURRENCE_STATUS_INFERRED_FROM_INDIVIDUAL_COUNT",
          "COORDINATE_ROUNDED",
          "TAXON_ID_NOT_FOUND",
          "SCIENTIFIC_NAME_ID_NOT_FOUND"
        ],
        "fallback_media": {
          "url": "https://api.jacq.org/v1/images/europeana/1638715?withredirect=1",
          "references": "https://api.jacq.org/v1/images/show/1638715?withredirect=1",
          "title": null,
          "creator": null,
          "publisher": null,
          "license": "http://creativecommons.org/publicdomain/zero/1.0/",
          "rightsHolder": null
        }
      }
    },
    {
      "type": "Feature",
      "geometry": {
        "type": "Point",
        "coordinates": [
          -98.889444,
          19.492222
        ]
      },
      "properties": {
        "gbifID": "1419193442",
        "species": "Passiflora coriacea",
        "genus": "Passiflora",
        "family": "Passifloraceae",
        "scientificName": "Passiflora coriacea Juss.",
        "coordinateUncertaintyInMeters": "80.0",
        "basisOfRecord": "PRESERVED_SPECIMEN",
        "eventDate": "1991-07-08",
        "country": null,
        "datasetName": "Banco de datos florísticos del Herbario CHAP",
        "publisher": "Comisión nacional para el conocimiento y uso de la biodiversidad",
        "license": "CC_BY_4_0",
        "issues": [
          "OCCURRENCE_STATUS_INFERRED_FROM_INDIVIDUAL_COUNT",
          "RECORDED_DATE_INVALID",
          "COORDINATE_ROUNDED",
          "SCIENTIFIC_NAME_ID_NOT_FOUND",
          "TAXON_ID_NOT_FOUND"
        ],
        "fallback_media": {
          "url": "https://api.jacq.org/v1/images/europeana/1638715?withredirect=1",
          "references": "https://api.jacq.org/v1/images/show/1638715?withredirect=1",
          "title": null,
          "creator": null,
          "publisher": null,
          "license": "http://creativecommons.org/publicdomain/zero/1.0/",
          "rightsHolder": null
        }
      }
    },
    {
      "type": "Feature",
      "geometry": {
        "type": "Point",
        "coordinates": [
          -90.929722,
          16.111111
        ]
      },
      "properties": {
        "gbifID": "1419229846",
        "species": "Passiflora coriacea",
        "genus": "Passiflora",
        "family": "Passifloraceae",
        "scientificName": "Passiflora coriacea Juss.",
        "coordinateUncertaintyInMeters": "100.0",
        "basisOfRecord": "PRESERVED_SPECIMEN",
        "eventDate": "1992-01-20",
        "country": null,
        "datasetName": "Banco de datos florísticos del Herbario CHAP",
        "publisher": "Comisión nacional para el conocimiento y uso de la biodiversidad",
        "license": "CC_BY_4_0",
        "issues": [
          "OCCURRENCE_STATUS_INFERRED_FROM_INDIVIDUAL_COUNT",
          "COORDINATE_ROUNDED",
          "SCIENTIFIC_NAME_ID_NOT_FOUND",
          "TAXON_ID_NOT_FOUND"
        ],
        "fallback_media": {
          "url": "https://api.jacq.org/v1/images/europeana/1638715?withredirect=1",
          "references": "https://api.jacq.org/v1/images/show/1638715?withredirect=1",
          "title": null,
          "creator": null,
          "publisher": null,
          "license": "http://creativecommons.org/publicdomain/zero/1.0/",
          "rightsHolder": null
        }
      }
    },
    {
      "type": "Feature",
      "geometry": {
        "type": "Point",
        "coordinates": [
          -91.097472,
          19.017806
        ]
      },
      "properties": {
        "gbifID": "1894421287",
        "species": "Passiflora coriacea",
        "genus": "Passiflora",
        "family": "Passifloraceae",
        "scientificName": "Passiflora coriacea Juss.",
        "coordinateUncertaintyInMeters": "80.0",
        "basisOfRecord": "PRESERVED_SPECIMEN",
        "eventDate": "2004-10",
        "country": null,
        "datasetName": "Flora acuática vascular y de zonas inundables del área de protección de flora y fauna Laguna de Términos, Campeche, México",
        "publisher": "Comisión nacional para el conocimiento y uso de la biodiversidad",
        "license": "CC_BY_4_0",
        "issues": [
          "OCCURRENCE_STATUS_INFERRED_FROM_INDIVIDUAL_COUNT",
          "RECORDED_DATE_MISMATCH",
          "RECORDED_DATE_INVALID",
          "COORDINATE_ROUNDED",
          "SCIENTIFIC_NAME_ID_NOT_FOUND",
          "TAXON_ID_NOT_FOUND"
        ],
        "fallback_media": {
          "url": "https://api.jacq.org/v1/images/europeana/1638715?withredirect=1",
          "references": "https://api.jacq.org/v1/images/show/1638715?withredirect=1",
          "title": null,
          "creator": null,
          "publisher": null,
          "license": "http://creativecommons.org/publicdomain/zero/1.0/",
          "rightsHolder": null
        }
      }
    },
    {
      "type": "Feature",
      "geometry": {
        "type": "Point",
        "coordinates": [
          -95.525,
          18.708333
        ]
      },
      "properties": {
        "gbifID": "1418344766",
        "species": "Passiflora coriacea",
        "genus": "Passiflora",
        "family": "Passifloraceae",
        "scientificName": "Passiflora coriacea Juss.",
        "coordinateUncertaintyInMeters": "90.0",
        "basisOfRecord": "PRESERVED_SPECIMEN",
        "eventDate": "1995-05-17",
        "country": null,
        "datasetName": "Base de datos computarizada del herbario CIB, Instituto de Investigaciones Biológicas, Universidad Veracruzana",
        "publisher": "Comisión nacional para el conocimiento y uso de la biodiversidad",
        "license": "CC_BY_4_0",
        "issues": [
          "OCCURRENCE_STATUS_INFERRED_FROM_INDIVIDUAL_COUNT",
          "COORDINATE_ROUNDED",
          "TAXON_ID_NOT_FOUND",
          "SCIENTIFIC_NAME_ID_NOT_FOUND"
        ],
        "fallback_media": {
          "url": "https://api.jacq.org/v1/images/europeana/1638715?withredirect=1",
          "references": "https://api.jacq.org/v1/images/show/1638715?withredirect=1",
          "title": null,
          "creator": null,
          "publisher": null,
          "license": "http://creativecommons.org/publicdomain/zero/1.0/",
          "rightsHolder": null
        }
      }
    },
    {
      "type": "Feature",
      "geometry": {
        "type": "Point",
        "coordinates": [
          -93.175,
          17.658333
        ]
      },
      "properties": {
        "gbifID": "4168469765",
        "species": "Passiflora coriacea",
        "genus": "Passiflora",
        "family": "Passifloraceae",
        "scientificName": "Passiflora coriacea Juss.",
        "coordinateUncertaintyInMeters": "90.0",
        "basisOfRecord": "PRESERVED_SPECIMEN",
        "eventDate": "1965-08-31",
        "country": null,
        "datasetName": "Sistematización del Herbario Nacional Forestal Biól Luciano Vela Gálvez",
        "publisher": "Comisión nacional para el conocimiento y uso de la biodiversidad",
        "license": "CC_BY_4_0",
        "issues": [
          "COORDINATE_ROUNDED",
          "TAXON_ID_NOT_FOUND",
          "SCIENTIFIC_NAME_ID_NOT_FOUND"
        ],
        "fallback_media": {
          "url": "https://api.jacq.org/v1/images/europeana/1638715?withredirect=1",
          "references": "https://api.jacq.org/v1/images/show/1638715?withredirect=1",
          "title": null,
          "creator": null,
          "publisher": null,
          "license": "http://creativecommons.org/publicdomain/zero/1.0/",
          "rightsHolder": null
        }
      }
    },
    {
      "type": "Feature",
      "geometry": {
        "type": "Point",
        "coordinates": [
          -93.191667,
          17.608333
        ]
      },
      "properties": {
        "gbifID": "4168470202",
        "species": "Passiflora coriacea",
        "genus": "Passiflora",
        "family": "Passifloraceae",
        "scientificName": "Passiflora coriacea Juss.",
        "coordinateUncertaintyInMeters": "90.0",
        "basisOfRecord": "PRESERVED_SPECIMEN",
        "eventDate": "1965-08-24",
        "country": null,
        "datasetName": "Sistematización del Herbario Nacional Forestal Biól Luciano Vela Gálvez",
        "publisher": "Comisión nacional para el conocimiento y uso de la biodiversidad",
        "license": "CC_BY_4_0",
        "issues": [
          "COORDINATE_ROUNDED",
          "TAXON_ID_NOT_FOUND",
          "SCIENTIFIC_NAME_ID_NOT_FOUND"
        ],
        "fallback_media": {
          "url": "https://api.jacq.org/v1/images/europeana/1638715?withredirect=1",
          "references": "https://api.jacq.org/v1/images/show/1638715?withredirect=1",
          "title": null,
          "creator": null,
          "publisher": null,
          "license": "http://creativecommons.org/publicdomain/zero/1.0/",
          "rightsHolder": null
        }
      }
    },
    {
      "type": "Feature",
      "geometry": {
        "type": "Point",
        "coordinates": [
          -90.725,
          18.608333
        ]
      },
      "properties": {
        "gbifID": "4168490033",
        "species": "Passiflora coriacea",
        "genus": "Passiflora",
        "family": "Passifloraceae",
        "scientificName": "Passiflora coriacea Juss.",
        "coordinateUncertaintyInMeters": "80.0",
        "basisOfRecord": "PRESERVED_SPECIMEN",
        "eventDate": "1984-09-28",
        "country": null,
        "datasetName": "Sistematización del Herbario Nacional Forestal Biól Luciano Vela Gálvez",
        "publisher": "Comisión nacional para el conocimiento y uso de la biodiversidad",
        "license": "CC_BY_4_0",
        "issues": [
          "COORDINATE_ROUNDED",
          "TAXON_ID_NOT_FOUND",
          "SCIENTIFIC_NAME_ID_NOT_FOUND"
        ],
        "fallback_media": {
          "url": "https://api.jacq.org/v1/images/europeana/1638715?withredirect=1",
          "references": "https://api.jacq.org/v1/images/show/1638715?withredirect=1",
          "title": null,
          "creator": null,
          "publisher": null,
          "license": "http://creativecommons.org/publicdomain/zero/1.0/",
          "rightsHolder": null
        }
      }
    },
    {
      "type": "Feature",
      "geometry": {
        "type": "Point",
        "coordinates": [
          -102.1287,
          19.41672
        ]
      },
      "properties": {
        "gbifID": "1894033516",
        "species": "Passiflora coriacea",
        "genus": "Passiflora",
        "family": "Passifloraceae",
        "scientificName": "Passiflora coriacea Juss.",
        "coordinateUncertaintyInMeters": "1916.02",
        "basisOfRecord": "MATERIAL_CITATION",
        "eventDate": "",
        "country": null,
        "datasetName": "Bosque Mesófilo de Montaña de México",
        "publisher": "Comisión nacional para el conocimiento y uso de la biodiversidad",
        "license": "CC_BY_4_0",
        "issues": [
          "OCCURRENCE_STATUS_INFERRED_FROM_INDIVIDUAL_COUNT",
          "SCIENTIFIC_NAME_ID_NOT_FOUND",
          "TAXON_ID_NOT_FOUND"
        ],
        "fallback_media": {
          "url": "https://api.jacq.org/v1/images/europeana/1638715?withredirect=1",
          "references": "https://api.jacq.org/v1/images/show/1638715?withredirect=1",
          "title": null,
          "creator": null,
          "publisher": null,
          "license": "http://creativecommons.org/publicdomain/zero/1.0/",
          "rightsHolder": null
        }
      }
    },
    {
      "type": "Feature",
      "geometry": {
        "type": "Point",
        "coordinates": [
          -96.949274,
          16.213846
        ]
      },
      "properties": {
        "gbifID": "1894033554",
        "species": "Passiflora coriacea",
        "genus": "Passiflora",
        "family": "Passifloraceae",
        "scientificName": "Passiflora coriacea Juss.",
        "coordinateUncertaintyInMeters": "7114.54",
        "basisOfRecord": "MATERIAL_CITATION",
        "eventDate": "",
        "country": null,
        "datasetName": "Bosque Mesófilo de Montaña de México",
        "publisher": "Comisión nacional para el conocimiento y uso de la biodiversidad",
        "license": "CC_BY_4_0",
        "issues": [
          "OCCURRENCE_STATUS_INFERRED_FROM_INDIVIDUAL_COUNT",
          "COORDINATE_ROUNDED",
          "SCIENTIFIC_NAME_ID_NOT_FOUND",
          "TAXON_ID_NOT_FOUND"
        ],
        "fallback_media": {
          "url": "https://api.jacq.org/v1/images/europeana/1638715?withredirect=1",
          "references": "https://api.jacq.org/v1/images/show/1638715?withredirect=1",
          "title": null,
          "creator": null,
          "publisher": null,
          "license": "http://creativecommons.org/publicdomain/zero/1.0/",
          "rightsHolder": null
        }
      }
    },
    {
      "type": "Feature",
      "geometry": {
        "type": "Point",
        "coordinates": [
          -95.960556,
          15.834722
        ]
      },
      "properties": {
        "gbifID": "1893675914",
        "species": "Passiflora coriacea",
        "genus": "Passiflora",
        "family": "Passifloraceae",
        "scientificName": "Passiflora coriacea Juss.",
        "coordinateUncertaintyInMeters": "100.0",
        "basisOfRecord": "PRESERVED_SPECIMEN",
        "eventDate": "1999-04-05",
        "country": null,
        "datasetName": "Etapa final de la captura y catalogación del Herbario del Instituto de Ecología, A.C., Centro Regional del Bajío",
        "publisher": "Comisión nacional para el conocimiento y uso de la biodiversidad",
        "license": "CC_BY_4_0",
        "issues": [
          "RECORDED_DATE_INVALID",
          "COORDINATE_ROUNDED",
          "SCIENTIFIC_NAME_ID_NOT_FOUND",
          "TAXON_ID_NOT_FOUND"
        ],
        "fallback_media": {
          "url": "https://api.jacq.org/v1/images/europeana/1638715?withredirect=1",
          "references": "https://api.jacq.org/v1/images/show/1638715?withredirect=1",
          "title": null,
          "creator": null,
          "publisher": null,
          "license": "http://creativecommons.org/publicdomain/zero/1.0/",
          "rightsHolder": null
        }
      }
    },
    {
      "type": "Feature",
      "geometry": {
        "type": "Point",
        "coordinates": [
          -95.929444,
          15.888611
        ]
      },
      "properties": {
        "gbifID": "1893675909",
        "species": "Passiflora coriacea",
        "genus": "Passiflora",
        "family": "Passifloraceae",
        "scientificName": "Passiflora coriacea Juss.",
        "coordinateUncertaintyInMeters": "100.0",
        "basisOfRecord": "PRESERVED_SPECIMEN",
        "eventDate": "1999-01-04",
        "country": null,
        "datasetName": "Etapa final de la captura y catalogación del Herbario del Instituto de Ecología, A.C., Centro Regional del Bajío",
        "publisher": "Comisión nacional para el conocimiento y uso de la biodiversidad",
        "license": "CC_BY_4_0",
        "issues": [
          "RECORDED_DATE_INVALID",
          "COORDINATE_ROUNDED",
          "SCIENTIFIC_NAME_ID_NOT_FOUND",
          "TAXON_ID_NOT_FOUND"
        ],
        "fallback_media": {
          "url": "https://api.jacq.org/v1/images/europeana/1638715?withredirect=1",
          "references": "https://api.jacq.org/v1/images/show/1638715?withredirect=1",
          "title": null,
          "creator": null,
          "publisher": null,
          "license": "http://creativecommons.org/publicdomain/zero/1.0/",
          "rightsHolder": null
        }
      }
    },
    {
      "type": "Feature",
      "geometry": {
        "type": "Point",
        "coordinates": [
          -97.175,
          19.971667
        ]
      },
      "properties": {
        "gbifID": "1893675913",
        "species": "Passiflora coriacea",
        "genus": "Passiflora",
        "family": "Passifloraceae",
        "scientificName": "Passiflora coriacea Juss.",
        "coordinateUncertaintyInMeters": "80.0",
        "basisOfRecord": "PRESERVED_SPECIMEN",
        "eventDate": "1977-09-09",
        "country": null,
        "datasetName": "Etapa final de la captura y catalogación del Herbario del Instituto de Ecología, A.C., Centro Regional del Bajío",
        "publisher": "Comisión nacional para el conocimiento y uso de la biodiversidad",
        "license": "CC_BY_4_0",
        "issues": [
          "OCCURRENCE_STATUS_INFERRED_FROM_INDIVIDUAL_COUNT",
          "COORDINATE_ROUNDED",
          "SCIENTIFIC_NAME_ID_NOT_FOUND",
          "TAXON_ID_NOT_FOUND"
        ],
        "fallback_media": {
          "url": "https://api.jacq.org/v1/images/europeana/1638715?withredirect=1",
          "references": "https://api.jacq.org/v1/images/show/1638715?withredirect=1",
          "title": null,
          "creator": null,
          "publisher": null,
          "license": "http://creativecommons.org/publicdomain/zero/1.0/",
          "rightsHolder": null
        }
      }
    },
    {
      "type": "Feature",
      "geometry": {
        "type": "Point",
        "coordinates": [
          -97.245,
          19.786667
        ]
      },
      "properties": {
        "gbifID": "1893675908",
        "species": "Passiflora coriacea",
        "genus": "Passiflora",
        "family": "Passifloraceae",
        "scientificName": "Passiflora coriacea Juss.",
        "coordinateUncertaintyInMeters": "80.0",
        "basisOfRecord": "PRESERVED_SPECIMEN",
        "eventDate": "1982-08-16",
        "country": null,
        "datasetName": "Etapa final de la captura y catalogación del Herbario del Instituto de Ecología, A.C., Centro Regional del Bajío",
        "publisher": "Comisión nacional para el conocimiento y uso de la biodiversidad",
        "license": "CC_BY_4_0",
        "issues": [
          "OCCURRENCE_STATUS_INFERRED_FROM_INDIVIDUAL_COUNT",
          "COORDINATE_ROUNDED",
          "TAXON_ID_NOT_FOUND",
          "SCIENTIFIC_NAME_ID_NOT_FOUND"
        ],
        "fallback_media": {
          "url": "https://api.jacq.org/v1/images/europeana/1638715?withredirect=1",
          "references": "https://api.jacq.org/v1/images/show/1638715?withredirect=1",
          "title": null,
          "creator": null,
          "publisher": null,
          "license": "http://creativecommons.org/publicdomain/zero/1.0/",
          "rightsHolder": null
        }
      }
    },
    {
      "type": "Feature",
      "geometry": {
        "type": "Point",
        "coordinates": [
          -100.018333,
          17.011667
        ]
      },
      "properties": {
        "gbifID": "1893675907",
        "species": "Passiflora coriacea",
        "genus": "Passiflora",
        "family": "Passifloraceae",
        "scientificName": "Passiflora coriacea Juss.",
        "coordinateUncertaintyInMeters": "100.0",
        "basisOfRecord": "PRESERVED_SPECIMEN",
        "eventDate": "1986-04-10",
        "country": null,
        "datasetName": "Etapa final de la captura y catalogación del Herbario del Instituto de Ecología, A.C., Centro Regional del Bajío",
        "publisher": "Comisión nacional para el conocimiento y uso de la biodiversidad",
        "license": "CC_BY_4_0",
        "issues": [
          "OCCURRENCE_STATUS_INFERRED_FROM_INDIVIDUAL_COUNT",
          "RECORDED_DATE_INVALID",
          "COORDINATE_ROUNDED",
          "TAXON_ID_NOT_FOUND",
          "SCIENTIFIC_NAME_ID_NOT_FOUND"
        ],
        "fallback_media": {
          "url": "https://api.jacq.org/v1/images/europeana/1638715?withredirect=1",
          "references": "https://api.jacq.org/v1/images/show/1638715?withredirect=1",
          "title": null,
          "creator": null,
          "publisher": null,
          "license": "http://creativecommons.org/publicdomain/zero/1.0/",
          "rightsHolder": null
        }
      }
    },
    {
      "type": "Feature",
      "geometry": {
        "type": "Point",
        "coordinates": [
          -91.130278,
          16.760555
        ]
      },
      "properties": {
        "gbifID": "1895147508",
        "species": "Passiflora coriacea",
        "genus": "Passiflora",
        "family": "Passifloraceae",
        "scientificName": "Passiflora coriacea Juss.",
        "coordinateUncertaintyInMeters": "90.0",
        "basisOfRecord": "PRESERVED_SPECIMEN",
        "eventDate": "1991-04-07",
        "country": null,
        "datasetName": "Sistematización de la colección entomológica y actualización de la colección del herbario CHIP del Instituto de Historia Natural y Ecología (IHNE), Chiapas",
        "publisher": "Comisión nacional para el conocimiento y uso de la biodiversidad",
        "license": "CC_BY_4_0",
        "issues": [
          "OCCURRENCE_STATUS_INFERRED_FROM_INDIVIDUAL_COUNT",
          "RECORDED_DATE_INVALID",
          "COORDINATE_ROUNDED",
          "TAXON_ID_NOT_FOUND",
          "SCIENTIFIC_NAME_ID_NOT_FOUND"
        ],
        "fallback_media": {
          "url": "https://api.jacq.org/v1/images/europeana/1638715?withredirect=1",
          "references": "https://api.jacq.org/v1/images/show/1638715?withredirect=1",
          "title": null,
          "creator": null,
          "publisher": null,
          "license": "http://creativecommons.org/publicdomain/zero/1.0/",
          "rightsHolder": null
        }
      }
    },
    {
      "type": "Feature",
      "geometry": {
        "type": "Point",
        "coordinates": [
          -87.970833,
          19.494167
        ]
      },
      "properties": {
        "gbifID": "1894677982",
        "species": "Passiflora coriacea",
        "genus": "Passiflora",
        "family": "Passifloraceae",
        "scientificName": "Passiflora coriacea Juss.",
        "coordinateUncertaintyInMeters": "80.0",
        "basisOfRecord": "PRESERVED_SPECIMEN",
        "eventDate": "1985-03-04",
        "country": null,
        "datasetName": "Base de datos del Herbario CIQR de El Colegio de la Frontera Sur, unidad Chetumal",
        "publisher": "Comisión nacional para el conocimiento y uso de la biodiversidad",
        "license": "CC_BY_4_0",
        "issues": [
          "OCCURRENCE_STATUS_INFERRED_FROM_INDIVIDUAL_COUNT",
          "RECORDED_DATE_INVALID",
          "COORDINATE_ROUNDED",
          "SCIENTIFIC_NAME_ID_NOT_FOUND",
          "TAXON_ID_NOT_FOUND"
        ],
        "fallback_media": {
          "url": "https://api.jacq.org/v1/images/europeana/1638715?withredirect=1",
          "references": "https://api.jacq.org/v1/images/show/1638715?withredirect=1",
          "title": null,
          "creator": null,
          "publisher": null,
          "license": "http://creativecommons.org/publicdomain/zero/1.0/",
          "rightsHolder": null
        }
      }
    },
    {
      "type": "Feature",
      "geometry": {
        "type": "Point",
        "coordinates": [
          -86.833611,
          21.161111
        ]
      },
      "properties": {
        "gbifID": "1894677936",
        "species": "Passiflora coriacea",
        "genus": "Passiflora",
        "family": "Passifloraceae",
        "scientificName": "Passiflora coriacea Juss.",
        "coordinateUncertaintyInMeters": "70.0",
        "basisOfRecord": "PRESERVED_SPECIMEN",
        "eventDate": "1983-07-20",
        "country": null,
        "datasetName": "Base de datos del Herbario CIQR de El Colegio de la Frontera Sur, unidad Chetumal",
        "publisher": "Comisión nacional para el conocimiento y uso de la biodiversidad",
        "license": "CC_BY_4_0",
        "issues": [
          "OCCURRENCE_STATUS_INFERRED_FROM_INDIVIDUAL_COUNT",
          "COORDINATE_ROUNDED",
          "SCIENTIFIC_NAME_ID_NOT_FOUND",
          "TAXON_ID_NOT_FOUND"
        ],
        "fallback_media": {
          "url": "https://api.jacq.org/v1/images/europeana/1638715?withredirect=1",
          "references": "https://api.jacq.org/v1/images/show/1638715?withredirect=1",
          "title": null,
          "creator": null,
          "publisher": null,
          "license": "http://creativecommons.org/publicdomain/zero/1.0/",
          "rightsHolder": null
        }
      }
    },
    {
      "type": "Feature",
      "geometry": {
        "type": "Point",
        "coordinates": [
          -88.603195,
          18.073552
        ]
      },
      "properties": {
        "gbifID": "1894677963",
        "species": "Passiflora coriacea",
        "genus": "Passiflora",
        "family": "Passifloraceae",
        "scientificName": "Passiflora coriacea Juss.",
        "coordinateUncertaintyInMeters": "1270.0",
        "basisOfRecord": "PRESERVED_SPECIMEN",
        "eventDate": "1992-01-11",
        "country": null,
        "datasetName": "Base de datos del Herbario CIQR de El Colegio de la Frontera Sur, unidad Chetumal",
        "publisher": "Comisión nacional para el conocimiento y uso de la biodiversidad",
        "license": "CC_BY_4_0",
        "issues": [
          "OCCURRENCE_STATUS_INFERRED_FROM_INDIVIDUAL_COUNT",
          "RECORDED_DATE_INVALID",
          "COORDINATE_ROUNDED",
          "SCIENTIFIC_NAME_ID_NOT_FOUND",
          "TAXON_ID_NOT_FOUND"
        ],
        "fallback_media": {
          "url": "https://api.jacq.org/v1/images/europeana/1638715?withredirect=1",
          "references": "https://api.jacq.org/v1/images/show/1638715?withredirect=1",
          "title": null,
          "creator": null,
          "publisher": null,
          "license": "http://creativecommons.org/publicdomain/zero/1.0/",
          "rightsHolder": null
        }
      }
    },
    {
      "type": "Feature",
      "geometry": {
        "type": "Point",
        "coordinates": [
          -88.225,
          19.391667
        ]
      },
      "properties": {
        "gbifID": "1894677896",
        "species": "Passiflora coriacea",
        "genus": "Passiflora",
        "family": "Passifloraceae",
        "scientificName": "Passiflora coriacea Juss.",
        "coordinateUncertaintyInMeters": "80.0",
        "basisOfRecord": "PRESERVED_SPECIMEN",
        "eventDate": "1991-10-28",
        "country": null,
        "datasetName": "Base de datos del Herbario CIQR de El Colegio de la Frontera Sur, unidad Chetumal",
        "publisher": "Comisión nacional para el conocimiento y uso de la biodiversidad",
        "license": "CC_BY_4_0",
        "issues": [
          "OCCURRENCE_STATUS_INFERRED_FROM_INDIVIDUAL_COUNT",
          "COORDINATE_ROUNDED",
          "SCIENTIFIC_NAME_ID_NOT_FOUND",
          "TAXON_ID_NOT_FOUND"
        ],
        "fallback_media": {
          "url": "https://api.jacq.org/v1/images/europeana/1638715?withredirect=1",
          "references": "https://api.jacq.org/v1/images/show/1638715?withredirect=1",
          "title": null,
          "creator": null,
          "publisher": null,
          "license": "http://creativecommons.org/publicdomain/zero/1.0/",
          "rightsHolder": null
        }
      }
    },
    {
      "type": "Feature",
      "geometry": {
        "type": "Point",
        "coordinates": [
          -88.133065,
          19.400003
        ]
      },
      "properties": {
        "gbifID": "1894677998",
        "species": "Passiflora coriacea",
        "genus": "Passiflora",
        "family": "Passifloraceae",
        "scientificName": "Passiflora coriacea Juss.",
        "coordinateUncertaintyInMeters": "590.0",
        "basisOfRecord": "PRESERVED_SPECIMEN",
        "eventDate": "1991-11-14",
        "country": null,
        "datasetName": "Base de datos del Herbario CIQR de El Colegio de la Frontera Sur, unidad Chetumal",
        "publisher": "Comisión nacional para el conocimiento y uso de la biodiversidad",
        "license": "CC_BY_4_0",
        "issues": [
          "OCCURRENCE_STATUS_INFERRED_FROM_INDIVIDUAL_COUNT",
          "COORDINATE_ROUNDED",
          "SCIENTIFIC_NAME_ID_NOT_FOUND",
          "TAXON_ID_NOT_FOUND"
        ],
        "fallback_media": {
          "url": "https://api.jacq.org/v1/images/europeana/1638715?withredirect=1",
          "references": "https://api.jacq.org/v1/images/show/1638715?withredirect=1",
          "title": null,
          "creator": null,
          "publisher": null,
          "license": "http://creativecommons.org/publicdomain/zero/1.0/",
          "rightsHolder": null
        }
      }
    },
    {
      "type": "Feature",
      "geometry": {
        "type": "Point",
        "coordinates": [
          -88.791667,
          18.425
        ]
      },
      "properties": {
        "gbifID": "1894677917",
        "species": "Passiflora coriacea",
        "genus": "Passiflora",
        "family": "Passifloraceae",
        "scientificName": "Passiflora coriacea Juss.",
        "coordinateUncertaintyInMeters": "80.0",
        "basisOfRecord": "PRESERVED_SPECIMEN",
        "eventDate": "1990-08-10",
        "country": null,
        "datasetName": "Base de datos del Herbario CIQR de El Colegio de la Frontera Sur, unidad Chetumal",
        "publisher": "Comisión nacional para el conocimiento y uso de la biodiversidad",
        "license": "CC_BY_4_0",
        "issues": [
          "OCCURRENCE_STATUS_INFERRED_FROM_INDIVIDUAL_COUNT",
          "RECORDED_DATE_INVALID",
          "COORDINATE_ROUNDED",
          "SCIENTIFIC_NAME_ID_NOT_FOUND",
          "TAXON_ID_NOT_FOUND"
        ],
        "fallback_media": {
          "url": "https://api.jacq.org/v1/images/europeana/1638715?withredirect=1",
          "references": "https://api.jacq.org/v1/images/show/1638715?withredirect=1",
          "title": null,
          "creator": null,
          "publisher": null,
          "license": "http://creativecommons.org/publicdomain/zero/1.0/",
          "rightsHolder": null
        }
      }
    },
    {
      "type": "Feature",
      "geometry": {
        "type": "Point",
        "coordinates": [
          -89.356945,
          17.872503
        ]
      },
      "properties": {
        "gbifID": "1894678018",
        "species": "Passiflora coriacea",
        "genus": "Passiflora",
        "family": "Passifloraceae",
        "scientificName": "Passiflora coriacea Juss.",
        "coordinateUncertaintyInMeters": "540.0",
        "basisOfRecord": "PRESERVED_SPECIMEN",
        "eventDate": "2006-08-20",
        "country": null,
        "datasetName": "Base de datos del Herbario CIQR de El Colegio de la Frontera Sur, unidad Chetumal",
        "publisher": "Comisión nacional para el conocimiento y uso de la biodiversidad",
        "license": "CC_BY_4_0",
        "issues": [
          "OCCURRENCE_STATUS_INFERRED_FROM_INDIVIDUAL_COUNT",
          "COORDINATE_ROUNDED",
          "SCIENTIFIC_NAME_ID_NOT_FOUND",
          "TAXON_ID_NOT_FOUND"
        ],
        "fallback_media": {
          "url": "https://api.jacq.org/v1/images/europeana/1638715?withredirect=1",
          "references": "https://api.jacq.org/v1/images/show/1638715?withredirect=1",
          "title": null,
          "creator": null,
          "publisher": null,
          "license": "http://creativecommons.org/publicdomain/zero/1.0/",
          "rightsHolder": null
        }
      }
    },
    {
      "type": "Feature",
      "geometry": {
        "type": "Point",
        "coordinates": [
          -93.155167,
          15.765833
        ]
      },
      "properties": {
        "gbifID": "2630140448",
        "species": "Passiflora coriacea",
        "genus": "Passiflora",
        "family": "Passifloraceae",
        "scientificName": "Passiflora coriacea Juss.",
        "coordinateUncertaintyInMeters": "100.0",
        "basisOfRecord": "PRESERVED_SPECIMEN",
        "eventDate": "2005-05-21",
        "country": null,
        "datasetName": "Flora y vegetación de la región terrestre prioritaria Tacaná-Boquerón, Chiapas, México",
        "publisher": "Comisión nacional para el conocimiento y uso de la biodiversidad",
        "license": "CC_BY_4_0",
        "issues": [
          "OCCURRENCE_STATUS_INFERRED_FROM_INDIVIDUAL_COUNT",
          "COORDINATE_ROUNDED",
          "TAXON_ID_NOT_FOUND",
          "SCIENTIFIC_NAME_ID_NOT_FOUND"
        ],
        "fallback_media": {
          "url": "https://api.jacq.org/v1/images/europeana/1638715?withredirect=1",
          "references": "https://api.jacq.org/v1/images/show/1638715?withredirect=1",
          "title": null,
          "creator": null,
          "publisher": null,
          "license": "http://creativecommons.org/publicdomain/zero/1.0/",
          "rightsHolder": null
        }
      }
    },
    {
      "type": "Feature",
      "geometry": {
        "type": "Point",
        "coordinates": [
          -92.661111,
          15.373333
        ]
      },
      "properties": {
        "gbifID": "2630145129",
        "species": "Passiflora coriacea",
        "genus": "Passiflora",
        "family": "Passifloraceae",
        "scientificName": "Passiflora coriacea Juss.",
        "coordinateUncertaintyInMeters": "",
        "basisOfRecord": "PRESERVED_SPECIMEN",
        "eventDate": "2009-01-07",
        "country": null,
        "datasetName": "Flora y vegetación de la región terrestre prioritaria Tacaná-Boquerón, Chiapas, México",
        "publisher": "Comisión nacional para el conocimiento y uso de la biodiversidad",
        "license": "CC_BY_4_0",
        "issues": [
          "OCCURRENCE_STATUS_INFERRED_FROM_INDIVIDUAL_COUNT",
          "RECORDED_DATE_INVALID",
          "COORDINATE_ROUNDED",
          "TAXON_ID_NOT_FOUND",
          "SCIENTIFIC_NAME_ID_NOT_FOUND"
        ],
        "fallback_media": {
          "url": "https://api.jacq.org/v1/images/europeana/1638715?withredirect=1",
          "references": "https://api.jacq.org/v1/images/show/1638715?withredirect=1",
          "title": null,
          "creator": null,
          "publisher": null,
          "license": "http://creativecommons.org/publicdomain/zero/1.0/",
          "rightsHolder": null
        }
      }
    },
    {
      "type": "Feature",
      "geometry": {
        "type": "Point",
        "coordinates": [
          -92.134722,
          17.2625
        ]
      },
      "properties": {
        "gbifID": "2630151511",
        "species": "Passiflora coriacea",
        "genus": "Passiflora",
        "family": "Passifloraceae",
        "scientificName": "Passiflora coriacea Juss.",
        "coordinateUncertaintyInMeters": "90.0",
        "basisOfRecord": "PRESERVED_SPECIMEN",
        "eventDate": "1988-06-22",
        "country": null,
        "datasetName": "Flora y vegetación de la región terrestre prioritaria Tacaná-Boquerón, Chiapas, México",
        "publisher": "Comisión nacional para el conocimiento y uso de la biodiversidad",
        "license": "CC_BY_4_0",
        "issues": [
          "OCCURRENCE_STATUS_INFERRED_FROM_INDIVIDUAL_COUNT",
          "COORDINATE_ROUNDED",
          "TAXON_ID_NOT_FOUND",
          "SCIENTIFIC_NAME_ID_NOT_FOUND"
        ],
        "fallback_media": {
          "url": "https://api.jacq.org/v1/images/europeana/1638715?withredirect=1",
          "references": "https://api.jacq.org/v1/images/show/1638715?withredirect=1",
          "title": null,
          "creator": null,
          "publisher": null,
          "license": "http://creativecommons.org/publicdomain/zero/1.0/",
          "rightsHolder": null
        }
      }
    },
    {
      "type": "Feature",
      "geometry": {
        "type": "Point",
        "coordinates": [
          -92.661111,
          15.374444
        ]
      },
      "properties": {
        "gbifID": "2630151764",
        "species": "Passiflora coriacea",
        "genus": "Passiflora",
        "family": "Passifloraceae",
        "scientificName": "Passiflora coriacea Juss.",
        "coordinateUncertaintyInMeters": "",
        "basisOfRecord": "PRESERVED_SPECIMEN",
        "eventDate": "2006-01-07",
        "country": null,
        "datasetName": "Flora y vegetación de la región terrestre prioritaria Tacaná-Boquerón, Chiapas, México",
        "publisher": "Comisión nacional para el conocimiento y uso de la biodiversidad",
        "license": "CC_BY_4_0",
        "issues": [
          "OCCURRENCE_STATUS_INFERRED_FROM_INDIVIDUAL_COUNT",
          "RECORDED_DATE_INVALID",
          "COORDINATE_ROUNDED",
          "TAXON_ID_NOT_FOUND",
          "SCIENTIFIC_NAME_ID_NOT_FOUND"
        ],
        "fallback_media": {
          "url": "https://api.jacq.org/v1/images/europeana/1638715?withredirect=1",
          "references": "https://api.jacq.org/v1/images/show/1638715?withredirect=1",
          "title": null,
          "creator": null,
          "publisher": null,
          "license": "http://creativecommons.org/publicdomain/zero/1.0/",
          "rightsHolder": null
        }
      }
    },
    {
      "type": "Feature",
      "geometry": {
        "type": "Point",
        "coordinates": [
          -88.977222,
          18.481111
        ]
      },
      "properties": {
        "gbifID": "1421358142",
        "species": "Passiflora coriacea",
        "genus": "Passiflora",
        "family": "Passifloraceae",
        "scientificName": "Passiflora coriacea Juss.",
        "coordinateUncertaintyInMeters": "80.0",
        "basisOfRecord": "PRESERVED_SPECIMEN",
        "eventDate": "2002-01-22",
        "country": null,
        "datasetName": "Depuración de la colección y base de datos del Herbario CICY. Fase IV",
        "publisher": "Comisión nacional para el conocimiento y uso de la biodiversidad",
        "license": "CC_BY_4_0",
        "issues": [
          "OCCURRENCE_STATUS_INFERRED_FROM_INDIVIDUAL_COUNT",
          "COORDINATE_ROUNDED",
          "TAXON_ID_NOT_FOUND",
          "SCIENTIFIC_NAME_ID_NOT_FOUND"
        ],
        "fallback_media": {
          "url": "https://api.jacq.org/v1/images/europeana/1638715?withredirect=1",
          "references": "https://api.jacq.org/v1/images/show/1638715?withredirect=1",
          "title": null,
          "creator": null,
          "publisher": null,
          "license": "http://creativecommons.org/publicdomain/zero/1.0/",
          "rightsHolder": null
        }
      }
    },
    {
      "type": "Feature",
      "geometry": {
        "type": "Point",
        "coordinates": [
          -88.978056,
          18.483611
        ]
      },
      "properties": {
        "gbifID": "1421352496",
        "species": "Passiflora coriacea",
        "genus": "Passiflora",
        "family": "Passifloraceae",
        "scientificName": "Passiflora coriacea Juss.",
        "coordinateUncertaintyInMeters": "80.0",
        "basisOfRecord": "PRESERVED_SPECIMEN",
        "eventDate": "2001-07-27",
        "country": null,
        "datasetName": "Depuración de la colección y base de datos del Herbario CICY. Fase IV",
        "publisher": "Comisión nacional para el conocimiento y uso de la biodiversidad",
        "license": "CC_BY_4_0",
        "issues": [
          "OCCURRENCE_STATUS_INFERRED_FROM_INDIVIDUAL_COUNT",
          "COORDINATE_ROUNDED",
          "TAXON_ID_NOT_FOUND",
          "SCIENTIFIC_NAME_ID_NOT_FOUND"
        ],
        "fallback_media": {
          "url": "https://api.jacq.org/v1/images/europeana/1638715?withredirect=1",
          "references": "https://api.jacq.org/v1/images/show/1638715?withredirect=1",
          "title": null,
          "creator": null,
          "publisher": null,
          "license": "http://creativecommons.org/publicdomain/zero/1.0/",
          "rightsHolder": null
        }
      }
    },
    {
      "type": "Feature",
      "geometry": {
        "type": "Point",
        "coordinates": [
          -88.045278,
          19.579167
        ]
      },
      "properties": {
        "gbifID": "1421380072",
        "species": "Passiflora coriacea",
        "genus": "Passiflora",
        "family": "Passifloraceae",
        "scientificName": "Passiflora coriacea Juss.",
        "coordinateUncertaintyInMeters": "80.0",
        "basisOfRecord": "PRESERVED_SPECIMEN",
        "eventDate": "1994-08-05",
        "country": null,
        "datasetName": "Depuración de la colección y base de datos del Herbario CICY. Fase IV",
        "publisher": "Comisión nacional para el conocimiento y uso de la biodiversidad",
        "license": "CC_BY_4_0",
        "issues": [
          "OCCURRENCE_STATUS_INFERRED_FROM_INDIVIDUAL_COUNT",
          "RECORDED_DATE_INVALID",
          "COORDINATE_ROUNDED",
          "TAXON_ID_NOT_FOUND",
          "SCIENTIFIC_NAME_ID_NOT_FOUND"
        ],
        "fallback_media": {
          "url": "https://api.jacq.org/v1/images/europeana/1638715?withredirect=1",
          "references": "https://api.jacq.org/v1/images/show/1638715?withredirect=1",
          "title": null,
          "creator": null,
          "publisher": null,
          "license": "http://creativecommons.org/publicdomain/zero/1.0/",
          "rightsHolder": null
        }
      }
    },
    {
      "type": "Feature",
      "geometry": {
        "type": "Point",
        "coordinates": [
          -88.429444,
          20.315278
        ]
      },
      "properties": {
        "gbifID": "1421396539",
        "species": "Passiflora coriacea",
        "genus": "Passiflora",
        "family": "Passifloraceae",
        "scientificName": "Passiflora coriacea Juss.",
        "coordinateUncertaintyInMeters": "70.0",
        "basisOfRecord": "PRESERVED_SPECIMEN",
        "eventDate": "1994-07-03",
        "country": null,
        "datasetName": "Depuración de la colección y base de datos del Herbario CICY. Fase IV",
        "publisher": "Comisión nacional para el conocimiento y uso de la biodiversidad",
        "license": "CC_BY_4_0",
        "issues": [
          "OCCURRENCE_STATUS_INFERRED_FROM_INDIVIDUAL_COUNT",
          "RECORDED_DATE_INVALID",
          "COORDINATE_ROUNDED",
          "TAXON_ID_NOT_FOUND",
          "SCIENTIFIC_NAME_ID_NOT_FOUND"
        ],
        "fallback_media": {
          "url": "https://api.jacq.org/v1/images/europeana/1638715?withredirect=1",
          "references": "https://api.jacq.org/v1/images/show/1638715?withredirect=1",
          "title": null,
          "creator": null,
          "publisher": null,
          "license": "http://creativecommons.org/publicdomain/zero/1.0/",
          "rightsHolder": null
        }
      }
    },
    {
      "type": "Feature",
      "geometry": {
        "type": "Point",
        "coordinates": [
          -97.316667,
          15.95
        ]
      },
      "properties": {
        "gbifID": "1421397330",
        "species": "Passiflora coriacea",
        "genus": "Passiflora",
        "family": "Passifloraceae",
        "scientificName": "Passiflora coriacea Juss.",
        "coordinateUncertaintyInMeters": "100.0",
        "basisOfRecord": "PRESERVED_SPECIMEN",
        "eventDate": "1993-12-03",
        "country": null,
        "datasetName": "Depuración de la colección y base de datos del Herbario CICY. Fase IV",
        "publisher": "Comisión nacional para el conocimiento y uso de la biodiversidad",
        "license": "CC_BY_4_0",
        "issues": [
          "OCCURRENCE_STATUS_INFERRED_FROM_INDIVIDUAL_COUNT",
          "RECORDED_DATE_INVALID",
          "COORDINATE_ROUNDED",
          "TAXON_ID_NOT_FOUND",
          "SCIENTIFIC_NAME_ID_NOT_FOUND"
        ],
        "fallback_media": {
          "url": "https://api.jacq.org/v1/images/europeana/1638715?withredirect=1",
          "references": "https://api.jacq.org/v1/images/show/1638715?withredirect=1",
          "title": null,
          "creator": null,
          "publisher": null,
          "license": "http://creativecommons.org/publicdomain/zero/1.0/",
          "rightsHolder": null
        }
      }
    },
    {
      "type": "Feature",
      "geometry": {
        "type": "Point",
        "coordinates": [
          -90.327778,
          19.040278
        ]
      },
      "properties": {
        "gbifID": "1421402502",
        "species": "Passiflora coriacea",
        "genus": "Passiflora",
        "family": "Passifloraceae",
        "scientificName": "Passiflora coriacea Juss.",
        "coordinateUncertaintyInMeters": "80.0",
        "basisOfRecord": "PRESERVED_SPECIMEN",
        "eventDate": "1984-08-08",
        "country": null,
        "datasetName": "Depuración de la colección y base de datos del Herbario CICY. Fase IV",
        "publisher": "Comisión nacional para el conocimiento y uso de la biodiversidad",
        "license": "CC_BY_4_0",
        "issues": [
          "OCCURRENCE_STATUS_INFERRED_FROM_INDIVIDUAL_COUNT",
          "COORDINATE_ROUNDED",
          "TAXON_ID_NOT_FOUND",
          "SCIENTIFIC_NAME_ID_NOT_FOUND"
        ],
        "fallback_media": {
          "url": "https://api.jacq.org/v1/images/europeana/1638715?withredirect=1",
          "references": "https://api.jacq.org/v1/images/show/1638715?withredirect=1",
          "title": null,
          "creator": null,
          "publisher": null,
          "license": "http://creativecommons.org/publicdomain/zero/1.0/",
          "rightsHolder": null
        }
      }
    },
    {
      "type": "Feature",
      "geometry": {
        "type": "Point",
        "coordinates": [
          -89.374444,
          17.870556
        ]
      },
      "properties": {
        "gbifID": "1421415903",
        "species": "Passiflora coriacea",
        "genus": "Passiflora",
        "family": "Passifloraceae",
        "scientificName": "Passiflora coriacea Juss.",
        "coordinateUncertaintyInMeters": "",
        "basisOfRecord": "PRESERVED_SPECIMEN",
        "eventDate": "2006-06-20",
        "country": null,
        "datasetName": "Depuración de la colección y base de datos del Herbario CICY. Fase IV",
        "publisher": "Comisión nacional para el conocimiento y uso de la biodiversidad",
        "license": "CC_BY_4_0",
        "issues": [
          "OCCURRENCE_STATUS_INFERRED_FROM_INDIVIDUAL_COUNT",
          "COORDINATE_ROUNDED",
          "TAXON_ID_NOT_FOUND",
          "SCIENTIFIC_NAME_ID_NOT_FOUND"
        ],
        "fallback_media": {
          "url": "https://api.jacq.org/v1/images/europeana/1638715?withredirect=1",
          "references": "https://api.jacq.org/v1/images/show/1638715?withredirect=1",
          "title": null,
          "creator": null,
          "publisher": null,
          "license": "http://creativecommons.org/publicdomain/zero/1.0/",
          "rightsHolder": null
        }
      }
    },
    {
      "type": "Feature",
      "geometry": {
        "type": "Point",
        "coordinates": [
          -91.105556,
          18.501389
        ]
      },
      "properties": {
        "gbifID": "1421404623",
        "species": "Passiflora coriacea",
        "genus": "Passiflora",
        "family": "Passifloraceae",
        "scientificName": "Passiflora coriacea Juss.",
        "coordinateUncertaintyInMeters": "80.0",
        "basisOfRecord": "PRESERVED_SPECIMEN",
        "eventDate": "1983-05-11",
        "country": null,
        "datasetName": "Depuración de la colección y base de datos del Herbario CICY. Fase IV",
        "publisher": "Comisión nacional para el conocimiento y uso de la biodiversidad",
        "license": "CC_BY_4_0",
        "issues": [
          "OCCURRENCE_STATUS_INFERRED_FROM_INDIVIDUAL_COUNT",
          "RECORDED_DATE_INVALID",
          "COORDINATE_ROUNDED",
          "TAXON_ID_NOT_FOUND",
          "SCIENTIFIC_NAME_ID_NOT_FOUND"
        ],
        "fallback_media": {
          "url": "https://api.jacq.org/v1/images/europeana/1638715?withredirect=1",
          "references": "https://api.jacq.org/v1/images/show/1638715?withredirect=1",
          "title": null,
          "creator": null,
          "publisher": null,
          "license": "http://creativecommons.org/publicdomain/zero/1.0/",
          "rightsHolder": null
        }
      }
    },
    {
      "type": "Feature",
      "geometry": {
        "type": "Point",
        "coordinates": [
          -90.118333,
          19.484722
        ]
      },
      "properties": {
        "gbifID": "1421385429",
        "species": "Passiflora coriacea",
        "genus": "Passiflora",
        "family": "Passifloraceae",
        "scientificName": "Passiflora coriacea Juss.",
        "coordinateUncertaintyInMeters": "80.0",
        "basisOfRecord": "PRESERVED_SPECIMEN",
        "eventDate": "1992-08-24",
        "country": null,
        "datasetName": "Depuración de la colección y base de datos del Herbario CICY. Fase IV",
        "publisher": "Comisión nacional para el conocimiento y uso de la biodiversidad",
        "license": "CC_BY_4_0",
        "issues": [
          "OCCURRENCE_STATUS_INFERRED_FROM_INDIVIDUAL_COUNT",
          "COORDINATE_ROUNDED",
          "TAXON_ID_NOT_FOUND",
          "SCIENTIFIC_NAME_ID_NOT_FOUND"
        ],
        "fallback_media": {
          "url": "https://api.jacq.org/v1/images/europeana/1638715?withredirect=1",
          "references": "https://api.jacq.org/v1/images/show/1638715?withredirect=1",
          "title": null,
          "creator": null,
          "publisher": null,
          "license": "http://creativecommons.org/publicdomain/zero/1.0/",
          "rightsHolder": null
        }
      }
    },
    {
      "type": "Feature",
      "geometry": {
        "type": "Point",
        "coordinates": [
          -97.299444,
          20.008333
        ]
      },
      "properties": {
        "gbifID": "1897383583",
        "species": "Passiflora coriacea",
        "genus": "Passiflora",
        "family": "Passifloraceae",
        "scientificName": "Passiflora coriacea Juss.",
        "coordinateUncertaintyInMeters": "80.0",
        "basisOfRecord": "PRESERVED_SPECIMEN",
        "eventDate": "2008-09-20",
        "country": null,
        "datasetName": "Actualización y depuración de la base de datos del Herbario del Instituto de Ecología, AC, Centro Regional del Bajío. Fase 2",
        "publisher": "Comisión nacional para el conocimiento y uso de la biodiversidad",
        "license": "CC_BY_4_0",
        "issues": [
          "OCCURRENCE_STATUS_INFERRED_FROM_INDIVIDUAL_COUNT",
          "COORDINATE_ROUNDED",
          "TAXON_ID_NOT_FOUND",
          "SCIENTIFIC_NAME_ID_NOT_FOUND"
        ],
        "fallback_media": {
          "url": "https://api.jacq.org/v1/images/europeana/1638715?withredirect=1",
          "references": "https://api.jacq.org/v1/images/show/1638715?withredirect=1",
          "title": null,
          "creator": null,
          "publisher": null,
          "license": "http://creativecommons.org/publicdomain/zero/1.0/",
          "rightsHolder": null
        }
      }
    },
    {
      "type": "Feature",
      "geometry": {
        "type": "Point",
        "coordinates": [
          -92.008333,
          17.733333
        ]
      },
      "properties": {
        "gbifID": "1895889088",
        "species": "Passiflora coriacea",
        "genus": "Passiflora",
        "family": "Passifloraceae",
        "scientificName": "Passiflora coriacea Juss.",
        "coordinateUncertaintyInMeters": "90.0",
        "basisOfRecord": "PRESERVED_SPECIMEN",
        "eventDate": "1999-03-03",
        "country": null,
        "datasetName": "La vegetación y flora de las Lagunas de Catazajá-Emiliano Zapata",
        "publisher": "Comisión nacional para el conocimiento y uso de la biodiversidad",
        "license": "CC_BY_4_0",
        "issues": [
          "COORDINATE_ROUNDED",
          "SCIENTIFIC_NAME_ID_NOT_FOUND",
          "TAXON_ID_NOT_FOUND"
        ],
        "fallback_media": {
          "url": "https://api.jacq.org/v1/images/europeana/1638715?withredirect=1",
          "references": "https://api.jacq.org/v1/images/show/1638715?withredirect=1",
          "title": null,
          "creator": null,
          "publisher": null,
          "license": "http://creativecommons.org/publicdomain/zero/1.0/",
          "rightsHolder": null
        }
      }
    },
    {
      "type": "Feature",
      "geometry": {
        "type": "Point",
        "coordinates": [
          -96.0125,
          15.937778
        ]
      },
      "properties": {
        "gbifID": "1897567696",
        "species": "Passiflora coriacea",
        "genus": "Passiflora",
        "family": "Passifloraceae",
        "scientificName": "Passiflora coriacea Juss.",
        "coordinateUncertaintyInMeters": "",
        "basisOfRecord": "PRESERVED_SPECIMEN",
        "eventDate": "1998-03-28",
        "country": null,
        "datasetName": "Fortalecimiento del herbario SERO",
        "publisher": "Comisión nacional para el conocimiento y uso de la biodiversidad",
        "license": "CC_BY_4_0",
        "issues": [
          "OCCURRENCE_STATUS_INFERRED_FROM_INDIVIDUAL_COUNT",
          "COORDINATE_ROUNDED",
          "TAXON_ID_NOT_FOUND",
          "SCIENTIFIC_NAME_ID_NOT_FOUND"
        ],
        "fallback_media": {
          "url": "https://api.jacq.org/v1/images/europeana/1638715?withredirect=1",
          "references": "https://api.jacq.org/v1/images/show/1638715?withredirect=1",
          "title": null,
          "creator": null,
          "publisher": null,
          "license": "http://creativecommons.org/publicdomain/zero/1.0/",
          "rightsHolder": null
        }
      }
    },
    {
      "type": "Feature",
      "geometry": {
        "type": "Point",
        "coordinates": [
          -95.954167,
          15.866667
        ]
      },
      "properties": {
        "gbifID": "1897567741",
        "species": "Passiflora coriacea",
        "genus": "Passiflora",
        "family": "Passifloraceae",
        "scientificName": "Passiflora coriacea Juss.",
        "coordinateUncertaintyInMeters": "",
        "basisOfRecord": "PRESERVED_SPECIMEN",
        "eventDate": "1999-12-06",
        "country": null,
        "datasetName": "Fortalecimiento del herbario SERO",
        "publisher": "Comisión nacional para el conocimiento y uso de la biodiversidad",
        "license": "CC_BY_4_0",
        "issues": [
          "OCCURRENCE_STATUS_INFERRED_FROM_INDIVIDUAL_COUNT",
          "RECORDED_DATE_INVALID",
          "COORDINATE_ROUNDED",
          "TAXON_ID_NOT_FOUND",
          "SCIENTIFIC_NAME_ID_NOT_FOUND"
        ],
        "fallback_media": {
          "url": "https://api.jacq.org/v1/images/europeana/1638715?withredirect=1",
          "references": "https://api.jacq.org/v1/images/show/1638715?withredirect=1",
          "title": null,
          "creator": null,
          "publisher": null,
          "license": "http://creativecommons.org/publicdomain/zero/1.0/",
          "rightsHolder": null
        }
      }
    },
    {
      "type": "Feature",
      "geometry": {
        "type": "Point",
        "coordinates": [
          -95.984444,
          15.839444
        ]
      },
      "properties": {
        "gbifID": "1897567747",
        "species": "Passiflora coriacea",
        "genus": "Passiflora",
        "family": "Passifloraceae",
        "scientificName": "Passiflora coriacea Juss.",
        "coordinateUncertaintyInMeters": "",
        "basisOfRecord": "PRESERVED_SPECIMEN",
        "eventDate": "1997-11-12",
        "country": null,
        "datasetName": "Fortalecimiento del herbario SERO",
        "publisher": "Comisión nacional para el conocimiento y uso de la biodiversidad",
        "license": "CC_BY_4_0",
        "issues": [
          "OCCURRENCE_STATUS_INFERRED_FROM_INDIVIDUAL_COUNT",
          "RECORDED_DATE_INVALID",
          "COORDINATE_ROUNDED",
          "TAXON_ID_NOT_FOUND",
          "SCIENTIFIC_NAME_ID_NOT_FOUND"
        ],
        "fallback_media": {
          "url": "https://api.jacq.org/v1/images/europeana/1638715?withredirect=1",
          "references": "https://api.jacq.org/v1/images/show/1638715?withredirect=1",
          "title": null,
          "creator": null,
          "publisher": null,
          "license": "http://creativecommons.org/publicdomain/zero/1.0/",
          "rightsHolder": null
        }
      }
    },
    {
      "type": "Feature",
      "geometry": {
        "type": "Point",
        "coordinates": [
          -96.018333,
          15.875
        ]
      },
      "properties": {
        "gbifID": "1897567712",
        "species": "Passiflora coriacea",
        "genus": "Passiflora",
        "family": "Passifloraceae",
        "scientificName": "Passiflora coriacea Juss.",
        "coordinateUncertaintyInMeters": "",
        "basisOfRecord": "PRESERVED_SPECIMEN",
        "eventDate": "1999-03-28",
        "country": null,
        "datasetName": "Fortalecimiento del herbario SERO",
        "publisher": "Comisión nacional para el conocimiento y uso de la biodiversidad",
        "license": "CC_BY_4_0",
        "issues": [
          "OCCURRENCE_STATUS_INFERRED_FROM_INDIVIDUAL_COUNT",
          "COORDINATE_ROUNDED",
          "TAXON_ID_NOT_FOUND",
          "SCIENTIFIC_NAME_ID_NOT_FOUND"
        ],
        "fallback_media": {
          "url": "https://api.jacq.org/v1/images/europeana/1638715?withredirect=1",
          "references": "https://api.jacq.org/v1/images/show/1638715?withredirect=1",
          "title": null,
          "creator": null,
          "publisher": null,
          "license": "http://creativecommons.org/publicdomain/zero/1.0/",
          "rightsHolder": null
        }
      }
    },
    {
      "type": "Feature",
      "geometry": {
        "type": "Point",
        "coordinates": [
          -96.009444,
          15.819722
        ]
      },
      "properties": {
        "gbifID": "1897567716",
        "species": "Passiflora coriacea",
        "genus": "Passiflora",
        "family": "Passifloraceae",
        "scientificName": "Passiflora coriacea Juss.",
        "coordinateUncertaintyInMeters": "",
        "basisOfRecord": "PRESERVED_SPECIMEN",
        "eventDate": "1999-11-23",
        "country": null,
        "datasetName": "Fortalecimiento del herbario SERO",
        "publisher": "Comisión nacional para el conocimiento y uso de la biodiversidad",
        "license": "CC_BY_4_0",
        "issues": [
          "OCCURRENCE_STATUS_INFERRED_FROM_INDIVIDUAL_COUNT",
          "COORDINATE_ROUNDED",
          "TAXON_ID_NOT_FOUND",
          "SCIENTIFIC_NAME_ID_NOT_FOUND"
        ],
        "fallback_media": {
          "url": "https://api.jacq.org/v1/images/europeana/1638715?withredirect=1",
          "references": "https://api.jacq.org/v1/images/show/1638715?withredirect=1",
          "title": null,
          "creator": null,
          "publisher": null,
          "license": "http://creativecommons.org/publicdomain/zero/1.0/",
          "rightsHolder": null
        }
      }
    },
    {
      "type": "Feature",
      "geometry": {
        "type": "Point",
        "coordinates": [
          -95.944167,
          15.918333
        ]
      },
      "properties": {
        "gbifID": "1897567729",
        "species": "Passiflora coriacea",
        "genus": "Passiflora",
        "family": "Passifloraceae",
        "scientificName": "Passiflora coriacea Juss.",
        "coordinateUncertaintyInMeters": "",
        "basisOfRecord": "PRESERVED_SPECIMEN",
        "eventDate": "1997-08-21",
        "country": null,
        "datasetName": "Fortalecimiento del herbario SERO",
        "publisher": "Comisión nacional para el conocimiento y uso de la biodiversidad",
        "license": "CC_BY_4_0",
        "issues": [
          "OCCURRENCE_STATUS_INFERRED_FROM_INDIVIDUAL_COUNT",
          "COORDINATE_ROUNDED",
          "TAXON_ID_NOT_FOUND",
          "SCIENTIFIC_NAME_ID_NOT_FOUND"
        ],
        "fallback_media": {
          "url": "https://api.jacq.org/v1/images/europeana/1638715?withredirect=1",
          "references": "https://api.jacq.org/v1/images/show/1638715?withredirect=1",
          "title": null,
          "creator": null,
          "publisher": null,
          "license": "http://creativecommons.org/publicdomain/zero/1.0/",
          "rightsHolder": null
        }
      }
    },
    {
      "type": "Feature",
      "geometry": {
        "type": "Point",
        "coordinates": [
          -95.874722,
          15.888889
        ]
      },
      "properties": {
        "gbifID": "1897567740",
        "species": "Passiflora coriacea",
        "genus": "Passiflora",
        "family": "Passifloraceae",
        "scientificName": "Passiflora coriacea Juss.",
        "coordinateUncertaintyInMeters": "",
        "basisOfRecord": "PRESERVED_SPECIMEN",
        "eventDate": "1999-02-24",
        "country": null,
        "datasetName": "Fortalecimiento del herbario SERO",
        "publisher": "Comisión nacional para el conocimiento y uso de la biodiversidad",
        "license": "CC_BY_4_0",
        "issues": [
          "OCCURRENCE_STATUS_INFERRED_FROM_INDIVIDUAL_COUNT",
          "COORDINATE_ROUNDED",
          "TAXON_ID_NOT_FOUND",
          "SCIENTIFIC_NAME_ID_NOT_FOUND"
        ],
        "fallback_media": {
          "url": "https://api.jacq.org/v1/images/europeana/1638715?withredirect=1",
          "references": "https://api.jacq.org/v1/images/show/1638715?withredirect=1",
          "title": null,
          "creator": null,
          "publisher": null,
          "license": "http://creativecommons.org/publicdomain/zero/1.0/",
          "rightsHolder": null
        }
      }
    },
    {
      "type": "Feature",
      "geometry": {
        "type": "Point",
        "coordinates": [
          -96.024722,
          15.907222
        ]
      },
      "properties": {
        "gbifID": "1897567744",
        "species": "Passiflora coriacea",
        "genus": "Passiflora",
        "family": "Passifloraceae",
        "scientificName": "Passiflora coriacea Juss.",
        "coordinateUncertaintyInMeters": "",
        "basisOfRecord": "PRESERVED_SPECIMEN",
        "eventDate": "1999-11-18",
        "country": null,
        "datasetName": "Fortalecimiento del herbario SERO",
        "publisher": "Comisión nacional para el conocimiento y uso de la biodiversidad",
        "license": "CC_BY_4_0",
        "issues": [
          "OCCURRENCE_STATUS_INFERRED_FROM_INDIVIDUAL_COUNT",
          "COORDINATE_ROUNDED",
          "TAXON_ID_NOT_FOUND",
          "SCIENTIFIC_NAME_ID_NOT_FOUND"
        ],
        "fallback_media": {
          "url": "https://api.jacq.org/v1/images/europeana/1638715?withredirect=1",
          "references": "https://api.jacq.org/v1/images/show/1638715?withredirect=1",
          "title": null,
          "creator": null,
          "publisher": null,
          "license": "http://creativecommons.org/publicdomain/zero/1.0/",
          "rightsHolder": null
        }
      }
    },
    {
      "type": "Feature",
      "geometry": {
        "type": "Point",
        "coordinates": [
          -95.969444,
          15.81825
        ]
      },
      "properties": {
        "gbifID": "1897567753",
        "species": "Passiflora coriacea",
        "genus": "Passiflora",
        "family": "Passifloraceae",
        "scientificName": "Passiflora coriacea Juss.",
        "coordinateUncertaintyInMeters": "",
        "basisOfRecord": "PRESERVED_SPECIMEN",
        "eventDate": "1999-11-16",
        "country": null,
        "datasetName": "Fortalecimiento del herbario SERO",
        "publisher": "Comisión nacional para el conocimiento y uso de la biodiversidad",
        "license": "CC_BY_4_0",
        "issues": [
          "OCCURRENCE_STATUS_INFERRED_FROM_INDIVIDUAL_COUNT",
          "COORDINATE_ROUNDED",
          "TAXON_ID_NOT_FOUND",
          "SCIENTIFIC_NAME_ID_NOT_FOUND"
        ],
        "fallback_media": {
          "url": "https://api.jacq.org/v1/images/europeana/1638715?withredirect=1",
          "references": "https://api.jacq.org/v1/images/show/1638715?withredirect=1",
          "title": null,
          "creator": null,
          "publisher": null,
          "license": "http://creativecommons.org/publicdomain/zero/1.0/",
          "rightsHolder": null
        }
      }
    },
    {
      "type": "Feature",
      "geometry": {
        "type": "Point",
        "coordinates": [
          -95.903333,
          15.841111
        ]
      },
      "properties": {
        "gbifID": "1897567760",
        "species": "Passiflora coriacea",
        "genus": "Passiflora",
        "family": "Passifloraceae",
        "scientificName": "Passiflora coriacea Juss.",
        "coordinateUncertaintyInMeters": "",
        "basisOfRecord": "PRESERVED_SPECIMEN",
        "eventDate": "1999-12-07",
        "country": null,
        "datasetName": "Fortalecimiento del herbario SERO",
        "publisher": "Comisión nacional para el conocimiento y uso de la biodiversidad",
        "license": "CC_BY_4_0",
        "issues": [
          "OCCURRENCE_STATUS_INFERRED_FROM_INDIVIDUAL_COUNT",
          "RECORDED_DATE_INVALID",
          "COORDINATE_ROUNDED",
          "TAXON_ID_NOT_FOUND",
          "SCIENTIFIC_NAME_ID_NOT_FOUND"
        ],
        "fallback_media": {
          "url": "https://api.jacq.org/v1/images/europeana/1638715?withredirect=1",
          "references": "https://api.jacq.org/v1/images/show/1638715?withredirect=1",
          "title": null,
          "creator": null,
          "publisher": null,
          "license": "http://creativecommons.org/publicdomain/zero/1.0/",
          "rightsHolder": null
        }
      }
    },
    {
      "type": "Feature",
      "geometry": {
        "type": "Point",
        "coordinates": [
          -95.968889,
          15.831389
        ]
      },
      "properties": {
        "gbifID": "1897567773",
        "species": "Passiflora coriacea",
        "genus": "Passiflora",
        "family": "Passifloraceae",
        "scientificName": "Passiflora coriacea Juss.",
        "coordinateUncertaintyInMeters": "",
        "basisOfRecord": "PRESERVED_SPECIMEN",
        "eventDate": "1999-02-04",
        "country": null,
        "datasetName": "Fortalecimiento del herbario SERO",
        "publisher": "Comisión nacional para el conocimiento y uso de la biodiversidad",
        "license": "CC_BY_4_0",
        "issues": [
          "OCCURRENCE_STATUS_INFERRED_FROM_INDIVIDUAL_COUNT",
          "RECORDED_DATE_INVALID",
          "COORDINATE_ROUNDED",
          "TAXON_ID_NOT_FOUND",
          "SCIENTIFIC_NAME_ID_NOT_FOUND"
        ],
        "fallback_media": {
          "url": "https://api.jacq.org/v1/images/europeana/1638715?withredirect=1",
          "references": "https://api.jacq.org/v1/images/show/1638715?withredirect=1",
          "title": null,
          "creator": null,
          "publisher": null,
          "license": "http://creativecommons.org/publicdomain/zero/1.0/",
          "rightsHolder": null
        }
      }
    },
    {
      "type": "Feature",
      "geometry": {
        "type": "Point",
        "coordinates": [
          -95.903611,
          15.850556
        ]
      },
      "properties": {
        "gbifID": "1897567762",
        "species": "Passiflora coriacea",
        "genus": "Passiflora",
        "family": "Passifloraceae",
        "scientificName": "Passiflora coriacea Juss.",
        "coordinateUncertaintyInMeters": "",
        "basisOfRecord": "PRESERVED_SPECIMEN",
        "eventDate": "1998-10-14",
        "country": null,
        "datasetName": "Fortalecimiento del herbario SERO",
        "publisher": "Comisión nacional para el conocimiento y uso de la biodiversidad",
        "license": "CC_BY_4_0",
        "issues": [
          "OCCURRENCE_STATUS_INFERRED_FROM_INDIVIDUAL_COUNT",
          "COORDINATE_ROUNDED",
          "TAXON_ID_NOT_FOUND",
          "SCIENTIFIC_NAME_ID_NOT_FOUND"
        ],
        "fallback_media": {
          "url": "https://api.jacq.org/v1/images/europeana/1638715?withredirect=1",
          "references": "https://api.jacq.org/v1/images/show/1638715?withredirect=1",
          "title": null,
          "creator": null,
          "publisher": null,
          "license": "http://creativecommons.org/publicdomain/zero/1.0/",
          "rightsHolder": null
        }
      }
    },
    {
      "type": "Feature",
      "geometry": {
        "type": "Point",
        "coordinates": [
          -95.960555,
          15.834722
        ]
      },
      "properties": {
        "gbifID": "1897567720",
        "species": "Passiflora coriacea",
        "genus": "Passiflora",
        "family": "Passifloraceae",
        "scientificName": "Passiflora coriacea Juss.",
        "coordinateUncertaintyInMeters": "",
        "basisOfRecord": "PRESERVED_SPECIMEN",
        "eventDate": "1999-04-05",
        "country": null,
        "datasetName": "Fortalecimiento del herbario SERO",
        "publisher": "Comisión nacional para el conocimiento y uso de la biodiversidad",
        "license": "CC_BY_4_0",
        "issues": [
          "OCCURRENCE_STATUS_INFERRED_FROM_INDIVIDUAL_COUNT",
          "RECORDED_DATE_INVALID",
          "COORDINATE_ROUNDED",
          "TAXON_ID_NOT_FOUND",
          "SCIENTIFIC_NAME_ID_NOT_FOUND"
        ],
        "fallback_media": {
          "url": "https://api.jacq.org/v1/images/europeana/1638715?withredirect=1",
          "references": "https://api.jacq.org/v1/images/show/1638715?withredirect=1",
          "title": null,
          "creator": null,
          "publisher": null,
          "license": "http://creativecommons.org/publicdomain/zero/1.0/",
          "rightsHolder": null
        }
      }
    },
    {
      "type": "Feature",
      "geometry": {
        "type": "Point",
        "coordinates": [
          -91.228844,
          18.361937
        ]
      },
      "properties": {
        "gbifID": "2629237746",
        "species": "Passiflora coriacea",
        "genus": "Passiflora",
        "family": "Passifloraceae",
        "scientificName": "Passiflora coriacea Juss.",
        "coordinateUncertaintyInMeters": "",
        "basisOfRecord": "PRESERVED_SPECIMEN",
        "eventDate": "2015-01-08",
        "country": null,
        "datasetName": "Biodiversidad selecta de los humedales de Laguna de Términos - Pantanos de Centla",
        "publisher": "Comisión nacional para el conocimiento y uso de la biodiversidad",
        "license": "CC_BY_4_0",
        "issues": [
          "OCCURRENCE_STATUS_INFERRED_FROM_INDIVIDUAL_COUNT",
          "RECORDED_DATE_INVALID",
          "COORDINATE_ROUNDED",
          "SCIENTIFIC_NAME_ID_NOT_FOUND",
          "TAXON_ID_NOT_FOUND"
        ],
        "fallback_media": {
          "url": "https://api.jacq.org/v1/images/europeana/1638715?withredirect=1",
          "references": "https://api.jacq.org/v1/images/show/1638715?withredirect=1",
          "title": null,
          "creator": null,
          "publisher": null,
          "license": "http://creativecommons.org/publicdomain/zero/1.0/",
          "rightsHolder": null
        }
      }
    },
    {
      "type": "Feature",
      "geometry": {
        "type": "Point",
        "coordinates": [
          -90.727295,
          19.281635
        ]
      },
      "properties": {
        "gbifID": "2629238951",
        "species": "Passiflora coriacea",
        "genus": "Passiflora",
        "family": "Passifloraceae",
        "scientificName": "Passiflora coriacea Juss.",
        "coordinateUncertaintyInMeters": "",
        "basisOfRecord": "PRESERVED_SPECIMEN",
        "eventDate": "2015-04-21",
        "country": null,
        "datasetName": "Biodiversidad selecta de los humedales de Laguna de Términos - Pantanos de Centla",
        "publisher": "Comisión nacional para el conocimiento y uso de la biodiversidad",
        "license": "CC_BY_4_0",
        "issues": [
          "OCCURRENCE_STATUS_INFERRED_FROM_INDIVIDUAL_COUNT",
          "COORDINATE_ROUNDED",
          "SCIENTIFIC_NAME_ID_NOT_FOUND",
          "TAXON_ID_NOT_FOUND"
        ],
        "fallback_media": {
          "url": "https://api.jacq.org/v1/images/europeana/1638715?withredirect=1",
          "references": "https://api.jacq.org/v1/images/show/1638715?withredirect=1",
          "title": null,
          "creator": null,
          "publisher": null,
          "license": "http://creativecommons.org/publicdomain/zero/1.0/",
          "rightsHolder": null
        }
      }
    },
    {
      "type": "Feature",
      "geometry": {
        "type": "Point",
        "coordinates": [
          -91.038269,
          18.982361
        ]
      },
      "properties": {
        "gbifID": "2629237950",
        "species": "Passiflora coriacea",
        "genus": "Passiflora",
        "family": "Passifloraceae",
        "scientificName": "Passiflora coriacea Juss.",
        "coordinateUncertaintyInMeters": "",
        "basisOfRecord": "PRESERVED_SPECIMEN",
        "eventDate": "2015-04-22",
        "country": null,
        "datasetName": "Biodiversidad selecta de los humedales de Laguna de Términos - Pantanos de Centla",
        "publisher": "Comisión nacional para el conocimiento y uso de la biodiversidad",
        "license": "CC_BY_4_0",
        "issues": [
          "OCCURRENCE_STATUS_INFERRED_FROM_INDIVIDUAL_COUNT",
          "COORDINATE_ROUNDED",
          "SCIENTIFIC_NAME_ID_NOT_FOUND",
          "TAXON_ID_NOT_FOUND"
        ],
        "fallback_media": {
          "url": "https://api.jacq.org/v1/images/europeana/1638715?withredirect=1",
          "references": "https://api.jacq.org/v1/images/show/1638715?withredirect=1",
          "title": null,
          "creator": null,
          "publisher": null,
          "license": "http://creativecommons.org/publicdomain/zero/1.0/",
          "rightsHolder": null
        }
      }
    },
    {
      "type": "Feature",
      "geometry": {
        "type": "Point",
        "coordinates": [
          -92.244537,
          18.255705
        ]
      },
      "properties": {
        "gbifID": "2629237989",
        "species": "Passiflora coriacea",
        "genus": "Passiflora",
        "family": "Passifloraceae",
        "scientificName": "Passiflora coriacea Juss.",
        "coordinateUncertaintyInMeters": "",
        "basisOfRecord": "PRESERVED_SPECIMEN",
        "eventDate": "2014-10-09",
        "country": null,
        "datasetName": "Biodiversidad selecta de los humedales de Laguna de Términos - Pantanos de Centla",
        "publisher": "Comisión nacional para el conocimiento y uso de la biodiversidad",
        "license": "CC_BY_4_0",
        "issues": [
          "OCCURRENCE_STATUS_INFERRED_FROM_INDIVIDUAL_COUNT",
          "RECORDED_DATE_INVALID",
          "COORDINATE_ROUNDED",
          "SCIENTIFIC_NAME_ID_NOT_FOUND",
          "TAXON_ID_NOT_FOUND"
        ],
        "fallback_media": {
          "url": "https://api.jacq.org/v1/images/europeana/1638715?withredirect=1",
          "references": "https://api.jacq.org/v1/images/show/1638715?withredirect=1",
          "title": null,
          "creator": null,
          "publisher": null,
          "license": "http://creativecommons.org/publicdomain/zero/1.0/",
          "rightsHolder": null
        }
      }
    },
    {
      "type": "Feature",
      "geometry": {
        "type": "Point",
        "coordinates": [
          -92.244614,
          18.611803
        ]
      },
      "properties": {
        "gbifID": "2629237707",
        "species": "Passiflora coriacea",
        "genus": "Passiflora",
        "family": "Passifloraceae",
        "scientificName": "Passiflora coriacea Juss.",
        "coordinateUncertaintyInMeters": "",
        "basisOfRecord": "PRESERVED_SPECIMEN",
        "eventDate": "2015-07-17",
        "country": null,
        "datasetName": "Biodiversidad selecta de los humedales de Laguna de Términos - Pantanos de Centla",
        "publisher": "Comisión nacional para el conocimiento y uso de la biodiversidad",
        "license": "CC_BY_4_0",
        "issues": [
          "OCCURRENCE_STATUS_INFERRED_FROM_INDIVIDUAL_COUNT",
          "COORDINATE_ROUNDED",
          "SCIENTIFIC_NAME_ID_NOT_FOUND",
          "TAXON_ID_NOT_FOUND"
        ],
        "fallback_media": {
          "url": "https://api.jacq.org/v1/images/europeana/1638715?withredirect=1",
          "references": "https://api.jacq.org/v1/images/show/1638715?withredirect=1",
          "title": null,
          "creator": null,
          "publisher": null,
          "license": "http://creativecommons.org/publicdomain/zero/1.0/",
          "rightsHolder": null
        }
      }
    },
    {
      "type": "Feature",
      "geometry": {
        "type": "Point",
        "coordinates": [
          -74.72734,
          5.709925
        ]
      },
      "properties": {
        "gbifID": "4520127773",
        "species": "Passiflora coriacea",
        "genus": "Passiflora",
        "family": "Passifloraceae",
        "scientificName": "Passiflora coriacea Juss.",
        "coordinateUncertaintyInMeters": "",
        "basisOfRecord": "HUMAN_OBSERVATION",
        "eventDate": "2023-08-22",
        "country": null,
        "datasetName": "",
        "publisher": "Universidad de Caldas",
        "license": "CC_BY_4_0",
        "issues": [],
        "fallback_media": {
          "url": "https://api.jacq.org/v1/images/europeana/1638715?withredirect=1",
          "references": "https://api.jacq.org/v1/images/show/1638715?withredirect=1",
          "title": null,
          "creator": null,
          "publisher": null,
          "license": "http://creativecommons.org/publicdomain/zero/1.0/",
          "rightsHolder": null
        }
      }
    },
    {
      "type": "Feature",
      "geometry": {
        "type": "Point",
        "coordinates": [
          -88.152852,
          20.64144
        ]
      },
      "properties": {
        "gbifID": "5101736609",
        "species": "Passiflora coriacea",
        "genus": "Passiflora",
        "family": "Passifloraceae",
        "scientificName": "Passiflora coriacea Juss.",
        "coordinateUncertaintyInMeters": "",
        "basisOfRecord": "PRESERVED_SPECIMEN",
        "eventDate": "1988-10-27",
        "country": null,
        "datasetName": "Digitalización y sistematización de las colecciones biológicas del INECOL",
        "publisher": "Comisión nacional para el conocimiento y uso de la biodiversidad",
        "license": "CC_BY_4_0",
        "issues": [
          "OCCURRENCE_STATUS_INFERRED_FROM_INDIVIDUAL_COUNT",
          "COORDINATE_ROUNDED",
          "SCIENTIFIC_NAME_ID_NOT_FOUND",
          "TAXON_ID_NOT_FOUND"
        ],
        "fallback_media": {
          "url": "https://api.jacq.org/v1/images/europeana/1638715?withredirect=1",
          "references": "https://api.jacq.org/v1/images/show/1638715?withredirect=1",
          "title": null,
          "creator": null,
          "publisher": null,
          "license": "http://creativecommons.org/publicdomain/zero/1.0/",
          "rightsHolder": null
        }
      }
    },
    {
      "type": "Feature",
      "geometry": {
        "type": "Point",
        "coordinates": [
          -98.226405,
          21.345562
        ]
      },
      "properties": {
        "gbifID": "5101810251",
        "species": "Passiflora coriacea",
        "genus": "Passiflora",
        "family": "Passifloraceae",
        "scientificName": "Passiflora coriacea Juss.",
        "coordinateUncertaintyInMeters": "",
        "basisOfRecord": "PRESERVED_SPECIMEN",
        "eventDate": "",
        "country": null,
        "datasetName": "Digitalización y sistematización de las colecciones biológicas del INECOL",
        "publisher": "Comisión nacional para el conocimiento y uso de la biodiversidad",
        "license": "CC_BY_4_0",
        "issues": [
          "OCCURRENCE_STATUS_INFERRED_FROM_INDIVIDUAL_COUNT",
          "RECORDED_DATE_MISMATCH",
          "COORDINATE_ROUNDED",
          "SCIENTIFIC_NAME_ID_NOT_FOUND",
          "TAXON_ID_NOT_FOUND"
        ],
        "fallback_media": {
          "url": "https://api.jacq.org/v1/images/europeana/1638715?withredirect=1",
          "references": "https://api.jacq.org/v1/images/show/1638715?withredirect=1",
          "title": null,
          "creator": null,
          "publisher": null,
          "license": "http://creativecommons.org/publicdomain/zero/1.0/",
          "rightsHolder": null
        }
      }
    },
    {
      "type": "Feature",
      "geometry": {
        "type": "Point",
        "coordinates": [
          -97.961675,
          20.211451
        ]
      },
      "properties": {
        "gbifID": "5101685557",
        "species": "Passiflora coriacea",
        "genus": "Passiflora",
        "family": "Passifloraceae",
        "scientificName": "Passiflora coriacea Juss.",
        "coordinateUncertaintyInMeters": "",
        "basisOfRecord": "PRESERVED_SPECIMEN",
        "eventDate": "1987-07-21",
        "country": null,
        "datasetName": "Digitalización y sistematización de las colecciones biológicas del INECOL",
        "publisher": "Comisión nacional para el conocimiento y uso de la biodiversidad",
        "license": "CC_BY_4_0",
        "issues": [
          "OCCURRENCE_STATUS_INFERRED_FROM_INDIVIDUAL_COUNT",
          "COORDINATE_ROUNDED",
          "TAXON_ID_NOT_FOUND",
          "SCIENTIFIC_NAME_ID_NOT_FOUND"
        ],
        "fallback_media": {
          "url": "https://api.jacq.org/v1/images/europeana/1638715?withredirect=1",
          "references": "https://api.jacq.org/v1/images/show/1638715?withredirect=1",
          "title": null,
          "creator": null,
          "publisher": null,
          "license": "http://creativecommons.org/publicdomain/zero/1.0/",
          "rightsHolder": null
        }
      }
    },
    {
      "type": "Feature",
      "geometry": {
        "type": "Point",
        "coordinates": [
          -92.977121,
          18.16628
        ]
      },
      "properties": {
        "gbifID": "5101861195",
        "species": "Passiflora coriacea",
        "genus": "Passiflora",
        "family": "Passifloraceae",
        "scientificName": "Passiflora coriacea Juss.",
        "coordinateUncertaintyInMeters": "",
        "basisOfRecord": "PRESERVED_SPECIMEN",
        "eventDate": "1978-10-07",
        "country": null,
        "datasetName": "Digitalización y sistematización de las colecciones biológicas del INECOL",
        "publisher": "Comisión nacional para el conocimiento y uso de la biodiversidad",
        "license": "CC_BY_4_0",
        "issues": [
          "OCCURRENCE_STATUS_INFERRED_FROM_INDIVIDUAL_COUNT",
          "RECORDED_DATE_INVALID",
          "COORDINATE_ROUNDED",
          "SCIENTIFIC_NAME_ID_NOT_FOUND",
          "TAXON_ID_NOT_FOUND"
        ],
        "fallback_media": {
          "url": "https://api.jacq.org/v1/images/europeana/1638715?withredirect=1",
          "references": "https://api.jacq.org/v1/images/show/1638715?withredirect=1",
          "title": null,
          "creator": null,
          "publisher": null,
          "license": "http://creativecommons.org/publicdomain/zero/1.0/",
          "rightsHolder": null
        }
      }
    },
    {
      "type": "Feature",
      "geometry": {
        "type": "Point",
        "coordinates": [
          -97.168324,
          19.92841
        ]
      },
      "properties": {
        "gbifID": "5101706004",
        "species": "Passiflora coriacea",
        "genus": "Passiflora",
        "family": "Passifloraceae",
        "scientificName": "Passiflora coriacea Juss.",
        "coordinateUncertaintyInMeters": "",
        "basisOfRecord": "PRESERVED_SPECIMEN",
        "eventDate": "1982-08-16",
        "country": null,
        "datasetName": "Digitalización y sistematización de las colecciones biológicas del INECOL",
        "publisher": "Comisión nacional para el conocimiento y uso de la biodiversidad",
        "license": "CC_BY_4_0",
        "issues": [
          "OCCURRENCE_STATUS_INFERRED_FROM_INDIVIDUAL_COUNT",
          "COORDINATE_ROUNDED",
          "SCIENTIFIC_NAME_ID_NOT_FOUND",
          "TAXON_ID_NOT_FOUND"
        ],
        "fallback_media": {
          "url": "https://api.jacq.org/v1/images/europeana/1638715?withredirect=1",
          "references": "https://api.jacq.org/v1/images/show/1638715?withredirect=1",
          "title": null,
          "creator": null,
          "publisher": null,
          "license": "http://creativecommons.org/publicdomain/zero/1.0/",
          "rightsHolder": null
        }
      }
    },
    {
      "type": "Feature",
      "geometry": {
        "type": "Point",
        "coordinates": [
          -94.430208,
          18.142391
        ]
      },
      "properties": {
        "gbifID": "5101755355",
        "species": "Passiflora coriacea",
        "genus": "Passiflora",
        "family": "Passifloraceae",
        "scientificName": "Passiflora coriacea Juss.",
        "coordinateUncertaintyInMeters": "",
        "basisOfRecord": "PRESERVED_SPECIMEN",
        "eventDate": "1997-04-10",
        "country": null,
        "datasetName": "Digitalización y sistematización de las colecciones biológicas del INECOL",
        "publisher": "Comisión nacional para el conocimiento y uso de la biodiversidad",
        "license": "CC_BY_4_0",
        "issues": [
          "OCCURRENCE_STATUS_INFERRED_FROM_INDIVIDUAL_COUNT",
          "RECORDED_DATE_INVALID",
          "COORDINATE_ROUNDED",
          "TAXON_ID_NOT_FOUND",
          "SCIENTIFIC_NAME_ID_NOT_FOUND"
        ],
        "fallback_media": {
          "url": "https://api.jacq.org/v1/images/europeana/1638715?withredirect=1",
          "references": "https://api.jacq.org/v1/images/show/1638715?withredirect=1",
          "title": null,
          "creator": null,
          "publisher": null,
          "license": "http://creativecommons.org/publicdomain/zero/1.0/",
          "rightsHolder": null
        }
      }
    },
    {
      "type": "Feature",
      "geometry": {
        "type": "Point",
        "coordinates": [
          -95.16689,
          18.434042
        ]
      },
      "properties": {
        "gbifID": "5101627575",
        "species": "Passiflora coriacea",
        "genus": "Passiflora",
        "family": "Passifloraceae",
        "scientificName": "Passiflora coriacea Juss.",
        "coordinateUncertaintyInMeters": "",
        "basisOfRecord": "PRESERVED_SPECIMEN",
        "eventDate": "1985-07-24",
        "country": null,
        "datasetName": "Digitalización y sistematización de las colecciones biológicas del INECOL",
        "publisher": "Comisión nacional para el conocimiento y uso de la biodiversidad",
        "license": "CC_BY_4_0",
        "issues": [
          "OCCURRENCE_STATUS_INFERRED_FROM_INDIVIDUAL_COUNT",
          "COORDINATE_ROUNDED",
          "SCIENTIFIC_NAME_ID_NOT_FOUND",
          "TAXON_ID_NOT_FOUND"
        ],
        "fallback_media": {
          "url": "https://api.jacq.org/v1/images/europeana/1638715?withredirect=1",
          "references": "https://api.jacq.org/v1/images/show/1638715?withredirect=1",
          "title": null,
          "creator": null,
          "publisher": null,
          "license": "http://creativecommons.org/publicdomain/zero/1.0/",
          "rightsHolder": null
        }
      }
    },
    {
      "type": "Feature",
      "geometry": {
        "type": "Point",
        "coordinates": [
          -97.187213,
          19.951187
        ]
      },
      "properties": {
        "gbifID": "5101663087",
        "species": "Passiflora coriacea",
        "genus": "Passiflora",
        "family": "Passifloraceae",
        "scientificName": "Passiflora coriacea Juss.",
        "coordinateUncertaintyInMeters": "",
        "basisOfRecord": "PRESERVED_SPECIMEN",
        "eventDate": "1981-09-02",
        "country": null,
        "datasetName": "Digitalización y sistematización de las colecciones biológicas del INECOL",
        "publisher": "Comisión nacional para el conocimiento y uso de la biodiversidad",
        "license": "CC_BY_4_0",
        "issues": [
          "OCCURRENCE_STATUS_INFERRED_FROM_INDIVIDUAL_COUNT",
          "RECORDED_DATE_INVALID",
          "COORDINATE_ROUNDED",
          "SCIENTIFIC_NAME_ID_NOT_FOUND",
          "TAXON_ID_NOT_FOUND"
        ],
        "fallback_media": {
          "url": "https://api.jacq.org/v1/images/europeana/1638715?withredirect=1",
          "references": "https://api.jacq.org/v1/images/show/1638715?withredirect=1",
          "title": null,
          "creator": null,
          "publisher": null,
          "license": "http://creativecommons.org/publicdomain/zero/1.0/",
          "rightsHolder": null
        }
      }
    },
    {
      "type": "Feature",
      "geometry": {
        "type": "Point",
        "coordinates": [
          -97.174991,
          19.981741
        ]
      },
      "properties": {
        "gbifID": "5101846244",
        "species": "Passiflora coriacea",
        "genus": "Passiflora",
        "family": "Passifloraceae",
        "scientificName": "Passiflora coriacea Juss.",
        "coordinateUncertaintyInMeters": "",
        "basisOfRecord": "PRESERVED_SPECIMEN",
        "eventDate": "1982-04-23",
        "country": null,
        "datasetName": "Digitalización y sistematización de las colecciones biológicas del INECOL",
        "publisher": "Comisión nacional para el conocimiento y uso de la biodiversidad",
        "license": "CC_BY_4_0",
        "issues": [
          "OCCURRENCE_STATUS_INFERRED_FROM_INDIVIDUAL_COUNT",
          "COORDINATE_ROUNDED",
          "SCIENTIFIC_NAME_ID_NOT_FOUND",
          "TAXON_ID_NOT_FOUND"
        ],
        "fallback_media": {
          "url": "https://api.jacq.org/v1/images/europeana/1638715?withredirect=1",
          "references": "https://api.jacq.org/v1/images/show/1638715?withredirect=1",
          "title": null,
          "creator": null,
          "publisher": null,
          "license": "http://creativecommons.org/publicdomain/zero/1.0/",
          "rightsHolder": null
        }
      }
    },
    {
      "type": "Feature",
      "geometry": {
        "type": "Point",
        "coordinates": [
          -96.927763,
          19.540652
        ]
      },
      "properties": {
        "gbifID": "5101715178",
        "species": "Passiflora coriacea",
        "genus": "Passiflora",
        "family": "Passifloraceae",
        "scientificName": "Passiflora coriacea Juss.",
        "coordinateUncertaintyInMeters": "",
        "basisOfRecord": "PRESERVED_SPECIMEN",
        "eventDate": "",
        "country": null,
        "datasetName": "Digitalización y sistematización de las colecciones biológicas del INECOL",
        "publisher": "Comisión nacional para el conocimiento y uso de la biodiversidad",
        "license": "CC_BY_4_0",
        "issues": [
          "OCCURRENCE_STATUS_INFERRED_FROM_INDIVIDUAL_COUNT",
          "RECORDED_DATE_MISMATCH",
          "COORDINATE_ROUNDED",
          "SCIENTIFIC_NAME_ID_NOT_FOUND",
          "TAXON_ID_NOT_FOUND"
        ],
        "fallback_media": {
          "url": "https://api.jacq.org/v1/images/europeana/1638715?withredirect=1",
          "references": "https://api.jacq.org/v1/images/show/1638715?withredirect=1",
          "title": null,
          "creator": null,
          "publisher": null,
          "license": "http://creativecommons.org/publicdomain/zero/1.0/",
          "rightsHolder": null
        }
      }
    },
    {
      "type": "Feature",
      "geometry": {
        "type": "Point",
        "coordinates": [
          -95.828849,
          18.449041
        ]
      },
      "properties": {
        "gbifID": "5101650362",
        "species": "Passiflora coriacea",
        "genus": "Passiflora",
        "family": "Passifloraceae",
        "scientificName": "Passiflora coriacea Juss.",
        "coordinateUncertaintyInMeters": "",
        "basisOfRecord": "PRESERVED_SPECIMEN",
        "eventDate": "",
        "country": null,
        "datasetName": "Digitalización y sistematización de las colecciones biológicas del INECOL",
        "publisher": "Comisión nacional para el conocimiento y uso de la biodiversidad",
        "license": "CC_BY_4_0",
        "issues": [
          "OCCURRENCE_STATUS_INFERRED_FROM_INDIVIDUAL_COUNT",
          "COORDINATE_ROUNDED",
          "TAXON_ID_NOT_FOUND",
          "SCIENTIFIC_NAME_ID_NOT_FOUND"
        ],
        "fallback_media": {
          "url": "https://api.jacq.org/v1/images/europeana/1638715?withredirect=1",
          "references": "https://api.jacq.org/v1/images/show/1638715?withredirect=1",
          "title": null,
          "creator": null,
          "publisher": null,
          "license": "http://creativecommons.org/publicdomain/zero/1.0/",
          "rightsHolder": null
        }
      }
    },
    {
      "type": "Feature",
      "geometry": {
        "type": "Point",
        "coordinates": [
          -94.761881,
          17.75741
        ]
      },
      "properties": {
        "gbifID": "5101725228",
        "species": "Passiflora coriacea",
        "genus": "Passiflora",
        "family": "Passifloraceae",
        "scientificName": "Passiflora coriacea Juss.",
        "coordinateUncertaintyInMeters": "",
        "basisOfRecord": "PRESERVED_SPECIMEN",
        "eventDate": "1968-07-25",
        "country": null,
        "datasetName": "Digitalización y sistematización de las colecciones biológicas del INECOL",
        "publisher": "Comisión nacional para el conocimiento y uso de la biodiversidad",
        "license": "CC_BY_4_0",
        "issues": [
          "OCCURRENCE_STATUS_INFERRED_FROM_INDIVIDUAL_COUNT",
          "COORDINATE_ROUNDED",
          "TAXON_ID_NOT_FOUND",
          "SCIENTIFIC_NAME_ID_NOT_FOUND"
        ],
        "fallback_media": {
          "url": "https://api.jacq.org/v1/images/europeana/1638715?withredirect=1",
          "references": "https://api.jacq.org/v1/images/show/1638715?withredirect=1",
          "title": null,
          "creator": null,
          "publisher": null,
          "license": "http://creativecommons.org/publicdomain/zero/1.0/",
          "rightsHolder": null
        }
      }
    },
    {
      "type": "Feature",
      "geometry": {
        "type": "Point",
        "coordinates": [
          -86.903936,
          20.845042
        ]
      },
      "properties": {
        "gbifID": "5101881185",
        "species": "Passiflora coriacea",
        "genus": "Passiflora",
        "family": "Passifloraceae",
        "scientificName": "Passiflora coriacea Juss.",
        "coordinateUncertaintyInMeters": "",
        "basisOfRecord": "PRESERVED_SPECIMEN",
        "eventDate": "1983-07-20",
        "country": null,
        "datasetName": "Digitalización y sistematización de las colecciones biológicas del INECOL",
        "publisher": "Comisión nacional para el conocimiento y uso de la biodiversidad",
        "license": "CC_BY_4_0",
        "issues": [
          "OCCURRENCE_STATUS_INFERRED_FROM_INDIVIDUAL_COUNT",
          "COORDINATE_ROUNDED",
          "TAXON_ID_NOT_FOUND",
          "SCIENTIFIC_NAME_ID_NOT_FOUND"
        ],
        "fallback_media": {
          "url": "https://api.jacq.org/v1/images/europeana/1638715?withredirect=1",
          "references": "https://api.jacq.org/v1/images/show/1638715?withredirect=1",
          "title": null,
          "creator": null,
          "publisher": null,
          "license": "http://creativecommons.org/publicdomain/zero/1.0/",
          "rightsHolder": null
        }
      }
    },
    {
      "type": "Feature",
      "geometry": {
        "type": "Point",
        "coordinates": [
          -96.883874,
          19.87258
        ]
      },
      "properties": {
        "gbifID": "5101681224",
        "species": "Passiflora coriacea",
        "genus": "Passiflora",
        "family": "Passifloraceae",
        "scientificName": "Passiflora coriacea Juss.",
        "coordinateUncertaintyInMeters": "",
        "basisOfRecord": "PRESERVED_SPECIMEN",
        "eventDate": "1993-02-09",
        "country": null,
        "datasetName": "Digitalización y sistematización de las colecciones biológicas del INECOL",
        "publisher": "Comisión nacional para el conocimiento y uso de la biodiversidad",
        "license": "CC_BY_4_0",
        "issues": [
          "OCCURRENCE_STATUS_INFERRED_FROM_INDIVIDUAL_COUNT",
          "RECORDED_DATE_INVALID",
          "COORDINATE_ROUNDED",
          "TAXON_ID_NOT_FOUND",
          "SCIENTIFIC_NAME_ID_NOT_FOUND"
        ],
        "fallback_media": {
          "url": "https://api.jacq.org/v1/images/europeana/1638715?withredirect=1",
          "references": "https://api.jacq.org/v1/images/show/1638715?withredirect=1",
          "title": null,
          "creator": null,
          "publisher": null,
          "license": "http://creativecommons.org/publicdomain/zero/1.0/",
          "rightsHolder": null
        }
      }
    },
    {
      "type": "Feature",
      "geometry": {
        "type": "Point",
        "coordinates": [
          -95.963019,
          18.840966
        ]
      },
      "properties": {
        "gbifID": "5101683957",
        "species": "Passiflora coriacea",
        "genus": "Passiflora",
        "family": "Passifloraceae",
        "scientificName": "Passiflora coriacea Juss.",
        "coordinateUncertaintyInMeters": "",
        "basisOfRecord": "PRESERVED_SPECIMEN",
        "eventDate": "2009-11-25",
        "country": null,
        "datasetName": "Digitalización y sistematización de las colecciones biológicas del INECOL",
        "publisher": "Comisión nacional para el conocimiento y uso de la biodiversidad",
        "license": "CC_BY_4_0",
        "issues": [
          "OCCURRENCE_STATUS_INFERRED_FROM_INDIVIDUAL_COUNT",
          "COORDINATE_ROUNDED",
          "TAXON_ID_NOT_FOUND",
          "SCIENTIFIC_NAME_ID_NOT_FOUND"
        ],
        "fallback_media": {
          "url": "https://api.jacq.org/v1/images/europeana/1638715?withredirect=1",
          "references": "https://api.jacq.org/v1/images/show/1638715?withredirect=1",
          "title": null,
          "creator": null,
          "publisher": null,
          "license": "http://creativecommons.org/publicdomain/zero/1.0/",
          "rightsHolder": null
        }
      }
    },
    {
      "type": "Feature",
      "geometry": {
        "type": "Point",
        "coordinates": [
          -95.057171,
          17.764835
        ]
      },
      "properties": {
        "gbifID": "5101628196",
        "species": "Passiflora coriacea",
        "genus": "Passiflora",
        "family": "Passifloraceae",
        "scientificName": "Passiflora coriacea Juss.",
        "coordinateUncertaintyInMeters": "",
        "basisOfRecord": "PRESERVED_SPECIMEN",
        "eventDate": "2001-05-10",
        "country": null,
        "datasetName": "Digitalización y sistematización de las colecciones biológicas del INECOL",
        "publisher": "Comisión nacional para el conocimiento y uso de la biodiversidad",
        "license": "CC_BY_4_0",
        "issues": [
          "OCCURRENCE_STATUS_INFERRED_FROM_INDIVIDUAL_COUNT",
          "RECORDED_DATE_INVALID",
          "COORDINATE_ROUNDED",
          "TAXON_ID_NOT_FOUND",
          "SCIENTIFIC_NAME_ID_NOT_FOUND"
        ],
        "fallback_media": {
          "url": "https://api.jacq.org/v1/images/europeana/1638715?withredirect=1",
          "references": "https://api.jacq.org/v1/images/show/1638715?withredirect=1",
          "title": null,
          "creator": null,
          "publisher": null,
          "license": "http://creativecommons.org/publicdomain/zero/1.0/",
          "rightsHolder": null
        }
      }
    },
    {
      "type": "Feature",
      "geometry": {
        "type": "Point",
        "coordinates": [
          -96.138023,
          19.199836
        ]
      },
      "properties": {
        "gbifID": "5101690373",
        "species": "Passiflora coriacea",
        "genus": "Passiflora",
        "family": "Passifloraceae",
        "scientificName": "Passiflora coriacea Juss.",
        "coordinateUncertaintyInMeters": "",
        "basisOfRecord": "PRESERVED_SPECIMEN",
        "eventDate": "",
        "country": null,
        "datasetName": "Digitalización y sistematización de las colecciones biológicas del INECOL",
        "publisher": "Comisión nacional para el conocimiento y uso de la biodiversidad",
        "license": "CC_BY_4_0",
        "issues": [
          "OCCURRENCE_STATUS_INFERRED_FROM_INDIVIDUAL_COUNT",
          "COORDINATE_ROUNDED",
          "SCIENTIFIC_NAME_ID_NOT_FOUND",
          "TAXON_ID_NOT_FOUND"
        ],
        "fallback_media": {
          "url": "https://api.jacq.org/v1/images/europeana/1638715?withredirect=1",
          "references": "https://api.jacq.org/v1/images/show/1638715?withredirect=1",
          "title": null,
          "creator": null,
          "publisher": null,
          "license": "http://creativecommons.org/publicdomain/zero/1.0/",
          "rightsHolder": null
        }
      }
    },
    {
      "type": "Feature",
      "geometry": {
        "type": "Point",
        "coordinates": [
          -96.75137,
          19.207891
        ]
      },
      "properties": {
        "gbifID": "5101878720",
        "species": "Passiflora coriacea",
        "genus": "Passiflora",
        "family": "Passifloraceae",
        "scientificName": "Passiflora coriacea Juss.",
        "coordinateUncertaintyInMeters": "",
        "basisOfRecord": "PRESERVED_SPECIMEN",
        "eventDate": "1970-06-10",
        "country": null,
        "datasetName": "Digitalización y sistematización de las colecciones biológicas del INECOL",
        "publisher": "Comisión nacional para el conocimiento y uso de la biodiversidad",
        "license": "CC_BY_4_0",
        "issues": [
          "OCCURRENCE_STATUS_INFERRED_FROM_INDIVIDUAL_COUNT",
          "RECORDED_DATE_INVALID",
          "COORDINATE_ROUNDED",
          "SCIENTIFIC_NAME_ID_NOT_FOUND",
          "TAXON_ID_NOT_FOUND"
        ],
        "fallback_media": {
          "url": "https://api.jacq.org/v1/images/europeana/1638715?withredirect=1",
          "references": "https://api.jacq.org/v1/images/show/1638715?withredirect=1",
          "title": null,
          "creator": null,
          "publisher": null,
          "license": "http://creativecommons.org/publicdomain/zero/1.0/",
          "rightsHolder": null
        }
      }
    },
    {
      "type": "Feature",
      "geometry": {
        "type": "Point",
        "coordinates": [
          -94.141337,
          17.436678
        ]
      },
      "properties": {
        "gbifID": "5101885665",
        "species": "Passiflora coriacea",
        "genus": "Passiflora",
        "family": "Passifloraceae",
        "scientificName": "Passiflora coriacea Juss.",
        "coordinateUncertaintyInMeters": "",
        "basisOfRecord": "PRESERVED_SPECIMEN",
        "eventDate": "2001-05-07",
        "country": null,
        "datasetName": "Digitalización y sistematización de las colecciones biológicas del INECOL",
        "publisher": "Comisión nacional para el conocimiento y uso de la biodiversidad",
        "license": "CC_BY_4_0",
        "issues": [
          "OCCURRENCE_STATUS_INFERRED_FROM_INDIVIDUAL_COUNT",
          "RECORDED_DATE_INVALID",
          "COORDINATE_ROUNDED",
          "TAXON_ID_NOT_FOUND",
          "SCIENTIFIC_NAME_ID_NOT_FOUND"
        ],
        "fallback_media": {
          "url": "https://api.jacq.org/v1/images/europeana/1638715?withredirect=1",
          "references": "https://api.jacq.org/v1/images/show/1638715?withredirect=1",
          "title": null,
          "creator": null,
          "publisher": null,
          "license": "http://creativecommons.org/publicdomain/zero/1.0/",
          "rightsHolder": null
        }
      }
    },
    {
      "type": "Feature",
      "geometry": {
        "type": "Point",
        "coordinates": [
          -84.93333,
          9.78333
        ]
      },
      "properties": {
        "gbifID": "2422305759",
        "species": "Passiflora coriacea",
        "genus": "Passiflora",
        "family": "Passifloraceae",
        "scientificName": "Passiflora coriacea Juss.",
        "coordinateUncertaintyInMeters": "",
        "basisOfRecord": "PRESERVED_SPECIMEN",
        "eventDate": "1996-07-23",
        "country": null,
        "datasetName": "",
        "publisher": "University of California Riverside",
        "license": "CC_BY_NC_4_0",
        "issues": [
          "GEODETIC_DATUM_ASSUMED_WGS84",
          "INSTITUTION_MATCH_FUZZY",
          "COLLECTION_MATCH_NONE",
          "TAXON_ID_NOT_FOUND"
        ],
        "fallback_media": {
          "url": "https://api.jacq.org/v1/images/europeana/1638715?withredirect=1",
          "references": "https://api.jacq.org/v1/images/show/1638715?withredirect=1",
          "title": null,
          "creator": null,
          "publisher": null,
          "license": "http://creativecommons.org/publicdomain/zero/1.0/",
          "rightsHolder": null
        }
      }
    },
    {
      "type": "Feature",
      "geometry": {
        "type": "Point",
        "coordinates": [
          -89.89083,
          16.92833
        ]
      },
      "properties": {
        "gbifID": "2422378983",
        "species": "Passiflora coriacea",
        "genus": "Passiflora",
        "family": "Passifloraceae",
        "scientificName": "Passiflora coriacea Juss.",
        "coordinateUncertaintyInMeters": "",
        "basisOfRecord": "PRESERVED_SPECIMEN",
        "eventDate": "1967-12-10",
        "country": null,
        "datasetName": "",
        "publisher": "University of California Riverside",
        "license": "CC_BY_NC_4_0",
        "issues": [
          "GEODETIC_DATUM_ASSUMED_WGS84",
          "INSTITUTION_MATCH_FUZZY",
          "COLLECTION_MATCH_NONE",
          "TAXON_ID_NOT_FOUND"
        ],
        "fallback_media": {
          "url": "https://api.jacq.org/v1/images/europeana/1638715?withredirect=1",
          "references": "https://api.jacq.org/v1/images/show/1638715?withredirect=1",
          "title": null,
          "creator": null,
          "publisher": null,
          "license": "http://creativecommons.org/publicdomain/zero/1.0/",
          "rightsHolder": null
        }
      }
    },
    {
      "type": "Feature",
      "geometry": {
        "type": "Point",
        "coordinates": [
          -89.05083,
          18.08917
        ]
      },
      "properties": {
        "gbifID": "2422379717",
        "species": "Passiflora coriacea",
        "genus": "Passiflora",
        "family": "Passifloraceae",
        "scientificName": "Passiflora coriacea Juss.",
        "coordinateUncertaintyInMeters": "",
        "basisOfRecord": "PRESERVED_SPECIMEN",
        "eventDate": "1990-03-14",
        "country": null,
        "datasetName": "",
        "publisher": "University of California Riverside",
        "license": "CC_BY_NC_4_0",
        "issues": [
          "GEODETIC_DATUM_ASSUMED_WGS84",
          "INSTITUTION_MATCH_FUZZY",
          "COLLECTION_MATCH_NONE",
          "TAXON_ID_NOT_FOUND"
        ],
        "fallback_media": {
          "url": "https://api.jacq.org/v1/images/europeana/1638715?withredirect=1",
          "references": "https://api.jacq.org/v1/images/show/1638715?withredirect=1",
          "title": null,
          "creator": null,
          "publisher": null,
          "license": "http://creativecommons.org/publicdomain/zero/1.0/",
          "rightsHolder": null
        }
      }
    },
    {
      "type": "Feature",
      "geometry": {
        "type": "Point",
        "coordinates": [
          -75.291469,
          2.9225
        ]
      },
      "properties": {
        "gbifID": "4945447362",
        "species": "Passiflora coriacea",
        "genus": "Passiflora",
        "family": "Passifloraceae",
        "scientificName": "Passiflora coriacea Juss.",
        "coordinateUncertaintyInMeters": "",
        "basisOfRecord": "HUMAN_OBSERVATION",
        "eventDate": "2019-11-17",
        "country": null,
        "datasetName": "",
        "publisher": "Universidad Surcolombiana",
        "license": "CC_BY_NC_4_0",
        "issues": [
          "COORDINATE_ROUNDED"
        ],
        "fallback_media": {
          "url": "https://api.jacq.org/v1/images/europeana/1638715?withredirect=1",
          "references": "https://api.jacq.org/v1/images/show/1638715?withredirect=1",
          "title": null,
          "creator": null,
          "publisher": null,
          "license": "http://creativecommons.org/publicdomain/zero/1.0/",
          "rightsHolder": null
        }
      }
    },
    {
      "type": "Feature",
      "geometry": {
        "type": "Point",
        "coordinates": [
          -67.333333,
          -15.583333
        ]
      },
      "properties": {
        "gbifID": "4062095461",
        "species": "Passiflora coriacea",
        "genus": "Passiflora",
        "family": "Passifloraceae",
        "scientificName": "Passiflora coriacea Juss.",
        "coordinateUncertaintyInMeters": "",
        "basisOfRecord": "PRESERVED_SPECIMEN",
        "eventDate": "1988-08-05",
        "country": null,
        "datasetName": "Tropicos",
        "publisher": "Missouri Botanical Garden",
        "license": "CC_BY_4_0",
        "issues": [
          "OCCURRENCE_STATUS_INFERRED_FROM_INDIVIDUAL_COUNT",
          "COORDINATE_ROUNDED",
          "GEODETIC_DATUM_ASSUMED_WGS84",
          "INSTITUTION_MATCH_FUZZY",
          "COLLECTION_MATCH_NONE",
          "TAXON_ID_NOT_FOUND"
        ],
        "fallback_media": {
          "url": "https://api.jacq.org/v1/images/europeana/1638715?withredirect=1",
          "references": "https://api.jacq.org/v1/images/show/1638715?withredirect=1",
          "title": null,
          "creator": null,
          "publisher": null,
          "license": "http://creativecommons.org/publicdomain/zero/1.0/",
          "rightsHolder": null
        }
      }
    },
    {
      "type": "Feature",
      "geometry": {
        "type": "Point",
        "coordinates": [
          -75.125833,
          6.796667
        ]
      },
      "properties": {
        "gbifID": "1257756842",
        "species": "Passiflora coriacea",
        "genus": "Passiflora",
        "family": "Passifloraceae",
        "scientificName": "Passiflora coriacea Juss.",
        "coordinateUncertaintyInMeters": "",
        "basisOfRecord": "PRESERVED_SPECIMEN",
        "eventDate": "2004-04",
        "country": null,
        "datasetName": "Tropicos",
        "publisher": "Missouri Botanical Garden",
        "license": "CC_BY_4_0",
        "issues": [
          "OCCURRENCE_STATUS_INFERRED_FROM_INDIVIDUAL_COUNT",
          "COORDINATE_ROUNDED",
          "GEODETIC_DATUM_ASSUMED_WGS84",
          "INSTITUTION_MATCH_FUZZY",
          "COLLECTION_MATCH_NONE",
          "TAXON_ID_NOT_FOUND"
        ],
        "fallback_media": {
          "url": "https://api.jacq.org/v1/images/europeana/1638715?withredirect=1",
          "references": "https://api.jacq.org/v1/images/show/1638715?withredirect=1",
          "title": null,
          "creator": null,
          "publisher": null,
          "license": "http://creativecommons.org/publicdomain/zero/1.0/",
          "rightsHolder": null
        }
      }
    },
    {
      "type": "Feature",
      "geometry": {
        "type": "Point",
        "coordinates": [
          -89.071389,
          17.156111
        ]
      },
      "properties": {
        "gbifID": "1260170753",
        "species": "Passiflora coriacea",
        "genus": "Passiflora",
        "family": "Passifloraceae",
        "scientificName": "Passiflora coriacea Juss.",
        "coordinateUncertaintyInMeters": "",
        "basisOfRecord": "PRESERVED_SPECIMEN",
        "eventDate": "1933-03",
        "country": null,
        "datasetName": "Tropicos",
        "publisher": "Missouri Botanical Garden",
        "license": "CC_BY_4_0",
        "issues": [
          "OCCURRENCE_STATUS_INFERRED_FROM_INDIVIDUAL_COUNT",
          "COORDINATE_ROUNDED",
          "GEODETIC_DATUM_ASSUMED_WGS84",
          "INSTITUTION_MATCH_FUZZY",
          "COLLECTION_MATCH_NONE",
          "TAXON_ID_NOT_FOUND"
        ],
        "fallback_media": {
          "url": "https://api.jacq.org/v1/images/europeana/1638715?withredirect=1",
          "references": "https://api.jacq.org/v1/images/show/1638715?withredirect=1",
          "title": null,
          "creator": null,
          "publisher": null,
          "license": "http://creativecommons.org/publicdomain/zero/1.0/",
          "rightsHolder": null
        }
      }
    },
    {
      "type": "Feature",
      "geometry": {
        "type": "Point",
        "coordinates": [
          -88.616667,
          17.416667
        ]
      },
      "properties": {
        "gbifID": "1260171202",
        "species": "Passiflora coriacea",
        "genus": "Passiflora",
        "family": "Passifloraceae",
        "scientificName": "Passiflora coriacea Juss.",
        "coordinateUncertaintyInMeters": "",
        "basisOfRecord": "PRESERVED_SPECIMEN",
        "eventDate": "1933-05-31",
        "country": null,
        "datasetName": "Tropicos",
        "publisher": "Missouri Botanical Garden",
        "license": "CC_BY_4_0",
        "issues": [
          "OCCURRENCE_STATUS_INFERRED_FROM_INDIVIDUAL_COUNT",
          "COORDINATE_ROUNDED",
          "GEODETIC_DATUM_ASSUMED_WGS84",
          "INSTITUTION_MATCH_FUZZY",
          "COLLECTION_MATCH_NONE",
          "TAXON_ID_NOT_FOUND"
        ],
        "fallback_media": {
          "url": "https://api.jacq.org/v1/images/europeana/1638715?withredirect=1",
          "references": "https://api.jacq.org/v1/images/show/1638715?withredirect=1",
          "title": null,
          "creator": null,
          "publisher": null,
          "license": "http://creativecommons.org/publicdomain/zero/1.0/",
          "rightsHolder": null
        }
      }
    },
    {
      "type": "Feature",
      "geometry": {
        "type": "Point",
        "coordinates": [
          -87.4575,
          15.780556
        ]
      },
      "properties": {
        "gbifID": "1260176158",
        "species": "Passiflora coriacea",
        "genus": "Passiflora",
        "family": "Passifloraceae",
        "scientificName": "Passiflora coriacea Juss.",
        "coordinateUncertaintyInMeters": "",
        "basisOfRecord": "PRESERVED_SPECIMEN",
        "eventDate": "1927-12-14",
        "country": null,
        "datasetName": "Tropicos",
        "publisher": "Missouri Botanical Garden",
        "license": "CC_BY_4_0",
        "issues": [
          "OCCURRENCE_STATUS_INFERRED_FROM_INDIVIDUAL_COUNT",
          "COORDINATE_ROUNDED",
          "GEODETIC_DATUM_ASSUMED_WGS84",
          "INSTITUTION_MATCH_FUZZY",
          "COLLECTION_MATCH_NONE",
          "TAXON_ID_NOT_FOUND"
        ],
        "fallback_media": {
          "url": "https://api.jacq.org/v1/images/europeana/1638715?withredirect=1",
          "references": "https://api.jacq.org/v1/images/show/1638715?withredirect=1",
          "title": null,
          "creator": null,
          "publisher": null,
          "license": "http://creativecommons.org/publicdomain/zero/1.0/",
          "rightsHolder": null
        }
      }
    },
    {
      "type": "Feature",
      "geometry": {
        "type": "Point",
        "coordinates": [
          -73.116667,
          7.116667
        ]
      },
      "properties": {
        "gbifID": "4061545628",
        "species": "Passiflora coriacea",
        "genus": "Passiflora",
        "family": "Passifloraceae",
        "scientificName": "Passiflora coriacea Juss.",
        "coordinateUncertaintyInMeters": "",
        "basisOfRecord": "PRESERVED_SPECIMEN",
        "eventDate": "1926-12-30",
        "country": null,
        "datasetName": "Tropicos",
        "publisher": "Missouri Botanical Garden",
        "license": "CC_BY_4_0",
        "issues": [
          "OCCURRENCE_STATUS_INFERRED_FROM_INDIVIDUAL_COUNT",
          "COORDINATE_ROUNDED",
          "GEODETIC_DATUM_ASSUMED_WGS84",
          "INSTITUTION_MATCH_FUZZY",
          "COLLECTION_MATCH_NONE",
          "TAXON_ID_NOT_FOUND"
        ],
        "fallback_media": {
          "url": "https://api.jacq.org/v1/images/europeana/1638715?withredirect=1",
          "references": "https://api.jacq.org/v1/images/show/1638715?withredirect=1",
          "title": null,
          "creator": null,
          "publisher": null,
          "license": "http://creativecommons.org/publicdomain/zero/1.0/",
          "rightsHolder": null
        }
      }
    },
    {
      "type": "Feature",
      "geometry": {
        "type": "Point",
        "coordinates": [
          -93.7,
          18.34
        ]
      },
      "properties": {
        "gbifID": "1260168522",
        "species": "Passiflora coriacea",
        "genus": "Passiflora",
        "family": "Passifloraceae",
        "scientificName": "Passiflora coriacea Juss.",
        "coordinateUncertaintyInMeters": "",
        "basisOfRecord": "PRESERVED_SPECIMEN",
        "eventDate": "1979-06-14",
        "country": null,
        "datasetName": "Tropicos",
        "publisher": "Missouri Botanical Garden",
        "license": "CC_BY_4_0",
        "issues": [
          "OCCURRENCE_STATUS_INFERRED_FROM_INDIVIDUAL_COUNT",
          "GEODETIC_DATUM_ASSUMED_WGS84",
          "INSTITUTION_MATCH_NONE",
          "TAXON_ID_NOT_FOUND"
        ],
        "fallback_media": {
          "url": "https://api.jacq.org/v1/images/europeana/1638715?withredirect=1",
          "references": "https://api.jacq.org/v1/images/show/1638715?withredirect=1",
          "title": null,
          "creator": null,
          "publisher": null,
          "license": "http://creativecommons.org/publicdomain/zero/1.0/",
          "rightsHolder": null
        }
      }
    },
    {
      "type": "Feature",
      "geometry": {
        "type": "Point",
        "coordinates": [
          -74.904999,
          5.1919
        ]
      },
      "properties": {
        "gbifID": "1257772712",
        "species": "Passiflora coriacea",
        "genus": "Passiflora",
        "family": "Passifloraceae",
        "scientificName": "Passiflora coriacea Juss.",
        "coordinateUncertaintyInMeters": "",
        "basisOfRecord": "PRESERVED_SPECIMEN",
        "eventDate": "2001-09-28",
        "country": null,
        "datasetName": "Tropicos",
        "publisher": "Missouri Botanical Garden",
        "license": "CC_BY_4_0",
        "issues": [
          "OCCURRENCE_STATUS_INFERRED_FROM_INDIVIDUAL_COUNT",
          "COORDINATE_ROUNDED",
          "GEODETIC_DATUM_ASSUMED_WGS84",
          "INSTITUTION_MATCH_NONE",
          "TAXON_ID_NOT_FOUND"
        ],
        "fallback_media": {
          "url": "https://api.jacq.org/v1/images/europeana/1638715?withredirect=1",
          "references": "https://api.jacq.org/v1/images/show/1638715?withredirect=1",
          "title": null,
          "creator": null,
          "publisher": null,
          "license": "http://creativecommons.org/publicdomain/zero/1.0/",
          "rightsHolder": null
        }
      }
    },
    {
      "type": "Feature",
      "geometry": {
        "type": "Point",
        "coordinates": [
          -89.99138,
          15.58
        ]
      },
      "properties": {
        "gbifID": "1260174259",
        "species": "Passiflora coriacea",
        "genus": "Passiflora",
        "family": "Passifloraceae",
        "scientificName": "Passiflora coriacea Juss.",
        "coordinateUncertaintyInMeters": "",
        "basisOfRecord": "PRESERVED_SPECIMEN",
        "eventDate": "1942-02-21",
        "country": null,
        "datasetName": "Tropicos",
        "publisher": "Missouri Botanical Garden",
        "license": "CC_BY_4_0",
        "issues": [
          "GEODETIC_DATUM_ASSUMED_WGS84",
          "INSTITUTION_MATCH_FUZZY",
          "COLLECTION_MATCH_NONE",
          "TAXON_ID_NOT_FOUND"
        ],
        "fallback_media": {
          "url": "https://api.jacq.org/v1/images/europeana/1638715?withredirect=1",
          "references": "https://api.jacq.org/v1/images/show/1638715?withredirect=1",
          "title": null,
          "creator": null,
          "publisher": null,
          "license": "http://creativecommons.org/publicdomain/zero/1.0/",
          "rightsHolder": null
        }
      }
    },
    {
      "type": "Feature",
      "geometry": {
        "type": "Point",
        "coordinates": [
          -83.33,
          10.27
        ]
      },
      "properties": {
        "gbifID": "1260142122",
        "species": "Passiflora coriacea",
        "genus": "Passiflora",
        "family": "Passifloraceae",
        "scientificName": "Passiflora coriacea Juss.",
        "coordinateUncertaintyInMeters": "",
        "basisOfRecord": "PRESERVED_SPECIMEN",
        "eventDate": "1951-10-09",
        "country": null,
        "datasetName": "Tropicos",
        "publisher": "Missouri Botanical Garden",
        "license": "CC_BY_4_0",
        "issues": [
          "OCCURRENCE_STATUS_INFERRED_FROM_INDIVIDUAL_COUNT",
          "GEODETIC_DATUM_ASSUMED_WGS84",
          "ELEVATION_NON_NUMERIC",
          "INSTITUTION_MATCH_FUZZY",
          "COLLECTION_MATCH_NONE",
          "TAXON_ID_NOT_FOUND"
        ],
        "fallback_media": {
          "url": "https://api.jacq.org/v1/images/europeana/1638715?withredirect=1",
          "references": "https://api.jacq.org/v1/images/show/1638715?withredirect=1",
          "title": null,
          "creator": null,
          "publisher": null,
          "license": "http://creativecommons.org/publicdomain/zero/1.0/",
          "rightsHolder": null
        }
      }
    },
    {
      "type": "Feature",
      "geometry": {
        "type": "Point",
        "coordinates": [
          -74.90684,
          5.19549
        ]
      },
      "properties": {
        "gbifID": "1257772685",
        "species": "Passiflora coriacea",
        "genus": "Passiflora",
        "family": "Passifloraceae",
        "scientificName": "Passiflora coriacea Juss.",
        "coordinateUncertaintyInMeters": "",
        "basisOfRecord": "PRESERVED_SPECIMEN",
        "eventDate": "2001-09-27",
        "country": null,
        "datasetName": "Tropicos",
        "publisher": "Missouri Botanical Garden",
        "license": "CC_BY_4_0",
        "issues": [
          "OCCURRENCE_STATUS_INFERRED_FROM_INDIVIDUAL_COUNT",
          "GEODETIC_DATUM_ASSUMED_WGS84",
          "INSTITUTION_MATCH_NONE",
          "TAXON_ID_NOT_FOUND"
        ],
        "fallback_media": {
          "url": "https://api.jacq.org/v1/images/europeana/1638715?withredirect=1",
          "references": "https://api.jacq.org/v1/images/show/1638715?withredirect=1",
          "title": null,
          "creator": null,
          "publisher": null,
          "license": "http://creativecommons.org/publicdomain/zero/1.0/",
          "rightsHolder": null
        }
      }
    },
    {
      "type": "Feature",
      "geometry": {
        "type": "Point",
        "coordinates": [
          -75.816667,
          5.95
        ]
      },
      "properties": {
        "gbifID": "4062076615",
        "species": "Passiflora coriacea",
        "genus": "Passiflora",
        "family": "Passifloraceae",
        "scientificName": "Passiflora coriacea Juss.",
        "coordinateUncertaintyInMeters": "",
        "basisOfRecord": "PRESERVED_SPECIMEN",
        "eventDate": "1985-03-10",
        "country": null,
        "datasetName": "Tropicos",
        "publisher": "Missouri Botanical Garden",
        "license": "CC_BY_4_0",
        "issues": [
          "OCCURRENCE_STATUS_INFERRED_FROM_INDIVIDUAL_COUNT",
          "COORDINATE_ROUNDED",
          "GEODETIC_DATUM_ASSUMED_WGS84",
          "INSTITUTION_MATCH_FUZZY",
          "COLLECTION_MATCH_NONE",
          "TAXON_ID_NOT_FOUND"
        ],
        "fallback_media": {
          "url": "https://api.jacq.org/v1/images/europeana/1638715?withredirect=1",
          "references": "https://api.jacq.org/v1/images/show/1638715?withredirect=1",
          "title": null,
          "creator": null,
          "publisher": null,
          "license": "http://creativecommons.org/publicdomain/zero/1.0/",
          "rightsHolder": null
        }
      }
    },
    {
      "type": "Feature",
      "geometry": {
        "type": "Point",
        "coordinates": [
          -96.73,
          18.64
        ]
      },
      "properties": {
        "gbifID": "1260181290",
        "species": "Passiflora coriacea",
        "genus": "Passiflora",
        "family": "Passifloraceae",
        "scientificName": "Passiflora coriacea Juss.",
        "coordinateUncertaintyInMeters": "",
        "basisOfRecord": "PRESERVED_SPECIMEN",
        "eventDate": "1977-06-30",
        "country": null,
        "datasetName": "Tropicos",
        "publisher": "Missouri Botanical Garden",
        "license": "CC_BY_4_0",
        "issues": [
          "GEODETIC_DATUM_ASSUMED_WGS84",
          "INSTITUTION_MATCH_FUZZY",
          "COLLECTION_MATCH_NONE",
          "TAXON_ID_NOT_FOUND"
        ],
        "fallback_media": {
          "url": "https://api.jacq.org/v1/images/europeana/1638715?withredirect=1",
          "references": "https://api.jacq.org/v1/images/show/1638715?withredirect=1",
          "title": null,
          "creator": null,
          "publisher": null,
          "license": "http://creativecommons.org/publicdomain/zero/1.0/",
          "rightsHolder": null
        }
      }
    },
    {
      "type": "Feature",
      "geometry": {
        "type": "Point",
        "coordinates": [
          -75.556944,
          5.855278
        ]
      },
      "properties": {
        "gbifID": "1257756861",
        "species": "Passiflora coriacea",
        "genus": "Passiflora",
        "family": "Passifloraceae",
        "scientificName": "Passiflora coriacea Juss.",
        "coordinateUncertaintyInMeters": "",
        "basisOfRecord": "PRESERVED_SPECIMEN",
        "eventDate": "1977-12-24",
        "country": null,
        "datasetName": "Tropicos",
        "publisher": "Missouri Botanical Garden",
        "license": "CC_BY_4_0",
        "issues": [
          "OCCURRENCE_STATUS_INFERRED_FROM_INDIVIDUAL_COUNT",
          "COORDINATE_ROUNDED",
          "GEODETIC_DATUM_ASSUMED_WGS84",
          "INSTITUTION_MATCH_FUZZY",
          "COLLECTION_MATCH_NONE",
          "TAXON_ID_NOT_FOUND"
        ],
        "fallback_media": {
          "url": "https://api.jacq.org/v1/images/europeana/1638715?withredirect=1",
          "references": "https://api.jacq.org/v1/images/show/1638715?withredirect=1",
          "title": null,
          "creator": null,
          "publisher": null,
          "license": "http://creativecommons.org/publicdomain/zero/1.0/",
          "rightsHolder": null
        }
      }
    },
    {
      "type": "Feature",
      "geometry": {
        "type": "Point",
        "coordinates": [
          -66.783333,
          10.55
        ]
      },
      "properties": {
        "gbifID": "1260100382",
        "species": "Passiflora coriacea",
        "genus": "Passiflora",
        "family": "Passifloraceae",
        "scientificName": "Passiflora coriacea Juss.",
        "coordinateUncertaintyInMeters": "",
        "basisOfRecord": "PRESERVED_SPECIMEN",
        "eventDate": "1963-11-15",
        "country": null,
        "datasetName": "Tropicos",
        "publisher": "Missouri Botanical Garden",
        "license": "CC_BY_4_0",
        "issues": [
          "OCCURRENCE_STATUS_INFERRED_FROM_INDIVIDUAL_COUNT",
          "COORDINATE_ROUNDED",
          "GEODETIC_DATUM_ASSUMED_WGS84",
          "AMBIGUOUS_INSTITUTION",
          "TAXON_ID_NOT_FOUND"
        ],
        "fallback_media": {
          "url": "https://api.jacq.org/v1/images/europeana/1638715?withredirect=1",
          "references": "https://api.jacq.org/v1/images/show/1638715?withredirect=1",
          "title": null,
          "creator": null,
          "publisher": null,
          "license": "http://creativecommons.org/publicdomain/zero/1.0/",
          "rightsHolder": null
        }
      }
    },
    {
      "type": "Feature",
      "geometry": {
        "type": "Point",
        "coordinates": [
          -88.77,
          19.84
        ]
      },
      "properties": {
        "gbifID": "1260179649",
        "species": "Passiflora coriacea",
        "genus": "Passiflora",
        "family": "Passifloraceae",
        "scientificName": "Passiflora coriacea Juss.",
        "coordinateUncertaintyInMeters": "",
        "basisOfRecord": "PRESERVED_SPECIMEN",
        "eventDate": "1982-10-01",
        "country": null,
        "datasetName": "Tropicos",
        "publisher": "Missouri Botanical Garden",
        "license": "CC_BY_4_0",
        "issues": [
          "GEODETIC_DATUM_ASSUMED_WGS84",
          "INSTITUTION_MATCH_FUZZY",
          "COLLECTION_MATCH_NONE",
          "TAXON_ID_NOT_FOUND"
        ],
        "fallback_media": {
          "url": "https://api.jacq.org/v1/images/europeana/1638715?withredirect=1",
          "references": "https://api.jacq.org/v1/images/show/1638715?withredirect=1",
          "title": null,
          "creator": null,
          "publisher": null,
          "license": "http://creativecommons.org/publicdomain/zero/1.0/",
          "rightsHolder": null
        }
      }
    },
    {
      "type": "Feature",
      "geometry": {
        "type": "Point",
        "coordinates": [
          -88.8,
          13.633333
        ]
      },
      "properties": {
        "gbifID": "1257519598",
        "species": "Passiflora coriacea",
        "genus": "Passiflora",
        "family": "Passifloraceae",
        "scientificName": "Passiflora coriacea Juss.",
        "coordinateUncertaintyInMeters": "",
        "basisOfRecord": "PRESERVED_SPECIMEN",
        "eventDate": "",
        "country": null,
        "datasetName": "Tropicos",
        "publisher": "Missouri Botanical Garden",
        "license": "CC_BY_4_0",
        "issues": [
          "OCCURRENCE_STATUS_INFERRED_FROM_INDIVIDUAL_COUNT",
          "COORDINATE_ROUNDED",
          "GEODETIC_DATUM_ASSUMED_WGS84",
          "AMBIGUOUS_INSTITUTION",
          "TAXON_ID_NOT_FOUND"
        ],
        "fallback_media": {
          "url": "https://api.jacq.org/v1/images/europeana/1638715?withredirect=1",
          "references": "https://api.jacq.org/v1/images/show/1638715?withredirect=1",
          "title": null,
          "creator": null,
          "publisher": null,
          "license": "http://creativecommons.org/publicdomain/zero/1.0/",
          "rightsHolder": null
        }
      }
    },
    {
      "type": "Feature",
      "geometry": {
        "type": "Point",
        "coordinates": [
          -97.283333,
          20.316667
        ]
      },
      "properties": {
        "gbifID": "1260698660",
        "species": "Passiflora coriacea",
        "genus": "Passiflora",
        "family": "Passifloraceae",
        "scientificName": "Passiflora coriacea Juss.",
        "coordinateUncertaintyInMeters": "",
        "basisOfRecord": "PRESERVED_SPECIMEN",
        "eventDate": "1841",
        "country": null,
        "datasetName": "Tropicos",
        "publisher": "Missouri Botanical Garden",
        "license": "CC_BY_4_0",
        "issues": [
          "OCCURRENCE_STATUS_INFERRED_FROM_INDIVIDUAL_COUNT",
          "COORDINATE_ROUNDED",
          "GEODETIC_DATUM_ASSUMED_WGS84",
          "INSTITUTION_MATCH_FUZZY",
          "COLLECTION_MATCH_NONE",
          "TAXON_ID_NOT_FOUND"
        ],
        "fallback_media": {
          "url": "https://api.jacq.org/v1/images/europeana/1638715?withredirect=1",
          "references": "https://api.jacq.org/v1/images/show/1638715?withredirect=1",
          "title": null,
          "creator": null,
          "publisher": null,
          "license": "http://creativecommons.org/publicdomain/zero/1.0/",
          "rightsHolder": null
        }
      }
    },
    {
      "type": "Feature",
      "geometry": {
        "type": "Point",
        "coordinates": [
          -74.75,
          5.2
        ]
      },
      "properties": {
        "gbifID": "1257537750",
        "species": "Passiflora coriacea",
        "genus": "Passiflora",
        "family": "Passifloraceae",
        "scientificName": "Passiflora coriacea Juss.",
        "coordinateUncertaintyInMeters": "",
        "basisOfRecord": "PRESERVED_SPECIMEN",
        "eventDate": "",
        "country": null,
        "datasetName": "Tropicos",
        "publisher": "Missouri Botanical Garden",
        "license": "CC_BY_4_0",
        "issues": [
          "OCCURRENCE_STATUS_INFERRED_FROM_INDIVIDUAL_COUNT",
          "GEODETIC_DATUM_ASSUMED_WGS84",
          "INSTITUTION_MATCH_FUZZY",
          "COLLECTION_MATCH_NONE",
          "TAXON_ID_NOT_FOUND"
        ],
        "fallback_media": {
          "url": "https://api.jacq.org/v1/images/europeana/1638715?withredirect=1",
          "references": "https://api.jacq.org/v1/images/show/1638715?withredirect=1",
          "title": null,
          "creator": null,
          "publisher": null,
          "license": "http://creativecommons.org/publicdomain/zero/1.0/",
          "rightsHolder": null
        }
      }
    },
    {
      "type": "Feature",
      "geometry": {
        "type": "Point",
        "coordinates": [
          -74.816667,
          4.333333
        ]
      },
      "properties": {
        "gbifID": "1257629177",
        "species": "Passiflora coriacea",
        "genus": "Passiflora",
        "family": "Passifloraceae",
        "scientificName": "Passiflora coriacea Juss.",
        "coordinateUncertaintyInMeters": "",
        "basisOfRecord": "PRESERVED_SPECIMEN",
        "eventDate": "1980-07-07",
        "country": null,
        "datasetName": "Tropicos",
        "publisher": "Missouri Botanical Garden",
        "license": "CC_BY_4_0",
        "issues": [
          "OCCURRENCE_STATUS_INFERRED_FROM_INDIVIDUAL_COUNT",
          "COORDINATE_ROUNDED",
          "GEODETIC_DATUM_ASSUMED_WGS84",
          "INSTITUTION_MATCH_NONE",
          "TAXON_ID_NOT_FOUND"
        ],
        "fallback_media": {
          "url": "https://api.jacq.org/v1/images/europeana/1638715?withredirect=1",
          "references": "https://api.jacq.org/v1/images/show/1638715?withredirect=1",
          "title": null,
          "creator": null,
          "publisher": null,
          "license": "http://creativecommons.org/publicdomain/zero/1.0/",
          "rightsHolder": null
        }
      }
    },
    {
      "type": "Feature",
      "geometry": {
        "type": "Point",
        "coordinates": [
          -95.03,
          17.43
        ]
      },
      "properties": {
        "gbifID": "1260117262",
        "species": "Passiflora coriacea",
        "genus": "Passiflora",
        "family": "Passifloraceae",
        "scientificName": "Passiflora coriacea Juss.",
        "coordinateUncertaintyInMeters": "",
        "basisOfRecord": "PRESERVED_SPECIMEN",
        "eventDate": "1923-04",
        "country": null,
        "datasetName": "Tropicos",
        "publisher": "Missouri Botanical Garden",
        "license": "CC_BY_4_0",
        "issues": [
          "GEODETIC_DATUM_ASSUMED_WGS84",
          "AMBIGUOUS_INSTITUTION",
          "TAXON_ID_NOT_FOUND"
        ],
        "fallback_media": {
          "url": "https://api.jacq.org/v1/images/europeana/1638715?withredirect=1",
          "references": "https://api.jacq.org/v1/images/show/1638715?withredirect=1",
          "title": null,
          "creator": null,
          "publisher": null,
          "license": "http://creativecommons.org/publicdomain/zero/1.0/",
          "rightsHolder": null
        }
      }
    },
    {
      "type": "Feature",
      "geometry": {
        "type": "Point",
        "coordinates": [
          -99.01,
          21.42
        ]
      },
      "properties": {
        "gbifID": "1260179955",
        "species": "Passiflora coriacea",
        "genus": "Passiflora",
        "family": "Passifloraceae",
        "scientificName": "Passiflora coriacea Juss.",
        "coordinateUncertaintyInMeters": "",
        "basisOfRecord": "PRESERVED_SPECIMEN",
        "eventDate": "1956-01-29",
        "country": null,
        "datasetName": "Tropicos",
        "publisher": "Missouri Botanical Garden",
        "license": "CC_BY_4_0",
        "issues": [
          "GEODETIC_DATUM_ASSUMED_WGS84",
          "INSTITUTION_MATCH_FUZZY",
          "COLLECTION_MATCH_NONE",
          "TAXON_ID_NOT_FOUND"
        ],
        "fallback_media": {
          "url": "https://api.jacq.org/v1/images/europeana/1638715?withredirect=1",
          "references": "https://api.jacq.org/v1/images/show/1638715?withredirect=1",
          "title": null,
          "creator": null,
          "publisher": null,
          "license": "http://creativecommons.org/publicdomain/zero/1.0/",
          "rightsHolder": null
        }
      }
    },
    {
      "type": "Feature",
      "geometry": {
        "type": "Point",
        "coordinates": [
          -87.9475,
          14.86694
        ]
      },
      "properties": {
        "gbifID": "1260142391",
        "species": "Passiflora coriacea",
        "genus": "Passiflora",
        "family": "Passifloraceae",
        "scientificName": "Passiflora coriacea Juss.",
        "coordinateUncertaintyInMeters": "",
        "basisOfRecord": "PRESERVED_SPECIMEN",
        "eventDate": "1952-09-25",
        "country": null,
        "datasetName": "Tropicos",
        "publisher": "Missouri Botanical Garden",
        "license": "CC_BY_4_0",
        "issues": [
          "GEODETIC_DATUM_ASSUMED_WGS84",
          "INSTITUTION_MATCH_FUZZY",
          "COLLECTION_MATCH_NONE",
          "TAXON_ID_NOT_FOUND"
        ],
        "fallback_media": {
          "url": "https://api.jacq.org/v1/images/europeana/1638715?withredirect=1",
          "references": "https://api.jacq.org/v1/images/show/1638715?withredirect=1",
          "title": null,
          "creator": null,
          "publisher": null,
          "license": "http://creativecommons.org/publicdomain/zero/1.0/",
          "rightsHolder": null
        }
      }
    },
    {
      "type": "Feature",
      "geometry": {
        "type": "Point",
        "coordinates": [
          -76.784444,
          3.823056
        ]
      },
      "properties": {
        "gbifID": "4061537772",
        "species": "Passiflora coriacea",
        "genus": "Passiflora",
        "family": "Passifloraceae",
        "scientificName": "Passiflora coriacea Juss.",
        "coordinateUncertaintyInMeters": "",
        "basisOfRecord": "PRESERVED_SPECIMEN",
        "eventDate": "1922-09-21",
        "country": null,
        "datasetName": "Tropicos",
        "publisher": "Missouri Botanical Garden",
        "license": "CC_BY_4_0",
        "issues": [
          "OCCURRENCE_STATUS_INFERRED_FROM_INDIVIDUAL_COUNT",
          "COORDINATE_ROUNDED",
          "GEODETIC_DATUM_ASSUMED_WGS84",
          "AMBIGUOUS_INSTITUTION",
          "TAXON_ID_NOT_FOUND"
        ],
        "fallback_media": {
          "url": "https://api.jacq.org/v1/images/europeana/1638715?withredirect=1",
          "references": "https://api.jacq.org/v1/images/show/1638715?withredirect=1",
          "title": null,
          "creator": null,
          "publisher": null,
          "license": "http://creativecommons.org/publicdomain/zero/1.0/",
          "rightsHolder": null
        }
      }
    },
    {
      "type": "Feature",
      "geometry": {
        "type": "Point",
        "coordinates": [
          -83.7,
          9.12
        ]
      },
      "properties": {
        "gbifID": "1261912373",
        "species": "Passiflora coriacea",
        "genus": "Passiflora",
        "family": "Passifloraceae",
        "scientificName": "Passiflora coriacea Juss.",
        "coordinateUncertaintyInMeters": "",
        "basisOfRecord": "PRESERVED_SPECIMEN",
        "eventDate": "1995-02-28",
        "country": null,
        "datasetName": "Tropicos",
        "publisher": "Missouri Botanical Garden",
        "license": "CC_BY_4_0",
        "issues": [
          "OCCURRENCE_STATUS_INFERRED_FROM_INDIVIDUAL_COUNT",
          "GEODETIC_DATUM_ASSUMED_WGS84",
          "INSTITUTION_MATCH_FUZZY",
          "COLLECTION_MATCH_NONE",
          "TAXON_ID_NOT_FOUND"
        ],
        "fallback_media": {
          "url": "https://api.jacq.org/v1/images/europeana/1638715?withredirect=1",
          "references": "https://api.jacq.org/v1/images/show/1638715?withredirect=1",
          "title": null,
          "creator": null,
          "publisher": null,
          "license": "http://creativecommons.org/publicdomain/zero/1.0/",
          "rightsHolder": null
        }
      }
    },
    {
      "type": "Feature",
      "geometry": {
        "type": "Point",
        "coordinates": [
          -74.216667,
          11.1
        ]
      },
      "properties": {
        "gbifID": "1257772671",
        "species": "Passiflora coriacea",
        "genus": "Passiflora",
        "family": "Passifloraceae",
        "scientificName": "Passiflora coriacea Juss.",
        "coordinateUncertaintyInMeters": "",
        "basisOfRecord": "PRESERVED_SPECIMEN",
        "eventDate": "1966-12-29",
        "country": null,
        "datasetName": "Tropicos",
        "publisher": "Missouri Botanical Garden",
        "license": "CC_BY_4_0",
        "issues": [
          "OCCURRENCE_STATUS_INFERRED_FROM_INDIVIDUAL_COUNT",
          "COORDINATE_ROUNDED",
          "GEODETIC_DATUM_ASSUMED_WGS84",
          "INSTITUTION_MATCH_NONE",
          "TAXON_ID_NOT_FOUND"
        ],
        "fallback_media": {
          "url": "https://api.jacq.org/v1/images/europeana/1638715?withredirect=1",
          "references": "https://api.jacq.org/v1/images/show/1638715?withredirect=1",
          "title": null,
          "creator": null,
          "publisher": null,
          "license": "http://creativecommons.org/publicdomain/zero/1.0/",
          "rightsHolder": null
        }
      }
    },
    {
      "type": "Feature",
      "geometry": {
        "type": "Point",
        "coordinates": [
          -91.677222,
          14.536111
        ]
      },
      "properties": {
        "gbifID": "1260175403",
        "species": "Passiflora coriacea",
        "genus": "Passiflora",
        "family": "Passifloraceae",
        "scientificName": "Passiflora coriacea Juss.",
        "coordinateUncertaintyInMeters": "",
        "basisOfRecord": "PRESERVED_SPECIMEN",
        "eventDate": "1941-02-17",
        "country": null,
        "datasetName": "Tropicos",
        "publisher": "Missouri Botanical Garden",
        "license": "CC_BY_4_0",
        "issues": [
          "OCCURRENCE_STATUS_INFERRED_FROM_INDIVIDUAL_COUNT",
          "COORDINATE_ROUNDED",
          "GEODETIC_DATUM_ASSUMED_WGS84",
          "INSTITUTION_MATCH_FUZZY",
          "COLLECTION_MATCH_NONE",
          "TAXON_ID_NOT_FOUND"
        ],
        "fallback_media": {
          "url": "https://api.jacq.org/v1/images/europeana/1638715?withredirect=1",
          "references": "https://api.jacq.org/v1/images/show/1638715?withredirect=1",
          "title": null,
          "creator": null,
          "publisher": null,
          "license": "http://creativecommons.org/publicdomain/zero/1.0/",
          "rightsHolder": null
        }
      }
    },
    {
      "type": "Feature",
      "geometry": {
        "type": "Point",
        "coordinates": [
          -75.783333,
          2.05
        ]
      },
      "properties": {
        "gbifID": "1257772694",
        "species": "Passiflora coriacea",
        "genus": "Passiflora",
        "family": "Passifloraceae",
        "scientificName": "Passiflora coriacea Juss.",
        "coordinateUncertaintyInMeters": "",
        "basisOfRecord": "PRESERVED_SPECIMEN",
        "eventDate": "1965-03-20",
        "country": null,
        "datasetName": "Tropicos",
        "publisher": "Missouri Botanical Garden",
        "license": "CC_BY_4_0",
        "issues": [
          "OCCURRENCE_STATUS_INFERRED_FROM_INDIVIDUAL_COUNT",
          "COORDINATE_ROUNDED",
          "GEODETIC_DATUM_ASSUMED_WGS84",
          "INSTITUTION_MATCH_NONE",
          "TAXON_ID_NOT_FOUND"
        ],
        "fallback_media": {
          "url": "https://api.jacq.org/v1/images/europeana/1638715?withredirect=1",
          "references": "https://api.jacq.org/v1/images/show/1638715?withredirect=1",
          "title": null,
          "creator": null,
          "publisher": null,
          "license": "http://creativecommons.org/publicdomain/zero/1.0/",
          "rightsHolder": null
        }
      }
    },
    {
      "type": "Feature",
      "geometry": {
        "type": "Point",
        "coordinates": [
          -87.593889,
          13.313889
        ]
      },
      "properties": {
        "gbifID": "1257537528",
        "species": "Passiflora coriacea",
        "genus": "Passiflora",
        "family": "Passifloraceae",
        "scientificName": "Passiflora coriacea Juss.",
        "coordinateUncertaintyInMeters": "",
        "basisOfRecord": "PRESERVED_SPECIMEN",
        "eventDate": "",
        "country": null,
        "datasetName": "Tropicos",
        "publisher": "Missouri Botanical Garden",
        "license": "CC_BY_4_0",
        "issues": [
          "OCCURRENCE_STATUS_INFERRED_FROM_INDIVIDUAL_COUNT",
          "COORDINATE_ROUNDED",
          "GEODETIC_DATUM_ASSUMED_WGS84",
          "INSTITUTION_MATCH_FUZZY",
          "COLLECTION_MATCH_NONE",
          "TAXON_ID_NOT_FOUND"
        ],
        "fallback_media": {
          "url": "https://api.jacq.org/v1/images/europeana/1638715?withredirect=1",
          "references": "https://api.jacq.org/v1/images/show/1638715?withredirect=1",
          "title": null,
          "creator": null,
          "publisher": null,
          "license": "http://creativecommons.org/publicdomain/zero/1.0/",
          "rightsHolder": null
        }
      }
    },
    {
      "type": "Feature",
      "geometry": {
        "type": "Point",
        "coordinates": [
          -69.697222,
          3.554722
        ]
      },
      "properties": {
        "gbifID": "4061192961",
        "species": "Passiflora coriacea",
        "genus": "Passiflora",
        "family": "Passifloraceae",
        "scientificName": "Passiflora coriacea Juss.",
        "coordinateUncertaintyInMeters": "",
        "basisOfRecord": "PRESERVED_SPECIMEN",
        "eventDate": "1943-10-17",
        "country": null,
        "datasetName": "Tropicos",
        "publisher": "Missouri Botanical Garden",
        "license": "CC_BY_4_0",
        "issues": [
          "OCCURRENCE_STATUS_INFERRED_FROM_INDIVIDUAL_COUNT",
          "COORDINATE_ROUNDED",
          "GEODETIC_DATUM_ASSUMED_WGS84",
          "AMBIGUOUS_INSTITUTION",
          "TAXON_ID_NOT_FOUND"
        ],
        "fallback_media": {
          "url": "https://api.jacq.org/v1/images/europeana/1638715?withredirect=1",
          "references": "https://api.jacq.org/v1/images/show/1638715?withredirect=1",
          "title": null,
          "creator": null,
          "publisher": null,
          "license": "http://creativecommons.org/publicdomain/zero/1.0/",
          "rightsHolder": null
        }
      }
    },
    {
      "type": "Feature",
      "geometry": {
        "type": "Point",
        "coordinates": [
          -90.416667,
          15.666667
        ]
      },
      "properties": {
        "gbifID": "4060984786",
        "species": "Passiflora coriacea",
        "genus": "Passiflora",
        "family": "Passifloraceae",
        "scientificName": "Passiflora coriacea Juss.",
        "coordinateUncertaintyInMeters": "",
        "basisOfRecord": "PRESERVED_SPECIMEN",
        "eventDate": "",
        "country": null,
        "datasetName": "Tropicos",
        "publisher": "Missouri Botanical Garden",
        "license": "CC_BY_4_0",
        "issues": [
          "OCCURRENCE_STATUS_INFERRED_FROM_INDIVIDUAL_COUNT",
          "COORDINATE_ROUNDED",
          "GEODETIC_DATUM_ASSUMED_WGS84",
          "AMBIGUOUS_INSTITUTION",
          "TAXON_ID_NOT_FOUND"
        ],
        "fallback_media": {
          "url": "https://api.jacq.org/v1/images/europeana/1638715?withredirect=1",
          "references": "https://api.jacq.org/v1/images/show/1638715?withredirect=1",
          "title": null,
          "creator": null,
          "publisher": null,
          "license": "http://creativecommons.org/publicdomain/zero/1.0/",
          "rightsHolder": null
        }
      }
    },
    {
      "type": "Feature",
      "geometry": {
        "type": "Point",
        "coordinates": [
          -74.083333,
          4.583333
        ]
      },
      "properties": {
        "gbifID": "1261436082",
        "species": "Passiflora coriacea",
        "genus": "Passiflora",
        "family": "Passifloraceae",
        "scientificName": "Passiflora coriacea Juss.",
        "coordinateUncertaintyInMeters": "",
        "basisOfRecord": "PRESERVED_SPECIMEN",
        "eventDate": "",
        "country": null,
        "datasetName": "Tropicos",
        "publisher": "Missouri Botanical Garden",
        "license": "CC_BY_4_0",
        "issues": [
          "OCCURRENCE_STATUS_INFERRED_FROM_INDIVIDUAL_COUNT",
          "COORDINATE_ROUNDED",
          "GEODETIC_DATUM_ASSUMED_WGS84",
          "INSTITUTION_MATCH_FUZZY",
          "COLLECTION_MATCH_NONE",
          "TAXON_ID_NOT_FOUND"
        ],
        "fallback_media": {
          "url": "https://api.jacq.org/v1/images/europeana/1638715?withredirect=1",
          "references": "https://api.jacq.org/v1/images/show/1638715?withredirect=1",
          "title": null,
          "creator": null,
          "publisher": null,
          "license": "http://creativecommons.org/publicdomain/zero/1.0/",
          "rightsHolder": null
        }
      }
    },
    {
      "type": "Feature",
      "geometry": {
        "type": "Point",
        "coordinates": [
          -75.520556,
          5.07
        ]
      },
      "properties": {
        "gbifID": "4060983644",
        "species": "Passiflora coriacea",
        "genus": "Passiflora",
        "family": "Passifloraceae",
        "scientificName": "Passiflora coriacea Juss.",
        "coordinateUncertaintyInMeters": "",
        "basisOfRecord": "PRESERVED_SPECIMEN",
        "eventDate": "1922-09-02",
        "country": null,
        "datasetName": "Tropicos",
        "publisher": "Missouri Botanical Garden",
        "license": "CC_BY_4_0",
        "issues": [
          "OCCURRENCE_STATUS_INFERRED_FROM_INDIVIDUAL_COUNT",
          "COORDINATE_ROUNDED",
          "GEODETIC_DATUM_ASSUMED_WGS84",
          "AMBIGUOUS_INSTITUTION",
          "TAXON_ID_NOT_FOUND"
        ],
        "fallback_media": {
          "url": "https://api.jacq.org/v1/images/europeana/1638715?withredirect=1",
          "references": "https://api.jacq.org/v1/images/show/1638715?withredirect=1",
          "title": null,
          "creator": null,
          "publisher": null,
          "license": "http://creativecommons.org/publicdomain/zero/1.0/",
          "rightsHolder": null
        }
      }
    },
    {
      "type": "Feature",
      "geometry": {
        "type": "Point",
        "coordinates": [
          -76.365556,
          -6.501389
        ]
      },
      "properties": {
        "gbifID": "4061892233",
        "species": "Passiflora coriacea",
        "genus": "Passiflora",
        "family": "Passifloraceae",
        "scientificName": "Passiflora coriacea Juss.",
        "coordinateUncertaintyInMeters": "",
        "basisOfRecord": "PRESERVED_SPECIMEN",
        "eventDate": "1902-11",
        "country": null,
        "datasetName": "Tropicos",
        "publisher": "Missouri Botanical Garden",
        "license": "CC_BY_4_0",
        "issues": [
          "OCCURRENCE_STATUS_INFERRED_FROM_INDIVIDUAL_COUNT",
          "COORDINATE_ROUNDED",
          "GEODETIC_DATUM_ASSUMED_WGS84",
          "INSTITUTION_MATCH_FUZZY",
          "COLLECTION_MATCH_NONE",
          "TAXON_ID_NOT_FOUND"
        ],
        "fallback_media": {
          "url": "https://api.jacq.org/v1/images/europeana/1638715?withredirect=1",
          "references": "https://api.jacq.org/v1/images/show/1638715?withredirect=1",
          "title": null,
          "creator": null,
          "publisher": null,
          "license": "http://creativecommons.org/publicdomain/zero/1.0/",
          "rightsHolder": null
        }
      }
    },
    {
      "type": "Feature",
      "geometry": {
        "type": "Point",
        "coordinates": [
          -88.410556,
          18.386111
        ]
      },
      "properties": {
        "gbifID": "1260170520",
        "species": "Passiflora coriacea",
        "genus": "Passiflora",
        "family": "Passifloraceae",
        "scientificName": "Passiflora coriacea Juss.",
        "coordinateUncertaintyInMeters": "",
        "basisOfRecord": "PRESERVED_SPECIMEN",
        "eventDate": "1931",
        "country": null,
        "datasetName": "Tropicos",
        "publisher": "Missouri Botanical Garden",
        "license": "CC_BY_4_0",
        "issues": [
          "OCCURRENCE_STATUS_INFERRED_FROM_INDIVIDUAL_COUNT",
          "COORDINATE_ROUNDED",
          "GEODETIC_DATUM_ASSUMED_WGS84",
          "INSTITUTION_MATCH_NONE",
          "TAXON_ID_NOT_FOUND"
        ],
        "fallback_media": {
          "url": "https://api.jacq.org/v1/images/europeana/1638715?withredirect=1",
          "references": "https://api.jacq.org/v1/images/show/1638715?withredirect=1",
          "title": null,
          "creator": null,
          "publisher": null,
          "license": "http://creativecommons.org/publicdomain/zero/1.0/",
          "rightsHolder": null
        }
      }
    },
    {
      "type": "Feature",
      "geometry": {
        "type": "Point",
        "coordinates": [
          -74.883333,
          5.183333
        ]
      },
      "properties": {
        "gbifID": "1260172051",
        "species": "Passiflora coriacea",
        "genus": "Passiflora",
        "family": "Passifloraceae",
        "scientificName": "Passiflora coriacea Juss.",
        "coordinateUncertaintyInMeters": "",
        "basisOfRecord": "PRESERVED_SPECIMEN",
        "eventDate": "1948-12-29",
        "country": null,
        "datasetName": "Tropicos",
        "publisher": "Missouri Botanical Garden",
        "license": "CC_BY_4_0",
        "issues": [
          "OCCURRENCE_STATUS_INFERRED_FROM_INDIVIDUAL_COUNT",
          "COORDINATE_ROUNDED",
          "GEODETIC_DATUM_ASSUMED_WGS84",
          "INSTITUTION_MATCH_FUZZY",
          "COLLECTION_MATCH_NONE",
          "TAXON_ID_NOT_FOUND"
        ],
        "fallback_media": {
          "url": "https://api.jacq.org/v1/images/europeana/1638715?withredirect=1",
          "references": "https://api.jacq.org/v1/images/show/1638715?withredirect=1",
          "title": null,
          "creator": null,
          "publisher": null,
          "license": "http://creativecommons.org/publicdomain/zero/1.0/",
          "rightsHolder": null
        }
      }
    },
    {
      "type": "Feature",
      "geometry": {
        "type": "Point",
        "coordinates": [
          -97.66,
          20.38
        ]
      },
      "properties": {
        "gbifID": "1260179322",
        "species": "Passiflora coriacea",
        "genus": "Passiflora",
        "family": "Passifloraceae",
        "scientificName": "Passiflora coriacea Juss.",
        "coordinateUncertaintyInMeters": "",
        "basisOfRecord": "PRESERVED_SPECIMEN",
        "eventDate": "1962-06-17",
        "country": null,
        "datasetName": "Tropicos",
        "publisher": "Missouri Botanical Garden",
        "license": "CC_BY_4_0",
        "issues": [
          "OCCURRENCE_STATUS_INFERRED_FROM_INDIVIDUAL_COUNT",
          "GEODETIC_DATUM_ASSUMED_WGS84",
          "INSTITUTION_MATCH_NONE",
          "TAXON_ID_NOT_FOUND"
        ],
        "fallback_media": {
          "url": "https://api.jacq.org/v1/images/europeana/1638715?withredirect=1",
          "references": "https://api.jacq.org/v1/images/show/1638715?withredirect=1",
          "title": null,
          "creator": null,
          "publisher": null,
          "license": "http://creativecommons.org/publicdomain/zero/1.0/",
          "rightsHolder": null
        }
      }
    },
    {
      "type": "Feature",
      "geometry": {
        "type": "Point",
        "coordinates": [
          -75.333333,
          -11.133333
        ]
      },
      "properties": {
        "gbifID": "4061886271",
        "species": "Passiflora coriacea",
        "genus": "Passiflora",
        "family": "Passifloraceae",
        "scientificName": "Passiflora coriacea Juss.",
        "coordinateUncertaintyInMeters": "",
        "basisOfRecord": "PRESERVED_SPECIMEN",
        "eventDate": "1929-06-09",
        "country": null,
        "datasetName": "Tropicos",
        "publisher": "Missouri Botanical Garden",
        "license": "CC_BY_4_0",
        "issues": [
          "OCCURRENCE_STATUS_INFERRED_FROM_INDIVIDUAL_COUNT",
          "COORDINATE_ROUNDED",
          "GEODETIC_DATUM_ASSUMED_WGS84",
          "INSTITUTION_MATCH_NONE",
          "TAXON_ID_NOT_FOUND"
        ],
        "fallback_media": {
          "url": "https://api.jacq.org/v1/images/europeana/1638715?withredirect=1",
          "references": "https://api.jacq.org/v1/images/show/1638715?withredirect=1",
          "title": null,
          "creator": null,
          "publisher": null,
          "license": "http://creativecommons.org/publicdomain/zero/1.0/",
          "rightsHolder": null
        }
      }
    },
    {
      "type": "Feature",
      "geometry": {
        "type": "Point",
        "coordinates": [
          -82.84,
          9.73
        ]
      },
      "properties": {
        "gbifID": "1260172874",
        "species": "Passiflora coriacea",
        "genus": "Passiflora",
        "family": "Passifloraceae",
        "scientificName": "Passiflora coriacea Juss.",
        "coordinateUncertaintyInMeters": "",
        "basisOfRecord": "PRESERVED_SPECIMEN",
        "eventDate": "1971-09-03",
        "country": null,
        "datasetName": "Tropicos",
        "publisher": "Missouri Botanical Garden",
        "license": "CC_BY_4_0",
        "issues": [
          "GEODETIC_DATUM_ASSUMED_WGS84",
          "ELEVATION_NON_NUMERIC",
          "INSTITUTION_MATCH_FUZZY",
          "COLLECTION_MATCH_NONE",
          "TAXON_ID_NOT_FOUND"
        ],
        "fallback_media": {
          "url": "https://api.jacq.org/v1/images/europeana/1638715?withredirect=1",
          "references": "https://api.jacq.org/v1/images/show/1638715?withredirect=1",
          "title": null,
          "creator": null,
          "publisher": null,
          "license": "http://creativecommons.org/publicdomain/zero/1.0/",
          "rightsHolder": null
        }
      }
    },
    {
      "type": "Feature",
      "geometry": {
        "type": "Point",
        "coordinates": [
          -88.6,
          15.716667
        ]
      },
      "properties": {
        "gbifID": "1257518971",
        "species": "Passiflora coriacea",
        "genus": "Passiflora",
        "family": "Passifloraceae",
        "scientificName": "Passiflora coriacea Juss.",
        "coordinateUncertaintyInMeters": "",
        "basisOfRecord": "PRESERVED_SPECIMEN",
        "eventDate": "",
        "country": null,
        "datasetName": "Tropicos",
        "publisher": "Missouri Botanical Garden",
        "license": "CC_BY_4_0",
        "issues": [
          "OCCURRENCE_STATUS_INFERRED_FROM_INDIVIDUAL_COUNT",
          "COORDINATE_ROUNDED",
          "GEODETIC_DATUM_ASSUMED_WGS84",
          "AMBIGUOUS_INSTITUTION",
          "TAXON_ID_NOT_FOUND"
        ],
        "fallback_media": {
          "url": "https://api.jacq.org/v1/images/europeana/1638715?withredirect=1",
          "references": "https://api.jacq.org/v1/images/show/1638715?withredirect=1",
          "title": null,
          "creator": null,
          "publisher": null,
          "license": "http://creativecommons.org/publicdomain/zero/1.0/",
          "rightsHolder": null
        }
      }
    },
    {
      "type": "Feature",
      "geometry": {
        "type": "Point",
        "coordinates": [
          -75.294167,
          4.403056
        ]
      },
      "properties": {
        "gbifID": "4061007987",
        "species": "Passiflora coriacea",
        "genus": "Passiflora",
        "family": "Passifloraceae",
        "scientificName": "Passiflora coriacea Juss.",
        "coordinateUncertaintyInMeters": "",
        "basisOfRecord": "PRESERVED_SPECIMEN",
        "eventDate": "1922-08-13",
        "country": null,
        "datasetName": "Tropicos",
        "publisher": "Missouri Botanical Garden",
        "license": "CC_BY_4_0",
        "issues": [
          "OCCURRENCE_STATUS_INFERRED_FROM_INDIVIDUAL_COUNT",
          "COORDINATE_ROUNDED",
          "GEODETIC_DATUM_ASSUMED_WGS84",
          "AMBIGUOUS_INSTITUTION",
          "TAXON_ID_NOT_FOUND"
        ],
        "fallback_media": {
          "url": "https://api.jacq.org/v1/images/europeana/1638715?withredirect=1",
          "references": "https://api.jacq.org/v1/images/show/1638715?withredirect=1",
          "title": null,
          "creator": null,
          "publisher": null,
          "license": "http://creativecommons.org/publicdomain/zero/1.0/",
          "rightsHolder": null
        }
      }
    },
    {
      "type": "Feature",
      "geometry": {
        "type": "Point",
        "coordinates": [
          -75.5,
          5.033333
        ]
      },
      "properties": {
        "gbifID": "1257772722",
        "species": "Passiflora coriacea",
        "genus": "Passiflora",
        "family": "Passifloraceae",
        "scientificName": "Passiflora coriacea Juss.",
        "coordinateUncertaintyInMeters": "",
        "basisOfRecord": "PRESERVED_SPECIMEN",
        "eventDate": "1989-07-18",
        "country": null,
        "datasetName": "Tropicos",
        "publisher": "Missouri Botanical Garden",
        "license": "CC_BY_4_0",
        "issues": [
          "OCCURRENCE_STATUS_INFERRED_FROM_INDIVIDUAL_COUNT",
          "COORDINATE_ROUNDED",
          "GEODETIC_DATUM_ASSUMED_WGS84",
          "INSTITUTION_MATCH_NONE",
          "TAXON_ID_NOT_FOUND"
        ],
        "fallback_media": {
          "url": "https://api.jacq.org/v1/images/europeana/1638715?withredirect=1",
          "references": "https://api.jacq.org/v1/images/show/1638715?withredirect=1",
          "title": null,
          "creator": null,
          "publisher": null,
          "license": "http://creativecommons.org/publicdomain/zero/1.0/",
          "rightsHolder": null
        }
      }
    },
    {
      "type": "Feature",
      "geometry": {
        "type": "Point",
        "coordinates": [
          -89.96666,
          15.28333
        ]
      },
      "properties": {
        "gbifID": "1260174131",
        "species": "Passiflora coriacea",
        "genus": "Passiflora",
        "family": "Passifloraceae",
        "scientificName": "Passiflora coriacea Juss.",
        "coordinateUncertaintyInMeters": "",
        "basisOfRecord": "PRESERVED_SPECIMEN",
        "eventDate": "1941-04-10",
        "country": null,
        "datasetName": "Tropicos",
        "publisher": "Missouri Botanical Garden",
        "license": "CC_BY_4_0",
        "issues": [
          "GEODETIC_DATUM_ASSUMED_WGS84",
          "INSTITUTION_MATCH_FUZZY",
          "COLLECTION_MATCH_NONE",
          "TAXON_ID_NOT_FOUND"
        ],
        "fallback_media": {
          "url": "https://api.jacq.org/v1/images/europeana/1638715?withredirect=1",
          "references": "https://api.jacq.org/v1/images/show/1638715?withredirect=1",
          "title": null,
          "creator": null,
          "publisher": null,
          "license": "http://creativecommons.org/publicdomain/zero/1.0/",
          "rightsHolder": null
        }
      }
    },
    {
      "type": "Feature",
      "geometry": {
        "type": "Point",
        "coordinates": [
          -97.69,
          21.75
        ]
      },
      "properties": {
        "gbifID": "1260181688",
        "species": "Passiflora coriacea",
        "genus": "Passiflora",
        "family": "Passifloraceae",
        "scientificName": "Passiflora coriacea Juss.",
        "coordinateUncertaintyInMeters": "",
        "basisOfRecord": "PRESERVED_SPECIMEN",
        "eventDate": "1939-03-02",
        "country": null,
        "datasetName": "Tropicos",
        "publisher": "Missouri Botanical Garden",
        "license": "CC_BY_4_0",
        "issues": [
          "OCCURRENCE_STATUS_INFERRED_FROM_INDIVIDUAL_COUNT",
          "GEODETIC_DATUM_ASSUMED_WGS84",
          "INSTITUTION_MATCH_FUZZY",
          "COLLECTION_MATCH_NONE",
          "TAXON_ID_NOT_FOUND"
        ],
        "fallback_media": {
          "url": "https://api.jacq.org/v1/images/europeana/1638715?withredirect=1",
          "references": "https://api.jacq.org/v1/images/show/1638715?withredirect=1",
          "title": null,
          "creator": null,
          "publisher": null,
          "license": "http://creativecommons.org/publicdomain/zero/1.0/",
          "rightsHolder": null
        }
      }
    },
    {
      "type": "Feature",
      "geometry": {
        "type": "Point",
        "coordinates": [
          -92.9325,
          17.963889
        ]
      },
      "properties": {
        "gbifID": "1260180543",
        "species": "Passiflora coriacea",
        "genus": "Passiflora",
        "family": "Passifloraceae",
        "scientificName": "Passiflora coriacea Juss.",
        "coordinateUncertaintyInMeters": "",
        "basisOfRecord": "PRESERVED_SPECIMEN",
        "eventDate": "1888-07-02",
        "country": null,
        "datasetName": "Tropicos",
        "publisher": "Missouri Botanical Garden",
        "license": "CC_BY_4_0",
        "issues": [
          "OCCURRENCE_STATUS_INFERRED_FROM_INDIVIDUAL_COUNT",
          "COORDINATE_ROUNDED",
          "GEODETIC_DATUM_ASSUMED_WGS84",
          "AMBIGUOUS_INSTITUTION",
          "TAXON_ID_NOT_FOUND"
        ],
        "fallback_media": {
          "url": "https://api.jacq.org/v1/images/europeana/1638715?withredirect=1",
          "references": "https://api.jacq.org/v1/images/show/1638715?withredirect=1",
          "title": null,
          "creator": null,
          "publisher": null,
          "license": "http://creativecommons.org/publicdomain/zero/1.0/",
          "rightsHolder": null
        }
      }
    },
    {
      "type": "Feature",
      "geometry": {
        "type": "Point",
        "coordinates": [
          -88.0275,
          14.98472
        ]
      },
      "properties": {
        "gbifID": "4061907349",
        "species": "Passiflora coriacea",
        "genus": "Passiflora",
        "family": "Passifloraceae",
        "scientificName": "Passiflora coriacea Juss.",
        "coordinateUncertaintyInMeters": "",
        "basisOfRecord": "PRESERVED_SPECIMEN",
        "eventDate": "1951-04-12",
        "country": null,
        "datasetName": "Tropicos",
        "publisher": "Missouri Botanical Garden",
        "license": "CC_BY_4_0",
        "issues": [
          "GEODETIC_DATUM_ASSUMED_WGS84",
          "INSTITUTION_MATCH_FUZZY",
          "COLLECTION_MATCH_NONE",
          "TAXON_ID_NOT_FOUND"
        ],
        "fallback_media": {
          "url": "https://api.jacq.org/v1/images/europeana/1638715?withredirect=1",
          "references": "https://api.jacq.org/v1/images/show/1638715?withredirect=1",
          "title": null,
          "creator": null,
          "publisher": null,
          "license": "http://creativecommons.org/publicdomain/zero/1.0/",
          "rightsHolder": null
        }
      }
    },
    {
      "type": "Feature",
      "geometry": {
        "type": "Point",
        "coordinates": [
          -83.5,
          10.09
        ]
      },
      "properties": {
        "gbifID": "1260173585",
        "species": "Passiflora coriacea",
        "genus": "Passiflora",
        "family": "Passifloraceae",
        "scientificName": "Passiflora coriacea Juss.",
        "coordinateUncertaintyInMeters": "",
        "basisOfRecord": "PRESERVED_SPECIMEN",
        "eventDate": "1931-12-06",
        "country": null,
        "datasetName": "Tropicos",
        "publisher": "Missouri Botanical Garden",
        "license": "CC_BY_4_0",
        "issues": [
          "GEODETIC_DATUM_ASSUMED_WGS84",
          "INSTITUTION_MATCH_FUZZY",
          "COLLECTION_MATCH_NONE",
          "TAXON_ID_NOT_FOUND"
        ],
        "fallback_media": {
          "url": "https://api.jacq.org/v1/images/europeana/1638715?withredirect=1",
          "references": "https://api.jacq.org/v1/images/show/1638715?withredirect=1",
          "title": null,
          "creator": null,
          "publisher": null,
          "license": "http://creativecommons.org/publicdomain/zero/1.0/",
          "rightsHolder": null
        }
      }
    },
    {
      "type": "Feature",
      "geometry": {
        "type": "Point",
        "coordinates": [
          -91.63388,
          14.57583
        ]
      },
      "properties": {
        "gbifID": "1260175503",
        "species": "Passiflora coriacea",
        "genus": "Passiflora",
        "family": "Passifloraceae",
        "scientificName": "Passiflora coriacea Juss.",
        "coordinateUncertaintyInMeters": "",
        "basisOfRecord": "PRESERVED_SPECIMEN",
        "eventDate": "1941-02-23",
        "country": null,
        "datasetName": "Tropicos",
        "publisher": "Missouri Botanical Garden",
        "license": "CC_BY_4_0",
        "issues": [
          "GEODETIC_DATUM_ASSUMED_WGS84",
          "INSTITUTION_MATCH_FUZZY",
          "COLLECTION_MATCH_NONE",
          "TAXON_ID_NOT_FOUND"
        ],
        "fallback_media": {
          "url": "https://api.jacq.org/v1/images/europeana/1638715?withredirect=1",
          "references": "https://api.jacq.org/v1/images/show/1638715?withredirect=1",
          "title": null,
          "creator": null,
          "publisher": null,
          "license": "http://creativecommons.org/publicdomain/zero/1.0/",
          "rightsHolder": null
        }
      }
    },
    {
      "type": "Feature",
      "geometry": {
        "type": "Point",
        "coordinates": [
          -75.1325,
          6.799167
        ]
      },
      "properties": {
        "gbifID": "1257756851",
        "species": "Passiflora coriacea",
        "genus": "Passiflora",
        "family": "Passifloraceae",
        "scientificName": "Passiflora coriacea Juss.",
        "coordinateUncertaintyInMeters": "",
        "basisOfRecord": "PRESERVED_SPECIMEN",
        "eventDate": "2006-02-22",
        "country": null,
        "datasetName": "Tropicos",
        "publisher": "Missouri Botanical Garden",
        "license": "CC_BY_4_0",
        "issues": [
          "OCCURRENCE_STATUS_INFERRED_FROM_INDIVIDUAL_COUNT",
          "COORDINATE_ROUNDED",
          "GEODETIC_DATUM_ASSUMED_WGS84",
          "INSTITUTION_MATCH_FUZZY",
          "COLLECTION_MATCH_NONE",
          "TAXON_ID_NOT_FOUND"
        ],
        "fallback_media": {
          "url": "https://api.jacq.org/v1/images/europeana/1638715?withredirect=1",
          "references": "https://api.jacq.org/v1/images/show/1638715?withredirect=1",
          "title": null,
          "creator": null,
          "publisher": null,
          "license": "http://creativecommons.org/publicdomain/zero/1.0/",
          "rightsHolder": null
        }
      }
    },
    {
      "type": "Feature",
      "geometry": {
        "type": "Point",
        "coordinates": [
          -79.752778,
          9.125
        ]
      },
      "properties": {
        "gbifID": "1260103257",
        "species": "Passiflora coriacea",
        "genus": "Passiflora",
        "family": "Passifloraceae",
        "scientificName": "Passiflora coriacea Juss.",
        "coordinateUncertaintyInMeters": "",
        "basisOfRecord": "PRESERVED_SPECIMEN",
        "eventDate": "1862-06-03",
        "country": null,
        "datasetName": "Tropicos",
        "publisher": "Missouri Botanical Garden",
        "license": "CC_BY_4_0",
        "issues": [
          "OCCURRENCE_STATUS_INFERRED_FROM_INDIVIDUAL_COUNT",
          "COORDINATE_ROUNDED",
          "GEODETIC_DATUM_ASSUMED_WGS84",
          "AMBIGUOUS_INSTITUTION",
          "TAXON_ID_NOT_FOUND"
        ],
        "fallback_media": {
          "url": "https://api.jacq.org/v1/images/europeana/1638715?withredirect=1",
          "references": "https://api.jacq.org/v1/images/show/1638715?withredirect=1",
          "title": null,
          "creator": null,
          "publisher": null,
          "license": "http://creativecommons.org/publicdomain/zero/1.0/",
          "rightsHolder": null
        }
      }
    },
    {
      "type": "Feature",
      "geometry": {
        "type": "Point",
        "coordinates": [
          -83.39,
          8.73
        ]
      },
      "properties": {
        "gbifID": "1261827172",
        "species": "Passiflora coriacea",
        "genus": "Passiflora",
        "family": "Passifloraceae",
        "scientificName": "Passiflora coriacea Juss.",
        "coordinateUncertaintyInMeters": "",
        "basisOfRecord": "PRESERVED_SPECIMEN",
        "eventDate": "1990-12-19",
        "country": null,
        "datasetName": "Tropicos",
        "publisher": "Missouri Botanical Garden",
        "license": "CC_BY_4_0",
        "issues": [
          "OCCURRENCE_STATUS_INFERRED_FROM_INDIVIDUAL_COUNT",
          "GEODETIC_DATUM_ASSUMED_WGS84",
          "INSTITUTION_MATCH_FUZZY",
          "COLLECTION_MATCH_NONE",
          "TAXON_ID_NOT_FOUND"
        ],
        "fallback_media": {
          "url": "https://api.jacq.org/v1/images/europeana/1638715?withredirect=1",
          "references": "https://api.jacq.org/v1/images/show/1638715?withredirect=1",
          "title": null,
          "creator": null,
          "publisher": null,
          "license": "http://creativecommons.org/publicdomain/zero/1.0/",
          "rightsHolder": null
        }
      }
    },
    {
      "type": "Feature",
      "geometry": {
        "type": "Point",
        "coordinates": [
          -74.704167,
          9.813611
        ]
      },
      "properties": {
        "gbifID": "1257537685",
        "species": "Passiflora coriacea",
        "genus": "Passiflora",
        "family": "Passifloraceae",
        "scientificName": "Passiflora coriacea Juss.",
        "coordinateUncertaintyInMeters": "",
        "basisOfRecord": "PRESERVED_SPECIMEN",
        "eventDate": "1898",
        "country": null,
        "datasetName": "Tropicos",
        "publisher": "Missouri Botanical Garden",
        "license": "CC_BY_4_0",
        "issues": [
          "OCCURRENCE_STATUS_INFERRED_FROM_INDIVIDUAL_COUNT",
          "COORDINATE_ROUNDED",
          "GEODETIC_DATUM_ASSUMED_WGS84",
          "INSTITUTION_MATCH_FUZZY",
          "COLLECTION_MATCH_NONE",
          "TAXON_ID_NOT_FOUND"
        ],
        "fallback_media": {
          "url": "https://api.jacq.org/v1/images/europeana/1638715?withredirect=1",
          "references": "https://api.jacq.org/v1/images/show/1638715?withredirect=1",
          "title": null,
          "creator": null,
          "publisher": null,
          "license": "http://creativecommons.org/publicdomain/zero/1.0/",
          "rightsHolder": null
        }
      }
    },
    {
      "type": "Feature",
      "geometry": {
        "type": "Point",
        "coordinates": [
          -92.52,
          15.44
        ]
      },
      "properties": {
        "gbifID": "1260177696",
        "species": "Passiflora coriacea",
        "genus": "Passiflora",
        "family": "Passifloraceae",
        "scientificName": "Passiflora coriacea Juss.",
        "coordinateUncertaintyInMeters": "",
        "basisOfRecord": "PRESERVED_SPECIMEN",
        "eventDate": "1947-07-14",
        "country": null,
        "datasetName": "Tropicos",
        "publisher": "Missouri Botanical Garden",
        "license": "CC_BY_4_0",
        "issues": [
          "GEODETIC_DATUM_ASSUMED_WGS84",
          "INSTITUTION_MATCH_FUZZY",
          "COLLECTION_MATCH_NONE",
          "TAXON_ID_NOT_FOUND"
        ],
        "fallback_media": {
          "url": "https://api.jacq.org/v1/images/europeana/1638715?withredirect=1",
          "references": "https://api.jacq.org/v1/images/show/1638715?withredirect=1",
          "title": null,
          "creator": null,
          "publisher": null,
          "license": "http://creativecommons.org/publicdomain/zero/1.0/",
          "rightsHolder": null
        }
      }
    },
    {
      "type": "Feature",
      "geometry": {
        "type": "Point",
        "coordinates": [
          -74.033333,
          10.45
        ]
      },
      "properties": {
        "gbifID": "1257772679",
        "species": "Passiflora coriacea",
        "genus": "Passiflora",
        "family": "Passifloraceae",
        "scientificName": "Passiflora coriacea Juss.",
        "coordinateUncertaintyInMeters": "",
        "basisOfRecord": "PRESERVED_SPECIMEN",
        "eventDate": "1971-08-05",
        "country": null,
        "datasetName": "Tropicos",
        "publisher": "Missouri Botanical Garden",
        "license": "CC_BY_4_0",
        "issues": [
          "OCCURRENCE_STATUS_INFERRED_FROM_INDIVIDUAL_COUNT",
          "COORDINATE_ROUNDED",
          "GEODETIC_DATUM_ASSUMED_WGS84",
          "INSTITUTION_MATCH_NONE",
          "TAXON_ID_NOT_FOUND"
        ],
        "fallback_media": {
          "url": "https://api.jacq.org/v1/images/europeana/1638715?withredirect=1",
          "references": "https://api.jacq.org/v1/images/show/1638715?withredirect=1",
          "title": null,
          "creator": null,
          "publisher": null,
          "license": "http://creativecommons.org/publicdomain/zero/1.0/",
          "rightsHolder": null
        }
      }
    },
    {
      "type": "Feature",
      "geometry": {
        "type": "Point",
        "coordinates": [
          -75.216667,
          4.433333
        ]
      },
      "properties": {
        "gbifID": "1257756648",
        "species": "Passiflora coriacea",
        "genus": "Passiflora",
        "family": "Passifloraceae",
        "scientificName": "Passiflora coriacea Juss.",
        "coordinateUncertaintyInMeters": "",
        "basisOfRecord": "PRESERVED_SPECIMEN",
        "eventDate": "1983-06-29",
        "country": null,
        "datasetName": "Tropicos",
        "publisher": "Missouri Botanical Garden",
        "license": "CC_BY_4_0",
        "issues": [
          "OCCURRENCE_STATUS_INFERRED_FROM_INDIVIDUAL_COUNT",
          "COORDINATE_ROUNDED",
          "GEODETIC_DATUM_ASSUMED_WGS84",
          "INSTITUTION_MATCH_FUZZY",
          "COLLECTION_MATCH_NONE",
          "TAXON_ID_NOT_FOUND"
        ],
        "fallback_media": {
          "url": "https://api.jacq.org/v1/images/europeana/1638715?withredirect=1",
          "references": "https://api.jacq.org/v1/images/show/1638715?withredirect=1",
          "title": null,
          "creator": null,
          "publisher": null,
          "license": "http://creativecommons.org/publicdomain/zero/1.0/",
          "rightsHolder": null
        }
      }
    },
    {
      "type": "Feature",
      "geometry": {
        "type": "Point",
        "coordinates": [
          -75.104167,
          6.776111
        ]
      },
      "properties": {
        "gbifID": "1257756849",
        "species": "Passiflora coriacea",
        "genus": "Passiflora",
        "family": "Passifloraceae",
        "scientificName": "Passiflora coriacea Juss.",
        "coordinateUncertaintyInMeters": "",
        "basisOfRecord": "PRESERVED_SPECIMEN",
        "eventDate": "2006-02",
        "country": null,
        "datasetName": "Tropicos",
        "publisher": "Missouri Botanical Garden",
        "license": "CC_BY_4_0",
        "issues": [
          "OCCURRENCE_STATUS_INFERRED_FROM_INDIVIDUAL_COUNT",
          "COORDINATE_ROUNDED",
          "GEODETIC_DATUM_ASSUMED_WGS84",
          "INSTITUTION_MATCH_FUZZY",
          "COLLECTION_MATCH_NONE",
          "TAXON_ID_NOT_FOUND"
        ],
        "fallback_media": {
          "url": "https://api.jacq.org/v1/images/europeana/1638715?withredirect=1",
          "references": "https://api.jacq.org/v1/images/show/1638715?withredirect=1",
          "title": null,
          "creator": null,
          "publisher": null,
          "license": "http://creativecommons.org/publicdomain/zero/1.0/",
          "rightsHolder": null
        }
      }
    },
    {
      "type": "Feature",
      "geometry": {
        "type": "Point",
        "coordinates": [
          -89.04,
          15.270278
        ]
      },
      "properties": {
        "gbifID": "1257518939",
        "species": "Passiflora coriacea",
        "genus": "Passiflora",
        "family": "Passifloraceae",
        "scientificName": "Passiflora coriacea Juss.",
        "coordinateUncertaintyInMeters": "",
        "basisOfRecord": "PRESERVED_SPECIMEN",
        "eventDate": "1922-05-15",
        "country": null,
        "datasetName": "Tropicos",
        "publisher": "Missouri Botanical Garden",
        "license": "CC_BY_4_0",
        "issues": [
          "OCCURRENCE_STATUS_INFERRED_FROM_INDIVIDUAL_COUNT",
          "COORDINATE_ROUNDED",
          "GEODETIC_DATUM_ASSUMED_WGS84",
          "AMBIGUOUS_INSTITUTION",
          "TAXON_ID_NOT_FOUND"
        ],
        "fallback_media": {
          "url": "https://api.jacq.org/v1/images/europeana/1638715?withredirect=1",
          "references": "https://api.jacq.org/v1/images/show/1638715?withredirect=1",
          "title": null,
          "creator": null,
          "publisher": null,
          "license": "http://creativecommons.org/publicdomain/zero/1.0/",
          "rightsHolder": null
        }
      }
    },
    {
      "type": "Feature",
      "geometry": {
        "type": "Point",
        "coordinates": [
          -75.816667,
          6.533333
        ]
      },
      "properties": {
        "gbifID": "1257597480",
        "species": "Passiflora coriacea",
        "genus": "Passiflora",
        "family": "Passifloraceae",
        "scientificName": "Passiflora coriacea Juss.",
        "coordinateUncertaintyInMeters": "",
        "basisOfRecord": "PRESERVED_SPECIMEN",
        "eventDate": "1948-06-15",
        "country": null,
        "datasetName": "Tropicos",
        "publisher": "Missouri Botanical Garden",
        "license": "CC_BY_4_0",
        "issues": [
          "OCCURRENCE_STATUS_INFERRED_FROM_INDIVIDUAL_COUNT",
          "COORDINATE_ROUNDED",
          "GEODETIC_DATUM_ASSUMED_WGS84",
          "INSTITUTION_MATCH_FUZZY",
          "COLLECTION_MATCH_NONE",
          "TAXON_ID_NOT_FOUND"
        ],
        "fallback_media": {
          "url": "https://api.jacq.org/v1/images/europeana/1638715?withredirect=1",
          "references": "https://api.jacq.org/v1/images/show/1638715?withredirect=1",
          "title": null,
          "creator": null,
          "publisher": null,
          "license": "http://creativecommons.org/publicdomain/zero/1.0/",
          "rightsHolder": null
        }
      }
    },
    {
      "type": "Feature",
      "geometry": {
        "type": "Point",
        "coordinates": [
          -98.79,
          21.26
        ]
      },
      "properties": {
        "gbifID": "1260179757",
        "species": "Passiflora coriacea",
        "genus": "Passiflora",
        "family": "Passifloraceae",
        "scientificName": "Passiflora coriacea Juss.",
        "coordinateUncertaintyInMeters": "",
        "basisOfRecord": "PRESERVED_SPECIMEN",
        "eventDate": "1937-07",
        "country": null,
        "datasetName": "Tropicos",
        "publisher": "Missouri Botanical Garden",
        "license": "CC_BY_4_0",
        "issues": [
          "OCCURRENCE_STATUS_INFERRED_FROM_INDIVIDUAL_COUNT",
          "GEODETIC_DATUM_ASSUMED_WGS84",
          "INSTITUTION_MATCH_FUZZY",
          "COLLECTION_MATCH_NONE",
          "TAXON_ID_NOT_FOUND"
        ],
        "fallback_media": {
          "url": "https://api.jacq.org/v1/images/europeana/1638715?withredirect=1",
          "references": "https://api.jacq.org/v1/images/show/1638715?withredirect=1",
          "title": null,
          "creator": null,
          "publisher": null,
          "license": "http://creativecommons.org/publicdomain/zero/1.0/",
          "rightsHolder": null
        }
      }
    },
    {
      "type": "Feature",
      "geometry": {
        "type": "Point",
        "coordinates": [
          -75.383333,
          4.416667
        ]
      },
      "properties": {
        "gbifID": "4061019269",
        "species": "Passiflora coriacea",
        "genus": "Passiflora",
        "family": "Passifloraceae",
        "scientificName": "Passiflora coriacea Juss.",
        "coordinateUncertaintyInMeters": "",
        "basisOfRecord": "PRESERVED_SPECIMEN",
        "eventDate": "1922-08-07",
        "country": null,
        "datasetName": "Tropicos",
        "publisher": "Missouri Botanical Garden",
        "license": "CC_BY_4_0",
        "issues": [
          "OCCURRENCE_STATUS_INFERRED_FROM_INDIVIDUAL_COUNT",
          "COORDINATE_ROUNDED",
          "GEODETIC_DATUM_ASSUMED_WGS84",
          "INSTITUTION_MATCH_FUZZY",
          "COLLECTION_MATCH_NONE",
          "TAXON_ID_NOT_FOUND"
        ],
        "fallback_media": {
          "url": "https://api.jacq.org/v1/images/europeana/1638715?withredirect=1",
          "references": "https://api.jacq.org/v1/images/show/1638715?withredirect=1",
          "title": null,
          "creator": null,
          "publisher": null,
          "license": "http://creativecommons.org/publicdomain/zero/1.0/",
          "rightsHolder": null
        }
      }
    },
    {
      "type": "Feature",
      "geometry": {
        "type": "Point",
        "coordinates": [
          -73.166667,
          -12.766667
        ]
      },
      "properties": {
        "gbifID": "4061086230",
        "species": "Passiflora coriacea",
        "genus": "Passiflora",
        "family": "Passifloraceae",
        "scientificName": "Passiflora coriacea Juss.",
        "coordinateUncertaintyInMeters": "",
        "basisOfRecord": "PRESERVED_SPECIMEN",
        "eventDate": "1984-04-13",
        "country": null,
        "datasetName": "Tropicos",
        "publisher": "Missouri Botanical Garden",
        "license": "CC_BY_4_0",
        "issues": [
          "OCCURRENCE_STATUS_INFERRED_FROM_INDIVIDUAL_COUNT",
          "COORDINATE_ROUNDED",
          "GEODETIC_DATUM_ASSUMED_WGS84",
          "AMBIGUOUS_INSTITUTION",
          "TAXON_ID_NOT_FOUND"
        ],
        "fallback_media": {
          "url": "https://api.jacq.org/v1/images/europeana/1638715?withredirect=1",
          "references": "https://api.jacq.org/v1/images/show/1638715?withredirect=1",
          "title": null,
          "creator": null,
          "publisher": null,
          "license": "http://creativecommons.org/publicdomain/zero/1.0/",
          "rightsHolder": null
        }
      }
    },
    {
      "type": "Feature",
      "geometry": {
        "type": "Point",
        "coordinates": [
          -88.910278,
          16.491944
        ]
      },
      "properties": {
        "gbifID": "1258288309",
        "species": "Passiflora coriacea",
        "genus": "Passiflora",
        "family": "Passifloraceae",
        "scientificName": "Passiflora coriacea Juss.",
        "coordinateUncertaintyInMeters": "",
        "basisOfRecord": "PRESERVED_SPECIMEN",
        "eventDate": "1996-05-08",
        "country": null,
        "datasetName": "Tropicos",
        "publisher": "Missouri Botanical Garden",
        "license": "CC_BY_4_0",
        "issues": [
          "OCCURRENCE_STATUS_INFERRED_FROM_INDIVIDUAL_COUNT",
          "COORDINATE_ROUNDED",
          "GEODETIC_DATUM_ASSUMED_WGS84",
          "INSTITUTION_MATCH_FUZZY",
          "COLLECTION_MATCH_NONE",
          "TAXON_ID_NOT_FOUND"
        ],
        "fallback_media": {
          "url": "https://api.jacq.org/v1/images/europeana/1638715?withredirect=1",
          "references": "https://api.jacq.org/v1/images/show/1638715?withredirect=1",
          "title": null,
          "creator": null,
          "publisher": null,
          "license": "http://creativecommons.org/publicdomain/zero/1.0/",
          "rightsHolder": null
        }
      }
    },
    {
      "type": "Feature",
      "geometry": {
        "type": "Point",
        "coordinates": [
          -88.383333,
          18.383333
        ]
      },
      "properties": {
        "gbifID": "1257519575",
        "species": "Passiflora coriacea",
        "genus": "Passiflora",
        "family": "Passifloraceae",
        "scientificName": "Passiflora coriacea Juss.",
        "coordinateUncertaintyInMeters": "",
        "basisOfRecord": "PRESERVED_SPECIMEN",
        "eventDate": "",
        "country": null,
        "datasetName": "Tropicos",
        "publisher": "Missouri Botanical Garden",
        "license": "CC_BY_4_0",
        "issues": [
          "OCCURRENCE_STATUS_INFERRED_FROM_INDIVIDUAL_COUNT",
          "COORDINATE_ROUNDED",
          "GEODETIC_DATUM_ASSUMED_WGS84",
          "AMBIGUOUS_INSTITUTION",
          "TAXON_ID_NOT_FOUND"
        ],
        "fallback_media": {
          "url": "https://api.jacq.org/v1/images/europeana/1638715?withredirect=1",
          "references": "https://api.jacq.org/v1/images/show/1638715?withredirect=1",
          "title": null,
          "creator": null,
          "publisher": null,
          "license": "http://creativecommons.org/publicdomain/zero/1.0/",
          "rightsHolder": null
        }
      }
    },
    {
      "type": "Feature",
      "geometry": {
        "type": "Point",
        "coordinates": [
          -59.0,
          2.5
        ]
      },
      "properties": {
        "gbifID": "1257537640",
        "species": "Passiflora coriacea",
        "genus": "Passiflora",
        "family": "Passifloraceae",
        "scientificName": "Passiflora coriacea Juss.",
        "coordinateUncertaintyInMeters": "",
        "basisOfRecord": "PRESERVED_SPECIMEN",
        "eventDate": "",
        "country": null,
        "datasetName": "Tropicos",
        "publisher": "Missouri Botanical Garden",
        "license": "CC_BY_4_0",
        "issues": [
          "OCCURRENCE_STATUS_INFERRED_FROM_INDIVIDUAL_COUNT",
          "GEODETIC_DATUM_ASSUMED_WGS84",
          "INSTITUTION_MATCH_FUZZY",
          "COLLECTION_MATCH_NONE",
          "TAXON_ID_NOT_FOUND"
        ],
        "fallback_media": {
          "url": "https://api.jacq.org/v1/images/europeana/1638715?withredirect=1",
          "references": "https://api.jacq.org/v1/images/show/1638715?withredirect=1",
          "title": null,
          "creator": null,
          "publisher": null,
          "license": "http://creativecommons.org/publicdomain/zero/1.0/",
          "rightsHolder": null
        }
      }
    },
    {
      "type": "Feature",
      "geometry": {
        "type": "Point",
        "coordinates": [
          -98.085278,
          31.448889
        ]
      },
      "properties": {
        "gbifID": "1260104019",
        "species": "Passiflora coriacea",
        "genus": "Passiflora",
        "family": "Passifloraceae",
        "scientificName": "Passiflora coriacea Juss.",
        "coordinateUncertaintyInMeters": "",
        "basisOfRecord": "PRESERVED_SPECIMEN",
        "eventDate": "1883-07",
        "country": null,
        "datasetName": "Tropicos",
        "publisher": "Missouri Botanical Garden",
        "license": "CC_BY_4_0",
        "issues": [
          "OCCURRENCE_STATUS_INFERRED_FROM_INDIVIDUAL_COUNT",
          "COORDINATE_ROUNDED",
          "GEODETIC_DATUM_ASSUMED_WGS84",
          "AMBIGUOUS_INSTITUTION",
          "TAXON_ID_NOT_FOUND"
        ],
        "fallback_media": {
          "url": "https://api.jacq.org/v1/images/europeana/1638715?withredirect=1",
          "references": "https://api.jacq.org/v1/images/show/1638715?withredirect=1",
          "title": null,
          "creator": null,
          "publisher": null,
          "license": "http://creativecommons.org/publicdomain/zero/1.0/",
          "rightsHolder": null
        }
      }
    },
    {
      "type": "Feature",
      "geometry": {
        "type": "Point",
        "coordinates": [
          -92.67,
          15.33
        ]
      },
      "properties": {
        "gbifID": "1260178551",
        "species": "Passiflora coriacea",
        "genus": "Passiflora",
        "family": "Passifloraceae",
        "scientificName": "Passiflora coriacea Juss.",
        "coordinateUncertaintyInMeters": "",
        "basisOfRecord": "PRESERVED_SPECIMEN",
        "eventDate": "1947-07-21",
        "country": null,
        "datasetName": "Tropicos",
        "publisher": "Missouri Botanical Garden",
        "license": "CC_BY_4_0",
        "issues": [
          "GEODETIC_DATUM_ASSUMED_WGS84",
          "INSTITUTION_MATCH_NONE",
          "TAXON_ID_NOT_FOUND"
        ],
        "fallback_media": {
          "url": "https://api.jacq.org/v1/images/europeana/1638715?withredirect=1",
          "references": "https://api.jacq.org/v1/images/show/1638715?withredirect=1",
          "title": null,
          "creator": null,
          "publisher": null,
          "license": "http://creativecommons.org/publicdomain/zero/1.0/",
          "rightsHolder": null
        }
      }
    },
    {
      "type": "Feature",
      "geometry": {
        "type": "Point",
        "coordinates": [
          -89.001111,
          15.637222
        ]
      },
      "properties": {
        "gbifID": "4061189427",
        "species": "Passiflora coriacea",
        "genus": "Passiflora",
        "family": "Passifloraceae",
        "scientificName": "Passiflora coriacea Juss.",
        "coordinateUncertaintyInMeters": "",
        "basisOfRecord": "PRESERVED_SPECIMEN",
        "eventDate": "1905-02-15",
        "country": null,
        "datasetName": "Tropicos",
        "publisher": "Missouri Botanical Garden",
        "license": "CC_BY_4_0",
        "issues": [
          "OCCURRENCE_STATUS_INFERRED_FROM_INDIVIDUAL_COUNT",
          "COORDINATE_ROUNDED",
          "GEODETIC_DATUM_ASSUMED_WGS84",
          "INSTITUTION_MATCH_FUZZY",
          "COLLECTION_MATCH_NONE",
          "TAXON_ID_NOT_FOUND"
        ],
        "fallback_media": {
          "url": "https://api.jacq.org/v1/images/europeana/1638715?withredirect=1",
          "references": "https://api.jacq.org/v1/images/show/1638715?withredirect=1",
          "title": null,
          "creator": null,
          "publisher": null,
          "license": "http://creativecommons.org/publicdomain/zero/1.0/",
          "rightsHolder": null
        }
      }
    },
    {
      "type": "Feature",
      "geometry": {
        "type": "Point",
        "coordinates": [
          -74.633333,
          4.916667
        ]
      },
      "properties": {
        "gbifID": "1257772705",
        "species": "Passiflora coriacea",
        "genus": "Passiflora",
        "family": "Passifloraceae",
        "scientificName": "Passiflora coriacea Juss.",
        "coordinateUncertaintyInMeters": "",
        "basisOfRecord": "PRESERVED_SPECIMEN",
        "eventDate": "1991-09-21",
        "country": null,
        "datasetName": "Tropicos",
        "publisher": "Missouri Botanical Garden",
        "license": "CC_BY_4_0",
        "issues": [
          "OCCURRENCE_STATUS_INFERRED_FROM_INDIVIDUAL_COUNT",
          "COORDINATE_ROUNDED",
          "GEODETIC_DATUM_ASSUMED_WGS84",
          "INSTITUTION_MATCH_NONE",
          "TAXON_ID_NOT_FOUND"
        ],
        "fallback_media": {
          "url": "https://api.jacq.org/v1/images/europeana/1638715?withredirect=1",
          "references": "https://api.jacq.org/v1/images/show/1638715?withredirect=1",
          "title": null,
          "creator": null,
          "publisher": null,
          "license": "http://creativecommons.org/publicdomain/zero/1.0/",
          "rightsHolder": null
        }
      }
    },
    {
      "type": "Feature",
      "geometry": {
        "type": "Point",
        "coordinates": [
          -79.583333,
          0.833333
        ]
      },
      "properties": {
        "gbifID": "1257595456",
        "species": "Passiflora coriacea",
        "genus": "Passiflora",
        "family": "Passifloraceae",
        "scientificName": "Passiflora coriacea Juss.",
        "coordinateUncertaintyInMeters": "",
        "basisOfRecord": "PRESERVED_SPECIMEN",
        "eventDate": "2003-06-06",
        "country": null,
        "datasetName": "Tropicos",
        "publisher": "Missouri Botanical Garden",
        "license": "CC_BY_4_0",
        "issues": [
          "OCCURRENCE_STATUS_INFERRED_FROM_INDIVIDUAL_COUNT",
          "COORDINATE_ROUNDED",
          "GEODETIC_DATUM_ASSUMED_WGS84",
          "INSTITUTION_MATCH_FUZZY",
          "COLLECTION_MATCH_NONE",
          "TAXON_ID_NOT_FOUND"
        ],
        "fallback_media": {
          "url": "https://api.jacq.org/v1/images/europeana/1638715?withredirect=1",
          "references": "https://api.jacq.org/v1/images/show/1638715?withredirect=1",
          "title": null,
          "creator": null,
          "publisher": null,
          "license": "http://creativecommons.org/publicdomain/zero/1.0/",
          "rightsHolder": null
        }
      }
    },
    {
      "type": "Feature",
      "geometry": {
        "type": "Point",
        "coordinates": [
          -92.89,
          15.44
        ]
      },
      "properties": {
        "gbifID": "1260177573",
        "species": "Passiflora coriacea",
        "genus": "Passiflora",
        "family": "Passifloraceae",
        "scientificName": "Passiflora coriacea Juss.",
        "coordinateUncertaintyInMeters": "",
        "basisOfRecord": "PRESERVED_SPECIMEN",
        "eventDate": "1938-01",
        "country": null,
        "datasetName": "Tropicos",
        "publisher": "Missouri Botanical Garden",
        "license": "CC_BY_4_0",
        "issues": [
          "GEODETIC_DATUM_ASSUMED_WGS84",
          "INSTITUTION_MATCH_NONE",
          "TAXON_ID_NOT_FOUND"
        ],
        "fallback_media": {
          "url": "https://api.jacq.org/v1/images/europeana/1638715?withredirect=1",
          "references": "https://api.jacq.org/v1/images/show/1638715?withredirect=1",
          "title": null,
          "creator": null,
          "publisher": null,
          "license": "http://creativecommons.org/publicdomain/zero/1.0/",
          "rightsHolder": null
        }
      }
    },
    {
      "type": "Feature",
      "geometry": {
        "type": "Point",
        "coordinates": [
          -89.03944,
          15.27027
        ]
      },
      "properties": {
        "gbifID": "1260107205",
        "species": "Passiflora coriacea",
        "genus": "Passiflora",
        "family": "Passifloraceae",
        "scientificName": "Passiflora coriacea Juss.",
        "coordinateUncertaintyInMeters": "",
        "basisOfRecord": "PRESERVED_SPECIMEN",
        "eventDate": "1937-05-17",
        "country": null,
        "datasetName": "Tropicos",
        "publisher": "Missouri Botanical Garden",
        "license": "CC_BY_4_0",
        "issues": [
          "GEODETIC_DATUM_ASSUMED_WGS84",
          "INSTITUTION_MATCH_FUZZY",
          "COLLECTION_MATCH_NONE",
          "TAXON_ID_NOT_FOUND"
        ],
        "fallback_media": {
          "url": "https://api.jacq.org/v1/images/europeana/1638715?withredirect=1",
          "references": "https://api.jacq.org/v1/images/show/1638715?withredirect=1",
          "title": null,
          "creator": null,
          "publisher": null,
          "license": "http://creativecommons.org/publicdomain/zero/1.0/",
          "rightsHolder": null
        }
      }
    },
    {
      "type": "Feature",
      "geometry": {
        "type": "Point",
        "coordinates": [
          -83.45,
          8.96
        ]
      },
      "properties": {
        "gbifID": "1260172282",
        "species": "Passiflora coriacea",
        "genus": "Passiflora",
        "family": "Passifloraceae",
        "scientificName": "Passiflora coriacea Juss.",
        "coordinateUncertaintyInMeters": "",
        "basisOfRecord": "PRESERVED_SPECIMEN",
        "eventDate": "1950-04-01",
        "country": null,
        "datasetName": "Tropicos",
        "publisher": "Missouri Botanical Garden",
        "license": "CC_BY_4_0",
        "issues": [
          "GEODETIC_DATUM_ASSUMED_WGS84",
          "INSTITUTION_MATCH_FUZZY",
          "COLLECTION_MATCH_NONE",
          "TAXON_ID_NOT_FOUND"
        ],
        "fallback_media": {
          "url": "https://api.jacq.org/v1/images/europeana/1638715?withredirect=1",
          "references": "https://api.jacq.org/v1/images/show/1638715?withredirect=1",
          "title": null,
          "creator": null,
          "publisher": null,
          "license": "http://creativecommons.org/publicdomain/zero/1.0/",
          "rightsHolder": null
        }
      }
    },
    {
      "type": "Feature",
      "geometry": {
        "type": "Point",
        "coordinates": [
          -75.104222,
          6.77625
        ]
      },
      "properties": {
        "gbifID": "1257771185",
        "species": "Passiflora coriacea",
        "genus": "Passiflora",
        "family": "Passifloraceae",
        "scientificName": "Passiflora coriacea Juss.",
        "coordinateUncertaintyInMeters": "",
        "basisOfRecord": "PRESERVED_SPECIMEN",
        "eventDate": "2008-07-02",
        "country": null,
        "datasetName": "Tropicos",
        "publisher": "Missouri Botanical Garden",
        "license": "CC_BY_4_0",
        "issues": [
          "OCCURRENCE_STATUS_INFERRED_FROM_INDIVIDUAL_COUNT",
          "COORDINATE_ROUNDED",
          "GEODETIC_DATUM_ASSUMED_WGS84",
          "INSTITUTION_MATCH_FUZZY",
          "COLLECTION_MATCH_NONE",
          "TAXON_ID_NOT_FOUND"
        ],
        "fallback_media": {
          "url": "https://api.jacq.org/v1/images/europeana/1638715?withredirect=1",
          "references": "https://api.jacq.org/v1/images/show/1638715?withredirect=1",
          "title": null,
          "creator": null,
          "publisher": null,
          "license": "http://creativecommons.org/publicdomain/zero/1.0/",
          "rightsHolder": null
        }
      }
    },
    {
      "type": "Feature",
      "geometry": {
        "type": "Point",
        "coordinates": [
          -75.232222,
          4.438889
        ]
      },
      "properties": {
        "gbifID": "1257521625",
        "species": "Passiflora coriacea",
        "genus": "Passiflora",
        "family": "Passifloraceae",
        "scientificName": "Passiflora coriacea Juss.",
        "coordinateUncertaintyInMeters": "",
        "basisOfRecord": "PRESERVED_SPECIMEN",
        "eventDate": "1932-04",
        "country": null,
        "datasetName": "Tropicos",
        "publisher": "Missouri Botanical Garden",
        "license": "CC_BY_4_0",
        "issues": [
          "OCCURRENCE_STATUS_INFERRED_FROM_INDIVIDUAL_COUNT",
          "COORDINATE_ROUNDED",
          "GEODETIC_DATUM_ASSUMED_WGS84",
          "INSTITUTION_MATCH_NONE",
          "TAXON_ID_NOT_FOUND"
        ],
        "fallback_media": {
          "url": "https://api.jacq.org/v1/images/europeana/1638715?withredirect=1",
          "references": "https://api.jacq.org/v1/images/show/1638715?withredirect=1",
          "title": null,
          "creator": null,
          "publisher": null,
          "license": "http://creativecommons.org/publicdomain/zero/1.0/",
          "rightsHolder": null
        }
      }
    },
    {
      "type": "Feature",
      "geometry": {
        "type": "Point",
        "coordinates": [
          -74.831383,
          4.401262
        ]
      },
      "properties": {
        "gbifID": "4061100242",
        "species": "Passiflora coriacea",
        "genus": "Passiflora",
        "family": "Passifloraceae",
        "scientificName": "Passiflora coriacea Juss.",
        "coordinateUncertaintyInMeters": "",
        "basisOfRecord": "PRESERVED_SPECIMEN",
        "eventDate": "1986-03-01",
        "country": null,
        "datasetName": "Tropicos",
        "publisher": "Missouri Botanical Garden",
        "license": "CC_BY_4_0",
        "issues": [
          "OCCURRENCE_STATUS_INFERRED_FROM_INDIVIDUAL_COUNT",
          "COORDINATE_ROUNDED",
          "GEODETIC_DATUM_ASSUMED_WGS84",
          "INSTITUTION_MATCH_NONE",
          "TAXON_ID_NOT_FOUND"
        ],
        "fallback_media": {
          "url": "https://api.jacq.org/v1/images/europeana/1638715?withredirect=1",
          "references": "https://api.jacq.org/v1/images/show/1638715?withredirect=1",
          "title": null,
          "creator": null,
          "publisher": null,
          "license": "http://creativecommons.org/publicdomain/zero/1.0/",
          "rightsHolder": null
        }
      }
    },
    {
      "type": "Feature",
      "geometry": {
        "type": "Point",
        "coordinates": [
          -74.6,
          4.3
        ]
      },
      "properties": {
        "gbifID": "4061037874",
        "species": "Passiflora coriacea",
        "genus": "Passiflora",
        "family": "Passifloraceae",
        "scientificName": "Passiflora coriacea Juss.",
        "coordinateUncertaintyInMeters": "",
        "basisOfRecord": "PRESERVED_SPECIMEN",
        "eventDate": "1930-07",
        "country": null,
        "datasetName": "Tropicos",
        "publisher": "Missouri Botanical Garden",
        "license": "CC_BY_4_0",
        "issues": [
          "OCCURRENCE_STATUS_INFERRED_FROM_INDIVIDUAL_COUNT",
          "GEODETIC_DATUM_ASSUMED_WGS84",
          "AMBIGUOUS_INSTITUTION",
          "TAXON_ID_NOT_FOUND"
        ],
        "fallback_media": {
          "url": "https://api.jacq.org/v1/images/europeana/1638715?withredirect=1",
          "references": "https://api.jacq.org/v1/images/show/1638715?withredirect=1",
          "title": null,
          "creator": null,
          "publisher": null,
          "license": "http://creativecommons.org/publicdomain/zero/1.0/",
          "rightsHolder": null
        }
      }
    },
    {
      "type": "Feature",
      "geometry": {
        "type": "Point",
        "coordinates": [
          -74.88746,
          4.71195
        ]
      },
      "properties": {
        "gbifID": "1257772669",
        "species": "Passiflora coriacea",
        "genus": "Passiflora",
        "family": "Passifloraceae",
        "scientificName": "Passiflora coriacea Juss.",
        "coordinateUncertaintyInMeters": "",
        "basisOfRecord": "PRESERVED_SPECIMEN",
        "eventDate": "1980-08-13",
        "country": null,
        "datasetName": "Tropicos",
        "publisher": "Missouri Botanical Garden",
        "license": "CC_BY_4_0",
        "issues": [
          "OCCURRENCE_STATUS_INFERRED_FROM_INDIVIDUAL_COUNT",
          "GEODETIC_DATUM_ASSUMED_WGS84",
          "INSTITUTION_MATCH_NONE",
          "TAXON_ID_NOT_FOUND"
        ],
        "fallback_media": {
          "url": "https://api.jacq.org/v1/images/europeana/1638715?withredirect=1",
          "references": "https://api.jacq.org/v1/images/show/1638715?withredirect=1",
          "title": null,
          "creator": null,
          "publisher": null,
          "license": "http://creativecommons.org/publicdomain/zero/1.0/",
          "rightsHolder": null
        }
      }
    },
    {
      "type": "Feature",
      "geometry": {
        "type": "Point",
        "coordinates": [
          -75.133333,
          6.783333
        ]
      },
      "properties": {
        "gbifID": "1257797546",
        "species": "Passiflora coriacea",
        "genus": "Passiflora",
        "family": "Passifloraceae",
        "scientificName": "Passiflora coriacea Juss.",
        "coordinateUncertaintyInMeters": "",
        "basisOfRecord": "PRESERVED_SPECIMEN",
        "eventDate": "2000-05-22",
        "country": null,
        "datasetName": "Tropicos",
        "publisher": "Missouri Botanical Garden",
        "license": "CC_BY_4_0",
        "issues": [
          "OCCURRENCE_STATUS_INFERRED_FROM_INDIVIDUAL_COUNT",
          "COORDINATE_ROUNDED",
          "GEODETIC_DATUM_ASSUMED_WGS84",
          "INSTITUTION_MATCH_FUZZY",
          "COLLECTION_MATCH_NONE",
          "TAXON_ID_NOT_FOUND"
        ],
        "fallback_media": {
          "url": "https://api.jacq.org/v1/images/europeana/1638715?withredirect=1",
          "references": "https://api.jacq.org/v1/images/show/1638715?withredirect=1",
          "title": null,
          "creator": null,
          "publisher": null,
          "license": "http://creativecommons.org/publicdomain/zero/1.0/",
          "rightsHolder": null
        }
      }
    },
    {
      "type": "Feature",
      "geometry": {
        "type": "Point",
        "coordinates": [
          -94.68,
          17.22
        ]
      },
      "properties": {
        "gbifID": "1260181831",
        "species": "Passiflora coriacea",
        "genus": "Passiflora",
        "family": "Passifloraceae",
        "scientificName": "Passiflora coriacea Juss.",
        "coordinateUncertaintyInMeters": "",
        "basisOfRecord": "PRESERVED_SPECIMEN",
        "eventDate": "1975-05-23",
        "country": null,
        "datasetName": "Tropicos",
        "publisher": "Missouri Botanical Garden",
        "license": "CC_BY_4_0",
        "issues": [
          "GEODETIC_DATUM_ASSUMED_WGS84",
          "INSTITUTION_MATCH_NONE",
          "TAXON_ID_NOT_FOUND"
        ],
        "fallback_media": {
          "url": "https://api.jacq.org/v1/images/europeana/1638715?withredirect=1",
          "references": "https://api.jacq.org/v1/images/show/1638715?withredirect=1",
          "title": null,
          "creator": null,
          "publisher": null,
          "license": "http://creativecommons.org/publicdomain/zero/1.0/",
          "rightsHolder": null
        }
      }
    },
    {
      "type": "Feature",
      "geometry": {
        "type": "Point",
        "coordinates": [
          -97.85,
          20.51666
        ]
      },
      "properties": {
        "gbifID": "1260179224",
        "species": "Passiflora coriacea",
        "genus": "Passiflora",
        "family": "Passifloraceae",
        "scientificName": "Passiflora coriacea Juss.",
        "coordinateUncertaintyInMeters": "",
        "basisOfRecord": "PRESERVED_SPECIMEN",
        "eventDate": "1962-06-21",
        "country": null,
        "datasetName": "Tropicos",
        "publisher": "Missouri Botanical Garden",
        "license": "CC_BY_4_0",
        "issues": [
          "GEODETIC_DATUM_ASSUMED_WGS84",
          "INSTITUTION_MATCH_NONE",
          "TAXON_ID_NOT_FOUND"
        ],
        "fallback_media": {
          "url": "https://api.jacq.org/v1/images/europeana/1638715?withredirect=1",
          "references": "https://api.jacq.org/v1/images/show/1638715?withredirect=1",
          "title": null,
          "creator": null,
          "publisher": null,
          "license": "http://creativecommons.org/publicdomain/zero/1.0/",
          "rightsHolder": null
        }
      }
    },
    {
      "type": "Feature",
      "geometry": {
        "type": "Point",
        "coordinates": [
          -74.083333,
          11.1
        ]
      },
      "properties": {
        "gbifID": "1257520326",
        "species": "Passiflora coriacea",
        "genus": "Passiflora",
        "family": "Passifloraceae",
        "scientificName": "Passiflora coriacea Juss.",
        "coordinateUncertaintyInMeters": "",
        "basisOfRecord": "PRESERVED_SPECIMEN",
        "eventDate": "",
        "country": null,
        "datasetName": "Tropicos",
        "publisher": "Missouri Botanical Garden",
        "license": "CC_BY_4_0",
        "issues": [
          "OCCURRENCE_STATUS_INFERRED_FROM_INDIVIDUAL_COUNT",
          "COORDINATE_ROUNDED",
          "GEODETIC_DATUM_ASSUMED_WGS84",
          "INSTITUTION_MATCH_NONE",
          "TAXON_ID_NOT_FOUND"
        ],
        "fallback_media": {
          "url": "https://api.jacq.org/v1/images/europeana/1638715?withredirect=1",
          "references": "https://api.jacq.org/v1/images/show/1638715?withredirect=1",
          "title": null,
          "creator": null,
          "publisher": null,
          "license": "http://creativecommons.org/publicdomain/zero/1.0/",
          "rightsHolder": null
        }
      }
    },
    {
      "type": "Feature",
      "geometry": {
        "type": "Point",
        "coordinates": [
          -83.7,
          9.81
        ]
      },
      "properties": {
        "gbifID": "1260173501",
        "species": "Passiflora coriacea",
        "genus": "Passiflora",
        "family": "Passifloraceae",
        "scientificName": "Passiflora coriacea Juss.",
        "coordinateUncertaintyInMeters": "",
        "basisOfRecord": "PRESERVED_SPECIMEN",
        "eventDate": "1931-04-03",
        "country": null,
        "datasetName": "Tropicos",
        "publisher": "Missouri Botanical Garden",
        "license": "CC_BY_4_0",
        "issues": [
          "GEODETIC_DATUM_ASSUMED_WGS84",
          "INSTITUTION_MATCH_FUZZY",
          "COLLECTION_MATCH_NONE",
          "TAXON_ID_NOT_FOUND"
        ],
        "fallback_media": {
          "url": "https://api.jacq.org/v1/images/europeana/1638715?withredirect=1",
          "references": "https://api.jacq.org/v1/images/show/1638715?withredirect=1",
          "title": null,
          "creator": null,
          "publisher": null,
          "license": "http://creativecommons.org/publicdomain/zero/1.0/",
          "rightsHolder": null
        }
      }
    },
    {
      "type": "Feature",
      "geometry": {
        "type": "Point",
        "coordinates": [
          -97.38,
          20.42
        ]
      },
      "properties": {
        "gbifID": "1260107527",
        "species": "Passiflora coriacea",
        "genus": "Passiflora",
        "family": "Passifloraceae",
        "scientificName": "Passiflora coriacea Juss.",
        "coordinateUncertaintyInMeters": "",
        "basisOfRecord": "PRESERVED_SPECIMEN",
        "eventDate": "1948-02-19",
        "country": null,
        "datasetName": "Tropicos",
        "publisher": "Missouri Botanical Garden",
        "license": "CC_BY_4_0",
        "issues": [
          "GEODETIC_DATUM_ASSUMED_WGS84",
          "INSTITUTION_MATCH_FUZZY",
          "COLLECTION_MATCH_NONE",
          "TAXON_ID_NOT_FOUND"
        ],
        "fallback_media": {
          "url": "https://api.jacq.org/v1/images/europeana/1638715?withredirect=1",
          "references": "https://api.jacq.org/v1/images/show/1638715?withredirect=1",
          "title": null,
          "creator": null,
          "publisher": null,
          "license": "http://creativecommons.org/publicdomain/zero/1.0/",
          "rightsHolder": null
        }
      }
    },
    {
      "type": "Feature",
      "geometry": {
        "type": "Point",
        "coordinates": [
          -74.898201,
          5.19923
        ]
      },
      "properties": {
        "gbifID": "1257772580",
        "species": "Passiflora coriacea",
        "genus": "Passiflora",
        "family": "Passifloraceae",
        "scientificName": "Passiflora coriacea Juss.",
        "coordinateUncertaintyInMeters": "",
        "basisOfRecord": "PRESERVED_SPECIMEN",
        "eventDate": "1954-02-07",
        "country": null,
        "datasetName": "Tropicos",
        "publisher": "Missouri Botanical Garden",
        "license": "CC_BY_4_0",
        "issues": [
          "OCCURRENCE_STATUS_INFERRED_FROM_INDIVIDUAL_COUNT",
          "COORDINATE_ROUNDED",
          "GEODETIC_DATUM_ASSUMED_WGS84",
          "INSTITUTION_MATCH_NONE",
          "TAXON_ID_NOT_FOUND"
        ],
        "fallback_media": {
          "url": "https://api.jacq.org/v1/images/europeana/1638715?withredirect=1",
          "references": "https://api.jacq.org/v1/images/show/1638715?withredirect=1",
          "title": null,
          "creator": null,
          "publisher": null,
          "license": "http://creativecommons.org/publicdomain/zero/1.0/",
          "rightsHolder": null
        }
      }
    },
    {
      "type": "Feature",
      "geometry": {
        "type": "Point",
        "coordinates": [
          -90.116667,
          16.783333
        ]
      },
      "properties": {
        "gbifID": "1260175178",
        "species": "Passiflora coriacea",
        "genus": "Passiflora",
        "family": "Passifloraceae",
        "scientificName": "Passiflora coriacea Juss.",
        "coordinateUncertaintyInMeters": "",
        "basisOfRecord": "PRESERVED_SPECIMEN",
        "eventDate": "1933-03-31",
        "country": null,
        "datasetName": "Tropicos",
        "publisher": "Missouri Botanical Garden",
        "license": "CC_BY_4_0",
        "issues": [
          "OCCURRENCE_STATUS_INFERRED_FROM_INDIVIDUAL_COUNT",
          "COORDINATE_ROUNDED",
          "GEODETIC_DATUM_ASSUMED_WGS84",
          "INSTITUTION_MATCH_FUZZY",
          "COLLECTION_MATCH_NONE",
          "TAXON_ID_NOT_FOUND"
        ],
        "fallback_media": {
          "url": "https://api.jacq.org/v1/images/europeana/1638715?withredirect=1",
          "references": "https://api.jacq.org/v1/images/show/1638715?withredirect=1",
          "title": null,
          "creator": null,
          "publisher": null,
          "license": "http://creativecommons.org/publicdomain/zero/1.0/",
          "rightsHolder": null
        }
      }
    },
    {
      "type": "Feature",
      "geometry": {
        "type": "Point",
        "coordinates": [
          -83.16,
          8.63
        ]
      },
      "properties": {
        "gbifID": "1260172183",
        "species": "Passiflora coriacea",
        "genus": "Passiflora",
        "family": "Passifloraceae",
        "scientificName": "Passiflora coriacea Juss.",
        "coordinateUncertaintyInMeters": "",
        "basisOfRecord": "PRESERVED_SPECIMEN",
        "eventDate": "1930-04-12",
        "country": null,
        "datasetName": "Tropicos",
        "publisher": "Missouri Botanical Garden",
        "license": "CC_BY_4_0",
        "issues": [
          "OCCURRENCE_STATUS_INFERRED_FROM_INDIVIDUAL_COUNT",
          "GEODETIC_DATUM_ASSUMED_WGS84",
          "INSTITUTION_MATCH_FUZZY",
          "COLLECTION_MATCH_NONE",
          "TAXON_ID_NOT_FOUND"
        ],
        "fallback_media": {
          "url": "https://api.jacq.org/v1/images/europeana/1638715?withredirect=1",
          "references": "https://api.jacq.org/v1/images/show/1638715?withredirect=1",
          "title": null,
          "creator": null,
          "publisher": null,
          "license": "http://creativecommons.org/publicdomain/zero/1.0/",
          "rightsHolder": null
        }
      }
    },
    {
      "type": "Feature",
      "geometry": {
        "type": "Point",
        "coordinates": [
          -74.892403,
          5.1963
        ]
      },
      "properties": {
        "gbifID": "1257772702",
        "species": "Passiflora coriacea",
        "genus": "Passiflora",
        "family": "Passifloraceae",
        "scientificName": "Passiflora coriacea Juss.",
        "coordinateUncertaintyInMeters": "",
        "basisOfRecord": "PRESERVED_SPECIMEN",
        "eventDate": "1960-06-07",
        "country": null,
        "datasetName": "Tropicos",
        "publisher": "Missouri Botanical Garden",
        "license": "CC_BY_4_0",
        "issues": [
          "OCCURRENCE_STATUS_INFERRED_FROM_INDIVIDUAL_COUNT",
          "COORDINATE_ROUNDED",
          "GEODETIC_DATUM_ASSUMED_WGS84",
          "INSTITUTION_MATCH_NONE",
          "TAXON_ID_NOT_FOUND"
        ],
        "fallback_media": {
          "url": "https://api.jacq.org/v1/images/europeana/1638715?withredirect=1",
          "references": "https://api.jacq.org/v1/images/show/1638715?withredirect=1",
          "title": null,
          "creator": null,
          "publisher": null,
          "license": "http://creativecommons.org/publicdomain/zero/1.0/",
          "rightsHolder": null
        }
      }
    },
    {
      "type": "Feature",
      "geometry": {
        "type": "Point",
        "coordinates": [
          -74.066667,
          11.183333
        ]
      },
      "properties": {
        "gbifID": "1257537682",
        "species": "Passiflora coriacea",
        "genus": "Passiflora",
        "family": "Passifloraceae",
        "scientificName": "Passiflora coriacea Juss.",
        "coordinateUncertaintyInMeters": "",
        "basisOfRecord": "PRESERVED_SPECIMEN",
        "eventDate": "1898",
        "country": null,
        "datasetName": "Tropicos",
        "publisher": "Missouri Botanical Garden",
        "license": "CC_BY_4_0",
        "issues": [
          "OCCURRENCE_STATUS_INFERRED_FROM_INDIVIDUAL_COUNT",
          "COORDINATE_ROUNDED",
          "GEODETIC_DATUM_ASSUMED_WGS84",
          "INSTITUTION_MATCH_FUZZY",
          "COLLECTION_MATCH_NONE",
          "TAXON_ID_NOT_FOUND"
        ],
        "fallback_media": {
          "url": "https://api.jacq.org/v1/images/europeana/1638715?withredirect=1",
          "references": "https://api.jacq.org/v1/images/show/1638715?withredirect=1",
          "title": null,
          "creator": null,
          "publisher": null,
          "license": "http://creativecommons.org/publicdomain/zero/1.0/",
          "rightsHolder": null
        }
      }
    },
    {
      "type": "Feature",
      "geometry": {
        "type": "Point",
        "coordinates": [
          -93.180833,
          17.619445
        ]
      },
      "properties": {
        "gbifID": "1260178341",
        "species": "Passiflora coriacea",
        "genus": "Passiflora",
        "family": "Passifloraceae",
        "scientificName": "Passiflora coriacea Juss.",
        "coordinateUncertaintyInMeters": "",
        "basisOfRecord": "PRESERVED_SPECIMEN",
        "eventDate": "",
        "country": null,
        "datasetName": "Tropicos",
        "publisher": "Missouri Botanical Garden",
        "license": "CC_BY_4_0",
        "issues": [
          "OCCURRENCE_STATUS_INFERRED_FROM_INDIVIDUAL_COUNT",
          "COORDINATE_ROUNDED",
          "GEODETIC_DATUM_ASSUMED_WGS84",
          "INSTITUTION_MATCH_FUZZY",
          "COLLECTION_MATCH_NONE",
          "TAXON_ID_NOT_FOUND"
        ],
        "fallback_media": {
          "url": "https://api.jacq.org/v1/images/europeana/1638715?withredirect=1",
          "references": "https://api.jacq.org/v1/images/show/1638715?withredirect=1",
          "title": null,
          "creator": null,
          "publisher": null,
          "license": "http://creativecommons.org/publicdomain/zero/1.0/",
          "rightsHolder": null
        }
      }
    },
    {
      "type": "Feature",
      "geometry": {
        "type": "Point",
        "coordinates": [
          -97.09,
          20.04
        ]
      },
      "properties": {
        "gbifID": "1260181397",
        "species": "Passiflora coriacea",
        "genus": "Passiflora",
        "family": "Passifloraceae",
        "scientificName": "Passiflora coriacea Juss.",
        "coordinateUncertaintyInMeters": "",
        "basisOfRecord": "PRESERVED_SPECIMEN",
        "eventDate": "1975-10-13",
        "country": null,
        "datasetName": "Tropicos",
        "publisher": "Missouri Botanical Garden",
        "license": "CC_BY_4_0",
        "issues": [
          "GEODETIC_DATUM_ASSUMED_WGS84",
          "INSTITUTION_MATCH_FUZZY",
          "COLLECTION_MATCH_NONE",
          "TAXON_ID_NOT_FOUND"
        ],
        "fallback_media": {
          "url": "https://api.jacq.org/v1/images/europeana/1638715?withredirect=1",
          "references": "https://api.jacq.org/v1/images/show/1638715?withredirect=1",
          "title": null,
          "creator": null,
          "publisher": null,
          "license": "http://creativecommons.org/publicdomain/zero/1.0/",
          "rightsHolder": null
        }
      }
    },
    {
      "type": "Feature",
      "geometry": {
        "type": "Point",
        "coordinates": [
          -90.133333,
          15.483333
        ]
      },
      "properties": {
        "gbifID": "1257522367",
        "species": "Passiflora coriacea",
        "genus": "Passiflora",
        "family": "Passifloraceae",
        "scientificName": "Passiflora coriacea Juss.",
        "coordinateUncertaintyInMeters": "",
        "basisOfRecord": "PRESERVED_SPECIMEN",
        "eventDate": "",
        "country": null,
        "datasetName": "Tropicos",
        "publisher": "Missouri Botanical Garden",
        "license": "CC_BY_4_0",
        "issues": [
          "OCCURRENCE_STATUS_INFERRED_FROM_INDIVIDUAL_COUNT",
          "COORDINATE_ROUNDED",
          "GEODETIC_DATUM_ASSUMED_WGS84",
          "AMBIGUOUS_INSTITUTION",
          "TAXON_ID_NOT_FOUND"
        ],
        "fallback_media": {
          "url": "https://api.jacq.org/v1/images/europeana/1638715?withredirect=1",
          "references": "https://api.jacq.org/v1/images/show/1638715?withredirect=1",
          "title": null,
          "creator": null,
          "publisher": null,
          "license": "http://creativecommons.org/publicdomain/zero/1.0/",
          "rightsHolder": null
        }
      }
    },
    {
      "type": "Feature",
      "geometry": {
        "type": "Point",
        "coordinates": [
          -85.34,
          10.77
        ]
      },
      "properties": {
        "gbifID": "1260110421",
        "species": "Passiflora coriacea",
        "genus": "Passiflora",
        "family": "Passifloraceae",
        "scientificName": "Passiflora coriacea Juss.",
        "coordinateUncertaintyInMeters": "",
        "basisOfRecord": "PRESERVED_SPECIMEN",
        "eventDate": "1983-01-28",
        "country": null,
        "datasetName": "Tropicos",
        "publisher": "Missouri Botanical Garden",
        "license": "CC_BY_4_0",
        "issues": [
          "GEODETIC_DATUM_ASSUMED_WGS84",
          "INSTITUTION_MATCH_FUZZY",
          "COLLECTION_MATCH_NONE",
          "TAXON_ID_NOT_FOUND"
        ],
        "fallback_media": {
          "url": "https://api.jacq.org/v1/images/europeana/1638715?withredirect=1",
          "references": "https://api.jacq.org/v1/images/show/1638715?withredirect=1",
          "title": null,
          "creator": null,
          "publisher": null,
          "license": "http://creativecommons.org/publicdomain/zero/1.0/",
          "rightsHolder": null
        }
      }
    },
    {
      "type": "Feature",
      "geometry": {
        "type": "Point",
        "coordinates": [
          -79.866667,
          8.55
        ]
      },
      "properties": {
        "gbifID": "1260182710",
        "species": "Passiflora coriacea",
        "genus": "Passiflora",
        "family": "Passifloraceae",
        "scientificName": "Passiflora coriacea Juss.",
        "coordinateUncertaintyInMeters": "",
        "basisOfRecord": "PRESERVED_SPECIMEN",
        "eventDate": "1858",
        "country": null,
        "datasetName": "Tropicos",
        "publisher": "Missouri Botanical Garden",
        "license": "CC_BY_4_0",
        "issues": [
          "OCCURRENCE_STATUS_INFERRED_FROM_INDIVIDUAL_COUNT",
          "COORDINATE_ROUNDED",
          "GEODETIC_DATUM_ASSUMED_WGS84",
          "INSTITUTION_MATCH_FUZZY",
          "COLLECTION_MATCH_NONE",
          "TAXON_ID_NOT_FOUND"
        ],
        "fallback_media": {
          "url": "https://api.jacq.org/v1/images/europeana/1638715?withredirect=1",
          "references": "https://api.jacq.org/v1/images/show/1638715?withredirect=1",
          "title": null,
          "creator": null,
          "publisher": null,
          "license": "http://creativecommons.org/publicdomain/zero/1.0/",
          "rightsHolder": null
        }
      }
    },
    {
      "type": "Feature",
      "geometry": {
        "type": "Point",
        "coordinates": [
          -89.233819,
          19.19295
        ]
      },
      "properties": {
        "gbifID": "3332207315",
        "species": "Passiflora coriacea",
        "genus": "Passiflora",
        "family": "Passifloraceae",
        "scientificName": "Passiflora coriacea Juss.",
        "coordinateUncertaintyInMeters": "",
        "basisOfRecord": "PRESERVED_SPECIMEN",
        "eventDate": "2005",
        "country": null,
        "datasetName": "Tropicos",
        "publisher": "Missouri Botanical Garden",
        "license": "CC_BY_4_0",
        "issues": [
          "OCCURRENCE_STATUS_INFERRED_FROM_INDIVIDUAL_COUNT",
          "COORDINATE_ROUNDED",
          "GEODETIC_DATUM_ASSUMED_WGS84",
          "INSTITUTION_MATCH_FUZZY",
          "COLLECTION_MATCH_NONE",
          "TAXON_ID_NOT_FOUND"
        ],
        "fallback_media": {
          "url": "https://api.jacq.org/v1/images/europeana/1638715?withredirect=1",
          "references": "https://api.jacq.org/v1/images/show/1638715?withredirect=1",
          "title": null,
          "creator": null,
          "publisher": null,
          "license": "http://creativecommons.org/publicdomain/zero/1.0/",
          "rightsHolder": null
        }
      }
    },
    {
      "type": "Feature",
      "geometry": {
        "type": "Point",
        "coordinates": [
          -92.97,
          18.16
        ]
      },
      "properties": {
        "gbifID": "1260180192",
        "species": "Passiflora coriacea",
        "genus": "Passiflora",
        "family": "Passifloraceae",
        "scientificName": "Passiflora coriacea Juss.",
        "coordinateUncertaintyInMeters": "",
        "basisOfRecord": "PRESERVED_SPECIMEN",
        "eventDate": "1978-10-07",
        "country": null,
        "datasetName": "Tropicos",
        "publisher": "Missouri Botanical Garden",
        "license": "CC_BY_4_0",
        "issues": [
          "GEODETIC_DATUM_ASSUMED_WGS84",
          "INSTITUTION_MATCH_NONE",
          "TAXON_ID_NOT_FOUND"
        ],
        "fallback_media": {
          "url": "https://api.jacq.org/v1/images/europeana/1638715?withredirect=1",
          "references": "https://api.jacq.org/v1/images/show/1638715?withredirect=1",
          "title": null,
          "creator": null,
          "publisher": null,
          "license": "http://creativecommons.org/publicdomain/zero/1.0/",
          "rightsHolder": null
        }
      }
    },
    {
      "type": "Feature",
      "geometry": {
        "type": "Point",
        "coordinates": [
          -96.65,
          18.58333
        ]
      },
      "properties": {
        "gbifID": "1260179122",
        "species": "Passiflora coriacea",
        "genus": "Passiflora",
        "family": "Passifloraceae",
        "scientificName": "Passiflora coriacea Juss.",
        "coordinateUncertaintyInMeters": "",
        "basisOfRecord": "PRESERVED_SPECIMEN",
        "eventDate": "1913-11",
        "country": null,
        "datasetName": "Tropicos",
        "publisher": "Missouri Botanical Garden",
        "license": "CC_BY_4_0",
        "issues": [
          "GEODETIC_DATUM_ASSUMED_WGS84",
          "INSTITUTION_MATCH_NONE",
          "TAXON_ID_NOT_FOUND"
        ],
        "fallback_media": {
          "url": "https://api.jacq.org/v1/images/europeana/1638715?withredirect=1",
          "references": "https://api.jacq.org/v1/images/show/1638715?withredirect=1",
          "title": null,
          "creator": null,
          "publisher": null,
          "license": "http://creativecommons.org/publicdomain/zero/1.0/",
          "rightsHolder": null
        }
      }
    },
    {
      "type": "Feature",
      "geometry": {
        "type": "Point",
        "coordinates": [
          -75.15,
          6.816667
        ]
      },
      "properties": {
        "gbifID": "1257756608",
        "species": "Passiflora coriacea",
        "genus": "Passiflora",
        "family": "Passifloraceae",
        "scientificName": "Passiflora coriacea Juss.",
        "coordinateUncertaintyInMeters": "",
        "basisOfRecord": "PRESERVED_SPECIMEN",
        "eventDate": "2001-06-03",
        "country": null,
        "datasetName": "Tropicos",
        "publisher": "Missouri Botanical Garden",
        "license": "CC_BY_4_0",
        "issues": [
          "OCCURRENCE_STATUS_INFERRED_FROM_INDIVIDUAL_COUNT",
          "COORDINATE_ROUNDED",
          "GEODETIC_DATUM_ASSUMED_WGS84",
          "INSTITUTION_MATCH_FUZZY",
          "COLLECTION_MATCH_NONE",
          "TAXON_ID_NOT_FOUND"
        ],
        "fallback_media": {
          "url": "https://api.jacq.org/v1/images/europeana/1638715?withredirect=1",
          "references": "https://api.jacq.org/v1/images/show/1638715?withredirect=1",
          "title": null,
          "creator": null,
          "publisher": null,
          "license": "http://creativecommons.org/publicdomain/zero/1.0/",
          "rightsHolder": null
        }
      }
    },
    {
      "type": "Feature",
      "geometry": {
        "type": "Point",
        "coordinates": [
          -76.072778,
          4.319167
        ]
      },
      "properties": {
        "gbifID": "1257521645",
        "species": "Passiflora coriacea",
        "genus": "Passiflora",
        "family": "Passifloraceae",
        "scientificName": "Passiflora coriacea Juss.",
        "coordinateUncertaintyInMeters": "",
        "basisOfRecord": "PRESERVED_SPECIMEN",
        "eventDate": "1853-01",
        "country": null,
        "datasetName": "Tropicos",
        "publisher": "Missouri Botanical Garden",
        "license": "CC_BY_4_0",
        "issues": [
          "OCCURRENCE_STATUS_INFERRED_FROM_INDIVIDUAL_COUNT",
          "COORDINATE_ROUNDED",
          "GEODETIC_DATUM_ASSUMED_WGS84",
          "INSTITUTION_MATCH_FUZZY",
          "COLLECTION_MATCH_NONE",
          "TAXON_ID_NOT_FOUND"
        ],
        "fallback_media": {
          "url": "https://api.jacq.org/v1/images/europeana/1638715?withredirect=1",
          "references": "https://api.jacq.org/v1/images/show/1638715?withredirect=1",
          "title": null,
          "creator": null,
          "publisher": null,
          "license": "http://creativecommons.org/publicdomain/zero/1.0/",
          "rightsHolder": null
        }
      }
    },
    {
      "type": "Feature",
      "geometry": {
        "type": "Point",
        "coordinates": [
          -89.98,
          15.3
        ]
      },
      "properties": {
        "gbifID": "1260174046",
        "species": "Passiflora coriacea",
        "genus": "Passiflora",
        "family": "Passifloraceae",
        "scientificName": "Passiflora coriacea Juss.",
        "coordinateUncertaintyInMeters": "",
        "basisOfRecord": "PRESERVED_SPECIMEN",
        "eventDate": "1939-04-05",
        "country": null,
        "datasetName": "Tropicos",
        "publisher": "Missouri Botanical Garden",
        "license": "CC_BY_4_0",
        "issues": [
          "GEODETIC_DATUM_ASSUMED_WGS84",
          "INSTITUTION_MATCH_FUZZY",
          "COLLECTION_MATCH_NONE",
          "TAXON_ID_NOT_FOUND"
        ],
        "fallback_media": {
          "url": "https://api.jacq.org/v1/images/europeana/1638715?withredirect=1",
          "references": "https://api.jacq.org/v1/images/show/1638715?withredirect=1",
          "title": null,
          "creator": null,
          "publisher": null,
          "license": "http://creativecommons.org/publicdomain/zero/1.0/",
          "rightsHolder": null
        }
      }
    },
    {
      "type": "Feature",
      "geometry": {
        "type": "Point",
        "coordinates": [
          -89.77333,
          15.40916
        ]
      },
      "properties": {
        "gbifID": "1260173788",
        "species": "Passiflora coriacea",
        "genus": "Passiflora",
        "family": "Passifloraceae",
        "scientificName": "Passiflora coriacea Juss.",
        "coordinateUncertaintyInMeters": "",
        "basisOfRecord": "PRESERVED_SPECIMEN",
        "eventDate": "1906-04-04",
        "country": null,
        "datasetName": "Tropicos",
        "publisher": "Missouri Botanical Garden",
        "license": "CC_BY_4_0",
        "issues": [
          "GEODETIC_DATUM_ASSUMED_WGS84",
          "INSTITUTION_MATCH_FUZZY",
          "COLLECTION_MATCH_NONE",
          "TAXON_ID_NOT_FOUND"
        ],
        "fallback_media": {
          "url": "https://api.jacq.org/v1/images/europeana/1638715?withredirect=1",
          "references": "https://api.jacq.org/v1/images/show/1638715?withredirect=1",
          "title": null,
          "creator": null,
          "publisher": null,
          "license": "http://creativecommons.org/publicdomain/zero/1.0/",
          "rightsHolder": null
        }
      }
    },
    {
      "type": "Feature",
      "geometry": {
        "type": "Point",
        "coordinates": [
          -83.26,
          8.97
        ]
      },
      "properties": {
        "gbifID": "1261826629",
        "species": "Passiflora coriacea",
        "genus": "Passiflora",
        "family": "Passifloraceae",
        "scientificName": "Passiflora coriacea Juss.",
        "coordinateUncertaintyInMeters": "",
        "basisOfRecord": "PRESERVED_SPECIMEN",
        "eventDate": "1992-10-16",
        "country": null,
        "datasetName": "Tropicos",
        "publisher": "Missouri Botanical Garden",
        "license": "CC_BY_4_0",
        "issues": [
          "OCCURRENCE_STATUS_INFERRED_FROM_INDIVIDUAL_COUNT",
          "GEODETIC_DATUM_ASSUMED_WGS84",
          "INSTITUTION_MATCH_FUZZY",
          "COLLECTION_MATCH_NONE",
          "TAXON_ID_NOT_FOUND"
        ],
        "fallback_media": {
          "url": "https://api.jacq.org/v1/images/europeana/1638715?withredirect=1",
          "references": "https://api.jacq.org/v1/images/show/1638715?withredirect=1",
          "title": null,
          "creator": null,
          "publisher": null,
          "license": "http://creativecommons.org/publicdomain/zero/1.0/",
          "rightsHolder": null
        }
      }
    },
    {
      "type": "Feature",
      "geometry": {
        "type": "Point",
        "coordinates": [
          -92.383889,
          15.176667
        ]
      },
      "properties": {
        "gbifID": "1260177896",
        "species": "Passiflora coriacea",
        "genus": "Passiflora",
        "family": "Passifloraceae",
        "scientificName": "Passiflora coriacea Juss.",
        "coordinateUncertaintyInMeters": "",
        "basisOfRecord": "PRESERVED_SPECIMEN",
        "eventDate": "1977-11-12",
        "country": null,
        "datasetName": "Tropicos",
        "publisher": "Missouri Botanical Garden",
        "license": "CC_BY_4_0",
        "issues": [
          "OCCURRENCE_STATUS_INFERRED_FROM_INDIVIDUAL_COUNT",
          "COORDINATE_ROUNDED",
          "GEODETIC_DATUM_ASSUMED_WGS84",
          "INSTITUTION_MATCH_NONE",
          "TAXON_ID_NOT_FOUND"
        ],
        "fallback_media": {
          "url": "https://api.jacq.org/v1/images/europeana/1638715?withredirect=1",
          "references": "https://api.jacq.org/v1/images/show/1638715?withredirect=1",
          "title": null,
          "creator": null,
          "publisher": null,
          "license": "http://creativecommons.org/publicdomain/zero/1.0/",
          "rightsHolder": null
        }
      }
    },
    {
      "type": "Feature",
      "geometry": {
        "type": "Point",
        "coordinates": [
          -95.82,
          18.44
        ]
      },
      "properties": {
        "gbifID": "1260180857",
        "species": "Passiflora coriacea",
        "genus": "Passiflora",
        "family": "Passifloraceae",
        "scientificName": "Passiflora coriacea Juss.",
        "coordinateUncertaintyInMeters": "",
        "basisOfRecord": "PRESERVED_SPECIMEN",
        "eventDate": "",
        "country": null,
        "datasetName": "Tropicos",
        "publisher": "Missouri Botanical Garden",
        "license": "CC_BY_4_0",
        "issues": [
          "OCCURRENCE_STATUS_INFERRED_FROM_INDIVIDUAL_COUNT",
          "GEODETIC_DATUM_ASSUMED_WGS84",
          "INSTITUTION_MATCH_NONE",
          "TAXON_ID_NOT_FOUND"
        ],
        "fallback_media": {
          "url": "https://api.jacq.org/v1/images/europeana/1638715?withredirect=1",
          "references": "https://api.jacq.org/v1/images/show/1638715?withredirect=1",
          "title": null,
          "creator": null,
          "publisher": null,
          "license": "http://creativecommons.org/publicdomain/zero/1.0/",
          "rightsHolder": null
        }
      }
    },
    {
      "type": "Feature",
      "geometry": {
        "type": "Point",
        "coordinates": [
          -74.367778,
          4.343889
        ]
      },
      "properties": {
        "gbifID": "1257537755",
        "species": "Passiflora coriacea",
        "genus": "Passiflora",
        "family": "Passifloraceae",
        "scientificName": "Passiflora coriacea Juss.",
        "coordinateUncertaintyInMeters": "",
        "basisOfRecord": "PRESERVED_SPECIMEN",
        "eventDate": "1844",
        "country": null,
        "datasetName": "Tropicos",
        "publisher": "Missouri Botanical Garden",
        "license": "CC_BY_4_0",
        "issues": [
          "OCCURRENCE_STATUS_INFERRED_FROM_INDIVIDUAL_COUNT",
          "COORDINATE_ROUNDED",
          "GEODETIC_DATUM_ASSUMED_WGS84",
          "INSTITUTION_MATCH_FUZZY",
          "COLLECTION_MATCH_NONE",
          "TAXON_ID_NOT_FOUND"
        ],
        "fallback_media": {
          "url": "https://api.jacq.org/v1/images/europeana/1638715?withredirect=1",
          "references": "https://api.jacq.org/v1/images/show/1638715?withredirect=1",
          "title": null,
          "creator": null,
          "publisher": null,
          "license": "http://creativecommons.org/publicdomain/zero/1.0/",
          "rightsHolder": null
        }
      }
    },
    {
      "type": "Feature",
      "geometry": {
        "type": "Point",
        "coordinates": [
          -76.0,
          4.0
        ]
      },
      "properties": {
        "gbifID": "4060866653",
        "species": "Passiflora coriacea",
        "genus": "Passiflora",
        "family": "Passifloraceae",
        "scientificName": "Passiflora coriacea Juss.",
        "coordinateUncertaintyInMeters": "",
        "basisOfRecord": "PRESERVED_SPECIMEN",
        "eventDate": "1985-05-06",
        "country": null,
        "datasetName": "Tropicos",
        "publisher": "Missouri Botanical Garden",
        "license": "CC_BY_4_0",
        "issues": [
          "GEODETIC_DATUM_ASSUMED_WGS84",
          "INSTITUTION_MATCH_NONE",
          "TAXON_ID_NOT_FOUND"
        ],
        "fallback_media": {
          "url": "https://api.jacq.org/v1/images/europeana/1638715?withredirect=1",
          "references": "https://api.jacq.org/v1/images/show/1638715?withredirect=1",
          "title": null,
          "creator": null,
          "publisher": null,
          "license": "http://creativecommons.org/publicdomain/zero/1.0/",
          "rightsHolder": null
        }
      }
    },
    {
      "type": "Feature",
      "geometry": {
        "type": "Point",
        "coordinates": [
          -73.698055,
          7.286944
        ]
      },
      "properties": {
        "gbifID": "1257537698",
        "species": "Passiflora coriacea",
        "genus": "Passiflora",
        "family": "Passifloraceae",
        "scientificName": "Passiflora coriacea Juss.",
        "coordinateUncertaintyInMeters": "",
        "basisOfRecord": "PRESERVED_SPECIMEN",
        "eventDate": "1926-12-04",
        "country": null,
        "datasetName": "Tropicos",
        "publisher": "Missouri Botanical Garden",
        "license": "CC_BY_4_0",
        "issues": [
          "OCCURRENCE_STATUS_INFERRED_FROM_INDIVIDUAL_COUNT",
          "COORDINATE_ROUNDED",
          "GEODETIC_DATUM_ASSUMED_WGS84",
          "INSTITUTION_MATCH_FUZZY",
          "COLLECTION_MATCH_NONE",
          "TAXON_ID_NOT_FOUND"
        ],
        "fallback_media": {
          "url": "https://api.jacq.org/v1/images/europeana/1638715?withredirect=1",
          "references": "https://api.jacq.org/v1/images/show/1638715?withredirect=1",
          "title": null,
          "creator": null,
          "publisher": null,
          "license": "http://creativecommons.org/publicdomain/zero/1.0/",
          "rightsHolder": null
        }
      }
    },
    {
      "type": "Feature",
      "geometry": {
        "type": "Point",
        "coordinates": [
          -74.65,
          4.183333
        ]
      },
      "properties": {
        "gbifID": "1257772639",
        "species": "Passiflora coriacea",
        "genus": "Passiflora",
        "family": "Passifloraceae",
        "scientificName": "Passiflora coriacea Juss.",
        "coordinateUncertaintyInMeters": "",
        "basisOfRecord": "PRESERVED_SPECIMEN",
        "eventDate": "1972-01-16",
        "country": null,
        "datasetName": "Tropicos",
        "publisher": "Missouri Botanical Garden",
        "license": "CC_BY_4_0",
        "issues": [
          "OCCURRENCE_STATUS_INFERRED_FROM_INDIVIDUAL_COUNT",
          "COORDINATE_ROUNDED",
          "GEODETIC_DATUM_ASSUMED_WGS84",
          "INSTITUTION_MATCH_NONE",
          "TAXON_ID_NOT_FOUND"
        ],
        "fallback_media": {
          "url": "https://api.jacq.org/v1/images/europeana/1638715?withredirect=1",
          "references": "https://api.jacq.org/v1/images/show/1638715?withredirect=1",
          "title": null,
          "creator": null,
          "publisher": null,
          "license": "http://creativecommons.org/publicdomain/zero/1.0/",
          "rightsHolder": null
        }
      }
    },
    {
      "type": "Feature",
      "geometry": {
        "type": "Point",
        "coordinates": [
          -92.82,
          17.97
        ]
      },
      "properties": {
        "gbifID": "1260180312",
        "species": "Passiflora coriacea",
        "genus": "Passiflora",
        "family": "Passifloraceae",
        "scientificName": "Passiflora coriacea Juss.",
        "coordinateUncertaintyInMeters": "",
        "basisOfRecord": "PRESERVED_SPECIMEN",
        "eventDate": "1965-12-10",
        "country": null,
        "datasetName": "Tropicos",
        "publisher": "Missouri Botanical Garden",
        "license": "CC_BY_4_0",
        "issues": [
          "GEODETIC_DATUM_ASSUMED_WGS84",
          "INSTITUTION_MATCH_FUZZY",
          "COLLECTION_MATCH_NONE",
          "TAXON_ID_NOT_FOUND"
        ],
        "fallback_media": {
          "url": "https://api.jacq.org/v1/images/europeana/1638715?withredirect=1",
          "references": "https://api.jacq.org/v1/images/show/1638715?withredirect=1",
          "title": null,
          "creator": null,
          "publisher": null,
          "license": "http://creativecommons.org/publicdomain/zero/1.0/",
          "rightsHolder": null
        }
      }
    },
    {
      "type": "Feature",
      "geometry": {
        "type": "Point",
        "coordinates": [
          -89.766667,
          15.533333
        ]
      },
      "properties": {
        "gbifID": "1257518933",
        "species": "Passiflora coriacea",
        "genus": "Passiflora",
        "family": "Passifloraceae",
        "scientificName": "Passiflora coriacea Juss.",
        "coordinateUncertaintyInMeters": "",
        "basisOfRecord": "PRESERVED_SPECIMEN",
        "eventDate": "",
        "country": null,
        "datasetName": "Tropicos",
        "publisher": "Missouri Botanical Garden",
        "license": "CC_BY_4_0",
        "issues": [
          "OCCURRENCE_STATUS_INFERRED_FROM_INDIVIDUAL_COUNT",
          "COORDINATE_ROUNDED",
          "GEODETIC_DATUM_ASSUMED_WGS84",
          "AMBIGUOUS_INSTITUTION",
          "TAXON_ID_NOT_FOUND"
        ],
        "fallback_media": {
          "url": "https://api.jacq.org/v1/images/europeana/1638715?withredirect=1",
          "references": "https://api.jacq.org/v1/images/show/1638715?withredirect=1",
          "title": null,
          "creator": null,
          "publisher": null,
          "license": "http://creativecommons.org/publicdomain/zero/1.0/",
          "rightsHolder": null
        }
      }
    },
    {
      "type": "Feature",
      "geometry": {
        "type": "Point",
        "coordinates": [
          -92.76,
          15.32
        ]
      },
      "properties": {
        "gbifID": "1260177789",
        "species": "Passiflora coriacea",
        "genus": "Passiflora",
        "family": "Passifloraceae",
        "scientificName": "Passiflora coriacea Juss.",
        "coordinateUncertaintyInMeters": "",
        "basisOfRecord": "PRESERVED_SPECIMEN",
        "eventDate": "1947-08-14",
        "country": null,
        "datasetName": "Tropicos",
        "publisher": "Missouri Botanical Garden",
        "license": "CC_BY_4_0",
        "issues": [
          "GEODETIC_DATUM_ASSUMED_WGS84",
          "INSTITUTION_MATCH_FUZZY",
          "COLLECTION_MATCH_NONE",
          "TAXON_ID_NOT_FOUND"
        ],
        "fallback_media": {
          "url": "https://api.jacq.org/v1/images/europeana/1638715?withredirect=1",
          "references": "https://api.jacq.org/v1/images/show/1638715?withredirect=1",
          "title": null,
          "creator": null,
          "publisher": null,
          "license": "http://creativecommons.org/publicdomain/zero/1.0/",
          "rightsHolder": null
        }
      }
    },
    {
      "type": "Feature",
      "geometry": {
        "type": "Point",
        "coordinates": [
          -67.5,
          -14.46666
        ]
      },
      "properties": {
        "gbifID": "4061206583",
        "species": "Passiflora coriacea",
        "genus": "Passiflora",
        "family": "Passifloraceae",
        "scientificName": "Passiflora coriacea Juss.",
        "coordinateUncertaintyInMeters": "",
        "basisOfRecord": "PRESERVED_SPECIMEN",
        "eventDate": "1921-11-26",
        "country": null,
        "datasetName": "Tropicos",
        "publisher": "Missouri Botanical Garden",
        "license": "CC_BY_4_0",
        "issues": [
          "GEODETIC_DATUM_ASSUMED_WGS84",
          "INSTITUTION_MATCH_FUZZY",
          "COLLECTION_MATCH_NONE",
          "TAXON_ID_NOT_FOUND"
        ],
        "fallback_media": {
          "url": "https://api.jacq.org/v1/images/europeana/1638715?withredirect=1",
          "references": "https://api.jacq.org/v1/images/show/1638715?withredirect=1",
          "title": null,
          "creator": null,
          "publisher": null,
          "license": "http://creativecommons.org/publicdomain/zero/1.0/",
          "rightsHolder": null
        }
      }
    },
    {
      "type": "Feature",
      "geometry": {
        "type": "Point",
        "coordinates": [
          -83.65,
          9.89
        ]
      },
      "properties": {
        "gbifID": "1260106987",
        "species": "Passiflora coriacea",
        "genus": "Passiflora",
        "family": "Passifloraceae",
        "scientificName": "Passiflora coriacea Juss.",
        "coordinateUncertaintyInMeters": "",
        "basisOfRecord": "PRESERVED_SPECIMEN",
        "eventDate": "1962-07-29",
        "country": null,
        "datasetName": "Tropicos",
        "publisher": "Missouri Botanical Garden",
        "license": "CC_BY_4_0",
        "issues": [
          "GEODETIC_DATUM_ASSUMED_WGS84",
          "INSTITUTION_MATCH_FUZZY",
          "COLLECTION_MATCH_NONE",
          "TAXON_ID_NOT_FOUND"
        ],
        "fallback_media": {
          "url": "https://api.jacq.org/v1/images/europeana/1638715?withredirect=1",
          "references": "https://api.jacq.org/v1/images/show/1638715?withredirect=1",
          "title": null,
          "creator": null,
          "publisher": null,
          "license": "http://creativecommons.org/publicdomain/zero/1.0/",
          "rightsHolder": null
        }
      }
    },
    {
      "type": "Feature",
      "geometry": {
        "type": "Point",
        "coordinates": [
          -98.47,
          21.32
        ]
      },
      "properties": {
        "gbifID": "1260180969",
        "species": "Passiflora coriacea",
        "genus": "Passiflora",
        "family": "Passifloraceae",
        "scientificName": "Passiflora coriacea Juss.",
        "coordinateUncertaintyInMeters": "",
        "basisOfRecord": "PRESERVED_SPECIMEN",
        "eventDate": "1976-03",
        "country": null,
        "datasetName": "Tropicos",
        "publisher": "Missouri Botanical Garden",
        "license": "CC_BY_4_0",
        "issues": [
          "GEODETIC_DATUM_ASSUMED_WGS84",
          "INSTITUTION_MATCH_NONE",
          "TAXON_ID_NOT_FOUND"
        ],
        "fallback_media": {
          "url": "https://api.jacq.org/v1/images/europeana/1638715?withredirect=1",
          "references": "https://api.jacq.org/v1/images/show/1638715?withredirect=1",
          "title": null,
          "creator": null,
          "publisher": null,
          "license": "http://creativecommons.org/publicdomain/zero/1.0/",
          "rightsHolder": null
        }
      }
    },
    {
      "type": "Feature",
      "geometry": {
        "type": "Point",
        "coordinates": [
          -92.42,
          15.185
        ]
      },
      "properties": {
        "gbifID": "1260178212",
        "species": "Passiflora coriacea",
        "genus": "Passiflora",
        "family": "Passifloraceae",
        "scientificName": "Passiflora coriacea Juss.",
        "coordinateUncertaintyInMeters": "",
        "basisOfRecord": "PRESERVED_SPECIMEN",
        "eventDate": "1972-06-30",
        "country": null,
        "datasetName": "Tropicos",
        "publisher": "Missouri Botanical Garden",
        "license": "CC_BY_4_0",
        "issues": [
          "OCCURRENCE_STATUS_INFERRED_FROM_INDIVIDUAL_COUNT",
          "GEODETIC_DATUM_ASSUMED_WGS84",
          "INSTITUTION_MATCH_FUZZY",
          "COLLECTION_MATCH_NONE",
          "TAXON_ID_NOT_FOUND"
        ],
        "fallback_media": {
          "url": "https://api.jacq.org/v1/images/europeana/1638715?withredirect=1",
          "references": "https://api.jacq.org/v1/images/show/1638715?withredirect=1",
          "title": null,
          "creator": null,
          "publisher": null,
          "license": "http://creativecommons.org/publicdomain/zero/1.0/",
          "rightsHolder": null
        }
      }
    },
    {
      "type": "Feature",
      "geometry": {
        "type": "Point",
        "coordinates": [
          -87.593889,
          13.304167
        ]
      },
      "properties": {
        "gbifID": "4061007953",
        "species": "Passiflora coriacea",
        "genus": "Passiflora",
        "family": "Passifloraceae",
        "scientificName": "Passiflora coriacea Juss.",
        "coordinateUncertaintyInMeters": "",
        "basisOfRecord": "PRESERVED_SPECIMEN",
        "eventDate": "",
        "country": null,
        "datasetName": "Tropicos",
        "publisher": "Missouri Botanical Garden",
        "license": "CC_BY_4_0",
        "issues": [
          "OCCURRENCE_STATUS_INFERRED_FROM_INDIVIDUAL_COUNT",
          "COORDINATE_ROUNDED",
          "GEODETIC_DATUM_ASSUMED_WGS84",
          "AMBIGUOUS_INSTITUTION",
          "TAXON_ID_NOT_FOUND"
        ],
        "fallback_media": {
          "url": "https://api.jacq.org/v1/images/europeana/1638715?withredirect=1",
          "references": "https://api.jacq.org/v1/images/show/1638715?withredirect=1",
          "title": null,
          "creator": null,
          "publisher": null,
          "license": "http://creativecommons.org/publicdomain/zero/1.0/",
          "rightsHolder": null
        }
      }
    },
    {
      "type": "Feature",
      "geometry": {
        "type": "Point",
        "coordinates": [
          -74.083333,
          4.6
        ]
      },
      "properties": {
        "gbifID": "1257671032",
        "species": "Passiflora coriacea",
        "genus": "Passiflora",
        "family": "Passifloraceae",
        "scientificName": "Passiflora coriacea Juss.",
        "coordinateUncertaintyInMeters": "",
        "basisOfRecord": "PRESERVED_SPECIMEN",
        "eventDate": "1851",
        "country": null,
        "datasetName": "Tropicos",
        "publisher": "Missouri Botanical Garden",
        "license": "CC_BY_4_0",
        "issues": [
          "OCCURRENCE_STATUS_INFERRED_FROM_INDIVIDUAL_COUNT",
          "COORDINATE_ROUNDED",
          "GEODETIC_DATUM_ASSUMED_WGS84",
          "INSTITUTION_MATCH_FUZZY",
          "COLLECTION_MATCH_NONE",
          "TAXON_ID_NOT_FOUND"
        ],
        "fallback_media": {
          "url": "https://api.jacq.org/v1/images/europeana/1638715?withredirect=1",
          "references": "https://api.jacq.org/v1/images/show/1638715?withredirect=1",
          "title": null,
          "creator": null,
          "publisher": null,
          "license": "http://creativecommons.org/publicdomain/zero/1.0/",
          "rightsHolder": null
        }
      }
    },
    {
      "type": "Feature",
      "geometry": {
        "type": "Point",
        "coordinates": [
          -76.077222,
          4.398333
        ]
      },
      "properties": {
        "gbifID": "1257521624",
        "species": "Passiflora coriacea",
        "genus": "Passiflora",
        "family": "Passifloraceae",
        "scientificName": "Passiflora coriacea Juss.",
        "coordinateUncertaintyInMeters": "",
        "basisOfRecord": "PRESERVED_SPECIMEN",
        "eventDate": "",
        "country": null,
        "datasetName": "Tropicos",
        "publisher": "Missouri Botanical Garden",
        "license": "CC_BY_4_0",
        "issues": [
          "OCCURRENCE_STATUS_INFERRED_FROM_INDIVIDUAL_COUNT",
          "COORDINATE_ROUNDED",
          "GEODETIC_DATUM_ASSUMED_WGS84",
          "AMBIGUOUS_INSTITUTION",
          "TAXON_ID_NOT_FOUND"
        ],
        "fallback_media": {
          "url": "https://api.jacq.org/v1/images/europeana/1638715?withredirect=1",
          "references": "https://api.jacq.org/v1/images/show/1638715?withredirect=1",
          "title": null,
          "creator": null,
          "publisher": null,
          "license": "http://creativecommons.org/publicdomain/zero/1.0/",
          "rightsHolder": null
        }
      }
    },
    {
      "type": "Feature",
      "geometry": {
        "type": "Point",
        "coordinates": [
          -98.22,
          21.34
        ]
      },
      "properties": {
        "gbifID": "1260182378",
        "species": "Passiflora coriacea",
        "genus": "Passiflora",
        "family": "Passifloraceae",
        "scientificName": "Passiflora coriacea Juss.",
        "coordinateUncertaintyInMeters": "",
        "basisOfRecord": "PRESERVED_SPECIMEN",
        "eventDate": "",
        "country": null,
        "datasetName": "Tropicos",
        "publisher": "Missouri Botanical Garden",
        "license": "CC_BY_4_0",
        "issues": [
          "OCCURRENCE_STATUS_INFERRED_FROM_INDIVIDUAL_COUNT",
          "GEODETIC_DATUM_ASSUMED_WGS84",
          "INSTITUTION_MATCH_NONE",
          "TAXON_ID_NOT_FOUND"
        ],
        "fallback_media": {
          "url": "https://api.jacq.org/v1/images/europeana/1638715?withredirect=1",
          "references": "https://api.jacq.org/v1/images/show/1638715?withredirect=1",
          "title": null,
          "creator": null,
          "publisher": null,
          "license": "http://creativecommons.org/publicdomain/zero/1.0/",
          "rightsHolder": null
        }
      }
    },
    {
      "type": "Feature",
      "geometry": {
        "type": "Point",
        "coordinates": [
          -88.59388,
          15.72611
        ]
      },
      "properties": {
        "gbifID": "1260174595",
        "species": "Passiflora coriacea",
        "genus": "Passiflora",
        "family": "Passifloraceae",
        "scientificName": "Passiflora coriacea Juss.",
        "coordinateUncertaintyInMeters": "",
        "basisOfRecord": "PRESERVED_SPECIMEN",
        "eventDate": "1939-04-25",
        "country": null,
        "datasetName": "Tropicos",
        "publisher": "Missouri Botanical Garden",
        "license": "CC_BY_4_0",
        "issues": [
          "GEODETIC_DATUM_ASSUMED_WGS84",
          "INSTITUTION_MATCH_FUZZY",
          "COLLECTION_MATCH_NONE",
          "TAXON_ID_NOT_FOUND"
        ],
        "fallback_media": {
          "url": "https://api.jacq.org/v1/images/europeana/1638715?withredirect=1",
          "references": "https://api.jacq.org/v1/images/show/1638715?withredirect=1",
          "title": null,
          "creator": null,
          "publisher": null,
          "license": "http://creativecommons.org/publicdomain/zero/1.0/",
          "rightsHolder": null
        }
      }
    },
    {
      "type": "Feature",
      "geometry": {
        "type": "Point",
        "coordinates": [
          -90.114722,
          16.788056
        ]
      },
      "properties": {
        "gbifID": "1260175049",
        "species": "Passiflora coriacea",
        "genus": "Passiflora",
        "family": "Passifloraceae",
        "scientificName": "Passiflora coriacea Juss.",
        "coordinateUncertaintyInMeters": "",
        "basisOfRecord": "PRESERVED_SPECIMEN",
        "eventDate": "1933-04-03",
        "country": null,
        "datasetName": "Tropicos",
        "publisher": "Missouri Botanical Garden",
        "license": "CC_BY_4_0",
        "issues": [
          "OCCURRENCE_STATUS_INFERRED_FROM_INDIVIDUAL_COUNT",
          "COORDINATE_ROUNDED",
          "GEODETIC_DATUM_ASSUMED_WGS84",
          "INSTITUTION_MATCH_FUZZY",
          "COLLECTION_MATCH_NONE",
          "TAXON_ID_NOT_FOUND"
        ],
        "fallback_media": {
          "url": "https://api.jacq.org/v1/images/europeana/1638715?withredirect=1",
          "references": "https://api.jacq.org/v1/images/show/1638715?withredirect=1",
          "title": null,
          "creator": null,
          "publisher": null,
          "license": "http://creativecommons.org/publicdomain/zero/1.0/",
          "rightsHolder": null
        }
      }
    },
    {
      "type": "Feature",
      "geometry": {
        "type": "Point",
        "coordinates": [
          -75.799722,
          6.684444
        ]
      },
      "properties": {
        "gbifID": "4061823289",
        "species": "Passiflora coriacea",
        "genus": "Passiflora",
        "family": "Passifloraceae",
        "scientificName": "Passiflora coriacea Juss.",
        "coordinateUncertaintyInMeters": "",
        "basisOfRecord": "PRESERVED_SPECIMEN",
        "eventDate": "2013-01-05",
        "country": null,
        "datasetName": "Tropicos",
        "publisher": "Missouri Botanical Garden",
        "license": "CC_BY_4_0",
        "issues": [
          "OCCURRENCE_STATUS_INFERRED_FROM_INDIVIDUAL_COUNT",
          "COORDINATE_ROUNDED",
          "GEODETIC_DATUM_ASSUMED_WGS84",
          "INSTITUTION_MATCH_NONE",
          "TAXON_ID_NOT_FOUND"
        ],
        "fallback_media": {
          "url": "https://api.jacq.org/v1/images/europeana/1638715?withredirect=1",
          "references": "https://api.jacq.org/v1/images/show/1638715?withredirect=1",
          "title": null,
          "creator": null,
          "publisher": null,
          "license": "http://creativecommons.org/publicdomain/zero/1.0/",
          "rightsHolder": null
        }
      }
    },
    {
      "type": "Feature",
      "geometry": {
        "type": "Point",
        "coordinates": [
          -89.05861,
          15.61527
        ]
      },
      "properties": {
        "gbifID": "1260121631",
        "species": "Passiflora coriacea",
        "genus": "Passiflora",
        "family": "Passifloraceae",
        "scientificName": "Passiflora coriacea Juss.",
        "coordinateUncertaintyInMeters": "",
        "basisOfRecord": "PRESERVED_SPECIMEN",
        "eventDate": "1920-12-25",
        "country": null,
        "datasetName": "Tropicos",
        "publisher": "Missouri Botanical Garden",
        "license": "CC_BY_4_0",
        "issues": [
          "GEODETIC_DATUM_ASSUMED_WGS84",
          "AMBIGUOUS_INSTITUTION",
          "TAXON_ID_NOT_FOUND"
        ],
        "fallback_media": {
          "url": "https://api.jacq.org/v1/images/europeana/1638715?withredirect=1",
          "references": "https://api.jacq.org/v1/images/show/1638715?withredirect=1",
          "title": null,
          "creator": null,
          "publisher": null,
          "license": "http://creativecommons.org/publicdomain/zero/1.0/",
          "rightsHolder": null
        }
      }
    },
    {
      "type": "Feature",
      "geometry": {
        "type": "Point",
        "coordinates": [
          -83.06,
          10.0
        ]
      },
      "properties": {
        "gbifID": "1260173052",
        "species": "Passiflora coriacea",
        "genus": "Passiflora",
        "family": "Passifloraceae",
        "scientificName": "Passiflora coriacea Juss.",
        "coordinateUncertaintyInMeters": "",
        "basisOfRecord": "PRESERVED_SPECIMEN",
        "eventDate": "1935-12-07",
        "country": null,
        "datasetName": "Tropicos",
        "publisher": "Missouri Botanical Garden",
        "license": "CC_BY_4_0",
        "issues": [
          "GEODETIC_DATUM_ASSUMED_WGS84",
          "INSTITUTION_MATCH_FUZZY",
          "COLLECTION_MATCH_NONE",
          "TAXON_ID_NOT_FOUND"
        ],
        "fallback_media": {
          "url": "https://api.jacq.org/v1/images/europeana/1638715?withredirect=1",
          "references": "https://api.jacq.org/v1/images/show/1638715?withredirect=1",
          "title": null,
          "creator": null,
          "publisher": null,
          "license": "http://creativecommons.org/publicdomain/zero/1.0/",
          "rightsHolder": null
        }
      }
    },
    {
      "type": "Feature",
      "geometry": {
        "type": "Point",
        "coordinates": [
          -87.45,
          15.733333
        ]
      },
      "properties": {
        "gbifID": "1260142392",
        "species": "Passiflora coriacea",
        "genus": "Passiflora",
        "family": "Passifloraceae",
        "scientificName": "Passiflora coriacea Juss.",
        "coordinateUncertaintyInMeters": "",
        "basisOfRecord": "PRESERVED_SPECIMEN",
        "eventDate": "1970-04-08",
        "country": null,
        "datasetName": "Tropicos",
        "publisher": "Missouri Botanical Garden",
        "license": "CC_BY_4_0",
        "issues": [
          "OCCURRENCE_STATUS_INFERRED_FROM_INDIVIDUAL_COUNT",
          "COORDINATE_ROUNDED",
          "GEODETIC_DATUM_ASSUMED_WGS84",
          "INSTITUTION_MATCH_FUZZY",
          "COLLECTION_MATCH_NONE",
          "TAXON_ID_NOT_FOUND"
        ],
        "fallback_media": {
          "url": "https://api.jacq.org/v1/images/europeana/1638715?withredirect=1",
          "references": "https://api.jacq.org/v1/images/show/1638715?withredirect=1",
          "title": null,
          "creator": null,
          "publisher": null,
          "license": "http://creativecommons.org/publicdomain/zero/1.0/",
          "rightsHolder": null
        }
      }
    },
    {
      "type": "Feature",
      "geometry": {
        "type": "Point",
        "coordinates": [
          -89.033333,
          15.333333
        ]
      },
      "properties": {
        "gbifID": "1257518983",
        "species": "Passiflora coriacea",
        "genus": "Passiflora",
        "family": "Passifloraceae",
        "scientificName": "Passiflora coriacea Juss.",
        "coordinateUncertaintyInMeters": "",
        "basisOfRecord": "PRESERVED_SPECIMEN",
        "eventDate": "",
        "country": null,
        "datasetName": "Tropicos",
        "publisher": "Missouri Botanical Garden",
        "license": "CC_BY_4_0",
        "issues": [
          "OCCURRENCE_STATUS_INFERRED_FROM_INDIVIDUAL_COUNT",
          "COORDINATE_ROUNDED",
          "GEODETIC_DATUM_ASSUMED_WGS84",
          "AMBIGUOUS_INSTITUTION",
          "TAXON_ID_NOT_FOUND"
        ],
        "fallback_media": {
          "url": "https://api.jacq.org/v1/images/europeana/1638715?withredirect=1",
          "references": "https://api.jacq.org/v1/images/show/1638715?withredirect=1",
          "title": null,
          "creator": null,
          "publisher": null,
          "license": "http://creativecommons.org/publicdomain/zero/1.0/",
          "rightsHolder": null
        }
      }
    },
    {
      "type": "Feature",
      "geometry": {
        "type": "Point",
        "coordinates": [
          -90.46305,
          14.07111
        ]
      },
      "properties": {
        "gbifID": "1260175730",
        "species": "Passiflora coriacea",
        "genus": "Passiflora",
        "family": "Passifloraceae",
        "scientificName": "Passiflora coriacea Juss.",
        "coordinateUncertaintyInMeters": "",
        "basisOfRecord": "PRESERVED_SPECIMEN",
        "eventDate": "1940-12-02",
        "country": null,
        "datasetName": "Tropicos",
        "publisher": "Missouri Botanical Garden",
        "license": "CC_BY_4_0",
        "issues": [
          "GEODETIC_DATUM_ASSUMED_WGS84",
          "INSTITUTION_MATCH_FUZZY",
          "COLLECTION_MATCH_NONE",
          "TAXON_ID_NOT_FOUND"
        ],
        "fallback_media": {
          "url": "https://api.jacq.org/v1/images/europeana/1638715?withredirect=1",
          "references": "https://api.jacq.org/v1/images/show/1638715?withredirect=1",
          "title": null,
          "creator": null,
          "publisher": null,
          "license": "http://creativecommons.org/publicdomain/zero/1.0/",
          "rightsHolder": null
        }
      }
    },
    {
      "type": "Feature",
      "geometry": {
        "type": "Point",
        "coordinates": [
          -95.01,
          16.88
        ]
      },
      "properties": {
        "gbifID": "1260178782",
        "species": "Passiflora coriacea",
        "genus": "Passiflora",
        "family": "Passifloraceae",
        "scientificName": "Passiflora coriacea Juss.",
        "coordinateUncertaintyInMeters": "",
        "basisOfRecord": "PRESERVED_SPECIMEN",
        "eventDate": "1958-07-24",
        "country": null,
        "datasetName": "Tropicos",
        "publisher": "Missouri Botanical Garden",
        "license": "CC_BY_4_0",
        "issues": [
          "GEODETIC_DATUM_ASSUMED_WGS84",
          "ELEVATION_NON_NUMERIC",
          "INSTITUTION_MATCH_FUZZY",
          "COLLECTION_MATCH_NONE",
          "TAXON_ID_NOT_FOUND"
        ],
        "fallback_media": {
          "url": "https://api.jacq.org/v1/images/europeana/1638715?withredirect=1",
          "references": "https://api.jacq.org/v1/images/show/1638715?withredirect=1",
          "title": null,
          "creator": null,
          "publisher": null,
          "license": "http://creativecommons.org/publicdomain/zero/1.0/",
          "rightsHolder": null
        }
      }
    },
    {
      "type": "Feature",
      "geometry": {
        "type": "Point",
        "coordinates": [
          -88.93333,
          16.16666
        ]
      },
      "properties": {
        "gbifID": "4061808014",
        "species": "Passiflora coriacea",
        "genus": "Passiflora",
        "family": "Passifloraceae",
        "scientificName": "Passiflora coriacea Juss.",
        "coordinateUncertaintyInMeters": "",
        "basisOfRecord": "PRESERVED_SPECIMEN",
        "eventDate": "1993-03-15",
        "country": null,
        "datasetName": "Tropicos",
        "publisher": "Missouri Botanical Garden",
        "license": "CC_BY_4_0",
        "issues": [
          "GEODETIC_DATUM_ASSUMED_WGS84",
          "INSTITUTION_MATCH_NONE",
          "TAXON_ID_NOT_FOUND"
        ],
        "fallback_media": {
          "url": "https://api.jacq.org/v1/images/europeana/1638715?withredirect=1",
          "references": "https://api.jacq.org/v1/images/show/1638715?withredirect=1",
          "title": null,
          "creator": null,
          "publisher": null,
          "license": "http://creativecommons.org/publicdomain/zero/1.0/",
          "rightsHolder": null
        }
      }
    },
    {
      "type": "Feature",
      "geometry": {
        "type": "Point",
        "coordinates": [
          -75.03743,
          4.10575
        ]
      },
      "properties": {
        "gbifID": "1257772568",
        "species": "Passiflora coriacea",
        "genus": "Passiflora",
        "family": "Passifloraceae",
        "scientificName": "Passiflora coriacea Juss.",
        "coordinateUncertaintyInMeters": "",
        "basisOfRecord": "PRESERVED_SPECIMEN",
        "eventDate": "1962-09-06",
        "country": null,
        "datasetName": "Tropicos",
        "publisher": "Missouri Botanical Garden",
        "license": "CC_BY_4_0",
        "issues": [
          "OCCURRENCE_STATUS_INFERRED_FROM_INDIVIDUAL_COUNT",
          "COORDINATE_ROUNDED",
          "GEODETIC_DATUM_ASSUMED_WGS84",
          "INSTITUTION_MATCH_NONE",
          "TAXON_ID_NOT_FOUND"
        ],
        "fallback_media": {
          "url": "https://api.jacq.org/v1/images/europeana/1638715?withredirect=1",
          "references": "https://api.jacq.org/v1/images/show/1638715?withredirect=1",
          "title": null,
          "creator": null,
          "publisher": null,
          "license": "http://creativecommons.org/publicdomain/zero/1.0/",
          "rightsHolder": null
        }
      }
    },
    {
      "type": "Feature",
      "geometry": {
        "type": "Point",
        "coordinates": [
          -77.266667,
          8.5
        ]
      },
      "properties": {
        "gbifID": "1257771179",
        "species": "Passiflora coriacea",
        "genus": "Passiflora",
        "family": "Passifloraceae",
        "scientificName": "Passiflora coriacea Juss.",
        "coordinateUncertaintyInMeters": "",
        "basisOfRecord": "PRESERVED_SPECIMEN",
        "eventDate": "2006-11-06",
        "country": null,
        "datasetName": "Tropicos",
        "publisher": "Missouri Botanical Garden",
        "license": "CC_BY_4_0",
        "issues": [
          "OCCURRENCE_STATUS_INFERRED_FROM_INDIVIDUAL_COUNT",
          "COORDINATE_ROUNDED",
          "GEODETIC_DATUM_ASSUMED_WGS84",
          "INSTITUTION_MATCH_FUZZY",
          "COLLECTION_MATCH_NONE",
          "TAXON_ID_NOT_FOUND"
        ],
        "fallback_media": {
          "url": "https://api.jacq.org/v1/images/europeana/1638715?withredirect=1",
          "references": "https://api.jacq.org/v1/images/show/1638715?withredirect=1",
          "title": null,
          "creator": null,
          "publisher": null,
          "license": "http://creativecommons.org/publicdomain/zero/1.0/",
          "rightsHolder": null
        }
      }
    },
    {
      "type": "Feature",
      "geometry": {
        "type": "Point",
        "coordinates": [
          -73.566667,
          11.2
        ]
      },
      "properties": {
        "gbifID": "4061172875",
        "species": "Passiflora coriacea",
        "genus": "Passiflora",
        "family": "Passifloraceae",
        "scientificName": "Passiflora coriacea Juss.",
        "coordinateUncertaintyInMeters": "",
        "basisOfRecord": "PRESERVED_SPECIMEN",
        "eventDate": "1948-02",
        "country": null,
        "datasetName": "Tropicos",
        "publisher": "Missouri Botanical Garden",
        "license": "CC_BY_4_0",
        "issues": [
          "OCCURRENCE_STATUS_INFERRED_FROM_INDIVIDUAL_COUNT",
          "COORDINATE_ROUNDED",
          "GEODETIC_DATUM_ASSUMED_WGS84",
          "AMBIGUOUS_INSTITUTION",
          "TAXON_ID_NOT_FOUND"
        ],
        "fallback_media": {
          "url": "https://api.jacq.org/v1/images/europeana/1638715?withredirect=1",
          "references": "https://api.jacq.org/v1/images/show/1638715?withredirect=1",
          "title": null,
          "creator": null,
          "publisher": null,
          "license": "http://creativecommons.org/publicdomain/zero/1.0/",
          "rightsHolder": null
        }
      }
    },
    {
      "type": "Feature",
      "geometry": {
        "type": "Point",
        "coordinates": [
          -79.666667,
          9.066667
        ]
      },
      "properties": {
        "gbifID": "1257519616",
        "species": "Passiflora coriacea",
        "genus": "Passiflora",
        "family": "Passifloraceae",
        "scientificName": "Passiflora coriacea Juss.",
        "coordinateUncertaintyInMeters": "",
        "basisOfRecord": "PRESERVED_SPECIMEN",
        "eventDate": "",
        "country": null,
        "datasetName": "Tropicos",
        "publisher": "Missouri Botanical Garden",
        "license": "CC_BY_4_0",
        "issues": [
          "OCCURRENCE_STATUS_INFERRED_FROM_INDIVIDUAL_COUNT",
          "COORDINATE_ROUNDED",
          "GEODETIC_DATUM_ASSUMED_WGS84",
          "AMBIGUOUS_INSTITUTION",
          "TAXON_ID_NOT_FOUND"
        ],
        "fallback_media": {
          "url": "https://api.jacq.org/v1/images/europeana/1638715?withredirect=1",
          "references": "https://api.jacq.org/v1/images/show/1638715?withredirect=1",
          "title": null,
          "creator": null,
          "publisher": null,
          "license": "http://creativecommons.org/publicdomain/zero/1.0/",
          "rightsHolder": null
        }
      }
    },
    {
      "type": "Feature",
      "geometry": {
        "type": "Point",
        "coordinates": [
          -73.035555,
          7.174722
        ]
      },
      "properties": {
        "gbifID": "1257756640",
        "species": "Passiflora coriacea",
        "genus": "Passiflora",
        "family": "Passifloraceae",
        "scientificName": "Passiflora coriacea Juss.",
        "coordinateUncertaintyInMeters": "",
        "basisOfRecord": "PRESERVED_SPECIMEN",
        "eventDate": "2004-06-25",
        "country": null,
        "datasetName": "Tropicos",
        "publisher": "Missouri Botanical Garden",
        "license": "CC_BY_4_0",
        "issues": [
          "OCCURRENCE_STATUS_INFERRED_FROM_INDIVIDUAL_COUNT",
          "COORDINATE_ROUNDED",
          "GEODETIC_DATUM_ASSUMED_WGS84",
          "INSTITUTION_MATCH_NONE",
          "TAXON_ID_NOT_FOUND"
        ],
        "fallback_media": {
          "url": "https://api.jacq.org/v1/images/europeana/1638715?withredirect=1",
          "references": "https://api.jacq.org/v1/images/show/1638715?withredirect=1",
          "title": null,
          "creator": null,
          "publisher": null,
          "license": "http://creativecommons.org/publicdomain/zero/1.0/",
          "rightsHolder": null
        }
      }
    },
    {
      "type": "Feature",
      "geometry": {
        "type": "Point",
        "coordinates": [
          -74.616667,
          5.0
        ]
      },
      "properties": {
        "gbifID": "4061773679",
        "species": "Passiflora coriacea",
        "genus": "Passiflora",
        "family": "Passifloraceae",
        "scientificName": "Passiflora coriacea Juss.",
        "coordinateUncertaintyInMeters": "",
        "basisOfRecord": "PRESERVED_SPECIMEN",
        "eventDate": "1855-09",
        "country": null,
        "datasetName": "Tropicos",
        "publisher": "Missouri Botanical Garden",
        "license": "CC_BY_4_0",
        "issues": [
          "OCCURRENCE_STATUS_INFERRED_FROM_INDIVIDUAL_COUNT",
          "COORDINATE_ROUNDED",
          "GEODETIC_DATUM_ASSUMED_WGS84",
          "AMBIGUOUS_INSTITUTION",
          "TAXON_ID_NOT_FOUND"
        ],
        "fallback_media": {
          "url": "https://api.jacq.org/v1/images/europeana/1638715?withredirect=1",
          "references": "https://api.jacq.org/v1/images/show/1638715?withredirect=1",
          "title": null,
          "creator": null,
          "publisher": null,
          "license": "http://creativecommons.org/publicdomain/zero/1.0/",
          "rightsHolder": null
        }
      }
    },
    {
      "type": "Feature",
      "geometry": {
        "type": "Point",
        "coordinates": [
          -91.09,
          16.11
        ]
      },
      "properties": {
        "gbifID": "1260178013",
        "species": "Passiflora coriacea",
        "genus": "Passiflora",
        "family": "Passifloraceae",
        "scientificName": "Passiflora coriacea Juss.",
        "coordinateUncertaintyInMeters": "",
        "basisOfRecord": "PRESERVED_SPECIMEN",
        "eventDate": "1973-03-14",
        "country": null,
        "datasetName": "Tropicos",
        "publisher": "Missouri Botanical Garden",
        "license": "CC_BY_4_0",
        "issues": [
          "OCCURRENCE_STATUS_INFERRED_FROM_INDIVIDUAL_COUNT",
          "GEODETIC_DATUM_ASSUMED_WGS84",
          "INSTITUTION_MATCH_FUZZY",
          "COLLECTION_MATCH_NONE",
          "TAXON_ID_NOT_FOUND"
        ],
        "fallback_media": {
          "url": "https://api.jacq.org/v1/images/europeana/1638715?withredirect=1",
          "references": "https://api.jacq.org/v1/images/show/1638715?withredirect=1",
          "title": null,
          "creator": null,
          "publisher": null,
          "license": "http://creativecommons.org/publicdomain/zero/1.0/",
          "rightsHolder": null
        }
      }
    },
    {
      "type": "Feature",
      "geometry": {
        "type": "Point",
        "coordinates": [
          -95.04,
          17.09
        ]
      },
      "properties": {
        "gbifID": "1258312836",
        "species": "Passiflora coriacea",
        "genus": "Passiflora",
        "family": "Passifloraceae",
        "scientificName": "Passiflora coriacea Juss.",
        "coordinateUncertaintyInMeters": "",
        "basisOfRecord": "PRESERVED_SPECIMEN",
        "eventDate": "1987-06-27",
        "country": null,
        "datasetName": "Tropicos",
        "publisher": "Missouri Botanical Garden",
        "license": "CC_BY_4_0",
        "issues": [
          "GEODETIC_DATUM_ASSUMED_WGS84",
          "INSTITUTION_MATCH_NONE",
          "TAXON_ID_NOT_FOUND"
        ],
        "fallback_media": {
          "url": "https://api.jacq.org/v1/images/europeana/1638715?withredirect=1",
          "references": "https://api.jacq.org/v1/images/show/1638715?withredirect=1",
          "title": null,
          "creator": null,
          "publisher": null,
          "license": "http://creativecommons.org/publicdomain/zero/1.0/",
          "rightsHolder": null
        }
      }
    },
    {
      "type": "Feature",
      "geometry": {
        "type": "Point",
        "coordinates": [
          -83.26,
          10.02
        ]
      },
      "properties": {
        "gbifID": "1260172505",
        "species": "Passiflora coriacea",
        "genus": "Passiflora",
        "family": "Passifloraceae",
        "scientificName": "Passiflora coriacea Juss.",
        "coordinateUncertaintyInMeters": "",
        "basisOfRecord": "PRESERVED_SPECIMEN",
        "eventDate": "1901-08",
        "country": null,
        "datasetName": "Tropicos",
        "publisher": "Missouri Botanical Garden",
        "license": "CC_BY_4_0",
        "issues": [
          "OCCURRENCE_STATUS_INFERRED_FROM_INDIVIDUAL_COUNT",
          "GEODETIC_DATUM_ASSUMED_WGS84",
          "AMBIGUOUS_INSTITUTION",
          "TAXON_ID_NOT_FOUND"
        ],
        "fallback_media": {
          "url": "https://api.jacq.org/v1/images/europeana/1638715?withredirect=1",
          "references": "https://api.jacq.org/v1/images/show/1638715?withredirect=1",
          "title": null,
          "creator": null,
          "publisher": null,
          "license": "http://creativecommons.org/publicdomain/zero/1.0/",
          "rightsHolder": null
        }
      }
    },
    {
      "type": "Feature",
      "geometry": {
        "type": "Point",
        "coordinates": [
          -92.83,
          17.58
        ]
      },
      "properties": {
        "gbifID": "1258312833",
        "species": "Passiflora coriacea",
        "genus": "Passiflora",
        "family": "Passifloraceae",
        "scientificName": "Passiflora coriacea Juss.",
        "coordinateUncertaintyInMeters": "",
        "basisOfRecord": "PRESERVED_SPECIMEN",
        "eventDate": "1984-03-26",
        "country": null,
        "datasetName": "Tropicos",
        "publisher": "Missouri Botanical Garden",
        "license": "CC_BY_4_0",
        "issues": [
          "GEODETIC_DATUM_ASSUMED_WGS84",
          "INSTITUTION_MATCH_NONE",
          "TAXON_ID_NOT_FOUND"
        ],
        "fallback_media": {
          "url": "https://api.jacq.org/v1/images/europeana/1638715?withredirect=1",
          "references": "https://api.jacq.org/v1/images/show/1638715?withredirect=1",
          "title": null,
          "creator": null,
          "publisher": null,
          "license": "http://creativecommons.org/publicdomain/zero/1.0/",
          "rightsHolder": null
        }
      }
    },
    {
      "type": "Feature",
      "geometry": {
        "type": "Point",
        "coordinates": [
          -76.283333,
          3.583333
        ]
      },
      "properties": {
        "gbifID": "1257521607",
        "species": "Passiflora coriacea",
        "genus": "Passiflora",
        "family": "Passifloraceae",
        "scientificName": "Passiflora coriacea Juss.",
        "coordinateUncertaintyInMeters": "",
        "basisOfRecord": "PRESERVED_SPECIMEN",
        "eventDate": "1922-05-26",
        "country": null,
        "datasetName": "Tropicos",
        "publisher": "Missouri Botanical Garden",
        "license": "CC_BY_4_0",
        "issues": [
          "OCCURRENCE_STATUS_INFERRED_FROM_INDIVIDUAL_COUNT",
          "COORDINATE_ROUNDED",
          "GEODETIC_DATUM_ASSUMED_WGS84",
          "INSTITUTION_MATCH_FUZZY",
          "COLLECTION_MATCH_NONE",
          "TAXON_ID_NOT_FOUND"
        ],
        "fallback_media": {
          "url": "https://api.jacq.org/v1/images/europeana/1638715?withredirect=1",
          "references": "https://api.jacq.org/v1/images/show/1638715?withredirect=1",
          "title": null,
          "creator": null,
          "publisher": null,
          "license": "http://creativecommons.org/publicdomain/zero/1.0/",
          "rightsHolder": null
        }
      }
    },
    {
      "type": "Feature",
      "geometry": {
        "type": "Point",
        "coordinates": [
          -75.65,
          5.066667
        ]
      },
      "properties": {
        "gbifID": "1257756609",
        "species": "Passiflora coriacea",
        "genus": "Passiflora",
        "family": "Passifloraceae",
        "scientificName": "Passiflora coriacea Juss.",
        "coordinateUncertaintyInMeters": "",
        "basisOfRecord": "PRESERVED_SPECIMEN",
        "eventDate": "1981-08-04",
        "country": null,
        "datasetName": "Tropicos",
        "publisher": "Missouri Botanical Garden",
        "license": "CC_BY_4_0",
        "issues": [
          "OCCURRENCE_STATUS_INFERRED_FROM_INDIVIDUAL_COUNT",
          "COORDINATE_ROUNDED",
          "GEODETIC_DATUM_ASSUMED_WGS84",
          "INSTITUTION_MATCH_FUZZY",
          "COLLECTION_MATCH_NONE",
          "TAXON_ID_NOT_FOUND"
        ],
        "fallback_media": {
          "url": "https://api.jacq.org/v1/images/europeana/1638715?withredirect=1",
          "references": "https://api.jacq.org/v1/images/show/1638715?withredirect=1",
          "title": null,
          "creator": null,
          "publisher": null,
          "license": "http://creativecommons.org/publicdomain/zero/1.0/",
          "rightsHolder": null
        }
      }
    },
    {
      "type": "Feature",
      "geometry": {
        "type": "Point",
        "coordinates": [
          -83.14,
          9.89
        ]
      },
      "properties": {
        "gbifID": "1260107114",
        "species": "Passiflora coriacea",
        "genus": "Passiflora",
        "family": "Passifloraceae",
        "scientificName": "Passiflora coriacea Juss.",
        "coordinateUncertaintyInMeters": "",
        "basisOfRecord": "PRESERVED_SPECIMEN",
        "eventDate": "1918-05",
        "country": null,
        "datasetName": "Tropicos",
        "publisher": "Missouri Botanical Garden",
        "license": "CC_BY_4_0",
        "issues": [
          "GEODETIC_DATUM_ASSUMED_WGS84",
          "INSTITUTION_MATCH_FUZZY",
          "COLLECTION_MATCH_NONE",
          "TAXON_ID_NOT_FOUND"
        ],
        "fallback_media": {
          "url": "https://api.jacq.org/v1/images/europeana/1638715?withredirect=1",
          "references": "https://api.jacq.org/v1/images/show/1638715?withredirect=1",
          "title": null,
          "creator": null,
          "publisher": null,
          "license": "http://creativecommons.org/publicdomain/zero/1.0/",
          "rightsHolder": null
        }
      }
    },
    {
      "type": "Feature",
      "geometry": {
        "type": "Point",
        "coordinates": [
          -75.7,
          4.483333
        ]
      },
      "properties": {
        "gbifID": "1257756953",
        "species": "Passiflora coriacea",
        "genus": "Passiflora",
        "family": "Passifloraceae",
        "scientificName": "Passiflora coriacea Juss.",
        "coordinateUncertaintyInMeters": "",
        "basisOfRecord": "PRESERVED_SPECIMEN",
        "eventDate": "1997-11-23",
        "country": null,
        "datasetName": "Tropicos",
        "publisher": "Missouri Botanical Garden",
        "license": "CC_BY_4_0",
        "issues": [
          "OCCURRENCE_STATUS_INFERRED_FROM_INDIVIDUAL_COUNT",
          "COORDINATE_ROUNDED",
          "GEODETIC_DATUM_ASSUMED_WGS84",
          "INSTITUTION_MATCH_FUZZY",
          "COLLECTION_MATCH_NONE",
          "TAXON_ID_NOT_FOUND"
        ],
        "fallback_media": {
          "url": "https://api.jacq.org/v1/images/europeana/1638715?withredirect=1",
          "references": "https://api.jacq.org/v1/images/show/1638715?withredirect=1",
          "title": null,
          "creator": null,
          "publisher": null,
          "license": "http://creativecommons.org/publicdomain/zero/1.0/",
          "rightsHolder": null
        }
      }
    },
    {
      "type": "Feature",
      "geometry": {
        "type": "Point",
        "coordinates": [
          -87.457778,
          15.711111
        ]
      },
      "properties": {
        "gbifID": "1260176273",
        "species": "Passiflora coriacea",
        "genus": "Passiflora",
        "family": "Passifloraceae",
        "scientificName": "Passiflora coriacea Juss.",
        "coordinateUncertaintyInMeters": "",
        "basisOfRecord": "PRESERVED_SPECIMEN",
        "eventDate": "1927-12-06",
        "country": null,
        "datasetName": "Tropicos",
        "publisher": "Missouri Botanical Garden",
        "license": "CC_BY_4_0",
        "issues": [
          "OCCURRENCE_STATUS_INFERRED_FROM_INDIVIDUAL_COUNT",
          "COORDINATE_ROUNDED",
          "GEODETIC_DATUM_ASSUMED_WGS84",
          "INSTITUTION_MATCH_FUZZY",
          "COLLECTION_MATCH_NONE",
          "TAXON_ID_NOT_FOUND"
        ],
        "fallback_media": {
          "url": "https://api.jacq.org/v1/images/europeana/1638715?withredirect=1",
          "references": "https://api.jacq.org/v1/images/show/1638715?withredirect=1",
          "title": null,
          "creator": null,
          "publisher": null,
          "license": "http://creativecommons.org/publicdomain/zero/1.0/",
          "rightsHolder": null
        }
      }
    },
    {
      "type": "Feature",
      "geometry": {
        "type": "Point",
        "coordinates": [
          -76.083333,
          4.5
        ]
      },
      "properties": {
        "gbifID": "1257756931",
        "species": "Passiflora coriacea",
        "genus": "Passiflora",
        "family": "Passifloraceae",
        "scientificName": "Passiflora coriacea Juss.",
        "coordinateUncertaintyInMeters": "",
        "basisOfRecord": "PRESERVED_SPECIMEN",
        "eventDate": "2000-05-05",
        "country": null,
        "datasetName": "Tropicos",
        "publisher": "Missouri Botanical Garden",
        "license": "CC_BY_4_0",
        "issues": [
          "OCCURRENCE_STATUS_INFERRED_FROM_INDIVIDUAL_COUNT",
          "COORDINATE_ROUNDED",
          "GEODETIC_DATUM_ASSUMED_WGS84",
          "INSTITUTION_MATCH_FUZZY",
          "COLLECTION_MATCH_NONE",
          "TAXON_ID_NOT_FOUND"
        ],
        "fallback_media": {
          "url": "https://api.jacq.org/v1/images/europeana/1638715?withredirect=1",
          "references": "https://api.jacq.org/v1/images/show/1638715?withredirect=1",
          "title": null,
          "creator": null,
          "publisher": null,
          "license": "http://creativecommons.org/publicdomain/zero/1.0/",
          "rightsHolder": null
        }
      }
    },
    {
      "type": "Feature",
      "geometry": {
        "type": "Point",
        "coordinates": [
          -74.877899,
          5.1927
        ]
      },
      "properties": {
        "gbifID": "1257772640",
        "species": "Passiflora coriacea",
        "genus": "Passiflora",
        "family": "Passifloraceae",
        "scientificName": "Passiflora coriacea Juss.",
        "coordinateUncertaintyInMeters": "",
        "basisOfRecord": "PRESERVED_SPECIMEN",
        "eventDate": "1961-07-18",
        "country": null,
        "datasetName": "Tropicos",
        "publisher": "Missouri Botanical Garden",
        "license": "CC_BY_4_0",
        "issues": [
          "OCCURRENCE_STATUS_INFERRED_FROM_INDIVIDUAL_COUNT",
          "COORDINATE_ROUNDED",
          "GEODETIC_DATUM_ASSUMED_WGS84",
          "INSTITUTION_MATCH_NONE",
          "TAXON_ID_NOT_FOUND"
        ],
        "fallback_media": {
          "url": "https://api.jacq.org/v1/images/europeana/1638715?withredirect=1",
          "references": "https://api.jacq.org/v1/images/show/1638715?withredirect=1",
          "title": null,
          "creator": null,
          "publisher": null,
          "license": "http://creativecommons.org/publicdomain/zero/1.0/",
          "rightsHolder": null
        }
      }
    },
    {
      "type": "Feature",
      "geometry": {
        "type": "Point",
        "coordinates": [
          -77.066666,
          8.016666
        ]
      },
      "properties": {
        "gbifID": "1257772700",
        "species": "Passiflora coriacea",
        "genus": "Passiflora",
        "family": "Passifloraceae",
        "scientificName": "Passiflora coriacea Juss.",
        "coordinateUncertaintyInMeters": "",
        "basisOfRecord": "PRESERVED_SPECIMEN",
        "eventDate": "2001-11-21",
        "country": null,
        "datasetName": "Tropicos",
        "publisher": "Missouri Botanical Garden",
        "license": "CC_BY_4_0",
        "issues": [
          "OCCURRENCE_STATUS_INFERRED_FROM_INDIVIDUAL_COUNT",
          "COORDINATE_ROUNDED",
          "GEODETIC_DATUM_ASSUMED_WGS84",
          "INSTITUTION_MATCH_NONE",
          "TAXON_ID_NOT_FOUND"
        ],
        "fallback_media": {
          "url": "https://api.jacq.org/v1/images/europeana/1638715?withredirect=1",
          "references": "https://api.jacq.org/v1/images/show/1638715?withredirect=1",
          "title": null,
          "creator": null,
          "publisher": null,
          "license": "http://creativecommons.org/publicdomain/zero/1.0/",
          "rightsHolder": null
        }
      }
    },
    {
      "type": "Feature",
      "geometry": {
        "type": "Point",
        "coordinates": [
          -75.716667,
          6.416667
        ]
      },
      "properties": {
        "gbifID": "1257772589",
        "species": "Passiflora coriacea",
        "genus": "Passiflora",
        "family": "Passifloraceae",
        "scientificName": "Passiflora coriacea Juss.",
        "coordinateUncertaintyInMeters": "",
        "basisOfRecord": "PRESERVED_SPECIMEN",
        "eventDate": "1940-08-01",
        "country": null,
        "datasetName": "Tropicos",
        "publisher": "Missouri Botanical Garden",
        "license": "CC_BY_4_0",
        "issues": [
          "OCCURRENCE_STATUS_INFERRED_FROM_INDIVIDUAL_COUNT",
          "COORDINATE_ROUNDED",
          "GEODETIC_DATUM_ASSUMED_WGS84",
          "INSTITUTION_MATCH_NONE",
          "TAXON_ID_NOT_FOUND"
        ],
        "fallback_media": {
          "url": "https://api.jacq.org/v1/images/europeana/1638715?withredirect=1",
          "references": "https://api.jacq.org/v1/images/show/1638715?withredirect=1",
          "title": null,
          "creator": null,
          "publisher": null,
          "license": "http://creativecommons.org/publicdomain/zero/1.0/",
          "rightsHolder": null
        }
      }
    },
    {
      "type": "Feature",
      "geometry": {
        "type": "Point",
        "coordinates": [
          -75.9,
          4.816667
        ]
      },
      "properties": {
        "gbifID": "1257521630",
        "species": "Passiflora coriacea",
        "genus": "Passiflora",
        "family": "Passifloraceae",
        "scientificName": "Passiflora coriacea Juss.",
        "coordinateUncertaintyInMeters": "",
        "basisOfRecord": "PRESERVED_SPECIMEN",
        "eventDate": "1922-08-31",
        "country": null,
        "datasetName": "Tropicos",
        "publisher": "Missouri Botanical Garden",
        "license": "CC_BY_4_0",
        "issues": [
          "OCCURRENCE_STATUS_INFERRED_FROM_INDIVIDUAL_COUNT",
          "COORDINATE_ROUNDED",
          "GEODETIC_DATUM_ASSUMED_WGS84",
          "AMBIGUOUS_INSTITUTION",
          "TAXON_ID_NOT_FOUND"
        ],
        "fallback_media": {
          "url": "https://api.jacq.org/v1/images/europeana/1638715?withredirect=1",
          "references": "https://api.jacq.org/v1/images/show/1638715?withredirect=1",
          "title": null,
          "creator": null,
          "publisher": null,
          "license": "http://creativecommons.org/publicdomain/zero/1.0/",
          "rightsHolder": null
        }
      }
    },
    {
      "type": "Feature",
      "geometry": {
        "type": "Point",
        "coordinates": [
          -88.43333,
          18.03333
        ]
      },
      "properties": {
        "gbifID": "1260171635",
        "species": "Passiflora coriacea",
        "genus": "Passiflora",
        "family": "Passifloraceae",
        "scientificName": "Passiflora coriacea Juss.",
        "coordinateUncertaintyInMeters": "",
        "basisOfRecord": "PRESERVED_SPECIMEN",
        "eventDate": "1928-12",
        "country": null,
        "datasetName": "Tropicos",
        "publisher": "Missouri Botanical Garden",
        "license": "CC_BY_4_0",
        "issues": [
          "GEODETIC_DATUM_ASSUMED_WGS84",
          "INSTITUTION_MATCH_FUZZY",
          "COLLECTION_MATCH_NONE",
          "TAXON_ID_NOT_FOUND"
        ],
        "fallback_media": {
          "url": "https://api.jacq.org/v1/images/europeana/1638715?withredirect=1",
          "references": "https://api.jacq.org/v1/images/show/1638715?withredirect=1",
          "title": null,
          "creator": null,
          "publisher": null,
          "license": "http://creativecommons.org/publicdomain/zero/1.0/",
          "rightsHolder": null
        }
      }
    },
    {
      "type": "Feature",
      "geometry": {
        "type": "Point",
        "coordinates": [
          -89.55,
          13.26667
        ]
      },
      "properties": {
        "gbifID": "3913401560",
        "species": "Passiflora coriacea",
        "genus": "Passiflora",
        "family": "Passifloraceae",
        "scientificName": "Passiflora coriacea Juss.",
        "coordinateUncertaintyInMeters": "",
        "basisOfRecord": "PRESERVED_SPECIMEN",
        "eventDate": "2000-04-18",
        "country": null,
        "datasetName": "",
        "publisher": "Botanic Garden and Botanical Museum Berlin",
        "license": "CC0_1_0",
        "issues": [
          "GEODETIC_DATUM_ASSUMED_WGS84",
          "SCIENTIFIC_NAME_ID_NOT_FOUND"
        ],
        "fallback_media": {
          "url": "https://api.jacq.org/v1/images/europeana/1638715?withredirect=1",
          "references": "https://api.jacq.org/v1/images/show/1638715?withredirect=1",
          "title": null,
          "creator": null,
          "publisher": null,
          "license": "http://creativecommons.org/publicdomain/zero/1.0/",
          "rightsHolder": null
        }
      }
    },
    {
      "type": "Feature",
      "geometry": {
        "type": "Point",
        "coordinates": [
          -83.58333,
          8.48333
        ]
      },
      "properties": {
        "gbifID": "5029323179",
        "species": "Passiflora coriacea",
        "genus": "Passiflora",
        "family": "Passifloraceae",
        "scientificName": "Passiflora coriacea Juss.",
        "coordinateUncertaintyInMeters": "",
        "basisOfRecord": "PRESERVED_SPECIMEN",
        "eventDate": "1989-12-18",
        "country": null,
        "datasetName": "",
        "publisher": "Botanic Garden and Botanical Museum Berlin",
        "license": "CC0_1_0",
        "issues": [
          "GEODETIC_DATUM_ASSUMED_WGS84",
          "CONTINENT_DERIVED_FROM_COORDINATES",
          "SCIENTIFIC_NAME_ID_NOT_FOUND"
        ],
        "media": [
          {
            "url": "https://image.bgbm.org/images/internal/HerbarThumbs/B101229153_1700",
            "references": "https://herbarium.bgbm.org/object/B101229153",
            "title": null,
            "creator": null,
            "publisher": null,
            "license": "Partial images provided by this server are released under the Creative Commons cc-by-sa 3.0 (generic) licence [https://creativecommons.org/licenses/by-sa/3.0/de/]. Please credit images to BGBM following our citation guidelines [https://ww2.bgbm.org/Herbarium/cite.cfm]. If you would like to use images in a format or resolution which is not provided here, please contact us (d.roepert[at]bgbm.org).",
            "rightsHolder": null
          }
        ]
      }
    },
    {
      "type": "Feature",
      "geometry": {
        "type": "Point",
        "coordinates": [
          -73.35,
          8.283333
        ]
      },
      "properties": {
        "gbifID": "1257772666",
        "species": "Passiflora coriacea",
        "genus": "Passiflora",
        "family": "Passifloraceae",
        "scientificName": "Passiflora coriacea Juss.",
        "coordinateUncertaintyInMeters": "",
        "basisOfRecord": "PRESERVED_SPECIMEN",
        "eventDate": "1969-05-19",
        "country": null,
        "datasetName": "Tropicos",
        "publisher": "Missouri Botanical Garden",
        "license": "CC_BY_4_0",
        "issues": [
          "OCCURRENCE_STATUS_INFERRED_FROM_INDIVIDUAL_COUNT",
          "COORDINATE_ROUNDED",
          "GEODETIC_DATUM_ASSUMED_WGS84",
          "INSTITUTION_MATCH_NONE",
          "TAXON_ID_NOT_FOUND"
        ],
        "fallback_media": {
          "url": "https://api.jacq.org/v1/images/europeana/1638715?withredirect=1",
          "references": "https://api.jacq.org/v1/images/show/1638715?withredirect=1",
          "title": null,
          "creator": null,
          "publisher": null,
          "license": "http://creativecommons.org/publicdomain/zero/1.0/",
          "rightsHolder": null
        }
      }
    },
    {
      "type": "Feature",
      "geometry": {
        "type": "Point",
        "coordinates": [
          -89.04,
          15.27027
        ]
      },
      "properties": {
        "gbifID": "1260174620",
        "species": "Passiflora coriacea",
        "genus": "Passiflora",
        "family": "Passifloraceae",
        "scientificName": "Passiflora coriacea Juss.",
        "coordinateUncertaintyInMeters": "",
        "basisOfRecord": "PRESERVED_SPECIMEN",
        "eventDate": "1939-04-26",
        "country": null,
        "datasetName": "Tropicos",
        "publisher": "Missouri Botanical Garden",
        "license": "CC_BY_4_0",
        "issues": [
          "GEODETIC_DATUM_ASSUMED_WGS84",
          "INSTITUTION_MATCH_FUZZY",
          "COLLECTION_MATCH_NONE",
          "TAXON_ID_NOT_FOUND"
        ],
        "fallback_media": {
          "url": "https://api.jacq.org/v1/images/europeana/1638715?withredirect=1",
          "references": "https://api.jacq.org/v1/images/show/1638715?withredirect=1",
          "title": null,
          "creator": null,
          "publisher": null,
          "license": "http://creativecommons.org/publicdomain/zero/1.0/",
          "rightsHolder": null
        }
      }
    },
    {
      "type": "Feature",
      "geometry": {
        "type": "Point",
        "coordinates": [
          -74.58525,
          6.04073
        ]
      },
      "properties": {
        "gbifID": "1257772603",
        "species": "Passiflora coriacea",
        "genus": "Passiflora",
        "family": "Passifloraceae",
        "scientificName": "Passiflora coriacea Juss.",
        "coordinateUncertaintyInMeters": "",
        "basisOfRecord": "PRESERVED_SPECIMEN",
        "eventDate": "1963-11-19",
        "country": null,
        "datasetName": "Tropicos",
        "publisher": "Missouri Botanical Garden",
        "license": "CC_BY_4_0",
        "issues": [
          "OCCURRENCE_STATUS_INFERRED_FROM_INDIVIDUAL_COUNT",
          "GEODETIC_DATUM_ASSUMED_WGS84",
          "INSTITUTION_MATCH_NONE",
          "TAXON_ID_NOT_FOUND"
        ],
        "fallback_media": {
          "url": "https://api.jacq.org/v1/images/europeana/1638715?withredirect=1",
          "references": "https://api.jacq.org/v1/images/show/1638715?withredirect=1",
          "title": null,
          "creator": null,
          "publisher": null,
          "license": "http://creativecommons.org/publicdomain/zero/1.0/",
          "rightsHolder": null
        }
      }
    },
    {
      "type": "Feature",
      "geometry": {
        "type": "Point",
        "coordinates": [
          -74.64,
          6.543889
        ]
      },
      "properties": {
        "gbifID": "1257756934",
        "species": "Passiflora coriacea",
        "genus": "Passiflora",
        "family": "Passifloraceae",
        "scientificName": "Passiflora coriacea Juss.",
        "coordinateUncertaintyInMeters": "",
        "basisOfRecord": "PRESERVED_SPECIMEN",
        "eventDate": "2002-11-20",
        "country": null,
        "datasetName": "Tropicos",
        "publisher": "Missouri Botanical Garden",
        "license": "CC_BY_4_0",
        "issues": [
          "OCCURRENCE_STATUS_INFERRED_FROM_INDIVIDUAL_COUNT",
          "COORDINATE_ROUNDED",
          "GEODETIC_DATUM_ASSUMED_WGS84",
          "INSTITUTION_MATCH_FUZZY",
          "COLLECTION_MATCH_NONE",
          "TAXON_ID_NOT_FOUND"
        ],
        "fallback_media": {
          "url": "https://api.jacq.org/v1/images/europeana/1638715?withredirect=1",
          "references": "https://api.jacq.org/v1/images/show/1638715?withredirect=1",
          "title": null,
          "creator": null,
          "publisher": null,
          "license": "http://creativecommons.org/publicdomain/zero/1.0/",
          "rightsHolder": null
        }
      }
    },
    {
      "type": "Feature",
      "geometry": {
        "type": "Point",
        "coordinates": [
          -75.616667,
          6.133333
        ]
      },
      "properties": {
        "gbifID": "1257756667",
        "species": "Passiflora coriacea",
        "genus": "Passiflora",
        "family": "Passifloraceae",
        "scientificName": "Passiflora coriacea Juss.",
        "coordinateUncertaintyInMeters": "",
        "basisOfRecord": "PRESERVED_SPECIMEN",
        "eventDate": "1982-08-20",
        "country": null,
        "datasetName": "Tropicos",
        "publisher": "Missouri Botanical Garden",
        "license": "CC_BY_4_0",
        "issues": [
          "OCCURRENCE_STATUS_INFERRED_FROM_INDIVIDUAL_COUNT",
          "COORDINATE_ROUNDED",
          "GEODETIC_DATUM_ASSUMED_WGS84",
          "INSTITUTION_MATCH_FUZZY",
          "COLLECTION_MATCH_NONE",
          "TAXON_ID_NOT_FOUND"
        ],
        "fallback_media": {
          "url": "https://api.jacq.org/v1/images/europeana/1638715?withredirect=1",
          "references": "https://api.jacq.org/v1/images/show/1638715?withredirect=1",
          "title": null,
          "creator": null,
          "publisher": null,
          "license": "http://creativecommons.org/publicdomain/zero/1.0/",
          "rightsHolder": null
        }
      }
    },
    {
      "type": "Feature",
      "geometry": {
        "type": "Point",
        "coordinates": [
          -98.233333,
          21.35
        ]
      },
      "properties": {
        "gbifID": "1257537403",
        "species": "Passiflora coriacea",
        "genus": "Passiflora",
        "family": "Passifloraceae",
        "scientificName": "Passiflora coriacea Juss.",
        "coordinateUncertaintyInMeters": "",
        "basisOfRecord": "PRESERVED_SPECIMEN",
        "eventDate": "1858",
        "country": null,
        "datasetName": "Tropicos",
        "publisher": "Missouri Botanical Garden",
        "license": "CC_BY_4_0",
        "issues": [
          "OCCURRENCE_STATUS_INFERRED_FROM_INDIVIDUAL_COUNT",
          "COORDINATE_ROUNDED",
          "GEODETIC_DATUM_ASSUMED_WGS84",
          "INSTITUTION_MATCH_FUZZY",
          "COLLECTION_MATCH_NONE",
          "TAXON_ID_NOT_FOUND"
        ],
        "fallback_media": {
          "url": "https://api.jacq.org/v1/images/europeana/1638715?withredirect=1",
          "references": "https://api.jacq.org/v1/images/show/1638715?withredirect=1",
          "title": null,
          "creator": null,
          "publisher": null,
          "license": "http://creativecommons.org/publicdomain/zero/1.0/",
          "rightsHolder": null
        }
      }
    },
    {
      "type": "Feature",
      "geometry": {
        "type": "Point",
        "coordinates": [
          -96.41444,
          18.24861
        ]
      },
      "properties": {
        "gbifID": "1260178878",
        "species": "Passiflora coriacea",
        "genus": "Passiflora",
        "family": "Passifloraceae",
        "scientificName": "Passiflora coriacea Juss.",
        "coordinateUncertaintyInMeters": "",
        "basisOfRecord": "PRESERVED_SPECIMEN",
        "eventDate": "1962-05-20",
        "country": null,
        "datasetName": "Tropicos",
        "publisher": "Missouri Botanical Garden",
        "license": "CC_BY_4_0",
        "issues": [
          "GEODETIC_DATUM_ASSUMED_WGS84",
          "INSTITUTION_MATCH_NONE",
          "TAXON_ID_NOT_FOUND"
        ],
        "fallback_media": {
          "url": "https://api.jacq.org/v1/images/europeana/1638715?withredirect=1",
          "references": "https://api.jacq.org/v1/images/show/1638715?withredirect=1",
          "title": null,
          "creator": null,
          "publisher": null,
          "license": "http://creativecommons.org/publicdomain/zero/1.0/",
          "rightsHolder": null
        }
      }
    },
    {
      "type": "Feature",
      "geometry": {
        "type": "Point",
        "coordinates": [
          -93.59,
          17.98
        ]
      },
      "properties": {
        "gbifID": "1260180408",
        "species": "Passiflora coriacea",
        "genus": "Passiflora",
        "family": "Passifloraceae",
        "scientificName": "Passiflora coriacea Juss.",
        "coordinateUncertaintyInMeters": "",
        "basisOfRecord": "PRESERVED_SPECIMEN",
        "eventDate": "1977-08-19",
        "country": null,
        "datasetName": "Tropicos",
        "publisher": "Missouri Botanical Garden",
        "license": "CC_BY_4_0",
        "issues": [
          "GEODETIC_DATUM_ASSUMED_WGS84",
          "INSTITUTION_MATCH_NONE",
          "TAXON_ID_NOT_FOUND"
        ],
        "fallback_media": {
          "url": "https://api.jacq.org/v1/images/europeana/1638715?withredirect=1",
          "references": "https://api.jacq.org/v1/images/show/1638715?withredirect=1",
          "title": null,
          "creator": null,
          "publisher": null,
          "license": "http://creativecommons.org/publicdomain/zero/1.0/",
          "rightsHolder": null
        }
      }
    },
    {
      "type": "Feature",
      "geometry": {
        "type": "Point",
        "coordinates": [
          -76.116667,
          4.016667
        ]
      },
      "properties": {
        "gbifID": "1257772586",
        "species": "Passiflora coriacea",
        "genus": "Passiflora",
        "family": "Passifloraceae",
        "scientificName": "Passiflora coriacea Juss.",
        "coordinateUncertaintyInMeters": "",
        "basisOfRecord": "PRESERVED_SPECIMEN",
        "eventDate": "1936-11",
        "country": null,
        "datasetName": "Tropicos",
        "publisher": "Missouri Botanical Garden",
        "license": "CC_BY_4_0",
        "issues": [
          "OCCURRENCE_STATUS_INFERRED_FROM_INDIVIDUAL_COUNT",
          "COORDINATE_ROUNDED",
          "GEODETIC_DATUM_ASSUMED_WGS84",
          "INSTITUTION_MATCH_NONE",
          "TAXON_ID_NOT_FOUND"
        ],
        "fallback_media": {
          "url": "https://api.jacq.org/v1/images/europeana/1638715?withredirect=1",
          "references": "https://api.jacq.org/v1/images/show/1638715?withredirect=1",
          "title": null,
          "creator": null,
          "publisher": null,
          "license": "http://creativecommons.org/publicdomain/zero/1.0/",
          "rightsHolder": null
        }
      }
    },
    {
      "type": "Feature",
      "geometry": {
        "type": "Point",
        "coordinates": [
          -79.676667,
          0.871111
        ]
      },
      "properties": {
        "gbifID": "1260121468",
        "species": "Passiflora coriacea",
        "genus": "Passiflora",
        "family": "Passifloraceae",
        "scientificName": "Passiflora coriacea Juss.",
        "coordinateUncertaintyInMeters": "",
        "basisOfRecord": "PRESERVED_SPECIMEN",
        "eventDate": "1955-05",
        "country": null,
        "datasetName": "Tropicos",
        "publisher": "Missouri Botanical Garden",
        "license": "CC_BY_4_0",
        "issues": [
          "OCCURRENCE_STATUS_INFERRED_FROM_INDIVIDUAL_COUNT",
          "COORDINATE_ROUNDED",
          "GEODETIC_DATUM_ASSUMED_WGS84",
          "INSTITUTION_MATCH_FUZZY",
          "COLLECTION_MATCH_NONE",
          "TAXON_ID_NOT_FOUND"
        ],
        "fallback_media": {
          "url": "https://api.jacq.org/v1/images/europeana/1638715?withredirect=1",
          "references": "https://api.jacq.org/v1/images/show/1638715?withredirect=1",
          "title": null,
          "creator": null,
          "publisher": null,
          "license": "http://creativecommons.org/publicdomain/zero/1.0/",
          "rightsHolder": null
        }
      }
    },
    {
      "type": "Feature",
      "geometry": {
        "type": "Point",
        "coordinates": [
          -93.595,
          15.909444
        ]
      },
      "properties": {
        "gbifID": "1260168285",
        "species": "Passiflora coriacea",
        "genus": "Passiflora",
        "family": "Passifloraceae",
        "scientificName": "Passiflora coriacea Juss.",
        "coordinateUncertaintyInMeters": "",
        "basisOfRecord": "PRESERVED_SPECIMEN",
        "eventDate": "1974-10-05",
        "country": null,
        "datasetName": "Tropicos",
        "publisher": "Missouri Botanical Garden",
        "license": "CC_BY_4_0",
        "issues": [
          "OCCURRENCE_STATUS_INFERRED_FROM_INDIVIDUAL_COUNT",
          "COORDINATE_ROUNDED",
          "GEODETIC_DATUM_ASSUMED_WGS84",
          "INSTITUTION_MATCH_NONE",
          "TAXON_ID_NOT_FOUND"
        ],
        "fallback_media": {
          "url": "https://api.jacq.org/v1/images/europeana/1638715?withredirect=1",
          "references": "https://api.jacq.org/v1/images/show/1638715?withredirect=1",
          "title": null,
          "creator": null,
          "publisher": null,
          "license": "http://creativecommons.org/publicdomain/zero/1.0/",
          "rightsHolder": null
        }
      }
    },
    {
      "type": "Feature",
      "geometry": {
        "type": "Point",
        "coordinates": [
          -106.416667,
          23.216667
        ]
      },
      "properties": {
        "gbifID": "1257537360",
        "species": "Passiflora coriacea",
        "genus": "Passiflora",
        "family": "Passifloraceae",
        "scientificName": "Passiflora coriacea Juss.",
        "coordinateUncertaintyInMeters": "",
        "basisOfRecord": "PRESERVED_SPECIMEN",
        "eventDate": "1890",
        "country": null,
        "datasetName": "Tropicos",
        "publisher": "Missouri Botanical Garden",
        "license": "CC_BY_4_0",
        "issues": [
          "OCCURRENCE_STATUS_INFERRED_FROM_INDIVIDUAL_COUNT",
          "COORDINATE_ROUNDED",
          "GEODETIC_DATUM_ASSUMED_WGS84",
          "AMBIGUOUS_INSTITUTION",
          "TAXON_ID_NOT_FOUND"
        ],
        "fallback_media": {
          "url": "https://api.jacq.org/v1/images/europeana/1638715?withredirect=1",
          "references": "https://api.jacq.org/v1/images/show/1638715?withredirect=1",
          "title": null,
          "creator": null,
          "publisher": null,
          "license": "http://creativecommons.org/publicdomain/zero/1.0/",
          "rightsHolder": null
        }
      }
    },
    {
      "type": "Feature",
      "geometry": {
        "type": "Point",
        "coordinates": [
          -74.75,
          5.083333
        ]
      },
      "properties": {
        "gbifID": "1257797526",
        "species": "Passiflora coriacea",
        "genus": "Passiflora",
        "family": "Passifloraceae",
        "scientificName": "Passiflora coriacea Juss.",
        "coordinateUncertaintyInMeters": "",
        "basisOfRecord": "PRESERVED_SPECIMEN",
        "eventDate": "1995-11-20",
        "country": null,
        "datasetName": "Tropicos",
        "publisher": "Missouri Botanical Garden",
        "license": "CC_BY_4_0",
        "issues": [
          "OCCURRENCE_STATUS_INFERRED_FROM_INDIVIDUAL_COUNT",
          "COORDINATE_ROUNDED",
          "GEODETIC_DATUM_ASSUMED_WGS84",
          "INSTITUTION_MATCH_NONE",
          "TAXON_ID_NOT_FOUND"
        ],
        "fallback_media": {
          "url": "https://api.jacq.org/v1/images/europeana/1638715?withredirect=1",
          "references": "https://api.jacq.org/v1/images/show/1638715?withredirect=1",
          "title": null,
          "creator": null,
          "publisher": null,
          "license": "http://creativecommons.org/publicdomain/zero/1.0/",
          "rightsHolder": null
        }
      }
    },
    {
      "type": "Feature",
      "geometry": {
        "type": "Point",
        "coordinates": [
          -76.1,
          6.766667
        ]
      },
      "properties": {
        "gbifID": "1257756855",
        "species": "Passiflora coriacea",
        "genus": "Passiflora",
        "family": "Passifloraceae",
        "scientificName": "Passiflora coriacea Juss.",
        "coordinateUncertaintyInMeters": "",
        "basisOfRecord": "PRESERVED_SPECIMEN",
        "eventDate": "2004-04",
        "country": null,
        "datasetName": "Tropicos",
        "publisher": "Missouri Botanical Garden",
        "license": "CC_BY_4_0",
        "issues": [
          "OCCURRENCE_STATUS_INFERRED_FROM_INDIVIDUAL_COUNT",
          "COORDINATE_ROUNDED",
          "GEODETIC_DATUM_ASSUMED_WGS84",
          "INSTITUTION_MATCH_FUZZY",
          "COLLECTION_MATCH_NONE",
          "TAXON_ID_NOT_FOUND"
        ],
        "fallback_media": {
          "url": "https://api.jacq.org/v1/images/europeana/1638715?withredirect=1",
          "references": "https://api.jacq.org/v1/images/show/1638715?withredirect=1",
          "title": null,
          "creator": null,
          "publisher": null,
          "license": "http://creativecommons.org/publicdomain/zero/1.0/",
          "rightsHolder": null
        }
      }
    },
    {
      "type": "Feature",
      "geometry": {
        "type": "Point",
        "coordinates": [
          -90.55,
          15.616667
        ]
      },
      "properties": {
        "gbifID": "1257518955",
        "species": "Passiflora coriacea",
        "genus": "Passiflora",
        "family": "Passifloraceae",
        "scientificName": "Passiflora coriacea Juss.",
        "coordinateUncertaintyInMeters": "",
        "basisOfRecord": "PRESERVED_SPECIMEN",
        "eventDate": "",
        "country": null,
        "datasetName": "Tropicos",
        "publisher": "Missouri Botanical Garden",
        "license": "CC_BY_4_0",
        "issues": [
          "OCCURRENCE_STATUS_INFERRED_FROM_INDIVIDUAL_COUNT",
          "COORDINATE_ROUNDED",
          "GEODETIC_DATUM_ASSUMED_WGS84",
          "AMBIGUOUS_INSTITUTION",
          "TAXON_ID_NOT_FOUND"
        ],
        "fallback_media": {
          "url": "https://api.jacq.org/v1/images/europeana/1638715?withredirect=1",
          "references": "https://api.jacq.org/v1/images/show/1638715?withredirect=1",
          "title": null,
          "creator": null,
          "publisher": null,
          "license": "http://creativecommons.org/publicdomain/zero/1.0/",
          "rightsHolder": null
        }
      }
    },
    {
      "type": "Feature",
      "geometry": {
        "type": "Point",
        "coordinates": [
          -83.06,
          10.004167
        ]
      },
      "properties": {
        "gbifID": "1260173165",
        "species": "Passiflora coriacea",
        "genus": "Passiflora",
        "family": "Passifloraceae",
        "scientificName": "Passiflora coriacea Juss.",
        "coordinateUncertaintyInMeters": "",
        "basisOfRecord": "PRESERVED_SPECIMEN",
        "eventDate": "1936-02-16",
        "country": null,
        "datasetName": "Tropicos",
        "publisher": "Missouri Botanical Garden",
        "license": "CC_BY_4_0",
        "issues": [
          "OCCURRENCE_STATUS_INFERRED_FROM_INDIVIDUAL_COUNT",
          "COORDINATE_ROUNDED",
          "GEODETIC_DATUM_ASSUMED_WGS84",
          "INSTITUTION_MATCH_FUZZY",
          "COLLECTION_MATCH_NONE",
          "TAXON_ID_NOT_FOUND"
        ],
        "fallback_media": {
          "url": "https://api.jacq.org/v1/images/europeana/1638715?withredirect=1",
          "references": "https://api.jacq.org/v1/images/show/1638715?withredirect=1",
          "title": null,
          "creator": null,
          "publisher": null,
          "license": "http://creativecommons.org/publicdomain/zero/1.0/",
          "rightsHolder": null
        }
      }
    },
    {
      "type": "Feature",
      "geometry": {
        "type": "Point",
        "coordinates": [
          -83.28,
          10.03
        ]
      },
      "properties": {
        "gbifID": "45700302",
        "species": "Passiflora coriacea",
        "genus": "Passiflora",
        "family": "Passifloraceae",
        "scientificName": "Passiflora coriacea Juss.",
        "coordinateUncertaintyInMeters": "",
        "basisOfRecord": "PRESERVED_SPECIMEN",
        "eventDate": "1900-01",
        "country": null,
        "datasetName": "",
        "publisher": "Museo Nacional de Costa Rica",
        "license": "CC_BY_4_0",
        "issues": [
          "RECORDED_DATE_INVALID",
          "GEODETIC_DATUM_ASSUMED_WGS84",
          "CONTINENT_DERIVED_FROM_COORDINATES",
          "INSTITUTION_MATCH_NONE",
          "TAXON_MATCH_HIGHERRANK"
        ],
        "fallback_media": {
          "url": "https://api.jacq.org/v1/images/europeana/1638715?withredirect=1",
          "references": "https://api.jacq.org/v1/images/show/1638715?withredirect=1",
          "title": null,
          "creator": null,
          "publisher": null,
          "license": "http://creativecommons.org/publicdomain/zero/1.0/",
          "rightsHolder": null
        }
      }
    },
    {
      "type": "Feature",
      "geometry": {
        "type": "Point",
        "coordinates": [
          -83.61,
          9.85
        ]
      },
      "properties": {
        "gbifID": "45702681",
        "species": "Passiflora coriacea",
        "genus": "Passiflora",
        "family": "Passifloraceae",
        "scientificName": "Passiflora coriacea Juss.",
        "coordinateUncertaintyInMeters": "",
        "basisOfRecord": "PRESERVED_SPECIMEN",
        "eventDate": "1994-06-16",
        "country": null,
        "datasetName": "",
        "publisher": "Museo Nacional de Costa Rica",
        "license": "CC_BY_4_0",
        "issues": [
          "RECORDED_DATE_INVALID",
          "GEODETIC_DATUM_ASSUMED_WGS84",
          "CONTINENT_DERIVED_FROM_COORDINATES",
          "INSTITUTION_MATCH_NONE",
          "TAXON_MATCH_HIGHERRANK"
        ],
        "fallback_media": {
          "url": "https://api.jacq.org/v1/images/europeana/1638715?withredirect=1",
          "references": "https://api.jacq.org/v1/images/show/1638715?withredirect=1",
          "title": null,
          "creator": null,
          "publisher": null,
          "license": "http://creativecommons.org/publicdomain/zero/1.0/",
          "rightsHolder": null
        }
      }
    },
    {
      "type": "Feature",
      "geometry": {
        "type": "Point",
        "coordinates": [
          -82.65,
          9.6
        ]
      },
      "properties": {
        "gbifID": "45702982",
        "species": "Passiflora coriacea",
        "genus": "Passiflora",
        "family": "Passifloraceae",
        "scientificName": "Passiflora coriacea Juss.",
        "coordinateUncertaintyInMeters": "",
        "basisOfRecord": "PRESERVED_SPECIMEN",
        "eventDate": "1995-03-29",
        "country": null,
        "datasetName": "",
        "publisher": "Museo Nacional de Costa Rica",
        "license": "CC_BY_4_0",
        "issues": [
          "RECORDED_DATE_INVALID",
          "GEODETIC_DATUM_ASSUMED_WGS84",
          "CONTINENT_DERIVED_FROM_COORDINATES",
          "INSTITUTION_MATCH_NONE",
          "TAXON_MATCH_HIGHERRANK"
        ],
        "fallback_media": {
          "url": "https://api.jacq.org/v1/images/europeana/1638715?withredirect=1",
          "references": "https://api.jacq.org/v1/images/show/1638715?withredirect=1",
          "title": null,
          "creator": null,
          "publisher": null,
          "license": "http://creativecommons.org/publicdomain/zero/1.0/",
          "rightsHolder": null
        }
      }
    },
    {
      "type": "Feature",
      "geometry": {
        "type": "Point",
        "coordinates": [
          -84.61,
          9.76
        ]
      },
      "properties": {
        "gbifID": "45704219",
        "species": "Passiflora coriacea",
        "genus": "Passiflora",
        "family": "Passifloraceae",
        "scientificName": "Passiflora coriacea Juss.",
        "coordinateUncertaintyInMeters": "",
        "basisOfRecord": "PRESERVED_SPECIMEN",
        "eventDate": "1996-09-17",
        "country": null,
        "datasetName": "",
        "publisher": "Museo Nacional de Costa Rica",
        "license": "CC_BY_4_0",
        "issues": [
          "RECORDED_DATE_INVALID",
          "GEODETIC_DATUM_ASSUMED_WGS84",
          "CONTINENT_DERIVED_FROM_COORDINATES",
          "INSTITUTION_MATCH_NONE",
          "TAXON_MATCH_HIGHERRANK"
        ],
        "fallback_media": {
          "url": "https://api.jacq.org/v1/images/europeana/1638715?withredirect=1",
          "references": "https://api.jacq.org/v1/images/show/1638715?withredirect=1",
          "title": null,
          "creator": null,
          "publisher": null,
          "license": "http://creativecommons.org/publicdomain/zero/1.0/",
          "rightsHolder": null
        }
      }
    },
    {
      "type": "Feature",
      "geometry": {
        "type": "Point",
        "coordinates": [
          -82.66,
          9.58
        ]
      },
      "properties": {
        "gbifID": "45701808",
        "species": "Passiflora coriacea",
        "genus": "Passiflora",
        "family": "Passifloraceae",
        "scientificName": "Passiflora coriacea Juss.",
        "coordinateUncertaintyInMeters": "",
        "basisOfRecord": "PRESERVED_SPECIMEN",
        "eventDate": "1986-10-22",
        "country": null,
        "datasetName": "",
        "publisher": "Museo Nacional de Costa Rica",
        "license": "CC_BY_4_0",
        "issues": [
          "RECORDED_DATE_INVALID",
          "GEODETIC_DATUM_ASSUMED_WGS84",
          "CONTINENT_DERIVED_FROM_COORDINATES",
          "INSTITUTION_MATCH_NONE",
          "TAXON_MATCH_HIGHERRANK"
        ],
        "fallback_media": {
          "url": "https://api.jacq.org/v1/images/europeana/1638715?withredirect=1",
          "references": "https://api.jacq.org/v1/images/show/1638715?withredirect=1",
          "title": null,
          "creator": null,
          "publisher": null,
          "license": "http://creativecommons.org/publicdomain/zero/1.0/",
          "rightsHolder": null
        }
      }
    },
    {
      "type": "Feature",
      "geometry": {
        "type": "Point",
        "coordinates": [
          -84.06,
          10.45
        ]
      },
      "properties": {
        "gbifID": "45701905",
        "species": "Passiflora coriacea",
        "genus": "Passiflora",
        "family": "Passifloraceae",
        "scientificName": "Passiflora coriacea Juss.",
        "coordinateUncertaintyInMeters": "",
        "basisOfRecord": "PRESERVED_SPECIMEN",
        "eventDate": "1985-06-01",
        "country": null,
        "datasetName": "",
        "publisher": "Museo Nacional de Costa Rica",
        "license": "CC_BY_4_0",
        "issues": [
          "RECORDED_DATE_INVALID",
          "GEODETIC_DATUM_ASSUMED_WGS84",
          "CONTINENT_DERIVED_FROM_COORDINATES",
          "INSTITUTION_MATCH_NONE",
          "TAXON_MATCH_HIGHERRANK"
        ],
        "fallback_media": {
          "url": "https://api.jacq.org/v1/images/europeana/1638715?withredirect=1",
          "references": "https://api.jacq.org/v1/images/show/1638715?withredirect=1",
          "title": null,
          "creator": null,
          "publisher": null,
          "license": "http://creativecommons.org/publicdomain/zero/1.0/",
          "rightsHolder": null
        }
      }
    },
    {
      "type": "Feature",
      "geometry": {
        "type": "Point",
        "coordinates": [
          -83.58,
          8.46
        ]
      },
      "properties": {
        "gbifID": "45701912",
        "species": "Passiflora coriacea",
        "genus": "Passiflora",
        "family": "Passifloraceae",
        "scientificName": "Passiflora coriacea Juss.",
        "coordinateUncertaintyInMeters": "",
        "basisOfRecord": "PRESERVED_SPECIMEN",
        "eventDate": "1988-02-11",
        "country": null,
        "datasetName": "",
        "publisher": "Museo Nacional de Costa Rica",
        "license": "CC_BY_4_0",
        "issues": [
          "RECORDED_DATE_INVALID",
          "GEODETIC_DATUM_ASSUMED_WGS84",
          "CONTINENT_DERIVED_FROM_COORDINATES",
          "INSTITUTION_MATCH_NONE",
          "TAXON_MATCH_HIGHERRANK"
        ],
        "fallback_media": {
          "url": "https://api.jacq.org/v1/images/europeana/1638715?withredirect=1",
          "references": "https://api.jacq.org/v1/images/show/1638715?withredirect=1",
          "title": null,
          "creator": null,
          "publisher": null,
          "license": "http://creativecommons.org/publicdomain/zero/1.0/",
          "rightsHolder": null
        }
      }
    },
    {
      "type": "Feature",
      "geometry": {
        "type": "Point",
        "coordinates": [
          -83.58,
          8.48
        ]
      },
      "properties": {
        "gbifID": "45702197",
        "species": "Passiflora coriacea",
        "genus": "Passiflora",
        "family": "Passifloraceae",
        "scientificName": "Passiflora coriacea Juss.",
        "coordinateUncertaintyInMeters": "",
        "basisOfRecord": "PRESERVED_SPECIMEN",
        "eventDate": "",
        "country": null,
        "datasetName": "",
        "publisher": "Museo Nacional de Costa Rica",
        "license": "CC_BY_4_0",
        "issues": [
          "RECORDED_DATE_INVALID",
          "GEODETIC_DATUM_ASSUMED_WGS84",
          "CONTINENT_DERIVED_FROM_COORDINATES",
          "INSTITUTION_MATCH_NONE",
          "TAXON_MATCH_HIGHERRANK"
        ],
        "fallback_media": {
          "url": "https://api.jacq.org/v1/images/europeana/1638715?withredirect=1",
          "references": "https://api.jacq.org/v1/images/show/1638715?withredirect=1",
          "title": null,
          "creator": null,
          "publisher": null,
          "license": "http://creativecommons.org/publicdomain/zero/1.0/",
          "rightsHolder": null
        }
      }
    },
    {
      "type": "Feature",
      "geometry": {
        "type": "Point",
        "coordinates": [
          -84.04,
          9.39
        ]
      },
      "properties": {
        "gbifID": "45703681",
        "species": "Passiflora coriacea",
        "genus": "Passiflora",
        "family": "Passifloraceae",
        "scientificName": "Passiflora coriacea Juss.",
        "coordinateUncertaintyInMeters": "",
        "basisOfRecord": "PRESERVED_SPECIMEN",
        "eventDate": "2001-01-17",
        "country": null,
        "datasetName": "",
        "publisher": "Museo Nacional de Costa Rica",
        "license": "CC_BY_4_0",
        "issues": [
          "RECORDED_DATE_INVALID",
          "GEODETIC_DATUM_ASSUMED_WGS84",
          "CONTINENT_DERIVED_FROM_COORDINATES",
          "INSTITUTION_MATCH_NONE",
          "TAXON_MATCH_HIGHERRANK"
        ],
        "fallback_media": {
          "url": "https://api.jacq.org/v1/images/europeana/1638715?withredirect=1",
          "references": "https://api.jacq.org/v1/images/show/1638715?withredirect=1",
          "title": null,
          "creator": null,
          "publisher": null,
          "license": "http://creativecommons.org/publicdomain/zero/1.0/",
          "rightsHolder": null
        }
      }
    },
    {
      "type": "Feature",
      "geometry": {
        "type": "Point",
        "coordinates": [
          -84.27,
          9.68
        ]
      },
      "properties": {
        "gbifID": "45703755",
        "species": "Passiflora coriacea",
        "genus": "Passiflora",
        "family": "Passifloraceae",
        "scientificName": "Passiflora coriacea Juss.",
        "coordinateUncertaintyInMeters": "",
        "basisOfRecord": "PRESERVED_SPECIMEN",
        "eventDate": "2001-10-30",
        "country": null,
        "datasetName": "",
        "publisher": "Museo Nacional de Costa Rica",
        "license": "CC_BY_4_0",
        "issues": [
          "RECORDED_DATE_INVALID",
          "GEODETIC_DATUM_ASSUMED_WGS84",
          "CONTINENT_DERIVED_FROM_COORDINATES",
          "INSTITUTION_MATCH_NONE",
          "TAXON_MATCH_HIGHERRANK"
        ],
        "fallback_media": {
          "url": "https://api.jacq.org/v1/images/europeana/1638715?withredirect=1",
          "references": "https://api.jacq.org/v1/images/show/1638715?withredirect=1",
          "title": null,
          "creator": null,
          "publisher": null,
          "license": "http://creativecommons.org/publicdomain/zero/1.0/",
          "rightsHolder": null
        }
      }
    },
    {
      "type": "Feature",
      "geometry": {
        "type": "Point",
        "coordinates": [
          -83.71,
          8.61
        ]
      },
      "properties": {
        "gbifID": "45702188",
        "species": "Passiflora coriacea",
        "genus": "Passiflora",
        "family": "Passifloraceae",
        "scientificName": "Passiflora coriacea Juss.",
        "coordinateUncertaintyInMeters": "",
        "basisOfRecord": "PRESERVED_SPECIMEN",
        "eventDate": "1988-03-23",
        "country": null,
        "datasetName": "",
        "publisher": "Museo Nacional de Costa Rica",
        "license": "CC_BY_4_0",
        "issues": [
          "RECORDED_DATE_INVALID",
          "GEODETIC_DATUM_ASSUMED_WGS84",
          "CONTINENT_DERIVED_FROM_COORDINATES",
          "INSTITUTION_MATCH_NONE",
          "TAXON_MATCH_HIGHERRANK"
        ],
        "fallback_media": {
          "url": "https://api.jacq.org/v1/images/europeana/1638715?withredirect=1",
          "references": "https://api.jacq.org/v1/images/show/1638715?withredirect=1",
          "title": null,
          "creator": null,
          "publisher": null,
          "license": "http://creativecommons.org/publicdomain/zero/1.0/",
          "rightsHolder": null
        }
      }
    },
    {
      "type": "Feature",
      "geometry": {
        "type": "Point",
        "coordinates": [
          -84.52,
          9.84
        ]
      },
      "properties": {
        "gbifID": "45702471",
        "species": "Passiflora coriacea",
        "genus": "Passiflora",
        "family": "Passifloraceae",
        "scientificName": "Passiflora coriacea Juss.",
        "coordinateUncertaintyInMeters": "",
        "basisOfRecord": "PRESERVED_SPECIMEN",
        "eventDate": "1993-04-01",
        "country": null,
        "datasetName": "",
        "publisher": "Museo Nacional de Costa Rica",
        "license": "CC_BY_4_0",
        "issues": [
          "RECORDED_DATE_INVALID",
          "GEODETIC_DATUM_ASSUMED_WGS84",
          "CONTINENT_DERIVED_FROM_COORDINATES",
          "INSTITUTION_MATCH_NONE",
          "TAXON_MATCH_HIGHERRANK"
        ],
        "fallback_media": {
          "url": "https://api.jacq.org/v1/images/europeana/1638715?withredirect=1",
          "references": "https://api.jacq.org/v1/images/show/1638715?withredirect=1",
          "title": null,
          "creator": null,
          "publisher": null,
          "license": "http://creativecommons.org/publicdomain/zero/1.0/",
          "rightsHolder": null
        }
      }
    },
    {
      "type": "Feature",
      "geometry": {
        "type": "Point",
        "coordinates": [
          -84.58,
          9.8
        ]
      },
      "properties": {
        "gbifID": "45704152",
        "species": "Passiflora coriacea",
        "genus": "Passiflora",
        "family": "Passifloraceae",
        "scientificName": "Passiflora coriacea Juss.",
        "coordinateUncertaintyInMeters": "",
        "basisOfRecord": "PRESERVED_SPECIMEN",
        "eventDate": "2004-04-13",
        "country": null,
        "datasetName": "",
        "publisher": "Museo Nacional de Costa Rica",
        "license": "CC_BY_4_0",
        "issues": [
          "RECORDED_DATE_INVALID",
          "GEODETIC_DATUM_ASSUMED_WGS84",
          "CONTINENT_DERIVED_FROM_COORDINATES",
          "INSTITUTION_MATCH_NONE",
          "TAXON_MATCH_HIGHERRANK"
        ],
        "fallback_media": {
          "url": "https://api.jacq.org/v1/images/europeana/1638715?withredirect=1",
          "references": "https://api.jacq.org/v1/images/show/1638715?withredirect=1",
          "title": null,
          "creator": null,
          "publisher": null,
          "license": "http://creativecommons.org/publicdomain/zero/1.0/",
          "rightsHolder": null
        }
      }
    },
    {
      "type": "Feature",
      "geometry": {
        "type": "Point",
        "coordinates": [
          -83.48,
          8.7
        ]
      },
      "properties": {
        "gbifID": "45700624",
        "species": "Passiflora coriacea",
        "genus": "Passiflora",
        "family": "Passifloraceae",
        "scientificName": "Passiflora coriacea Juss.",
        "coordinateUncertaintyInMeters": "",
        "basisOfRecord": "PRESERVED_SPECIMEN",
        "eventDate": "1930-04-12",
        "country": null,
        "datasetName": "",
        "publisher": "Museo Nacional de Costa Rica",
        "license": "CC_BY_4_0",
        "issues": [
          "RECORDED_DATE_INVALID",
          "GEODETIC_DATUM_ASSUMED_WGS84",
          "CONTINENT_DERIVED_FROM_COORDINATES",
          "INSTITUTION_MATCH_NONE",
          "TAXON_MATCH_HIGHERRANK"
        ],
        "fallback_media": {
          "url": "https://api.jacq.org/v1/images/europeana/1638715?withredirect=1",
          "references": "https://api.jacq.org/v1/images/show/1638715?withredirect=1",
          "title": null,
          "creator": null,
          "publisher": null,
          "license": "http://creativecommons.org/publicdomain/zero/1.0/",
          "rightsHolder": null
        }
      }
    },
    {
      "type": "Feature",
      "geometry": {
        "type": "Point",
        "coordinates": [
          -83.68,
          9.88
        ]
      },
      "properties": {
        "gbifID": "45701546",
        "species": "Passiflora coriacea",
        "genus": "Passiflora",
        "family": "Passifloraceae",
        "scientificName": "Passiflora coriacea Juss.",
        "coordinateUncertaintyInMeters": "",
        "basisOfRecord": "PRESERVED_SPECIMEN",
        "eventDate": "1977-05-04",
        "country": null,
        "datasetName": "",
        "publisher": "Museo Nacional de Costa Rica",
        "license": "CC_BY_4_0",
        "issues": [
          "RECORDED_DATE_INVALID",
          "GEODETIC_DATUM_ASSUMED_WGS84",
          "CONTINENT_DERIVED_FROM_COORDINATES",
          "INSTITUTION_MATCH_NONE",
          "TAXON_MATCH_HIGHERRANK"
        ],
        "fallback_media": {
          "url": "https://api.jacq.org/v1/images/europeana/1638715?withredirect=1",
          "references": "https://api.jacq.org/v1/images/show/1638715?withredirect=1",
          "title": null,
          "creator": null,
          "publisher": null,
          "license": "http://creativecommons.org/publicdomain/zero/1.0/",
          "rightsHolder": null
        }
      }
    },
    {
      "type": "Feature",
      "geometry": {
        "type": "Point",
        "coordinates": [
          -83.88,
          8.71
        ]
      },
      "properties": {
        "gbifID": "45702910",
        "species": "Passiflora coriacea",
        "genus": "Passiflora",
        "family": "Passifloraceae",
        "scientificName": "Passiflora coriacea Juss.",
        "coordinateUncertaintyInMeters": "",
        "basisOfRecord": "PRESERVED_SPECIMEN",
        "eventDate": "1994-07-02",
        "country": null,
        "datasetName": "",
        "publisher": "Museo Nacional de Costa Rica",
        "license": "CC_BY_4_0",
        "issues": [
          "RECORDED_DATE_INVALID",
          "GEODETIC_DATUM_ASSUMED_WGS84",
          "CONTINENT_DERIVED_FROM_COORDINATES",
          "INSTITUTION_MATCH_NONE",
          "TAXON_MATCH_HIGHERRANK"
        ],
        "fallback_media": {
          "url": "https://api.jacq.org/v1/images/europeana/1638715?withredirect=1",
          "references": "https://api.jacq.org/v1/images/show/1638715?withredirect=1",
          "title": null,
          "creator": null,
          "publisher": null,
          "license": "http://creativecommons.org/publicdomain/zero/1.0/",
          "rightsHolder": null
        }
      }
    },
    {
      "type": "Feature",
      "geometry": {
        "type": "Point",
        "coordinates": [
          -83.06,
          10.01
        ]
      },
      "properties": {
        "gbifID": "45700799",
        "species": "Passiflora coriacea",
        "genus": "Passiflora",
        "family": "Passifloraceae",
        "scientificName": "Passiflora coriacea Juss.",
        "coordinateUncertaintyInMeters": "",
        "basisOfRecord": "PRESERVED_SPECIMEN",
        "eventDate": "",
        "country": null,
        "datasetName": "",
        "publisher": "Museo Nacional de Costa Rica",
        "license": "CC_BY_4_0",
        "issues": [
          "RECORDED_DATE_INVALID",
          "GEODETIC_DATUM_ASSUMED_WGS84",
          "CONTINENT_DERIVED_FROM_COORDINATES",
          "INSTITUTION_MATCH_NONE",
          "TAXON_MATCH_HIGHERRANK"
        ],
        "fallback_media": {
          "url": "https://api.jacq.org/v1/images/europeana/1638715?withredirect=1",
          "references": "https://api.jacq.org/v1/images/show/1638715?withredirect=1",
          "title": null,
          "creator": null,
          "publisher": null,
          "license": "http://creativecommons.org/publicdomain/zero/1.0/",
          "rightsHolder": null
        }
      }
    },
    {
      "type": "Feature",
      "geometry": {
        "type": "Point",
        "coordinates": [
          -85.47,
          10.92
        ]
      },
      "properties": {
        "gbifID": "45702301",
        "species": "Passiflora coriacea",
        "genus": "Passiflora",
        "family": "Passifloraceae",
        "scientificName": "Passiflora coriacea Juss.",
        "coordinateUncertaintyInMeters": "",
        "basisOfRecord": "PRESERVED_SPECIMEN",
        "eventDate": "1989-07-14",
        "country": null,
        "datasetName": "",
        "publisher": "Museo Nacional de Costa Rica",
        "license": "CC_BY_4_0",
        "issues": [
          "RECORDED_DATE_INVALID",
          "GEODETIC_DATUM_ASSUMED_WGS84",
          "CONTINENT_DERIVED_FROM_COORDINATES",
          "INSTITUTION_MATCH_NONE",
          "TAXON_MATCH_HIGHERRANK"
        ],
        "fallback_media": {
          "url": "https://api.jacq.org/v1/images/europeana/1638715?withredirect=1",
          "references": "https://api.jacq.org/v1/images/show/1638715?withredirect=1",
          "title": null,
          "creator": null,
          "publisher": null,
          "license": "http://creativecommons.org/publicdomain/zero/1.0/",
          "rightsHolder": null
        }
      }
    },
    {
      "type": "Feature",
      "geometry": {
        "type": "Point",
        "coordinates": [
          -83.99,
          9.45
        ]
      },
      "properties": {
        "gbifID": "45703770",
        "species": "Passiflora coriacea",
        "genus": "Passiflora",
        "family": "Passifloraceae",
        "scientificName": "Passiflora coriacea Juss.",
        "coordinateUncertaintyInMeters": "",
        "basisOfRecord": "PRESERVED_SPECIMEN",
        "eventDate": "2002-06-13",
        "country": null,
        "datasetName": "",
        "publisher": "Museo Nacional de Costa Rica",
        "license": "CC_BY_4_0",
        "issues": [
          "RECORDED_DATE_INVALID",
          "GEODETIC_DATUM_ASSUMED_WGS84",
          "CONTINENT_DERIVED_FROM_COORDINATES",
          "INSTITUTION_MATCH_NONE",
          "TAXON_MATCH_HIGHERRANK"
        ],
        "fallback_media": {
          "url": "https://api.jacq.org/v1/images/europeana/1638715?withredirect=1",
          "references": "https://api.jacq.org/v1/images/show/1638715?withredirect=1",
          "title": null,
          "creator": null,
          "publisher": null,
          "license": "http://creativecommons.org/publicdomain/zero/1.0/",
          "rightsHolder": null
        }
      }
    },
    {
      "type": "Feature",
      "geometry": {
        "type": "Point",
        "coordinates": [
          -83.48,
          10.08
        ]
      },
      "properties": {
        "gbifID": "45701472",
        "species": "Passiflora coriacea",
        "genus": "Passiflora",
        "family": "Passifloraceae",
        "scientificName": "Passiflora coriacea Juss.",
        "coordinateUncertaintyInMeters": "",
        "basisOfRecord": "PRESERVED_SPECIMEN",
        "eventDate": "",
        "country": null,
        "datasetName": "",
        "publisher": "Museo Nacional de Costa Rica",
        "license": "CC_BY_4_0",
        "issues": [
          "RECORDED_DATE_INVALID",
          "GEODETIC_DATUM_ASSUMED_WGS84",
          "CONTINENT_DERIVED_FROM_COORDINATES",
          "INSTITUTION_MATCH_NONE",
          "TAXON_MATCH_HIGHERRANK"
        ],
        "fallback_media": {
          "url": "https://api.jacq.org/v1/images/europeana/1638715?withredirect=1",
          "references": "https://api.jacq.org/v1/images/show/1638715?withredirect=1",
          "title": null,
          "creator": null,
          "publisher": null,
          "license": "http://creativecommons.org/publicdomain/zero/1.0/",
          "rightsHolder": null
        }
      }
    },
    {
      "type": "Feature",
      "geometry": {
        "type": "Point",
        "coordinates": [
          -83.62,
          9.9
        ]
      },
      "properties": {
        "gbifID": "45703805",
        "species": "Passiflora coriacea",
        "genus": "Passiflora",
        "family": "Passifloraceae",
        "scientificName": "Passiflora coriacea Juss.",
        "coordinateUncertaintyInMeters": "",
        "basisOfRecord": "PRESERVED_SPECIMEN",
        "eventDate": "2002-11-09",
        "country": null,
        "datasetName": "",
        "publisher": "Museo Nacional de Costa Rica",
        "license": "CC_BY_4_0",
        "issues": [
          "RECORDED_DATE_INVALID",
          "GEODETIC_DATUM_ASSUMED_WGS84",
          "CONTINENT_DERIVED_FROM_COORDINATES",
          "INSTITUTION_MATCH_NONE",
          "TAXON_MATCH_HIGHERRANK"
        ],
        "fallback_media": {
          "url": "https://api.jacq.org/v1/images/europeana/1638715?withredirect=1",
          "references": "https://api.jacq.org/v1/images/show/1638715?withredirect=1",
          "title": null,
          "creator": null,
          "publisher": null,
          "license": "http://creativecommons.org/publicdomain/zero/1.0/",
          "rightsHolder": null
        }
      }
    },
    {
      "type": "Feature",
      "geometry": {
        "type": "Point",
        "coordinates": [
          -97.3,
          20.11
        ]
      },
      "properties": {
        "gbifID": "1260179547",
        "species": "Passiflora coriacea",
        "genus": "Passiflora",
        "family": "Passifloraceae",
        "scientificName": "Passiflora coriacea Juss.",
        "coordinateUncertaintyInMeters": "",
        "basisOfRecord": "PRESERVED_SPECIMEN",
        "eventDate": "1979-05-07",
        "country": null,
        "datasetName": "Tropicos",
        "publisher": "Missouri Botanical Garden",
        "license": "CC_BY_4_0",
        "issues": [
          "GEODETIC_DATUM_ASSUMED_WGS84",
          "INSTITUTION_MATCH_FUZZY",
          "COLLECTION_MATCH_NONE",
          "TAXON_ID_NOT_FOUND"
        ],
        "fallback_media": {
          "url": "https://api.jacq.org/v1/images/europeana/1638715?withredirect=1",
          "references": "https://api.jacq.org/v1/images/show/1638715?withredirect=1",
          "title": null,
          "creator": null,
          "publisher": null,
          "license": "http://creativecommons.org/publicdomain/zero/1.0/",
          "rightsHolder": null
        }
      }
    },
    {
      "type": "Feature",
      "geometry": {
        "type": "Point",
        "coordinates": [
          -76.766667,
          -6.95
        ]
      },
      "properties": {
        "gbifID": "1257676115",
        "species": "Passiflora coriacea",
        "genus": "Passiflora",
        "family": "Passifloraceae",
        "scientificName": "Passiflora coriacea Juss.",
        "coordinateUncertaintyInMeters": "",
        "basisOfRecord": "PRESERVED_SPECIMEN",
        "eventDate": "1948-09-02",
        "country": null,
        "datasetName": "Tropicos",
        "publisher": "Missouri Botanical Garden",
        "license": "CC_BY_4_0",
        "issues": [
          "OCCURRENCE_STATUS_INFERRED_FROM_INDIVIDUAL_COUNT",
          "COORDINATE_ROUNDED",
          "GEODETIC_DATUM_ASSUMED_WGS84",
          "AMBIGUOUS_INSTITUTION",
          "TAXON_ID_NOT_FOUND"
        ],
        "fallback_media": {
          "url": "https://api.jacq.org/v1/images/europeana/1638715?withredirect=1",
          "references": "https://api.jacq.org/v1/images/show/1638715?withredirect=1",
          "title": null,
          "creator": null,
          "publisher": null,
          "license": "http://creativecommons.org/publicdomain/zero/1.0/",
          "rightsHolder": null
        }
      }
    },
    {
      "type": "Feature",
      "geometry": {
        "type": "Point",
        "coordinates": [
          -92.419722,
          15.182222
        ]
      },
      "properties": {
        "gbifID": "1260178103",
        "species": "Passiflora coriacea",
        "genus": "Passiflora",
        "family": "Passifloraceae",
        "scientificName": "Passiflora coriacea Juss.",
        "coordinateUncertaintyInMeters": "",
        "basisOfRecord": "PRESERVED_SPECIMEN",
        "eventDate": "1972-10-06",
        "country": null,
        "datasetName": "Tropicos",
        "publisher": "Missouri Botanical Garden",
        "license": "CC_BY_4_0",
        "issues": [
          "OCCURRENCE_STATUS_INFERRED_FROM_INDIVIDUAL_COUNT",
          "COORDINATE_ROUNDED",
          "GEODETIC_DATUM_ASSUMED_WGS84",
          "INSTITUTION_MATCH_FUZZY",
          "COLLECTION_MATCH_NONE",
          "TAXON_ID_NOT_FOUND"
        ],
        "fallback_media": {
          "url": "https://api.jacq.org/v1/images/europeana/1638715?withredirect=1",
          "references": "https://api.jacq.org/v1/images/show/1638715?withredirect=1",
          "title": null,
          "creator": null,
          "publisher": null,
          "license": "http://creativecommons.org/publicdomain/zero/1.0/",
          "rightsHolder": null
        }
      }
    },
    {
      "type": "Feature",
      "geometry": {
        "type": "Point",
        "coordinates": [
          -97.17,
          19.97
        ]
      },
      "properties": {
        "gbifID": "1260181182",
        "species": "Passiflora coriacea",
        "genus": "Passiflora",
        "family": "Passifloraceae",
        "scientificName": "Passiflora coriacea Juss.",
        "coordinateUncertaintyInMeters": "",
        "basisOfRecord": "PRESERVED_SPECIMEN",
        "eventDate": "1977-09-09",
        "country": null,
        "datasetName": "Tropicos",
        "publisher": "Missouri Botanical Garden",
        "license": "CC_BY_4_0",
        "issues": [
          "GEODETIC_DATUM_ASSUMED_WGS84",
          "INSTITUTION_MATCH_FUZZY",
          "COLLECTION_MATCH_NONE",
          "TAXON_ID_NOT_FOUND"
        ],
        "fallback_media": {
          "url": "https://api.jacq.org/v1/images/europeana/1638715?withredirect=1",
          "references": "https://api.jacq.org/v1/images/show/1638715?withredirect=1",
          "title": null,
          "creator": null,
          "publisher": null,
          "license": "http://creativecommons.org/publicdomain/zero/1.0/",
          "rightsHolder": null
        }
      }
    },
    {
      "type": "Feature",
      "geometry": {
        "type": "Point",
        "coordinates": [
          -88.90444,
          15.31444
        ]
      },
      "properties": {
        "gbifID": "1260174830",
        "species": "Passiflora coriacea",
        "genus": "Passiflora",
        "family": "Passifloraceae",
        "scientificName": "Passiflora coriacea Juss.",
        "coordinateUncertaintyInMeters": "",
        "basisOfRecord": "PRESERVED_SPECIMEN",
        "eventDate": "1940-04-08",
        "country": null,
        "datasetName": "Tropicos",
        "publisher": "Missouri Botanical Garden",
        "license": "CC_BY_4_0",
        "issues": [
          "GEODETIC_DATUM_ASSUMED_WGS84",
          "INSTITUTION_MATCH_FUZZY",
          "COLLECTION_MATCH_NONE",
          "TAXON_ID_NOT_FOUND"
        ],
        "fallback_media": {
          "url": "https://api.jacq.org/v1/images/europeana/1638715?withredirect=1",
          "references": "https://api.jacq.org/v1/images/show/1638715?withredirect=1",
          "title": null,
          "creator": null,
          "publisher": null,
          "license": "http://creativecommons.org/publicdomain/zero/1.0/",
          "rightsHolder": null
        }
      }
    },
    {
      "type": "Feature",
      "geometry": {
        "type": "Point",
        "coordinates": [
          -89.3125,
          15.53194
        ]
      },
      "properties": {
        "gbifID": "1260174437",
        "species": "Passiflora coriacea",
        "genus": "Passiflora",
        "family": "Passifloraceae",
        "scientificName": "Passiflora coriacea Juss.",
        "coordinateUncertaintyInMeters": "",
        "basisOfRecord": "PRESERVED_SPECIMEN",
        "eventDate": "1967-06-18",
        "country": null,
        "datasetName": "Tropicos",
        "publisher": "Missouri Botanical Garden",
        "license": "CC_BY_4_0",
        "issues": [
          "GEODETIC_DATUM_ASSUMED_WGS84",
          "INSTITUTION_MATCH_FUZZY",
          "COLLECTION_MATCH_NONE",
          "TAXON_ID_NOT_FOUND"
        ],
        "fallback_media": {
          "url": "https://api.jacq.org/v1/images/europeana/1638715?withredirect=1",
          "references": "https://api.jacq.org/v1/images/show/1638715?withredirect=1",
          "title": null,
          "creator": null,
          "publisher": null,
          "license": "http://creativecommons.org/publicdomain/zero/1.0/",
          "rightsHolder": null
        }
      }
    },
    {
      "type": "Feature",
      "geometry": {
        "type": "Point",
        "coordinates": [
          -97.01,
          19.57
        ]
      },
      "properties": {
        "gbifID": "1260182153",
        "species": "Passiflora coriacea",
        "genus": "Passiflora",
        "family": "Passifloraceae",
        "scientificName": "Passiflora coriacea Juss.",
        "coordinateUncertaintyInMeters": "",
        "basisOfRecord": "PRESERVED_SPECIMEN",
        "eventDate": "",
        "country": null,
        "datasetName": "Tropicos",
        "publisher": "Missouri Botanical Garden",
        "license": "CC_BY_4_0",
        "issues": [
          "OCCURRENCE_STATUS_INFERRED_FROM_INDIVIDUAL_COUNT",
          "GEODETIC_DATUM_ASSUMED_WGS84",
          "INSTITUTION_MATCH_NONE",
          "TAXON_ID_NOT_FOUND"
        ],
        "fallback_media": {
          "url": "https://api.jacq.org/v1/images/europeana/1638715?withredirect=1",
          "references": "https://api.jacq.org/v1/images/show/1638715?withredirect=1",
          "title": null,
          "creator": null,
          "publisher": null,
          "license": "http://creativecommons.org/publicdomain/zero/1.0/",
          "rightsHolder": null
        }
      }
    },
    {
      "type": "Feature",
      "geometry": {
        "type": "Point",
        "coordinates": [
          -89.083333,
          15.266667
        ]
      },
      "properties": {
        "gbifID": "1257518956",
        "species": "Passiflora coriacea",
        "genus": "Passiflora",
        "family": "Passifloraceae",
        "scientificName": "Passiflora coriacea Juss.",
        "coordinateUncertaintyInMeters": "",
        "basisOfRecord": "PRESERVED_SPECIMEN",
        "eventDate": "",
        "country": null,
        "datasetName": "Tropicos",
        "publisher": "Missouri Botanical Garden",
        "license": "CC_BY_4_0",
        "issues": [
          "OCCURRENCE_STATUS_INFERRED_FROM_INDIVIDUAL_COUNT",
          "COORDINATE_ROUNDED",
          "GEODETIC_DATUM_ASSUMED_WGS84",
          "INSTITUTION_MATCH_FUZZY",
          "COLLECTION_MATCH_NONE",
          "TAXON_ID_NOT_FOUND"
        ],
        "fallback_media": {
          "url": "https://api.jacq.org/v1/images/europeana/1638715?withredirect=1",
          "references": "https://api.jacq.org/v1/images/show/1638715?withredirect=1",
          "title": null,
          "creator": null,
          "publisher": null,
          "license": "http://creativecommons.org/publicdomain/zero/1.0/",
          "rightsHolder": null
        }
      }
    },
    {
      "type": "Feature",
      "geometry": {
        "type": "Point",
        "coordinates": [
          -89.28472,
          15.53472
        ]
      },
      "properties": {
        "gbifID": "1260121554",
        "species": "Passiflora coriacea",
        "genus": "Passiflora",
        "family": "Passifloraceae",
        "scientificName": "Passiflora coriacea Juss.",
        "coordinateUncertaintyInMeters": "",
        "basisOfRecord": "PRESERVED_SPECIMEN",
        "eventDate": "1966-05-21",
        "country": null,
        "datasetName": "Tropicos",
        "publisher": "Missouri Botanical Garden",
        "license": "CC_BY_4_0",
        "issues": [
          "GEODETIC_DATUM_ASSUMED_WGS84",
          "ELEVATION_NON_NUMERIC",
          "INSTITUTION_MATCH_FUZZY",
          "COLLECTION_MATCH_NONE",
          "TAXON_ID_NOT_FOUND"
        ],
        "fallback_media": {
          "url": "https://api.jacq.org/v1/images/europeana/1638715?withredirect=1",
          "references": "https://api.jacq.org/v1/images/show/1638715?withredirect=1",
          "title": null,
          "creator": null,
          "publisher": null,
          "license": "http://creativecommons.org/publicdomain/zero/1.0/",
          "rightsHolder": null
        }
      }
    },
    {
      "type": "Feature",
      "geometry": {
        "type": "Point",
        "coordinates": [
          -92.07,
          17.33
        ]
      },
      "properties": {
        "gbifID": "1258312791",
        "species": "Passiflora coriacea",
        "genus": "Passiflora",
        "family": "Passifloraceae",
        "scientificName": "Passiflora coriacea Juss.",
        "coordinateUncertaintyInMeters": "",
        "basisOfRecord": "PRESERVED_SPECIMEN",
        "eventDate": "1985-09-06",
        "country": null,
        "datasetName": "Tropicos",
        "publisher": "Missouri Botanical Garden",
        "license": "CC_BY_4_0",
        "issues": [
          "GEODETIC_DATUM_ASSUMED_WGS84",
          "INSTITUTION_MATCH_NONE",
          "TAXON_ID_NOT_FOUND"
        ],
        "fallback_media": {
          "url": "https://api.jacq.org/v1/images/europeana/1638715?withredirect=1",
          "references": "https://api.jacq.org/v1/images/show/1638715?withredirect=1",
          "title": null,
          "creator": null,
          "publisher": null,
          "license": "http://creativecommons.org/publicdomain/zero/1.0/",
          "rightsHolder": null
        }
      }
    },
    {
      "type": "Feature",
      "geometry": {
        "type": "Point",
        "coordinates": [
          -75.514444,
          10.399722
        ]
      },
      "properties": {
        "gbifID": "1257520352",
        "species": "Passiflora coriacea",
        "genus": "Passiflora",
        "family": "Passifloraceae",
        "scientificName": "Passiflora coriacea Juss.",
        "coordinateUncertaintyInMeters": "",
        "basisOfRecord": "PRESERVED_SPECIMEN",
        "eventDate": "1920",
        "country": null,
        "datasetName": "Tropicos",
        "publisher": "Missouri Botanical Garden",
        "license": "CC_BY_4_0",
        "issues": [
          "OCCURRENCE_STATUS_INFERRED_FROM_INDIVIDUAL_COUNT",
          "COORDINATE_ROUNDED",
          "GEODETIC_DATUM_ASSUMED_WGS84",
          "AMBIGUOUS_INSTITUTION",
          "TAXON_ID_NOT_FOUND"
        ],
        "fallback_media": {
          "url": "https://api.jacq.org/v1/images/europeana/1638715?withredirect=1",
          "references": "https://api.jacq.org/v1/images/show/1638715?withredirect=1",
          "title": null,
          "creator": null,
          "publisher": null,
          "license": "http://creativecommons.org/publicdomain/zero/1.0/",
          "rightsHolder": null
        }
      }
    },
    {
      "type": "Feature",
      "geometry": {
        "type": "Point",
        "coordinates": [
          -93.08,
          17.55
        ]
      },
      "properties": {
        "gbifID": "1260178457",
        "species": "Passiflora coriacea",
        "genus": "Passiflora",
        "family": "Passifloraceae",
        "scientificName": "Passiflora coriacea Juss.",
        "coordinateUncertaintyInMeters": "",
        "basisOfRecord": "PRESERVED_SPECIMEN",
        "eventDate": "1965-06",
        "country": null,
        "datasetName": "Tropicos",
        "publisher": "Missouri Botanical Garden",
        "license": "CC_BY_4_0",
        "issues": [
          "OCCURRENCE_STATUS_INFERRED_FROM_INDIVIDUAL_COUNT",
          "GEODETIC_DATUM_ASSUMED_WGS84",
          "INSTITUTION_MATCH_NONE",
          "TAXON_ID_NOT_FOUND"
        ],
        "fallback_media": {
          "url": "https://api.jacq.org/v1/images/europeana/1638715?withredirect=1",
          "references": "https://api.jacq.org/v1/images/show/1638715?withredirect=1",
          "title": null,
          "creator": null,
          "publisher": null,
          "license": "http://creativecommons.org/publicdomain/zero/1.0/",
          "rightsHolder": null
        }
      }
    },
    {
      "type": "Feature",
      "geometry": {
        "type": "Point",
        "coordinates": [
          -99.4,
          21.916667
        ]
      },
      "properties": {
        "gbifID": "1260698506",
        "species": "Passiflora coriacea",
        "genus": "Passiflora",
        "family": "Passifloraceae",
        "scientificName": "Passiflora coriacea Juss.",
        "coordinateUncertaintyInMeters": "",
        "basisOfRecord": "PRESERVED_SPECIMEN",
        "eventDate": "",
        "country": null,
        "datasetName": "Tropicos",
        "publisher": "Missouri Botanical Garden",
        "license": "CC_BY_4_0",
        "issues": [
          "OCCURRENCE_STATUS_INFERRED_FROM_INDIVIDUAL_COUNT",
          "COORDINATE_ROUNDED",
          "GEODETIC_DATUM_ASSUMED_WGS84",
          "AMBIGUOUS_INSTITUTION",
          "TAXON_ID_NOT_FOUND"
        ],
        "fallback_media": {
          "url": "https://api.jacq.org/v1/images/europeana/1638715?withredirect=1",
          "references": "https://api.jacq.org/v1/images/show/1638715?withredirect=1",
          "title": null,
          "creator": null,
          "publisher": null,
          "license": "http://creativecommons.org/publicdomain/zero/1.0/",
          "rightsHolder": null
        }
      }
    },
    {
      "type": "Feature",
      "geometry": {
        "type": "Point",
        "coordinates": [
          -75.399239,
          4.43284
        ]
      },
      "properties": {
        "gbifID": "1257772645",
        "species": "Passiflora coriacea",
        "genus": "Passiflora",
        "family": "Passifloraceae",
        "scientificName": "Passiflora coriacea Juss.",
        "coordinateUncertaintyInMeters": "",
        "basisOfRecord": "PRESERVED_SPECIMEN",
        "eventDate": "1968-01-17",
        "country": null,
        "datasetName": "Tropicos",
        "publisher": "Missouri Botanical Garden",
        "license": "CC_BY_4_0",
        "issues": [
          "OCCURRENCE_STATUS_INFERRED_FROM_INDIVIDUAL_COUNT",
          "COORDINATE_ROUNDED",
          "GEODETIC_DATUM_ASSUMED_WGS84",
          "INSTITUTION_MATCH_NONE",
          "TAXON_ID_NOT_FOUND"
        ],
        "fallback_media": {
          "url": "https://api.jacq.org/v1/images/europeana/1638715?withredirect=1",
          "references": "https://api.jacq.org/v1/images/show/1638715?withredirect=1",
          "title": null,
          "creator": null,
          "publisher": null,
          "license": "http://creativecommons.org/publicdomain/zero/1.0/",
          "rightsHolder": null
        }
      }
    },
    {
      "type": "Feature",
      "geometry": {
        "type": "Point",
        "coordinates": [
          -69.033333,
          10.166667
        ]
      },
      "properties": {
        "gbifID": "1269209419",
        "species": "Passiflora coriacea",
        "genus": "Passiflora",
        "family": "Passifloraceae",
        "scientificName": "Passiflora coriacea Juss.",
        "coordinateUncertaintyInMeters": "",
        "basisOfRecord": "PRESERVED_SPECIMEN",
        "eventDate": "1981-02-28",
        "country": null,
        "datasetName": "Tropicos",
        "publisher": "Missouri Botanical Garden",
        "license": "CC_BY_4_0",
        "issues": [
          "OCCURRENCE_STATUS_INFERRED_FROM_INDIVIDUAL_COUNT",
          "COORDINATE_ROUNDED",
          "GEODETIC_DATUM_ASSUMED_WGS84",
          "INSTITUTION_MATCH_FUZZY",
          "COLLECTION_MATCH_NONE",
          "TAXON_ID_NOT_FOUND"
        ],
        "fallback_media": {
          "url": "https://api.jacq.org/v1/images/europeana/1638715?withredirect=1",
          "references": "https://api.jacq.org/v1/images/show/1638715?withredirect=1",
          "title": null,
          "creator": null,
          "publisher": null,
          "license": "http://creativecommons.org/publicdomain/zero/1.0/",
          "rightsHolder": null
        }
      }
    },
    {
      "type": "Feature",
      "geometry": {
        "type": "Point",
        "coordinates": [
          -88.79,
          18.41
        ]
      },
      "properties": {
        "gbifID": "1260168613",
        "species": "Passiflora coriacea",
        "genus": "Passiflora",
        "family": "Passifloraceae",
        "scientificName": "Passiflora coriacea Juss.",
        "coordinateUncertaintyInMeters": "",
        "basisOfRecord": "PRESERVED_SPECIMEN",
        "eventDate": "1974-07",
        "country": null,
        "datasetName": "Tropicos",
        "publisher": "Missouri Botanical Garden",
        "license": "CC_BY_4_0",
        "issues": [
          "GEODETIC_DATUM_ASSUMED_WGS84",
          "INSTITUTION_MATCH_NONE",
          "TAXON_ID_NOT_FOUND"
        ],
        "fallback_media": {
          "url": "https://api.jacq.org/v1/images/europeana/1638715?withredirect=1",
          "references": "https://api.jacq.org/v1/images/show/1638715?withredirect=1",
          "title": null,
          "creator": null,
          "publisher": null,
          "license": "http://creativecommons.org/publicdomain/zero/1.0/",
          "rightsHolder": null
        }
      }
    },
    {
      "type": "Feature",
      "geometry": {
        "type": "Point",
        "coordinates": [
          -89.203056,
          13.708611
        ]
      },
      "properties": {
        "gbifID": "1257519603",
        "species": "Passiflora coriacea",
        "genus": "Passiflora",
        "family": "Passifloraceae",
        "scientificName": "Passiflora coriacea Juss.",
        "coordinateUncertaintyInMeters": "",
        "basisOfRecord": "PRESERVED_SPECIMEN",
        "eventDate": "",
        "country": null,
        "datasetName": "Tropicos",
        "publisher": "Missouri Botanical Garden",
        "license": "CC_BY_4_0",
        "issues": [
          "OCCURRENCE_STATUS_INFERRED_FROM_INDIVIDUAL_COUNT",
          "COORDINATE_ROUNDED",
          "GEODETIC_DATUM_ASSUMED_WGS84",
          "AMBIGUOUS_INSTITUTION",
          "TAXON_ID_NOT_FOUND"
        ],
        "fallback_media": {
          "url": "https://api.jacq.org/v1/images/europeana/1638715?withredirect=1",
          "references": "https://api.jacq.org/v1/images/show/1638715?withredirect=1",
          "title": null,
          "creator": null,
          "publisher": null,
          "license": "http://creativecommons.org/publicdomain/zero/1.0/",
          "rightsHolder": null
        }
      }
    },
    {
      "type": "Feature",
      "geometry": {
        "type": "Point",
        "coordinates": [
          -75.909219,
          4.816688
        ]
      },
      "properties": {
        "gbifID": "1257772670",
        "species": "Passiflora coriacea",
        "genus": "Passiflora",
        "family": "Passifloraceae",
        "scientificName": "Passiflora coriacea Juss.",
        "coordinateUncertaintyInMeters": "",
        "basisOfRecord": "PRESERVED_SPECIMEN",
        "eventDate": "1980-07-28",
        "country": null,
        "datasetName": "Tropicos",
        "publisher": "Missouri Botanical Garden",
        "license": "CC_BY_4_0",
        "issues": [
          "OCCURRENCE_STATUS_INFERRED_FROM_INDIVIDUAL_COUNT",
          "GEODETIC_DATUM_ASSUMED_WGS84",
          "INSTITUTION_MATCH_NONE",
          "TAXON_ID_NOT_FOUND"
        ],
        "fallback_media": {
          "url": "https://api.jacq.org/v1/images/europeana/1638715?withredirect=1",
          "references": "https://api.jacq.org/v1/images/show/1638715?withredirect=1",
          "title": null,
          "creator": null,
          "publisher": null,
          "license": "http://creativecommons.org/publicdomain/zero/1.0/",
          "rightsHolder": null
        }
      }
    },
    {
      "type": "Feature",
      "geometry": {
        "type": "Point",
        "coordinates": [
          -91.48833,
          14.53
        ]
      },
      "properties": {
        "gbifID": "1260175960",
        "species": "Passiflora coriacea",
        "genus": "Passiflora",
        "family": "Passifloraceae",
        "scientificName": "Passiflora coriacea Juss.",
        "coordinateUncertaintyInMeters": "",
        "basisOfRecord": "PRESERVED_SPECIMEN",
        "eventDate": "1939-03-01",
        "country": null,
        "datasetName": "Tropicos",
        "publisher": "Missouri Botanical Garden",
        "license": "CC_BY_4_0",
        "issues": [
          "GEODETIC_DATUM_ASSUMED_WGS84",
          "INSTITUTION_MATCH_FUZZY",
          "COLLECTION_MATCH_NONE",
          "TAXON_ID_NOT_FOUND"
        ],
        "fallback_media": {
          "url": "https://api.jacq.org/v1/images/europeana/1638715?withredirect=1",
          "references": "https://api.jacq.org/v1/images/show/1638715?withredirect=1",
          "title": null,
          "creator": null,
          "publisher": null,
          "license": "http://creativecommons.org/publicdomain/zero/1.0/",
          "rightsHolder": null
        }
      }
    },
    {
      "type": "Feature",
      "geometry": {
        "type": "Point",
        "coordinates": [
          -75.783333,
          6.15
        ]
      },
      "properties": {
        "gbifID": "1260330544",
        "species": "Passiflora coriacea",
        "genus": "Passiflora",
        "family": "Passifloraceae",
        "scientificName": "Passiflora coriacea Juss.",
        "coordinateUncertaintyInMeters": "",
        "basisOfRecord": "PRESERVED_SPECIMEN",
        "eventDate": "1954-01-04",
        "country": null,
        "datasetName": "Tropicos",
        "publisher": "Missouri Botanical Garden",
        "license": "CC_BY_4_0",
        "issues": [
          "OCCURRENCE_STATUS_INFERRED_FROM_INDIVIDUAL_COUNT",
          "COORDINATE_ROUNDED",
          "GEODETIC_DATUM_ASSUMED_WGS84",
          "INSTITUTION_MATCH_NONE",
          "TAXON_ID_NOT_FOUND"
        ],
        "fallback_media": {
          "url": "https://api.jacq.org/v1/images/europeana/1638715?withredirect=1",
          "references": "https://api.jacq.org/v1/images/show/1638715?withredirect=1",
          "title": null,
          "creator": null,
          "publisher": null,
          "license": "http://creativecommons.org/publicdomain/zero/1.0/",
          "rightsHolder": null
        }
      }
    },
    {
      "type": "Feature",
      "geometry": {
        "type": "Point",
        "coordinates": [
          -89.186667,
          13.708611
        ]
      },
      "properties": {
        "gbifID": "1257519577",
        "species": "Passiflora coriacea",
        "genus": "Passiflora",
        "family": "Passifloraceae",
        "scientificName": "Passiflora coriacea Juss.",
        "coordinateUncertaintyInMeters": "",
        "basisOfRecord": "PRESERVED_SPECIMEN",
        "eventDate": "",
        "country": null,
        "datasetName": "Tropicos",
        "publisher": "Missouri Botanical Garden",
        "license": "CC_BY_4_0",
        "issues": [
          "OCCURRENCE_STATUS_INFERRED_FROM_INDIVIDUAL_COUNT",
          "COORDINATE_ROUNDED",
          "GEODETIC_DATUM_ASSUMED_WGS84",
          "AMBIGUOUS_INSTITUTION",
          "TAXON_ID_NOT_FOUND"
        ],
        "fallback_media": {
          "url": "https://api.jacq.org/v1/images/europeana/1638715?withredirect=1",
          "references": "https://api.jacq.org/v1/images/show/1638715?withredirect=1",
          "title": null,
          "creator": null,
          "publisher": null,
          "license": "http://creativecommons.org/publicdomain/zero/1.0/",
          "rightsHolder": null
        }
      }
    },
    {
      "type": "Feature",
      "geometry": {
        "type": "Point",
        "coordinates": [
          -75.323889,
          -11.081667
        ]
      },
      "properties": {
        "gbifID": "1257676110",
        "species": "Passiflora coriacea",
        "genus": "Passiflora",
        "family": "Passifloraceae",
        "scientificName": "Passiflora coriacea Juss.",
        "coordinateUncertaintyInMeters": "",
        "basisOfRecord": "PRESERVED_SPECIMEN",
        "eventDate": "1962-11-05",
        "country": null,
        "datasetName": "Tropicos",
        "publisher": "Missouri Botanical Garden",
        "license": "CC_BY_4_0",
        "issues": [
          "OCCURRENCE_STATUS_INFERRED_FROM_INDIVIDUAL_COUNT",
          "COORDINATE_ROUNDED",
          "GEODETIC_DATUM_ASSUMED_WGS84",
          "AMBIGUOUS_INSTITUTION",
          "TAXON_ID_NOT_FOUND"
        ],
        "fallback_media": {
          "url": "https://api.jacq.org/v1/images/europeana/1638715?withredirect=1",
          "references": "https://api.jacq.org/v1/images/show/1638715?withredirect=1",
          "title": null,
          "creator": null,
          "publisher": null,
          "license": "http://creativecommons.org/publicdomain/zero/1.0/",
          "rightsHolder": null
        }
      }
    },
    {
      "type": "Feature",
      "geometry": {
        "type": "Point",
        "coordinates": [
          -67.583333,
          -14.466667
        ]
      },
      "properties": {
        "gbifID": "1257522386",
        "species": "Passiflora coriacea",
        "genus": "Passiflora",
        "family": "Passifloraceae",
        "scientificName": "Passiflora coriacea Juss.",
        "coordinateUncertaintyInMeters": "",
        "basisOfRecord": "PRESERVED_SPECIMEN",
        "eventDate": "",
        "country": null,
        "datasetName": "Tropicos",
        "publisher": "Missouri Botanical Garden",
        "license": "CC_BY_4_0",
        "issues": [
          "OCCURRENCE_STATUS_INFERRED_FROM_INDIVIDUAL_COUNT",
          "COORDINATE_ROUNDED",
          "GEODETIC_DATUM_ASSUMED_WGS84",
          "INSTITUTION_MATCH_FUZZY",
          "COLLECTION_MATCH_NONE",
          "TAXON_ID_NOT_FOUND"
        ],
        "fallback_media": {
          "url": "https://api.jacq.org/v1/images/europeana/1638715?withredirect=1",
          "references": "https://api.jacq.org/v1/images/show/1638715?withredirect=1",
          "title": null,
          "creator": null,
          "publisher": null,
          "license": "http://creativecommons.org/publicdomain/zero/1.0/",
          "rightsHolder": null
        }
      }
    },
    {
      "type": "Feature",
      "geometry": {
        "type": "Point",
        "coordinates": [
          -75.618689,
          5.72661
        ]
      },
      "properties": {
        "gbifID": "4026530557",
        "species": "Passiflora coriacea",
        "genus": "Passiflora",
        "family": "Passifloraceae",
        "scientificName": "Passiflora coriacea Juss.",
        "coordinateUncertaintyInMeters": "1048.0",
        "basisOfRecord": "PRESERVED_SPECIMEN",
        "eventDate": "1947-10-19",
        "country": null,
        "datasetName": "R. L. McGregor Herbarium Vascular Plants Collection",
        "publisher": "University of Kansas Biodiversity Institute",
        "license": "CC_BY_4_0",
        "issues": [],
        "fallback_media": {
          "url": "https://api.jacq.org/v1/images/europeana/1638715?withredirect=1",
          "references": "https://api.jacq.org/v1/images/show/1638715?withredirect=1",
          "title": null,
          "creator": null,
          "publisher": null,
          "license": "http://creativecommons.org/publicdomain/zero/1.0/",
          "rightsHolder": null
        }
      }
    },
    {
      "type": "Feature",
      "geometry": {
        "type": "Point",
        "coordinates": [
          -76.677214,
          -7.536364
        ]
      },
      "properties": {
        "gbifID": "5831046789",
        "species": "Passiflora coriacea",
        "genus": "Passiflora",
        "family": "Passifloraceae",
        "scientificName": "Passiflora coriacea Juss.",
        "coordinateUncertaintyInMeters": "5433.0",
        "basisOfRecord": "HUMAN_OBSERVATION",
        "eventDate": "2025-08-10T15:41",
        "country": null,
        "datasetName": "iNaturalist research-grade observations",
        "publisher": "iNaturalist.org",
        "license": "CC_BY_NC_4_0",
        "issues": [
          "COORDINATE_ROUNDED",
          "CONTINENT_DERIVED_FROM_COORDINATES",
          "TAXON_ID_NOT_FOUND"
        ],
        "media": [
          {
            "url": "https://inaturalist-open-data.s3.amazonaws.com/photos/566203549/original.jpg",
            "references": "https://www.inaturalist.org/photos/566203549",
            "title": null,
            "creator": "J.R. Kuethe",
            "publisher": "iNaturalist",
            "license": "http://creativecommons.org/licenses/by-nc/4.0/",
            "rightsHolder": "J.R. Kuethe"
          },
          {
            "url": "https://inaturalist-open-data.s3.amazonaws.com/photos/566203662/original.jpg",
            "references": "https://www.inaturalist.org/photos/566203662",
            "title": null,
            "creator": "J.R. Kuethe",
            "publisher": "iNaturalist",
            "license": "http://creativecommons.org/licenses/by-nc/4.0/",
            "rightsHolder": "J.R. Kuethe"
          }
        ]
      }
    },
    {
      "type": "Feature",
      "geometry": {
        "type": "Point",
        "coordinates": [
          -74.513488,
          4.44372
        ]
      },
      "properties": {
        "gbifID": "4028794699",
        "species": "Passiflora coriacea",
        "genus": "Passiflora",
        "family": "Passifloraceae",
        "scientificName": "Passiflora coriacea Juss.",
        "coordinateUncertaintyInMeters": "16.0",
        "basisOfRecord": "HUMAN_OBSERVATION",
        "eventDate": "2022-01-03T08:19:35",
        "country": null,
        "datasetName": "iNaturalist research-grade observations",
        "publisher": "iNaturalist.org",
        "license": "CC_BY_NC_4_0",
        "issues": [
          "COORDINATE_ROUNDED",
          "CONTINENT_DERIVED_FROM_COORDINATES",
          "TAXON_ID_NOT_FOUND"
        ],
        "media": [
          {
            "url": "https://inaturalist-open-data.s3.amazonaws.com/photos/176047393/original.jpg",
            "references": "https://www.inaturalist.org/photos/176047393",
            "title": null,
            "creator": "Claudia A. Medina",
            "publisher": "iNaturalist",
            "license": "http://creativecommons.org/licenses/by-nc/4.0/",
            "rightsHolder": "Claudia A. Medina"
          }
        ]
      }
    },
    {
      "type": "Feature",
      "geometry": {
        "type": "Point",
        "coordinates": [
          -75.90441,
          5.830823
        ]
      },
      "properties": {
        "gbifID": "5908937145",
        "species": "Passiflora coriacea",
        "genus": "Passiflora",
        "family": "Passifloraceae",
        "scientificName": "Passiflora coriacea Juss.",
        "coordinateUncertaintyInMeters": "",
        "basisOfRecord": "HUMAN_OBSERVATION",
        "eventDate": "2025-11-30T15:13:46",
        "country": null,
        "datasetName": "iNaturalist research-grade observations",
        "publisher": "iNaturalist.org",
        "license": "CC_BY_4_0",
        "issues": [
          "COORDINATE_ROUNDED",
          "CONTINENT_DERIVED_FROM_COORDINATES",
          "TAXON_ID_NOT_FOUND"
        ],
        "media": [
          {
            "url": "https://inaturalist-open-data.s3.amazonaws.com/photos/596914144/original.jpg",
            "references": "https://www.inaturalist.org/photos/596914144",
            "title": null,
            "creator": "Daniel Mesa",
            "publisher": "iNaturalist",
            "license": "http://creativecommons.org/licenses/by/4.0/",
            "rightsHolder": "Daniel Mesa"
          },
          {
            "url": "https://inaturalist-open-data.s3.amazonaws.com/photos/596914165/original.jpg",
            "references": "https://www.inaturalist.org/photos/596914165",
            "title": null,
            "creator": "Daniel Mesa",
            "publisher": "iNaturalist",
            "license": "http://creativecommons.org/licenses/by/4.0/",
            "rightsHolder": "Daniel Mesa"
          },
          {
            "url": "https://inaturalist-open-data.s3.amazonaws.com/photos/596914196/original.jpg",
            "references": "https://www.inaturalist.org/photos/596914196",
            "title": null,
            "creator": "Daniel Mesa",
            "publisher": "iNaturalist",
            "license": "http://creativecommons.org/licenses/by/4.0/",
            "rightsHolder": "Daniel Mesa"
          },
          {
            "url": "https://inaturalist-open-data.s3.amazonaws.com/photos/596914226/original.jpg",
            "references": "https://www.inaturalist.org/photos/596914226",
            "title": null,
            "creator": "Daniel Mesa",
            "publisher": "iNaturalist",
            "license": "http://creativecommons.org/licenses/by/4.0/",
            "rightsHolder": "Daniel Mesa"
          },
          {
            "url": "https://inaturalist-open-data.s3.amazonaws.com/photos/596914266/original.jpg",
            "references": "https://www.inaturalist.org/photos/596914266",
            "title": null,
            "creator": "Daniel Mesa",
            "publisher": "iNaturalist",
            "license": "http://creativecommons.org/licenses/by/4.0/",
            "rightsHolder": "Daniel Mesa"
          }
        ]
      }
    },
    {
      "type": "Feature",
      "geometry": {
        "type": "Point",
        "coordinates": [
          -75.35292,
          -11.095615
        ]
      },
      "properties": {
        "gbifID": "4029272511",
        "species": "Passiflora coriacea",
        "genus": "Passiflora",
        "family": "Passifloraceae",
        "scientificName": "Passiflora coriacea Juss.",
        "coordinateUncertaintyInMeters": "208.0",
        "basisOfRecord": "HUMAN_OBSERVATION",
        "eventDate": "2022-10-22T22:44",
        "country": null,
        "datasetName": "iNaturalist research-grade observations",
        "publisher": "iNaturalist.org",
        "license": "CC_BY_NC_4_0",
        "issues": [
          "COORDINATE_ROUNDED",
          "CONTINENT_DERIVED_FROM_COORDINATES",
          "TAXON_ID_NOT_FOUND"
        ],
        "media": [
          {
            "url": "https://inaturalist-open-data.s3.amazonaws.com/photos/255032362/original.jpeg",
            "references": "https://www.inaturalist.org/photos/255032362",
            "title": null,
            "creator": "Rosa Villanueva",
            "publisher": "iNaturalist",
            "license": "http://creativecommons.org/licenses/by-nc/4.0/",
            "rightsHolder": "Rosa Villanueva"
          }
        ]
      }
    },
    {
      "type": "Feature",
      "geometry": {
        "type": "Point",
        "coordinates": [
          -76.113737,
          4.241449
        ]
      },
      "properties": {
        "gbifID": "4506479191",
        "species": "Passiflora coriacea",
        "genus": "Passiflora",
        "family": "Passifloraceae",
        "scientificName": "Passiflora coriacea Juss.",
        "coordinateUncertaintyInMeters": "213.0",
        "basisOfRecord": "HUMAN_OBSERVATION",
        "eventDate": "2023-12-21T07:19:34",
        "country": null,
        "datasetName": "iNaturalist research-grade observations",
        "publisher": "iNaturalist.org",
        "license": "CC_BY_NC_4_0",
        "issues": [
          "COORDINATE_ROUNDED",
          "CONTINENT_DERIVED_FROM_COORDINATES",
          "TAXON_ID_NOT_FOUND"
        ],
        "media": [
          {
            "url": "https://inaturalist-open-data.s3.amazonaws.com/photos/342138846/original.jpeg",
            "references": "https://www.inaturalist.org/photos/342138846",
            "title": null,
            "creator": "Claudia Mejía Morales",
            "publisher": "iNaturalist",
            "license": "http://creativecommons.org/licenses/by-nc/4.0/",
            "rightsHolder": "Claudia Mejía Morales"
          },
          {
            "url": "https://inaturalist-open-data.s3.amazonaws.com/photos/342138859/original.jpeg",
            "references": "https://www.inaturalist.org/photos/342138859",
            "title": null,
            "creator": "Claudia Mejía Morales",
            "publisher": "iNaturalist",
            "license": "http://creativecommons.org/licenses/by-nc/4.0/",
            "rightsHolder": "Claudia Mejía Morales"
          },
          {
            "url": "https://inaturalist-open-data.s3.amazonaws.com/photos/342138879/original.jpeg",
            "references": "https://www.inaturalist.org/photos/342138879",
            "title": null,
            "creator": "Claudia Mejía Morales",
            "publisher": "iNaturalist",
            "license": "http://creativecommons.org/licenses/by-nc/4.0/",
            "rightsHolder": "Claudia Mejía Morales"
          }
        ]
      }
    },
    {
      "type": "Feature",
      "geometry": {
        "type": "Point",
        "coordinates": [
          -76.324966,
          -6.459622
        ]
      },
      "properties": {
        "gbifID": "3466119230",
        "species": "Passiflora coriacea",
        "genus": "Passiflora",
        "family": "Passifloraceae",
        "scientificName": "Passiflora coriacea Juss.",
        "coordinateUncertaintyInMeters": "4341.0",
        "basisOfRecord": "HUMAN_OBSERVATION",
        "eventDate": "2012-11-03T18:40",
        "country": null,
        "datasetName": "iNaturalist research-grade observations",
        "publisher": "iNaturalist.org",
        "license": "CC_BY_NC_4_0",
        "issues": [
          "COORDINATE_ROUNDED",
          "CONTINENT_DERIVED_FROM_COORDINATES",
          "TAXON_ID_NOT_FOUND"
        ],
        "media": [
          {
            "url": "https://inaturalist-open-data.s3.amazonaws.com/photos/177353753/original.jpeg",
            "references": "https://www.inaturalist.org/photos/177353753",
            "title": null,
            "creator": "Neil Rosser",
            "publisher": "iNaturalist",
            "license": "http://creativecommons.org/licenses/by-nc/4.0/",
            "rightsHolder": "Neil Rosser"
          },
          {
            "url": "https://inaturalist-open-data.s3.amazonaws.com/photos/177353769/original.jpeg",
            "references": "https://www.inaturalist.org/photos/177353769",
            "title": null,
            "creator": "Neil Rosser",
            "publisher": "iNaturalist",
            "license": "http://creativecommons.org/licenses/by-nc/4.0/",
            "rightsHolder": "Neil Rosser"
          },
          {
            "url": "https://inaturalist-open-data.s3.amazonaws.com/photos/177353776/original.jpeg",
            "references": "https://www.inaturalist.org/photos/177353776",
            "title": null,
            "creator": "Neil Rosser",
            "publisher": "iNaturalist",
            "license": "http://creativecommons.org/licenses/by-nc/4.0/",
            "rightsHolder": "Neil Rosser"
          },
          {
            "url": "https://inaturalist-open-data.s3.amazonaws.com/photos/177353785/original.jpeg",
            "references": "https://www.inaturalist.org/photos/177353785",
            "title": null,
            "creator": "Neil Rosser",
            "publisher": "iNaturalist",
            "license": "http://creativecommons.org/licenses/by-nc/4.0/",
            "rightsHolder": "Neil Rosser"
          },
          {
            "url": "https://inaturalist-open-data.s3.amazonaws.com/photos/177353796/original.jpeg",
            "references": "https://www.inaturalist.org/photos/177353796",
            "title": null,
            "creator": "Neil Rosser",
            "publisher": "iNaturalist",
            "license": "http://creativecommons.org/licenses/by-nc/4.0/",
            "rightsHolder": "Neil Rosser"
          },
          {
            "url": "https://inaturalist-open-data.s3.amazonaws.com/photos/177353800/original.jpeg",
            "references": "https://www.inaturalist.org/photos/177353800",
            "title": null,
            "creator": "Neil Rosser",
            "publisher": "iNaturalist",
            "license": "http://creativecommons.org/licenses/by-nc/4.0/",
            "rightsHolder": "Neil Rosser"
          },
          {
            "url": "https://inaturalist-open-data.s3.amazonaws.com/photos/177353807/original.jpeg",
            "references": "https://www.inaturalist.org/photos/177353807",
            "title": null,
            "creator": "Neil Rosser",
            "publisher": "iNaturalist",
            "license": "http://creativecommons.org/licenses/by-nc/4.0/",
            "rightsHolder": "Neil Rosser"
          },
          {
            "url": "https://inaturalist-open-data.s3.amazonaws.com/photos/177353810/original.jpeg",
            "references": "https://www.inaturalist.org/photos/177353810",
            "title": null,
            "creator": "Neil Rosser",
            "publisher": "iNaturalist",
            "license": "http://creativecommons.org/licenses/by-nc/4.0/",
            "rightsHolder": "Neil Rosser"
          }
        ]
      }
    },
    {
      "type": "Feature",
      "geometry": {
        "type": "Point",
        "coordinates": [
          -74.111225,
          11.151803
        ]
      },
      "properties": {
        "gbifID": "3031681598",
        "species": "Passiflora coriacea",
        "genus": "Passiflora",
        "family": "Passifloraceae",
        "scientificName": "Passiflora coriacea Juss.",
        "coordinateUncertaintyInMeters": "",
        "basisOfRecord": "HUMAN_OBSERVATION",
        "eventDate": "2021-01-11T16:47",
        "country": null,
        "datasetName": "iNaturalist research-grade observations",
        "publisher": "iNaturalist.org",
        "license": "CC_BY_NC_4_0",
        "issues": [
          "COORDINATE_ROUNDED",
          "CONTINENT_DERIVED_FROM_COORDINATES",
          "TAXON_ID_NOT_FOUND"
        ],
        "media": [
          {
            "url": "https://inaturalist-open-data.s3.amazonaws.com/photos/109869976/original.jpg",
            "references": "https://www.inaturalist.org/photos/109869976",
            "title": null,
            "creator": "Jeir Ortega Galvan",
            "publisher": "iNaturalist",
            "license": "http://creativecommons.org/licenses/by-nc/4.0/",
            "rightsHolder": "Jeir Ortega Galvan"
          }
        ]
      }
    },
    {
      "type": "Feature",
      "geometry": {
        "type": "Point",
        "coordinates": [
          -74.113587,
          11.139991
        ]
      },
      "properties": {
        "gbifID": "2981021506",
        "species": "Passiflora coriacea",
        "genus": "Passiflora",
        "family": "Passifloraceae",
        "scientificName": "Passiflora coriacea Juss.",
        "coordinateUncertaintyInMeters": "474.0",
        "basisOfRecord": "HUMAN_OBSERVATION",
        "eventDate": "2020-09-30T16:12",
        "country": null,
        "datasetName": "iNaturalist research-grade observations",
        "publisher": "iNaturalist.org",
        "license": "CC_BY_NC_4_0",
        "issues": [
          "COORDINATE_ROUNDED",
          "CONTINENT_DERIVED_FROM_COORDINATES",
          "TAXON_ID_NOT_FOUND"
        ],
        "media": [
          {
            "url": "https://inaturalist-open-data.s3.amazonaws.com/photos/101182552/original.jpg",
            "references": "https://www.inaturalist.org/photos/101182552",
            "title": null,
            "creator": "Jeir Ortega Galvan",
            "publisher": "iNaturalist",
            "license": "http://creativecommons.org/licenses/by-nc/4.0/",
            "rightsHolder": "Jeir Ortega Galvan"
          },
          {
            "url": "https://inaturalist-open-data.s3.amazonaws.com/photos/101182616/original.jpg",
            "references": "https://www.inaturalist.org/photos/101182616",
            "title": null,
            "creator": "Jeir Ortega Galvan",
            "publisher": "iNaturalist",
            "license": "http://creativecommons.org/licenses/by-nc/4.0/",
            "rightsHolder": "Jeir Ortega Galvan"
          }
        ]
      }
    },
    {
      "type": "Feature",
      "geometry": {
        "type": "Point",
        "coordinates": [
          -76.358853,
          -6.453819
        ]
      },
      "properties": {
        "gbifID": "6179158732",
        "species": "Passiflora coriacea",
        "genus": "Passiflora",
        "family": "Passifloraceae",
        "scientificName": "Passiflora coriacea Juss.",
        "coordinateUncertaintyInMeters": "",
        "basisOfRecord": "HUMAN_OBSERVATION",
        "eventDate": "2026-03-07T15:47:04",
        "country": null,
        "datasetName": "iNaturalist research-grade observations",
        "publisher": "iNaturalist.org",
        "license": "CC_BY_NC_4_0",
        "issues": [
          "COORDINATE_ROUNDED",
          "CONTINENT_DERIVED_FROM_COORDINATES",
          "TAXON_ID_NOT_FOUND"
        ],
        "media": [
          {
            "url": "https://inaturalist-open-data.s3.amazonaws.com/photos/623470417/original.jpg",
            "references": "https://www.inaturalist.org/photos/623470417",
            "title": null,
            "creator": "Neil Rosser",
            "publisher": "iNaturalist",
            "license": "http://creativecommons.org/licenses/by-nc/4.0/",
            "rightsHolder": "Neil Rosser"
          },
          {
            "url": "https://inaturalist-open-data.s3.amazonaws.com/photos/623470432/original.jpg",
            "references": "https://www.inaturalist.org/photos/623470432",
            "title": null,
            "creator": "Neil Rosser",
            "publisher": "iNaturalist",
            "license": "http://creativecommons.org/licenses/by-nc/4.0/",
            "rightsHolder": "Neil Rosser"
          },
          {
            "url": "https://inaturalist-open-data.s3.amazonaws.com/photos/623470462/original.jpg",
            "references": "https://www.inaturalist.org/photos/623470462",
            "title": null,
            "creator": "Neil Rosser",
            "publisher": "iNaturalist",
            "license": "http://creativecommons.org/licenses/by-nc/4.0/",
            "rightsHolder": "Neil Rosser"
          }
        ]
      }
    },
    {
      "type": "Feature",
      "geometry": {
        "type": "Point",
        "coordinates": [
          -76.120214,
          -6.558936
        ]
      },
      "properties": {
        "gbifID": "6178890274",
        "species": "Passiflora coriacea",
        "genus": "Passiflora",
        "family": "Passifloraceae",
        "scientificName": "Passiflora coriacea Juss.",
        "coordinateUncertaintyInMeters": "",
        "basisOfRecord": "HUMAN_OBSERVATION",
        "eventDate": "2026-03-08T14:41:45",
        "country": null,
        "datasetName": "iNaturalist research-grade observations",
        "publisher": "iNaturalist.org",
        "license": "CC_BY_NC_4_0",
        "issues": [
          "COORDINATE_ROUNDED",
          "CONTINENT_DERIVED_FROM_COORDINATES",
          "TAXON_ID_NOT_FOUND"
        ],
        "media": [
          {
            "url": "https://inaturalist-open-data.s3.amazonaws.com/photos/623719074/original.jpg",
            "references": "https://www.inaturalist.org/photos/623719074",
            "title": null,
            "creator": "Neil Rosser",
            "publisher": "iNaturalist",
            "license": "http://creativecommons.org/licenses/by-nc/4.0/",
            "rightsHolder": "Neil Rosser"
          },
          {
            "url": "https://inaturalist-open-data.s3.amazonaws.com/photos/623719155/original.jpg",
            "references": "https://www.inaturalist.org/photos/623719155",
            "title": null,
            "creator": "Neil Rosser",
            "publisher": "iNaturalist",
            "license": "http://creativecommons.org/licenses/by-nc/4.0/",
            "rightsHolder": "Neil Rosser"
          }
        ]
      }
    },
    {
      "type": "Feature",
      "geometry": {
        "type": "Point",
        "coordinates": [
          -76.744872,
          -7.218505
        ]
      },
      "properties": {
        "gbifID": "5291968283",
        "species": "Passiflora coriacea",
        "genus": "Passiflora",
        "family": "Passifloraceae",
        "scientificName": "Passiflora coriacea Juss.",
        "coordinateUncertaintyInMeters": "18.0",
        "basisOfRecord": "HUMAN_OBSERVATION",
        "eventDate": "2025-08-10T13:41:35",
        "country": null,
        "datasetName": "iNaturalist research-grade observations",
        "publisher": "iNaturalist.org",
        "license": "CC_BY_NC_4_0",
        "issues": [
          "COORDINATE_ROUNDED",
          "CONTINENT_DERIVED_FROM_COORDINATES",
          "TAXON_ID_NOT_FOUND"
        ],
        "media": [
          {
            "url": "https://inaturalist-open-data.s3.amazonaws.com/photos/550694896/original.jpg",
            "references": "https://www.inaturalist.org/photos/550694896",
            "title": null,
            "creator": "Martin W",
            "publisher": "iNaturalist",
            "license": "http://creativecommons.org/licenses/by-nc/4.0/",
            "rightsHolder": "Martin W"
          },
          {
            "url": "https://inaturalist-open-data.s3.amazonaws.com/photos/550694884/original.jpg",
            "references": "https://www.inaturalist.org/photos/550694884",
            "title": null,
            "creator": "Martin W",
            "publisher": "iNaturalist",
            "license": "http://creativecommons.org/licenses/by-nc/4.0/",
            "rightsHolder": "Martin W"
          },
          {
            "url": "https://inaturalist-open-data.s3.amazonaws.com/photos/550694882/original.jpg",
            "references": "https://www.inaturalist.org/photos/550694882",
            "title": null,
            "creator": "Martin W",
            "publisher": "iNaturalist",
            "license": "http://creativecommons.org/licenses/by-nc/4.0/",
            "rightsHolder": "Martin W"
          },
          {
            "url": "https://inaturalist-open-data.s3.amazonaws.com/photos/550694880/original.jpg",
            "references": "https://www.inaturalist.org/photos/550694880",
            "title": null,
            "creator": "Martin W",
            "publisher": "iNaturalist",
            "license": "http://creativecommons.org/licenses/by-nc/4.0/",
            "rightsHolder": "Martin W"
          }
        ]
      }
    },
    {
      "type": "Feature",
      "geometry": {
        "type": "Point",
        "coordinates": [
          -76.378111,
          -6.450046
        ]
      },
      "properties": {
        "gbifID": "3079487150",
        "species": "Passiflora coriacea",
        "genus": "Passiflora",
        "family": "Passifloraceae",
        "scientificName": "Passiflora coriacea Juss.",
        "coordinateUncertaintyInMeters": "171.0",
        "basisOfRecord": "HUMAN_OBSERVATION",
        "eventDate": "2011-06-04T20:22",
        "country": null,
        "datasetName": "iNaturalist research-grade observations",
        "publisher": "iNaturalist.org",
        "license": "CC_BY_NC_4_0",
        "issues": [
          "COORDINATE_ROUNDED",
          "CONTINENT_DERIVED_FROM_COORDINATES",
          "TAXON_ID_NOT_FOUND"
        ],
        "media": [
          {
            "url": "https://inaturalist-open-data.s3.amazonaws.com/photos/116067011/original.jpeg",
            "references": "https://www.inaturalist.org/photos/116067011",
            "title": null,
            "creator": "Neil Rosser",
            "publisher": "iNaturalist",
            "license": "http://creativecommons.org/licenses/by-nc/4.0/",
            "rightsHolder": "Neil Rosser"
          },
          {
            "url": "https://inaturalist-open-data.s3.amazonaws.com/photos/116067034/original.jpeg",
            "references": "https://www.inaturalist.org/photos/116067034",
            "title": null,
            "creator": "Neil Rosser",
            "publisher": "iNaturalist",
            "license": "http://creativecommons.org/licenses/by-nc/4.0/",
            "rightsHolder": "Neil Rosser"
          },
          {
            "url": "https://inaturalist-open-data.s3.amazonaws.com/photos/116067052/original.jpeg",
            "references": "https://www.inaturalist.org/photos/116067052",
            "title": null,
            "creator": "Neil Rosser",
            "publisher": "iNaturalist",
            "license": "http://creativecommons.org/licenses/by-nc/4.0/",
            "rightsHolder": "Neil Rosser"
          }
        ]
      }
    },
    {
      "type": "Feature",
      "geometry": {
        "type": "Point",
        "coordinates": [
          -75.727918,
          2.470523
        ]
      },
      "properties": {
        "gbifID": "5063208245",
        "species": "Passiflora coriacea",
        "genus": "Passiflora",
        "family": "Passifloraceae",
        "scientificName": "Passiflora coriacea Juss.",
        "coordinateUncertaintyInMeters": "1953.0",
        "basisOfRecord": "HUMAN_OBSERVATION",
        "eventDate": "2023-02-26T16:35",
        "country": null,
        "datasetName": "iNaturalist research-grade observations",
        "publisher": "iNaturalist.org",
        "license": "CC_BY_NC_4_0",
        "issues": [
          "COORDINATE_ROUNDED",
          "CONTINENT_DERIVED_FROM_COORDINATES",
          "TAXON_ID_NOT_FOUND"
        ],
        "media": [
          {
            "url": "https://inaturalist-open-data.s3.amazonaws.com/photos/464925653/original.jpeg",
            "references": "https://www.inaturalist.org/photos/464925653",
            "title": null,
            "creator": "Edwin Arrigui Torres",
            "publisher": "iNaturalist",
            "license": "http://creativecommons.org/licenses/by-nc/4.0/",
            "rightsHolder": "Edwin Arrigui Torres"
          },
          {
            "url": "https://inaturalist-open-data.s3.amazonaws.com/photos/464925655/original.jpeg",
            "references": "https://www.inaturalist.org/photos/464925655",
            "title": null,
            "creator": "Edwin Arrigui Torres",
            "publisher": "iNaturalist",
            "license": "http://creativecommons.org/licenses/by-nc/4.0/",
            "rightsHolder": "Edwin Arrigui Torres"
          },
          {
            "url": "https://inaturalist-open-data.s3.amazonaws.com/photos/464925643/original.jpeg",
            "references": "https://www.inaturalist.org/photos/464925643",
            "title": null,
            "creator": "Edwin Arrigui Torres",
            "publisher": "iNaturalist",
            "license": "http://creativecommons.org/licenses/by-nc/4.0/",
            "rightsHolder": "Edwin Arrigui Torres"
          }
        ]
      }
    },
    {
      "type": "Feature",
      "geometry": {
        "type": "Point",
        "coordinates": [
          -76.465913,
          -6.451327
        ]
      },
      "properties": {
        "gbifID": "5199106502",
        "species": "Passiflora coriacea",
        "genus": "Passiflora",
        "family": "Passifloraceae",
        "scientificName": "Passiflora coriacea Juss.",
        "coordinateUncertaintyInMeters": "1355.0",
        "basisOfRecord": "HUMAN_OBSERVATION",
        "eventDate": "2025-04-28T13:16:02",
        "country": null,
        "datasetName": "iNaturalist research-grade observations",
        "publisher": "iNaturalist.org",
        "license": "CC_BY_NC_4_0",
        "issues": [
          "COORDINATE_ROUNDED",
          "CONTINENT_DERIVED_FROM_COORDINATES",
          "TAXON_ID_NOT_FOUND"
        ],
        "media": [
          {
            "url": "https://inaturalist-open-data.s3.amazonaws.com/photos/496895934/original.jpg",
            "references": "https://www.inaturalist.org/photos/496895934",
            "title": null,
            "creator": "Ronald Mori",
            "publisher": "iNaturalist",
            "license": "http://creativecommons.org/licenses/by-nc/4.0/",
            "rightsHolder": "Ronald Mori"
          }
        ]
      }
    },
    {
      "type": "Feature",
      "geometry": {
        "type": "Point",
        "coordinates": [
          -75.65142,
          4.509805
        ]
      },
      "properties": {
        "gbifID": "6131414926",
        "species": "Passiflora coriacea",
        "genus": "Passiflora",
        "family": "Passifloraceae",
        "scientificName": "Passiflora coriacea Juss.",
        "coordinateUncertaintyInMeters": "12.0",
        "basisOfRecord": "HUMAN_OBSERVATION",
        "eventDate": "2025-05-28T14:15:33",
        "country": null,
        "datasetName": "iNaturalist research-grade observations",
        "publisher": "iNaturalist.org",
        "license": "CC_BY_NC_4_0",
        "issues": [
          "CONTINENT_DERIVED_FROM_COORDINATES",
          "TAXON_ID_NOT_FOUND"
        ],
        "media": [
          {
            "url": "https://inaturalist-open-data.s3.amazonaws.com/photos/606264868/original.jpg",
            "references": "https://www.inaturalist.org/photos/606264868",
            "title": null,
            "creator": "julietamiranda222",
            "publisher": "iNaturalist",
            "license": "http://creativecommons.org/licenses/by-nc/4.0/",
            "rightsHolder": "julietamiranda222"
          }
        ]
      }
    },
    {
      "type": "Feature",
      "geometry": {
        "type": "Point",
        "coordinates": [
          -75.302359,
          2.944068
        ]
      },
      "properties": {
        "gbifID": "4116296069",
        "species": "Passiflora coriacea",
        "genus": "Passiflora",
        "family": "Passifloraceae",
        "scientificName": "Passiflora coriacea Juss.",
        "coordinateUncertaintyInMeters": "15.0",
        "basisOfRecord": "HUMAN_OBSERVATION",
        "eventDate": "2023-05-10T21:01",
        "country": null,
        "datasetName": "iNaturalist research-grade observations",
        "publisher": "iNaturalist.org",
        "license": "CC_BY_NC_4_0",
        "issues": [
          "COORDINATE_ROUNDED",
          "CONTINENT_DERIVED_FROM_COORDINATES",
          "TAXON_ID_NOT_FOUND"
        ],
        "media": [
          {
            "url": "https://inaturalist-open-data.s3.amazonaws.com/photos/278277421/original.jpg",
            "references": "https://www.inaturalist.org/photos/278277421",
            "title": null,
            "creator": "Néstor Ramírez Silva",
            "publisher": "iNaturalist",
            "license": "http://creativecommons.org/licenses/by-nc/4.0/",
            "rightsHolder": "Néstor Ramírez Silva"
          }
        ]
      }
    },
    {
      "type": "Feature",
      "geometry": {
        "type": "Point",
        "coordinates": [
          -76.353452,
          -6.473923
        ]
      },
      "properties": {
        "gbifID": "5198347519",
        "species": "Passiflora coriacea",
        "genus": "Passiflora",
        "family": "Passifloraceae",
        "scientificName": "Passiflora coriacea Juss.",
        "coordinateUncertaintyInMeters": "",
        "basisOfRecord": "HUMAN_OBSERVATION",
        "eventDate": "2025-04-25T10:54:17",
        "country": null,
        "datasetName": "iNaturalist research-grade observations",
        "publisher": "iNaturalist.org",
        "license": "CC_BY_NC_4_0",
        "issues": [
          "COORDINATE_ROUNDED",
          "CONTINENT_DERIVED_FROM_COORDINATES",
          "TAXON_ID_NOT_FOUND"
        ],
        "media": [
          {
            "url": "https://inaturalist-open-data.s3.amazonaws.com/photos/491819189/original.jpeg",
            "references": "https://www.inaturalist.org/photos/491819189",
            "title": null,
            "creator": "Ronald Mori",
            "publisher": "iNaturalist",
            "license": "http://creativecommons.org/licenses/by-nc/4.0/",
            "rightsHolder": "Ronald Mori"
          },
          {
            "url": "https://inaturalist-open-data.s3.amazonaws.com/photos/491819523/original.jpeg",
            "references": "https://www.inaturalist.org/photos/491819523",
            "title": null,
            "creator": "Ronald Mori",
            "publisher": "iNaturalist",
            "license": "http://creativecommons.org/licenses/by-nc/4.0/",
            "rightsHolder": "Ronald Mori"
          },
          {
            "url": "https://inaturalist-open-data.s3.amazonaws.com/photos/491819589/original.jpeg",
            "references": "https://www.inaturalist.org/photos/491819589",
            "title": null,
            "creator": "Ronald Mori",
            "publisher": "iNaturalist",
            "license": "http://creativecommons.org/licenses/by-nc/4.0/",
            "rightsHolder": "Ronald Mori"
          },
          {
            "url": "https://inaturalist-open-data.s3.amazonaws.com/photos/491819709/original.jpeg",
            "references": "https://www.inaturalist.org/photos/491819709",
            "title": null,
            "creator": "Ronald Mori",
            "publisher": "iNaturalist",
            "license": "http://creativecommons.org/licenses/by-nc/4.0/",
            "rightsHolder": "Ronald Mori"
          },
          {
            "url": "https://inaturalist-open-data.s3.amazonaws.com/photos/491819795/original.jpeg",
            "references": "https://www.inaturalist.org/photos/491819795",
            "title": null,
            "creator": "Ronald Mori",
            "publisher": "iNaturalist",
            "license": "http://creativecommons.org/licenses/by-nc/4.0/",
            "rightsHolder": "Ronald Mori"
          }
        ]
      }
    },
    {
      "type": "Feature",
      "geometry": {
        "type": "Point",
        "coordinates": [
          -75.295097,
          -10.965067
        ]
      },
      "properties": {
        "gbifID": "5291748915",
        "species": "Passiflora coriacea",
        "genus": "Passiflora",
        "family": "Passifloraceae",
        "scientificName": "Passiflora coriacea Juss.",
        "coordinateUncertaintyInMeters": "2.0",
        "basisOfRecord": "HUMAN_OBSERVATION",
        "eventDate": "2025-08-15T14:22:13",
        "country": null,
        "datasetName": "iNaturalist research-grade observations",
        "publisher": "iNaturalist.org",
        "license": "CC_BY_NC_4_0",
        "issues": [
          "COORDINATE_ROUNDED",
          "CONTINENT_DERIVED_FROM_COORDINATES",
          "TAXON_ID_NOT_FOUND"
        ],
        "media": [
          {
            "url": "https://inaturalist-open-data.s3.amazonaws.com/photos/553013321/original.jpg",
            "references": "https://www.inaturalist.org/photos/553013321",
            "title": null,
            "creator": "Martin W",
            "publisher": "iNaturalist",
            "license": "http://creativecommons.org/licenses/by-nc/4.0/",
            "rightsHolder": "Martin W"
          },
          {
            "url": "https://inaturalist-open-data.s3.amazonaws.com/photos/553013320/original.jpg",
            "references": "https://www.inaturalist.org/photos/553013320",
            "title": null,
            "creator": "Martin W",
            "publisher": "iNaturalist",
            "license": "http://creativecommons.org/licenses/by-nc/4.0/",
            "rightsHolder": "Martin W"
          }
        ]
      }
    },
    {
      "type": "Feature",
      "geometry": {
        "type": "Point",
        "coordinates": [
          -76.401329,
          -6.535351
        ]
      },
      "properties": {
        "gbifID": "3963365270",
        "species": "Passiflora coriacea",
        "genus": "Passiflora",
        "family": "Passifloraceae",
        "scientificName": "Passiflora coriacea Juss.",
        "coordinateUncertaintyInMeters": "1949.0",
        "basisOfRecord": "HUMAN_OBSERVATION",
        "eventDate": "2016-03-03T11:02",
        "country": null,
        "datasetName": "iNaturalist research-grade observations",
        "publisher": "iNaturalist.org",
        "license": "CC_BY_NC_4_0",
        "issues": [
          "COORDINATE_ROUNDED",
          "CONTINENT_DERIVED_FROM_COORDINATES",
          "TAXON_ID_NOT_FOUND"
        ],
        "media": [
          {
            "url": "https://inaturalist-open-data.s3.amazonaws.com/photos/242081781/original.jpeg",
            "references": "https://www.inaturalist.org/photos/242081781",
            "title": null,
            "creator": "Neil Rosser",
            "publisher": "iNaturalist",
            "license": "http://creativecommons.org/licenses/by-nc/4.0/",
            "rightsHolder": "Neil Rosser"
          },
          {
            "url": "https://inaturalist-open-data.s3.amazonaws.com/photos/242081789/original.jpeg",
            "references": "https://www.inaturalist.org/photos/242081789",
            "title": null,
            "creator": "Neil Rosser",
            "publisher": "iNaturalist",
            "license": "http://creativecommons.org/licenses/by-nc/4.0/",
            "rightsHolder": "Neil Rosser"
          }
        ]
      }
    },
    {
      "type": "Feature",
      "geometry": {
        "type": "Point",
        "coordinates": [
          -75.911629,
          4.747221
        ]
      },
      "properties": {
        "gbifID": "4171633977",
        "species": "Passiflora coriacea",
        "genus": "Passiflora",
        "family": "Passifloraceae",
        "scientificName": "Passiflora coriacea Juss.",
        "coordinateUncertaintyInMeters": "3425.0",
        "basisOfRecord": "HUMAN_OBSERVATION",
        "eventDate": "2023-07-26T13:04",
        "country": null,
        "datasetName": "iNaturalist research-grade observations",
        "publisher": "iNaturalist.org",
        "license": "CC_BY_NC_4_0",
        "issues": [
          "COORDINATE_ROUNDED",
          "CONTINENT_DERIVED_FROM_COORDINATES",
          "TAXON_ID_NOT_FOUND"
        ],
        "media": [
          {
            "url": "https://inaturalist-open-data.s3.amazonaws.com/photos/304605056/original.jpg",
            "references": "https://www.inaturalist.org/photos/304605056",
            "title": null,
            "creator": "smiley_beaver",
            "publisher": "iNaturalist",
            "license": "http://creativecommons.org/licenses/by-nc/4.0/",
            "rightsHolder": "smiley_beaver"
          }
        ]
      }
    },
    {
      "type": "Feature",
      "geometry": {
        "type": "Point",
        "coordinates": [
          -94.033333,
          18.217222
        ]
      },
      "properties": {
        "gbifID": "218971626",
        "species": "Passiflora coriacea",
        "genus": "Passiflora",
        "family": "Passifloraceae",
        "scientificName": "Passiflora coriacea Juss.",
        "coordinateUncertaintyInMeters": "",
        "basisOfRecord": "OCCURRENCE",
        "eventDate": "1996-06-12",
        "country": null,
        "datasetName": "",
        "publisher": "UNIBIO, IBUNAM",
        "license": "CC_BY_NC_4_0",
        "issues": [
          "BASIS_OF_RECORD_INVALID",
          "IDENTIFIED_DATE_INVALID",
          "COORDINATE_ROUNDED",
          "GEODETIC_DATUM_ASSUMED_WGS84",
          "CONTINENT_DERIVED_FROM_COORDINATES"
        ],
        "fallback_media": {
          "url": "https://api.jacq.org/v1/images/europeana/1638715?withredirect=1",
          "references": "https://api.jacq.org/v1/images/show/1638715?withredirect=1",
          "title": null,
          "creator": null,
          "publisher": null,
          "license": "http://creativecommons.org/publicdomain/zero/1.0/",
          "rightsHolder": null
        }
      }
    },
    {
      "type": "Feature",
      "geometry": {
        "type": "Point",
        "coordinates": [
          -92.633333,
          18.435556
        ]
      },
      "properties": {
        "gbifID": "218971477",
        "species": "Passiflora coriacea",
        "genus": "Passiflora",
        "family": "Passifloraceae",
        "scientificName": "Passiflora coriacea Juss.",
        "coordinateUncertaintyInMeters": "",
        "basisOfRecord": "OCCURRENCE",
        "eventDate": "2002-02-23",
        "country": null,
        "datasetName": "",
        "publisher": "UNIBIO, IBUNAM",
        "license": "CC_BY_NC_4_0",
        "issues": [
          "BASIS_OF_RECORD_INVALID",
          "COORDINATE_ROUNDED",
          "GEODETIC_DATUM_ASSUMED_WGS84",
          "CONTINENT_DERIVED_FROM_COORDINATES"
        ],
        "fallback_media": {
          "url": "https://api.jacq.org/v1/images/europeana/1638715?withredirect=1",
          "references": "https://api.jacq.org/v1/images/show/1638715?withredirect=1",
          "title": null,
          "creator": null,
          "publisher": null,
          "license": "http://creativecommons.org/publicdomain/zero/1.0/",
          "rightsHolder": null
        }
      }
    },
    {
      "type": "Feature",
      "geometry": {
        "type": "Point",
        "coordinates": [
          -76.737544,
          -7.269429
        ]
      },
      "properties": {
        "gbifID": "3456555237",
        "species": "Passiflora coriacea",
        "genus": "Passiflora",
        "family": "Passifloraceae",
        "scientificName": "Passiflora coriacea Juss.",
        "coordinateUncertaintyInMeters": "4.0",
        "basisOfRecord": "HUMAN_OBSERVATION",
        "eventDate": "2021-10-22T08:37",
        "country": null,
        "datasetName": "iNaturalist research-grade observations",
        "publisher": "iNaturalist.org",
        "license": "CC_BY_NC_4_0",
        "issues": [
          "COORDINATE_ROUNDED",
          "CONTINENT_DERIVED_FROM_COORDINATES",
          "TAXON_ID_NOT_FOUND"
        ],
        "media": [
          {
            "url": "https://inaturalist-open-data.s3.amazonaws.com/photos/176243039/original.jpeg",
            "references": "https://www.inaturalist.org/photos/176243039",
            "title": null,
            "creator": "Rob Westerduijn",
            "publisher": "iNaturalist",
            "license": "http://creativecommons.org/licenses/by-nc/4.0/",
            "rightsHolder": "Rob Westerduijn"
          },
          {
            "url": "https://inaturalist-open-data.s3.amazonaws.com/photos/176243050/original.jpeg",
            "references": "https://www.inaturalist.org/photos/176243050",
            "title": null,
            "creator": "Rob Westerduijn",
            "publisher": "iNaturalist",
            "license": "http://creativecommons.org/licenses/by-nc/4.0/",
            "rightsHolder": "Rob Westerduijn"
          }
        ]
      }
    },
    {
      "type": "Feature",
      "geometry": {
        "type": "Point",
        "coordinates": [
          -74.498596,
          4.486032
        ]
      },
      "properties": {
        "gbifID": "3391544579",
        "species": "Passiflora coriacea",
        "genus": "Passiflora",
        "family": "Passifloraceae",
        "scientificName": "Passiflora coriacea Juss.",
        "coordinateUncertaintyInMeters": "",
        "basisOfRecord": "HUMAN_OBSERVATION",
        "eventDate": "2021-08-22T09:22",
        "country": null,
        "datasetName": "iNaturalist research-grade observations",
        "publisher": "iNaturalist.org",
        "license": "CC_BY_4_0",
        "issues": [
          "COORDINATE_ROUNDED",
          "CONTINENT_DERIVED_FROM_COORDINATES",
          "TAXON_ID_NOT_FOUND"
        ],
        "media": [
          {
            "url": "https://inaturalist-open-data.s3.amazonaws.com/photos/161044447/original.jpg",
            "references": "https://www.inaturalist.org/photos/161044447",
            "title": null,
            "creator": "GERMAN LEONEL SARMIENTO CRUZ",
            "publisher": "iNaturalist",
            "license": "http://creativecommons.org/licenses/by/4.0/",
            "rightsHolder": "GERMAN LEONEL SARMIENTO CRUZ"
          }
        ]
      }
    },
    {
      "type": "Feature",
      "geometry": {
        "type": "Point",
        "coordinates": [
          -76.352236,
          -6.472398
        ]
      },
      "properties": {
        "gbifID": "6234642696",
        "species": "Passiflora coriacea",
        "genus": "Passiflora",
        "family": "Passifloraceae",
        "scientificName": "Passiflora coriacea Juss.",
        "coordinateUncertaintyInMeters": "246.0",
        "basisOfRecord": "HUMAN_OBSERVATION",
        "eventDate": "2026-04-20T11:06:17",
        "country": null,
        "datasetName": "iNaturalist research-grade observations",
        "publisher": "iNaturalist.org",
        "license": "CC_BY_NC_4_0",
        "issues": [
          "COORDINATE_ROUNDED",
          "CONTINENT_DERIVED_FROM_COORDINATES",
          "TAXON_ID_NOT_FOUND"
        ],
        "media": [
          {
            "url": "https://inaturalist-open-data.s3.amazonaws.com/photos/641873778/original.jpg",
            "references": "https://www.inaturalist.org/photos/641873778",
            "title": null,
            "creator": "Ronald Mori",
            "publisher": "iNaturalist",
            "license": "http://creativecommons.org/licenses/by-nc/4.0/",
            "rightsHolder": "Ronald Mori"
          },
          {
            "url": "https://inaturalist-open-data.s3.amazonaws.com/photos/641873842/original.jpg",
            "references": "https://www.inaturalist.org/photos/641873842",
            "title": null,
            "creator": "Ronald Mori",
            "publisher": "iNaturalist",
            "license": "http://creativecommons.org/licenses/by-nc/4.0/",
            "rightsHolder": "Ronald Mori"
          },
          {
            "url": "https://inaturalist-open-data.s3.amazonaws.com/photos/641873883/original.jpg",
            "references": "https://www.inaturalist.org/photos/641873883",
            "title": null,
            "creator": "Ronald Mori",
            "publisher": "iNaturalist",
            "license": "http://creativecommons.org/licenses/by-nc/4.0/",
            "rightsHolder": "Ronald Mori"
          }
        ]
      }
    },
    {
      "type": "Feature",
      "geometry": {
        "type": "Point",
        "coordinates": [
          -76.353722,
          -6.474017
        ]
      },
      "properties": {
        "gbifID": "5140440616",
        "species": "Passiflora coriacea",
        "genus": "Passiflora",
        "family": "Passifloraceae",
        "scientificName": "Passiflora coriacea Juss.",
        "coordinateUncertaintyInMeters": "",
        "basisOfRecord": "HUMAN_OBSERVATION",
        "eventDate": "2025-04-25T10:55:10",
        "country": null,
        "datasetName": "iNaturalist research-grade observations",
        "publisher": "iNaturalist.org",
        "license": "CC_BY_NC_4_0",
        "issues": [
          "COORDINATE_ROUNDED",
          "CONTINENT_DERIVED_FROM_COORDINATES",
          "TAXON_ID_NOT_FOUND"
        ],
        "media": [
          {
            "url": "https://inaturalist-open-data.s3.amazonaws.com/photos/491605880/original.jpeg",
            "references": "https://www.inaturalist.org/photos/491605880",
            "title": null,
            "creator": "Humberto Marcial Apagüeño vasquez",
            "publisher": "iNaturalist",
            "license": "http://creativecommons.org/licenses/by-nc/4.0/",
            "rightsHolder": "Humberto Marcial Apagüeño vasquez"
          },
          {
            "url": "https://inaturalist-open-data.s3.amazonaws.com/photos/491606031/original.jpeg",
            "references": "https://www.inaturalist.org/photos/491606031",
            "title": null,
            "creator": "Humberto Marcial Apagüeño vasquez",
            "publisher": "iNaturalist",
            "license": "http://creativecommons.org/licenses/by-nc/4.0/",
            "rightsHolder": "Humberto Marcial Apagüeño vasquez"
          }
        ]
      }
    },
    {
      "type": "Feature",
      "geometry": {
        "type": "Point",
        "coordinates": [
          -75.938842,
          2.334464
        ]
      },
      "properties": {
        "gbifID": "4172017864",
        "species": "Passiflora coriacea",
        "genus": "Passiflora",
        "family": "Passifloraceae",
        "scientificName": "Passiflora coriacea Juss.",
        "coordinateUncertaintyInMeters": "",
        "basisOfRecord": "HUMAN_OBSERVATION",
        "eventDate": "2023-08-02T12:08:10",
        "country": null,
        "datasetName": "iNaturalist research-grade observations",
        "publisher": "iNaturalist.org",
        "license": "CC_BY_NC_4_0",
        "issues": [
          "COORDINATE_ROUNDED",
          "CONTINENT_DERIVED_FROM_COORDINATES",
          "TAXON_ID_NOT_FOUND"
        ],
        "media": [
          {
            "url": "https://inaturalist-open-data.s3.amazonaws.com/photos/306699389/original.jpeg",
            "references": "https://www.inaturalist.org/photos/306699389",
            "title": null,
            "creator": "Jorge L. Peña",
            "publisher": "iNaturalist",
            "license": "http://creativecommons.org/licenses/by-nc/4.0/",
            "rightsHolder": "Jorge L. Peña"
          },
          {
            "url": "https://inaturalist-open-data.s3.amazonaws.com/photos/306699405/original.jpeg",
            "references": "https://www.inaturalist.org/photos/306699405",
            "title": null,
            "creator": "Jorge L. Peña",
            "publisher": "iNaturalist",
            "license": "http://creativecommons.org/licenses/by-nc/4.0/",
            "rightsHolder": "Jorge L. Peña"
          },
          {
            "url": "https://inaturalist-open-data.s3.amazonaws.com/photos/306699423/original.jpeg",
            "references": "https://www.inaturalist.org/photos/306699423",
            "title": null,
            "creator": "Jorge L. Peña",
            "publisher": "iNaturalist",
            "license": "http://creativecommons.org/licenses/by-nc/4.0/",
            "rightsHolder": "Jorge L. Peña"
          }
        ]
      }
    },
    {
      "type": "Feature",
      "geometry": {
        "type": "Point",
        "coordinates": [
          -76.29003,
          -6.697245
        ]
      },
      "properties": {
        "gbifID": "5291855367",
        "species": "Passiflora coriacea",
        "genus": "Passiflora",
        "family": "Passifloraceae",
        "scientificName": "Passiflora coriacea Juss.",
        "coordinateUncertaintyInMeters": "3.0",
        "basisOfRecord": "HUMAN_OBSERVATION",
        "eventDate": "2025-08-10T10:37:29",
        "country": null,
        "datasetName": "iNaturalist research-grade observations",
        "publisher": "iNaturalist.org",
        "license": "CC_BY_NC_4_0",
        "issues": [
          "CONTINENT_DERIVED_FROM_COORDINATES",
          "TAXON_ID_NOT_FOUND"
        ],
        "media": [
          {
            "url": "https://inaturalist-open-data.s3.amazonaws.com/photos/550694133/original.jpg",
            "references": "https://www.inaturalist.org/photos/550694133",
            "title": null,
            "creator": "Martin W",
            "publisher": "iNaturalist",
            "license": "http://creativecommons.org/licenses/by-nc/4.0/",
            "rightsHolder": "Martin W"
          },
          {
            "url": "https://inaturalist-open-data.s3.amazonaws.com/photos/551168158/original.jpg",
            "references": "https://www.inaturalist.org/photos/551168158",
            "title": null,
            "creator": "Martin W",
            "publisher": "iNaturalist",
            "license": "http://creativecommons.org/licenses/by-nc/4.0/",
            "rightsHolder": "Martin W"
          }
        ]
      }
    },
    {
      "type": "Feature",
      "geometry": {
        "type": "Point",
        "coordinates": [
          -75.523958,
          2.733933
        ]
      },
      "properties": {
        "gbifID": "4535930875",
        "species": "Passiflora coriacea",
        "genus": "Passiflora",
        "family": "Passifloraceae",
        "scientificName": "Passiflora coriacea Juss.",
        "coordinateUncertaintyInMeters": "233.0",
        "basisOfRecord": "HUMAN_OBSERVATION",
        "eventDate": "2023-05-17T15:10:23",
        "country": null,
        "datasetName": "iNaturalist research-grade observations",
        "publisher": "iNaturalist.org",
        "license": "CC_BY_NC_4_0",
        "issues": [
          "COORDINATE_ROUNDED",
          "CONTINENT_DERIVED_FROM_COORDINATES",
          "TAXON_ID_NOT_FOUND"
        ],
        "media": [
          {
            "url": "https://inaturalist-open-data.s3.amazonaws.com/photos/354492012/original.jpeg",
            "references": "https://www.inaturalist.org/photos/354492012",
            "title": null,
            "creator": "Granja La Orquídea",
            "publisher": "iNaturalist",
            "license": "http://creativecommons.org/licenses/by-nc/4.0/",
            "rightsHolder": "Granja La Orquídea"
          },
          {
            "url": "https://inaturalist-open-data.s3.amazonaws.com/photos/354492056/original.jpeg",
            "references": "https://www.inaturalist.org/photos/354492056",
            "title": null,
            "creator": "Granja La Orquídea",
            "publisher": "iNaturalist",
            "license": "http://creativecommons.org/licenses/by-nc/4.0/",
            "rightsHolder": "Granja La Orquídea"
          }
        ]
      }
    },
    {
      "type": "Feature",
      "geometry": {
        "type": "Point",
        "coordinates": [
          -75.290833,
          4.407046
        ]
      },
      "properties": {
        "gbifID": "5217197410",
        "species": "Passiflora coriacea",
        "genus": "Passiflora",
        "family": "Passifloraceae",
        "scientificName": "Passiflora coriacea Juss.",
        "coordinateUncertaintyInMeters": "131.0",
        "basisOfRecord": "HUMAN_OBSERVATION",
        "eventDate": "2025-06-28T11:36:35",
        "country": null,
        "datasetName": "iNaturalist research-grade observations",
        "publisher": "iNaturalist.org",
        "license": "CC_BY_NC_4_0",
        "issues": [
          "COORDINATE_ROUNDED",
          "CONTINENT_DERIVED_FROM_COORDINATES",
          "TAXON_ID_NOT_FOUND"
        ],
        "media": [
          {
            "url": "https://inaturalist-open-data.s3.amazonaws.com/photos/530611629/original.jpg",
            "references": "https://www.inaturalist.org/photos/530611629",
            "title": null,
            "creator": "xvenenox",
            "publisher": "iNaturalist",
            "license": "http://creativecommons.org/licenses/by-nc/4.0/",
            "rightsHolder": "xvenenox"
          }
        ]
      }
    },
    {
      "type": "Feature",
      "geometry": {
        "type": "Point",
        "coordinates": [
          -75.902702,
          5.798043
        ]
      },
      "properties": {
        "gbifID": "6163150393",
        "species": "Passiflora coriacea",
        "genus": "Passiflora",
        "family": "Passifloraceae",
        "scientificName": "Passiflora coriacea Juss.",
        "coordinateUncertaintyInMeters": "",
        "basisOfRecord": "HUMAN_OBSERVATION",
        "eventDate": "2026-02-20T09:18:43",
        "country": null,
        "datasetName": "iNaturalist research-grade observations",
        "publisher": "iNaturalist.org",
        "license": "CC_BY_4_0",
        "issues": [
          "COORDINATE_ROUNDED",
          "CONTINENT_DERIVED_FROM_COORDINATES",
          "TAXON_ID_NOT_FOUND"
        ],
        "media": [
          {
            "url": "https://inaturalist-open-data.s3.amazonaws.com/photos/617636231/original.jpg",
            "references": "https://www.inaturalist.org/photos/617636231",
            "title": null,
            "creator": "Daniel Mesa",
            "publisher": "iNaturalist",
            "license": "http://creativecommons.org/licenses/by/4.0/",
            "rightsHolder": "Daniel Mesa"
          }
        ]
      }
    },
    {
      "type": "Feature",
      "geometry": {
        "type": "Point",
        "coordinates": [
          -75.083916,
          -10.867922
        ]
      },
      "properties": {
        "gbifID": "2517986212",
        "species": "Passiflora coriacea",
        "genus": "Passiflora",
        "family": "Passifloraceae",
        "scientificName": "Passiflora coriacea Juss.",
        "coordinateUncertaintyInMeters": "8.0",
        "basisOfRecord": "HUMAN_OBSERVATION",
        "eventDate": "2019-10-19T14:35",
        "country": null,
        "datasetName": "iNaturalist research-grade observations",
        "publisher": "iNaturalist.org",
        "license": "CC_BY_NC_4_0",
        "issues": [
          "COORDINATE_ROUNDED",
          "CONTINENT_DERIVED_FROM_COORDINATES",
          "TAXON_ID_NOT_FOUND"
        ],
        "media": [
          {
            "url": "https://inaturalist-open-data.s3.amazonaws.com/photos/57650482/original.jpg",
            "references": "https://www.inaturalist.org/photos/57650482",
            "title": null,
            "creator": "Rob Westerduijn",
            "publisher": "iNaturalist",
            "license": "http://creativecommons.org/licenses/by-nc/4.0/",
            "rightsHolder": "Rob Westerduijn"
          },
          {
            "url": "https://inaturalist-open-data.s3.amazonaws.com/photos/57650493/original.jpg",
            "references": "https://www.inaturalist.org/photos/57650493",
            "title": null,
            "creator": "Rob Westerduijn",
            "publisher": "iNaturalist",
            "license": "http://creativecommons.org/licenses/by-nc/4.0/",
            "rightsHolder": "Rob Westerduijn"
          },
          {
            "url": "https://inaturalist-open-data.s3.amazonaws.com/photos/57650502/original.jpg",
            "references": "https://www.inaturalist.org/photos/57650502",
            "title": null,
            "creator": "Rob Westerduijn",
            "publisher": "iNaturalist",
            "license": "http://creativecommons.org/licenses/by-nc/4.0/",
            "rightsHolder": "Rob Westerduijn"
          },
          {
            "url": "https://inaturalist-open-data.s3.amazonaws.com/photos/57650513/original.jpg",
            "references": "https://www.inaturalist.org/photos/57650513",
            "title": null,
            "creator": "Rob Westerduijn",
            "publisher": "iNaturalist",
            "license": "http://creativecommons.org/licenses/by-nc/4.0/",
            "rightsHolder": "Rob Westerduijn"
          }
        ]
      }
    },
    {
      "type": "Feature",
      "geometry": {
        "type": "Point",
        "coordinates": [
          -86.619143,
          14.819222
        ]
      },
      "properties": {
        "gbifID": "1056160759",
        "species": "Passiflora coriacea",
        "genus": "Passiflora",
        "family": "Passifloraceae",
        "scientificName": "Passiflora coriacea Juss.",
        "coordinateUncertaintyInMeters": "662.0",
        "basisOfRecord": "PRESERVED_SPECIMEN",
        "eventDate": "",
        "country": null,
        "datasetName": "",
        "publisher": "Natural History Museum",
        "license": "CC0_1_0",
        "issues": [
          "GEODETIC_DATUM_ASSUMED_WGS84",
          "INSTITUTION_MATCH_FUZZY",
          "COLLECTION_MATCH_FUZZY"
        ],
        "fallback_media": {
          "url": "https://api.jacq.org/v1/images/europeana/1638715?withredirect=1",
          "references": "https://api.jacq.org/v1/images/show/1638715?withredirect=1",
          "title": null,
          "creator": null,
          "publisher": null,
          "license": "http://creativecommons.org/publicdomain/zero/1.0/",
          "rightsHolder": null
        }
      }
    },
    {
      "type": "Feature",
      "geometry": {
        "type": "Point",
        "coordinates": [
          -74.548265,
          6.020998
        ]
      },
      "properties": {
        "gbifID": "5198653851",
        "species": "Passiflora coriacea",
        "genus": "Passiflora",
        "family": "Passifloraceae",
        "scientificName": "Passiflora coriacea Juss.",
        "coordinateUncertaintyInMeters": "",
        "basisOfRecord": "HUMAN_OBSERVATION",
        "eventDate": "2025-06-10T11:57",
        "country": null,
        "datasetName": "iNaturalist research-grade observations",
        "publisher": "iNaturalist.org",
        "license": "CC_BY_NC_4_0",
        "issues": [
          "COORDINATE_ROUNDED",
          "CONTINENT_DERIVED_FROM_COORDINATES",
          "TAXON_ID_NOT_FOUND"
        ],
        "fallback_media": {
          "url": "https://api.jacq.org/v1/images/europeana/1638715?withredirect=1",
          "references": "https://api.jacq.org/v1/images/show/1638715?withredirect=1",
          "title": null,
          "creator": null,
          "publisher": null,
          "license": "http://creativecommons.org/publicdomain/zero/1.0/",
          "rightsHolder": null
        }
      }
    },
    {
      "type": "Feature",
      "geometry": {
        "type": "Point",
        "coordinates": [
          -75.302352,
          2.944077
        ]
      },
      "properties": {
        "gbifID": "4116294071",
        "species": "Passiflora coriacea",
        "genus": "Passiflora",
        "family": "Passifloraceae",
        "scientificName": "Passiflora coriacea Juss.",
        "coordinateUncertaintyInMeters": "2.0",
        "basisOfRecord": "HUMAN_OBSERVATION",
        "eventDate": "2023-05-10T21:01",
        "country": null,
        "datasetName": "iNaturalist research-grade observations",
        "publisher": "iNaturalist.org",
        "license": "CC_BY_NC_4_0",
        "issues": [
          "COORDINATE_ROUNDED",
          "CONTINENT_DERIVED_FROM_COORDINATES",
          "TAXON_ID_NOT_FOUND"
        ],
        "media": [
          {
            "url": "https://inaturalist-open-data.s3.amazonaws.com/photos/278277451/original.jpg",
            "references": "https://www.inaturalist.org/photos/278277451",
            "title": null,
            "creator": "Néstor Ramírez Silva",
            "publisher": "iNaturalist",
            "license": "http://creativecommons.org/licenses/by-nc/4.0/",
            "rightsHolder": "Néstor Ramírez Silva"
          }
        ]
      }
    },
    {
      "type": "Feature",
      "geometry": {
        "type": "Point",
        "coordinates": [
          -76.258565,
          -6.580085
        ]
      },
      "properties": {
        "gbifID": "2580092060",
        "species": "Passiflora coriacea",
        "genus": "Passiflora",
        "family": "Passifloraceae",
        "scientificName": "Passiflora coriacea Juss.",
        "coordinateUncertaintyInMeters": "4.0",
        "basisOfRecord": "HUMAN_OBSERVATION",
        "eventDate": "2019-12-15T14:53",
        "country": null,
        "datasetName": "iNaturalist research-grade observations",
        "publisher": "iNaturalist.org",
        "license": "CC_BY_NC_4_0",
        "issues": [
          "COORDINATE_ROUNDED",
          "CONTINENT_DERIVED_FROM_COORDINATES",
          "TAXON_ID_NOT_FOUND"
        ],
        "media": [
          {
            "url": "https://inaturalist-open-data.s3.amazonaws.com/photos/63098261/original.jpeg",
            "references": "https://www.inaturalist.org/photos/63098261",
            "title": null,
            "creator": "Rob Westerduijn",
            "publisher": "iNaturalist",
            "license": "http://creativecommons.org/licenses/by-nc/4.0/",
            "rightsHolder": "Rob Westerduijn"
          },
          {
            "url": "https://inaturalist-open-data.s3.amazonaws.com/photos/63098250/original.jpeg",
            "references": "https://www.inaturalist.org/photos/63098250",
            "title": null,
            "creator": "Rob Westerduijn",
            "publisher": "iNaturalist",
            "license": "http://creativecommons.org/licenses/by-nc/4.0/",
            "rightsHolder": "Rob Westerduijn"
          },
          {
            "url": "https://inaturalist-open-data.s3.amazonaws.com/photos/63098272/original.jpeg",
            "references": "https://www.inaturalist.org/photos/63098272",
            "title": null,
            "creator": "Rob Westerduijn",
            "publisher": "iNaturalist",
            "license": "http://creativecommons.org/licenses/by-nc/4.0/",
            "rightsHolder": "Rob Westerduijn"
          },
          {
            "url": "https://inaturalist-open-data.s3.amazonaws.com/photos/63098279/original.jpeg",
            "references": "https://www.inaturalist.org/photos/63098279",
            "title": null,
            "creator": "Rob Westerduijn",
            "publisher": "iNaturalist",
            "license": "http://creativecommons.org/licenses/by-nc/4.0/",
            "rightsHolder": "Rob Westerduijn"
          },
          {
            "url": "https://inaturalist-open-data.s3.amazonaws.com/photos/63098289/original.jpeg",
            "references": "https://www.inaturalist.org/photos/63098289",
            "title": null,
            "creator": "Rob Westerduijn",
            "publisher": "iNaturalist",
            "license": "http://creativecommons.org/licenses/by-nc/4.0/",
            "rightsHolder": "Rob Westerduijn"
          }
        ]
      }
    },
    {
      "type": "Feature",
      "geometry": {
        "type": "Point",
        "coordinates": [
          -75.672332,
          5.396081
        ]
      },
      "properties": {
        "gbifID": "4863684804",
        "species": "Passiflora coriacea",
        "genus": "Passiflora",
        "family": "Passifloraceae",
        "scientificName": "Passiflora coriacea Juss.",
        "coordinateUncertaintyInMeters": "4.0",
        "basisOfRecord": "HUMAN_OBSERVATION",
        "eventDate": "2024-05-11T09:46",
        "country": null,
        "datasetName": "iNaturalist research-grade observations",
        "publisher": "iNaturalist.org",
        "license": "CC_BY_4_0",
        "issues": [
          "COORDINATE_ROUNDED",
          "CONTINENT_DERIVED_FROM_COORDINATES",
          "TAXON_ID_NOT_FOUND"
        ],
        "media": [
          {
            "url": "https://inaturalist-open-data.s3.amazonaws.com/photos/380551510/original.jpeg",
            "references": "https://www.inaturalist.org/photos/380551510",
            "title": null,
            "creator": "Sebas Arango",
            "publisher": "iNaturalist",
            "license": "http://creativecommons.org/licenses/by-nc/4.0/",
            "rightsHolder": "Sebas Arango"
          },
          {
            "url": "https://inaturalist-open-data.s3.amazonaws.com/photos/380551494/original.jpeg",
            "references": "https://www.inaturalist.org/photos/380551494",
            "title": null,
            "creator": "Sebas Arango",
            "publisher": "iNaturalist",
            "license": "http://creativecommons.org/licenses/by-nc/4.0/",
            "rightsHolder": "Sebas Arango"
          }
        ]
      }
    },
    {
      "type": "Feature",
      "geometry": {
        "type": "Point",
        "coordinates": [
          -76.131822,
          4.530345
        ]
      },
      "properties": {
        "gbifID": "4080763415",
        "species": "Passiflora coriacea",
        "genus": "Passiflora",
        "family": "Passifloraceae",
        "scientificName": "Passiflora coriacea Juss.",
        "coordinateUncertaintyInMeters": "39.0",
        "basisOfRecord": "HUMAN_OBSERVATION",
        "eventDate": "2023-04-08T07:54:03",
        "country": null,
        "datasetName": "iNaturalist research-grade observations",
        "publisher": "iNaturalist.org",
        "license": "CC_BY_NC_4_0",
        "issues": [
          "COORDINATE_ROUNDED",
          "CONTINENT_DERIVED_FROM_COORDINATES",
          "TAXON_ID_NOT_FOUND"
        ],
        "fallback_media": {
          "url": "https://api.jacq.org/v1/images/europeana/1638715?withredirect=1",
          "references": "https://api.jacq.org/v1/images/show/1638715?withredirect=1",
          "title": null,
          "creator": null,
          "publisher": null,
          "license": "http://creativecommons.org/publicdomain/zero/1.0/",
          "rightsHolder": null
        }
      }
    },
    {
      "type": "Feature",
      "geometry": {
        "type": "Point",
        "coordinates": [
          -75.697992,
          5.888197
        ]
      },
      "properties": {
        "gbifID": "3044879400",
        "species": "Passiflora coriacea",
        "genus": "Passiflora",
        "family": "Passifloraceae",
        "scientificName": "Passiflora coriacea Juss.",
        "coordinateUncertaintyInMeters": "3309.0",
        "basisOfRecord": "HUMAN_OBSERVATION",
        "eventDate": "2021-01-10T11:38:51",
        "country": null,
        "datasetName": "iNaturalist research-grade observations",
        "publisher": "iNaturalist.org",
        "license": "CC_BY_NC_4_0",
        "issues": [
          "COORDINATE_ROUNDED",
          "CONTINENT_DERIVED_FROM_COORDINATES",
          "TAXON_ID_NOT_FOUND"
        ],
        "media": [
          {
            "url": "https://inaturalist-open-data.s3.amazonaws.com/photos/113157628/original.jpg",
            "references": "https://www.inaturalist.org/photos/113157628",
            "title": null,
            "creator": "maryannrobledo",
            "publisher": "iNaturalist",
            "license": "http://creativecommons.org/licenses/by-nc/4.0/",
            "rightsHolder": "maryannrobledo"
          },
          {
            "url": "https://inaturalist-open-data.s3.amazonaws.com/photos/113157637/original.jpg",
            "references": "https://www.inaturalist.org/photos/113157637",
            "title": null,
            "creator": "maryannrobledo",
            "publisher": "iNaturalist",
            "license": "http://creativecommons.org/licenses/by-nc/4.0/",
            "rightsHolder": "maryannrobledo"
          }
        ]
      }
    },
    {
      "type": "Feature",
      "geometry": {
        "type": "Point",
        "coordinates": [
          -88.568056,
          17.75
        ]
      },
      "properties": {
        "gbifID": "574796152",
        "species": "Passiflora coriacea",
        "genus": "Passiflora",
        "family": "Passifloraceae",
        "scientificName": "Passiflora coriacea Juss.",
        "coordinateUncertaintyInMeters": "",
        "basisOfRecord": "PRESERVED_SPECIMEN",
        "eventDate": "2007-03-28",
        "country": null,
        "datasetName": "Edinburgh (E) Herbarium Specimens",
        "publisher": "Royal Botanic Garden Edinburgh",
        "license": "CC0_1_0",
        "issues": [
          "CONTINENT_DERIVED_FROM_COORDINATES"
        ],
        "media": [
          {
            "url": "https://iiif.rbge.org.uk/herb/iiif/E00544271/full/1600,/0/default.jpg",
            "references": null,
            "title": null,
            "creator": "Royal Botanic Garden Edinburgh",
            "publisher": null,
            "license": "http://creativecommons.org/publicdomain/zero/1.0/",
            "rightsHolder": "Royal Botanic Garden Edinburgh"
          },
          {
            "url": "https://iiif.rbge.org.uk/herb/iiif/E00544271/full/300,/0/default.jpg",
            "references": null,
            "title": null,
            "creator": null,
            "publisher": null,
            "license": null,
            "rightsHolder": null
          }
        ]
      }
    },
    {
      "type": "Feature",
      "geometry": {
        "type": "Point",
        "coordinates": [
          -75.578243,
          5.490365
        ]
      },
      "properties": {
        "gbifID": "4976651486",
        "species": "Passiflora coriacea",
        "genus": "Passiflora",
        "family": "Passifloraceae",
        "scientificName": "Passiflora coriacea Juss.",
        "coordinateUncertaintyInMeters": "340.0",
        "basisOfRecord": "HUMAN_OBSERVATION",
        "eventDate": "2024-10-21T08:45",
        "country": null,
        "datasetName": "iNaturalist research-grade observations",
        "publisher": "iNaturalist.org",
        "license": "CC_BY_NC_4_0",
        "issues": [
          "COORDINATE_ROUNDED",
          "CONTINENT_DERIVED_FROM_COORDINATES",
          "TAXON_ID_NOT_FOUND"
        ],
        "fallback_media": {
          "url": "https://api.jacq.org/v1/images/europeana/1638715?withredirect=1",
          "references": "https://api.jacq.org/v1/images/show/1638715?withredirect=1",
          "title": null,
          "creator": null,
          "publisher": null,
          "license": "http://creativecommons.org/publicdomain/zero/1.0/",
          "rightsHolder": null
        }
      }
    },
    {
      "type": "Feature",
      "geometry": {
        "type": "Point",
        "coordinates": [
          -75.410256,
          5.723614
        ]
      },
      "properties": {
        "gbifID": "5069953726",
        "species": "Passiflora coriacea",
        "genus": "Passiflora",
        "family": "Passifloraceae",
        "scientificName": "Passiflora coriacea Juss.",
        "coordinateUncertaintyInMeters": "122.0",
        "basisOfRecord": "HUMAN_OBSERVATION",
        "eventDate": "2025-02-13T14:53",
        "country": null,
        "datasetName": "iNaturalist research-grade observations",
        "publisher": "iNaturalist.org",
        "license": "CC_BY_NC_4_0",
        "issues": [
          "COORDINATE_ROUNDED",
          "CONTINENT_DERIVED_FROM_COORDINATES",
          "TAXON_ID_NOT_FOUND"
        ],
        "media": [
          {
            "url": "https://inaturalist-open-data.s3.amazonaws.com/photos/470360531/original.jpeg",
            "references": "https://www.inaturalist.org/photos/470360531",
            "title": null,
            "creator": "Felix Uribe",
            "publisher": "iNaturalist",
            "license": "http://creativecommons.org/licenses/by-nc/4.0/",
            "rightsHolder": "Felix Uribe"
          }
        ]
      }
    },
    {
      "type": "Feature",
      "geometry": {
        "type": "Point",
        "coordinates": [
          -76.464281,
          -6.451919
        ]
      },
      "properties": {
        "gbifID": "5153089433",
        "species": "Passiflora coriacea",
        "genus": "Passiflora",
        "family": "Passifloraceae",
        "scientificName": "Passiflora coriacea Juss.",
        "coordinateUncertaintyInMeters": "",
        "basisOfRecord": "HUMAN_OBSERVATION",
        "eventDate": "2025-04-28T13:16:29",
        "country": null,
        "datasetName": "iNaturalist research-grade observations",
        "publisher": "iNaturalist.org",
        "license": "CC_BY_NC_4_0",
        "issues": [
          "COORDINATE_ROUNDED",
          "CONTINENT_DERIVED_FROM_COORDINATES",
          "TAXON_ID_NOT_FOUND"
        ],
        "media": [
          {
            "url": "https://inaturalist-open-data.s3.amazonaws.com/photos/497234902/original.jpeg",
            "references": "https://www.inaturalist.org/photos/497234902",
            "title": null,
            "creator": "Humberto Marcial Apagüeño vasquez",
            "publisher": "iNaturalist",
            "license": "http://creativecommons.org/licenses/by-nc/4.0/",
            "rightsHolder": "Humberto Marcial Apagüeño vasquez"
          },
          {
            "url": "https://inaturalist-open-data.s3.amazonaws.com/photos/497234952/original.jpeg",
            "references": "https://www.inaturalist.org/photos/497234952",
            "title": null,
            "creator": "Humberto Marcial Apagüeño vasquez",
            "publisher": "iNaturalist",
            "license": "http://creativecommons.org/licenses/by-nc/4.0/",
            "rightsHolder": "Humberto Marcial Apagüeño vasquez"
          },
          {
            "url": "https://inaturalist-open-data.s3.amazonaws.com/photos/497234981/original.jpeg",
            "references": "https://www.inaturalist.org/photos/497234981",
            "title": null,
            "creator": "Humberto Marcial Apagüeño vasquez",
            "publisher": "iNaturalist",
            "license": "http://creativecommons.org/licenses/by-nc/4.0/",
            "rightsHolder": "Humberto Marcial Apagüeño vasquez"
          },
          {
            "url": "https://inaturalist-open-data.s3.amazonaws.com/photos/497235015/original.jpeg",
            "references": "https://www.inaturalist.org/photos/497235015",
            "title": null,
            "creator": "Humberto Marcial Apagüeño vasquez",
            "publisher": "iNaturalist",
            "license": "http://creativecommons.org/licenses/by-nc/4.0/",
            "rightsHolder": "Humberto Marcial Apagüeño vasquez"
          }
        ]
      }
    },
    {
      "type": "Feature",
      "geometry": {
        "type": "Point",
        "coordinates": [
          -76.191645,
          3.475718
        ]
      },
      "properties": {
        "gbifID": "3961382710",
        "species": "Passiflora coriacea",
        "genus": "Passiflora",
        "family": "Passifloraceae",
        "scientificName": "Passiflora coriacea Juss.",
        "coordinateUncertaintyInMeters": "212.0",
        "basisOfRecord": "HUMAN_OBSERVATION",
        "eventDate": "2022-10-21T12:06",
        "country": null,
        "datasetName": "iNaturalist research-grade observations",
        "publisher": "iNaturalist.org",
        "license": "CC_BY_NC_4_0",
        "issues": [
          "COORDINATE_ROUNDED",
          "CONTINENT_DERIVED_FROM_COORDINATES",
          "TAXON_ID_NOT_FOUND"
        ],
        "media": [
          {
            "url": "https://inaturalist-open-data.s3.amazonaws.com/photos/239227386/original.jpeg",
            "references": "https://www.inaturalist.org/photos/239227386",
            "title": null,
            "creator": "Apipa",
            "publisher": "iNaturalist",
            "license": "http://creativecommons.org/licenses/by-nc/4.0/",
            "rightsHolder": "Apipa"
          },
          {
            "url": "https://inaturalist-open-data.s3.amazonaws.com/photos/239227357/original.jpeg",
            "references": "https://www.inaturalist.org/photos/239227357",
            "title": null,
            "creator": "Apipa",
            "publisher": "iNaturalist",
            "license": "http://creativecommons.org/licenses/by-nc/4.0/",
            "rightsHolder": "Apipa"
          },
          {
            "url": "https://inaturalist-open-data.s3.amazonaws.com/photos/239227282/original.jpeg",
            "references": "https://www.inaturalist.org/photos/239227282",
            "title": null,
            "creator": "Apipa",
            "publisher": "iNaturalist",
            "license": "http://creativecommons.org/licenses/by-nc/4.0/",
            "rightsHolder": "Apipa"
          },
          {
            "url": "https://inaturalist-open-data.s3.amazonaws.com/photos/239227169/original.jpeg",
            "references": "https://www.inaturalist.org/photos/239227169",
            "title": null,
            "creator": "Apipa",
            "publisher": "iNaturalist",
            "license": "http://creativecommons.org/licenses/by-nc/4.0/",
            "rightsHolder": "Apipa"
          },
          {
            "url": "https://inaturalist-open-data.s3.amazonaws.com/photos/239227311/original.jpeg",
            "references": "https://www.inaturalist.org/photos/239227311",
            "title": null,
            "creator": "Apipa",
            "publisher": "iNaturalist",
            "license": "http://creativecommons.org/licenses/by-nc/4.0/",
            "rightsHolder": "Apipa"
          },
          {
            "url": "https://inaturalist-open-data.s3.amazonaws.com/photos/239227583/original.jpeg",
            "references": "https://www.inaturalist.org/photos/239227583",
            "title": null,
            "creator": "Apipa",
            "publisher": "iNaturalist",
            "license": "http://creativecommons.org/licenses/by-nc/4.0/",
            "rightsHolder": "Apipa"
          },
          {
            "url": "https://inaturalist-open-data.s3.amazonaws.com/photos/239227431/original.jpeg",
            "references": "https://www.inaturalist.org/photos/239227431",
            "title": null,
            "creator": "Apipa",
            "publisher": "iNaturalist",
            "license": "http://creativecommons.org/licenses/by-nc/4.0/",
            "rightsHolder": "Apipa"
          },
          {
            "url": "https://inaturalist-open-data.s3.amazonaws.com/photos/239227539/original.jpeg",
            "references": "https://www.inaturalist.org/photos/239227539",
            "title": null,
            "creator": "Apipa",
            "publisher": "iNaturalist",
            "license": "http://creativecommons.org/licenses/by-nc/4.0/",
            "rightsHolder": "Apipa"
          },
          {
            "url": "https://inaturalist-open-data.s3.amazonaws.com/photos/239227506/original.jpeg",
            "references": "https://www.inaturalist.org/photos/239227506",
            "title": null,
            "creator": "Apipa",
            "publisher": "iNaturalist",
            "license": "http://creativecommons.org/licenses/by-nc/4.0/",
            "rightsHolder": "Apipa"
          },
          {
            "url": "https://inaturalist-open-data.s3.amazonaws.com/photos/239227244/original.jpeg",
            "references": "https://www.inaturalist.org/photos/239227244",
            "title": null,
            "creator": "Apipa",
            "publisher": "iNaturalist",
            "license": "http://creativecommons.org/licenses/by-nc/4.0/",
            "rightsHolder": "Apipa"
          },
          {
            "url": "https://inaturalist-open-data.s3.amazonaws.com/photos/239228037/original.jpeg",
            "references": "https://www.inaturalist.org/photos/239228037",
            "title": null,
            "creator": "Apipa",
            "publisher": "iNaturalist",
            "license": "http://creativecommons.org/licenses/by-nc/4.0/",
            "rightsHolder": "Apipa"
          },
          {
            "url": "https://inaturalist-open-data.s3.amazonaws.com/photos/239227989/original.jpeg",
            "references": "https://www.inaturalist.org/photos/239227989",
            "title": null,
            "creator": "Apipa",
            "publisher": "iNaturalist",
            "license": "http://creativecommons.org/licenses/by-nc/4.0/",
            "rightsHolder": "Apipa"
          }
        ]
      }
    },
    {
      "type": "Feature",
      "geometry": {
        "type": "Point",
        "coordinates": [
          -76.506371,
          -6.43124
        ]
      },
      "properties": {
        "gbifID": "6195939158",
        "species": "Passiflora coriacea",
        "genus": "Passiflora",
        "family": "Passifloraceae",
        "scientificName": "Passiflora coriacea Juss.",
        "coordinateUncertaintyInMeters": "",
        "basisOfRecord": "HUMAN_OBSERVATION",
        "eventDate": "2026-04-04T10:56:06",
        "country": null,
        "datasetName": "iNaturalist research-grade observations",
        "publisher": "iNaturalist.org",
        "license": "CC_BY_NC_4_0",
        "issues": [
          "COORDINATE_ROUNDED",
          "CONTINENT_DERIVED_FROM_COORDINATES",
          "TAXON_ID_NOT_FOUND"
        ],
        "media": [
          {
            "url": "https://inaturalist-open-data.s3.amazonaws.com/photos/636089311/original.jpg",
            "references": "https://www.inaturalist.org/photos/636089311",
            "title": null,
            "creator": "Ronald Mori",
            "publisher": "iNaturalist",
            "license": "http://creativecommons.org/licenses/by-nc/4.0/",
            "rightsHolder": "Ronald Mori"
          }
        ]
      }
    },
    {
      "type": "Feature",
      "geometry": {
        "type": "Point",
        "coordinates": [
          -79.883813,
          0.833728
        ]
      },
      "properties": {
        "gbifID": "4130279481",
        "species": "Passiflora coriacea",
        "genus": "Passiflora",
        "family": "Passifloraceae",
        "scientificName": "Passiflora coriacea Juss.",
        "coordinateUncertaintyInMeters": "3906.0",
        "basisOfRecord": "HUMAN_OBSERVATION",
        "eventDate": "2022-12-07T15:53",
        "country": null,
        "datasetName": "iNaturalist research-grade observations",
        "publisher": "iNaturalist.org",
        "license": "CC_BY_NC_4_0",
        "issues": [
          "COORDINATE_ROUNDED",
          "CONTINENT_DERIVED_FROM_COORDINATES",
          "TAXON_ID_NOT_FOUND"
        ],
        "media": [
          {
            "url": "https://inaturalist-open-data.s3.amazonaws.com/photos/287164381/original.jpeg",
            "references": "https://www.inaturalist.org/photos/287164381",
            "title": null,
            "creator": "J.R. Kuethe",
            "publisher": "iNaturalist",
            "license": "http://creativecommons.org/licenses/by-nc/4.0/",
            "rightsHolder": "J.R. Kuethe"
          }
        ]
      }
    },
    {
      "type": "Feature",
      "geometry": {
        "type": "Point",
        "coordinates": [
          -75.223638,
          2.937067
        ]
      },
      "properties": {
        "gbifID": "4034830430",
        "species": "Passiflora coriacea",
        "genus": "Passiflora",
        "family": "Passifloraceae",
        "scientificName": "Passiflora coriacea Juss.",
        "coordinateUncertaintyInMeters": "188.0",
        "basisOfRecord": "HUMAN_OBSERVATION",
        "eventDate": "2022-10-31T22:18",
        "country": null,
        "datasetName": "iNaturalist research-grade observations",
        "publisher": "iNaturalist.org",
        "license": "CC_BY_NC_4_0",
        "issues": [
          "COORDINATE_ROUNDED",
          "CONTINENT_DERIVED_FROM_COORDINATES",
          "TAXON_ID_NOT_FOUND"
        ],
        "media": [
          {
            "url": "https://inaturalist-open-data.s3.amazonaws.com/photos/240946956/original.jpeg",
            "references": "https://www.inaturalist.org/photos/240946956",
            "title": null,
            "creator": "sebastian_trujillo9a",
            "publisher": "iNaturalist",
            "license": "http://creativecommons.org/licenses/by-nc/4.0/",
            "rightsHolder": "sebastian_trujillo9a"
          }
        ]
      }
    },
    {
      "type": "Feature",
      "geometry": {
        "type": "Point",
        "coordinates": [
          -76.74478,
          -7.218722
        ]
      },
      "properties": {
        "gbifID": "4120881632",
        "species": "Passiflora coriacea",
        "genus": "Passiflora",
        "family": "Passifloraceae",
        "scientificName": "Passiflora coriacea Juss.",
        "coordinateUncertaintyInMeters": "6.0",
        "basisOfRecord": "HUMAN_OBSERVATION",
        "eventDate": "2023-05-16T12:32:15",
        "country": null,
        "datasetName": "iNaturalist research-grade observations",
        "publisher": "iNaturalist.org",
        "license": "CC_BY_NC_4_0",
        "issues": [
          "COORDINATE_ROUNDED",
          "CONTINENT_DERIVED_FROM_COORDINATES",
          "TAXON_ID_NOT_FOUND"
        ],
        "media": [
          {
            "url": "https://inaturalist-open-data.s3.amazonaws.com/photos/280226020/original.jpg",
            "references": "https://www.inaturalist.org/photos/280226020",
            "title": null,
            "creator": "Tilo Henning",
            "publisher": "iNaturalist",
            "license": "http://creativecommons.org/licenses/by-nc/4.0/",
            "rightsHolder": "Tilo Henning"
          },
          {
            "url": "https://inaturalist-open-data.s3.amazonaws.com/photos/280226041/original.jpg",
            "references": "https://www.inaturalist.org/photos/280226041",
            "title": null,
            "creator": "Tilo Henning",
            "publisher": "iNaturalist",
            "license": "http://creativecommons.org/licenses/by-nc/4.0/",
            "rightsHolder": "Tilo Henning"
          },
          {
            "url": "https://inaturalist-open-data.s3.amazonaws.com/photos/280226066/original.jpg",
            "references": "https://www.inaturalist.org/photos/280226066",
            "title": null,
            "creator": "Tilo Henning",
            "publisher": "iNaturalist",
            "license": "http://creativecommons.org/licenses/by-nc/4.0/",
            "rightsHolder": "Tilo Henning"
          },
          {
            "url": "https://inaturalist-open-data.s3.amazonaws.com/photos/280226085/original.jpg",
            "references": "https://www.inaturalist.org/photos/280226085",
            "title": null,
            "creator": "Tilo Henning",
            "publisher": "iNaturalist",
            "license": "http://creativecommons.org/licenses/by-nc/4.0/",
            "rightsHolder": "Tilo Henning"
          }
        ]
      }
    },
    {
      "type": "Feature",
      "geometry": {
        "type": "Point",
        "coordinates": [
          -75.822403,
          5.864925
        ]
      },
      "properties": {
        "gbifID": "4936687533",
        "species": "Passiflora coriacea",
        "genus": "Passiflora",
        "family": "Passifloraceae",
        "scientificName": "Passiflora coriacea Juss.",
        "coordinateUncertaintyInMeters": "696.0",
        "basisOfRecord": "HUMAN_OBSERVATION",
        "eventDate": "2024-05-19T09:04:07",
        "country": null,
        "datasetName": "iNaturalist research-grade observations",
        "publisher": "iNaturalist.org",
        "license": "CC_BY_NC_4_0",
        "issues": [
          "COORDINATE_ROUNDED",
          "CONTINENT_DERIVED_FROM_COORDINATES",
          "TAXON_ID_NOT_FOUND"
        ],
        "media": [
          {
            "url": "https://inaturalist-open-data.s3.amazonaws.com/photos/420815315/original.jpeg",
            "references": "https://www.inaturalist.org/photos/420815315",
            "title": null,
            "creator": "Brayan Coral Jaramillo",
            "publisher": "iNaturalist",
            "license": "http://creativecommons.org/licenses/by-nc/4.0/",
            "rightsHolder": "Brayan Coral Jaramillo"
          },
          {
            "url": "https://inaturalist-open-data.s3.amazonaws.com/photos/420815348/original.jpeg",
            "references": "https://www.inaturalist.org/photos/420815348",
            "title": null,
            "creator": "Brayan Coral Jaramillo",
            "publisher": "iNaturalist",
            "license": "http://creativecommons.org/licenses/by-nc/4.0/",
            "rightsHolder": "Brayan Coral Jaramillo"
          },
          {
            "url": "https://inaturalist-open-data.s3.amazonaws.com/photos/420815583/original.jpeg",
            "references": "https://www.inaturalist.org/photos/420815583",
            "title": null,
            "creator": "Brayan Coral Jaramillo",
            "publisher": "iNaturalist",
            "license": "http://creativecommons.org/licenses/by-nc/4.0/",
            "rightsHolder": "Brayan Coral Jaramillo"
          }
        ]
      }
    },
    {
      "type": "Feature",
      "geometry": {
        "type": "Point",
        "coordinates": [
          -76.280775,
          -6.67716
        ]
      },
      "properties": {
        "gbifID": "3963384200",
        "species": "Passiflora coriacea",
        "genus": "Passiflora",
        "family": "Passifloraceae",
        "scientificName": "Passiflora coriacea Juss.",
        "coordinateUncertaintyInMeters": "482.0",
        "basisOfRecord": "HUMAN_OBSERVATION",
        "eventDate": "2016-03-04T13:16",
        "country": null,
        "datasetName": "iNaturalist research-grade observations",
        "publisher": "iNaturalist.org",
        "license": "CC_BY_NC_4_0",
        "issues": [
          "CONTINENT_DERIVED_FROM_COORDINATES",
          "TAXON_ID_NOT_FOUND"
        ],
        "media": [
          {
            "url": "https://inaturalist-open-data.s3.amazonaws.com/photos/242082529/original.jpeg",
            "references": "https://www.inaturalist.org/photos/242082529",
            "title": null,
            "creator": "Neil Rosser",
            "publisher": "iNaturalist",
            "license": "http://creativecommons.org/licenses/by-nc/4.0/",
            "rightsHolder": "Neil Rosser"
          },
          {
            "url": "https://inaturalist-open-data.s3.amazonaws.com/photos/242082540/original.jpeg",
            "references": "https://www.inaturalist.org/photos/242082540",
            "title": null,
            "creator": "Neil Rosser",
            "publisher": "iNaturalist",
            "license": "http://creativecommons.org/licenses/by-nc/4.0/",
            "rightsHolder": "Neil Rosser"
          },
          {
            "url": "https://inaturalist-open-data.s3.amazonaws.com/photos/242082553/original.jpeg",
            "references": "https://www.inaturalist.org/photos/242082553",
            "title": null,
            "creator": "Neil Rosser",
            "publisher": "iNaturalist",
            "license": "http://creativecommons.org/licenses/by-nc/4.0/",
            "rightsHolder": "Neil Rosser"
          },
          {
            "url": "https://inaturalist-open-data.s3.amazonaws.com/photos/242082559/original.jpeg",
            "references": "https://www.inaturalist.org/photos/242082559",
            "title": null,
            "creator": "Neil Rosser",
            "publisher": "iNaturalist",
            "license": "http://creativecommons.org/licenses/by-nc/4.0/",
            "rightsHolder": "Neil Rosser"
          },
          {
            "url": "https://inaturalist-open-data.s3.amazonaws.com/photos/242082571/original.jpeg",
            "references": "https://www.inaturalist.org/photos/242082571",
            "title": null,
            "creator": "Neil Rosser",
            "publisher": "iNaturalist",
            "license": "http://creativecommons.org/licenses/by-nc/4.0/",
            "rightsHolder": "Neil Rosser"
          },
          {
            "url": "https://inaturalist-open-data.s3.amazonaws.com/photos/242082583/original.jpeg",
            "references": "https://www.inaturalist.org/photos/242082583",
            "title": null,
            "creator": "Neil Rosser",
            "publisher": "iNaturalist",
            "license": "http://creativecommons.org/licenses/by-nc/4.0/",
            "rightsHolder": "Neil Rosser"
          },
          {
            "url": "https://inaturalist-open-data.s3.amazonaws.com/photos/242082593/original.jpeg",
            "references": "https://www.inaturalist.org/photos/242082593",
            "title": null,
            "creator": "Neil Rosser",
            "publisher": "iNaturalist",
            "license": "http://creativecommons.org/licenses/by-nc/4.0/",
            "rightsHolder": "Neil Rosser"
          },
          {
            "url": "https://inaturalist-open-data.s3.amazonaws.com/photos/242082600/original.jpeg",
            "references": "https://www.inaturalist.org/photos/242082600",
            "title": null,
            "creator": "Neil Rosser",
            "publisher": "iNaturalist",
            "license": "http://creativecommons.org/licenses/by-nc/4.0/",
            "rightsHolder": "Neil Rosser"
          },
          {
            "url": "https://inaturalist-open-data.s3.amazonaws.com/photos/242082609/original.jpeg",
            "references": "https://www.inaturalist.org/photos/242082609",
            "title": null,
            "creator": "Neil Rosser",
            "publisher": "iNaturalist",
            "license": "http://creativecommons.org/licenses/by-nc/4.0/",
            "rightsHolder": "Neil Rosser"
          },
          {
            "url": "https://inaturalist-open-data.s3.amazonaws.com/photos/242082616/original.jpeg",
            "references": "https://www.inaturalist.org/photos/242082616",
            "title": null,
            "creator": "Neil Rosser",
            "publisher": "iNaturalist",
            "license": "http://creativecommons.org/licenses/by-nc/4.0/",
            "rightsHolder": "Neil Rosser"
          }
        ]
      }
    },
    {
      "type": "Feature",
      "geometry": {
        "type": "Point",
        "coordinates": [
          -76.278977,
          -6.58097
        ]
      },
      "properties": {
        "gbifID": "3468716537",
        "species": "Passiflora coriacea",
        "genus": "Passiflora",
        "family": "Passifloraceae",
        "scientificName": "Passiflora coriacea Juss.",
        "coordinateUncertaintyInMeters": "450.0",
        "basisOfRecord": "HUMAN_OBSERVATION",
        "eventDate": "2012-10-31T20:52",
        "country": null,
        "datasetName": "iNaturalist research-grade observations",
        "publisher": "iNaturalist.org",
        "license": "CC_BY_NC_4_0",
        "issues": [
          "COORDINATE_ROUNDED",
          "CONTINENT_DERIVED_FROM_COORDINATES",
          "TAXON_ID_NOT_FOUND"
        ],
        "media": [
          {
            "url": "https://inaturalist-open-data.s3.amazonaws.com/photos/177248339/original.jpeg",
            "references": "https://www.inaturalist.org/photos/177248339",
            "title": null,
            "creator": "Neil Rosser",
            "publisher": "iNaturalist",
            "license": "http://creativecommons.org/licenses/by-nc/4.0/",
            "rightsHolder": "Neil Rosser"
          },
          {
            "url": "https://inaturalist-open-data.s3.amazonaws.com/photos/177248346/original.jpeg",
            "references": "https://www.inaturalist.org/photos/177248346",
            "title": null,
            "creator": "Neil Rosser",
            "publisher": "iNaturalist",
            "license": "http://creativecommons.org/licenses/by-nc/4.0/",
            "rightsHolder": "Neil Rosser"
          }
        ]
      }
    },
    {
      "type": "Feature",
      "geometry": {
        "type": "Point",
        "coordinates": [
          -76.738853,
          -7.204667
        ]
      },
      "properties": {
        "gbifID": "5292919887",
        "species": "Passiflora coriacea",
        "genus": "Passiflora",
        "family": "Passifloraceae",
        "scientificName": "Passiflora coriacea Juss.",
        "coordinateUncertaintyInMeters": "14.0",
        "basisOfRecord": "HUMAN_OBSERVATION",
        "eventDate": "2025-08-10T13:36:30",
        "country": null,
        "datasetName": "iNaturalist research-grade observations",
        "publisher": "iNaturalist.org",
        "license": "CC_BY_NC_4_0",
        "issues": [
          "COORDINATE_ROUNDED",
          "CONTINENT_DERIVED_FROM_COORDINATES",
          "TAXON_ID_NOT_FOUND"
        ],
        "media": [
          {
            "url": "https://inaturalist-open-data.s3.amazonaws.com/photos/550694654/original.jpg",
            "references": "https://www.inaturalist.org/photos/550694654",
            "title": null,
            "creator": "Martin W",
            "publisher": "iNaturalist",
            "license": "http://creativecommons.org/licenses/by-nc/4.0/",
            "rightsHolder": "Martin W"
          },
          {
            "url": "https://inaturalist-open-data.s3.amazonaws.com/photos/550694650/original.jpg",
            "references": "https://www.inaturalist.org/photos/550694650",
            "title": null,
            "creator": "Martin W",
            "publisher": "iNaturalist",
            "license": "http://creativecommons.org/licenses/by-nc/4.0/",
            "rightsHolder": "Martin W"
          }
        ]
      }
    },
    {
      "type": "Feature",
      "geometry": {
        "type": "Point",
        "coordinates": [
          -75.983548,
          6.405282
        ]
      },
      "properties": {
        "gbifID": "6253239915",
        "species": "Passiflora coriacea",
        "genus": "Passiflora",
        "family": "Passifloraceae",
        "scientificName": "Passiflora coriacea Juss.",
        "coordinateUncertaintyInMeters": "323.0",
        "basisOfRecord": "HUMAN_OBSERVATION",
        "eventDate": "2026-04-29T13:36:52",
        "country": null,
        "datasetName": "iNaturalist research-grade observations",
        "publisher": "iNaturalist.org",
        "license": "CC_BY_NC_4_0",
        "issues": [
          "COORDINATE_ROUNDED",
          "CONTINENT_DERIVED_FROM_COORDINATES",
          "TAXON_ID_NOT_FOUND"
        ],
        "media": [
          {
            "url": "https://inaturalist-open-data.s3.amazonaws.com/photos/652607789/original.jpg",
            "references": "https://www.inaturalist.org/photos/652607789",
            "title": null,
            "creator": "Esmeralda Agudelo Arenas",
            "publisher": "iNaturalist",
            "license": "http://creativecommons.org/licenses/by-nc/4.0/",
            "rightsHolder": "Esmeralda Agudelo Arenas"
          }
        ]
      }
    },
    {
      "type": "Feature",
      "geometry": {
        "type": "Point",
        "coordinates": [
          -75.302409,
          2.944081
        ]
      },
      "properties": {
        "gbifID": "4116393081",
        "species": "Passiflora coriacea",
        "genus": "Passiflora",
        "family": "Passifloraceae",
        "scientificName": "Passiflora coriacea Juss.",
        "coordinateUncertaintyInMeters": "2.0",
        "basisOfRecord": "HUMAN_OBSERVATION",
        "eventDate": "2023-05-10T21:01",
        "country": null,
        "datasetName": "iNaturalist research-grade observations",
        "publisher": "iNaturalist.org",
        "license": "CC_BY_NC_4_0",
        "issues": [
          "COORDINATE_ROUNDED",
          "CONTINENT_DERIVED_FROM_COORDINATES",
          "TAXON_ID_NOT_FOUND"
        ],
        "media": [
          {
            "url": "https://inaturalist-open-data.s3.amazonaws.com/photos/278277431/original.jpg",
            "references": "https://www.inaturalist.org/photos/278277431",
            "title": null,
            "creator": "Néstor Ramírez Silva",
            "publisher": "iNaturalist",
            "license": "http://creativecommons.org/licenses/by-nc/4.0/",
            "rightsHolder": "Néstor Ramírez Silva"
          }
        ]
      }
    },
    {
      "type": "Feature",
      "geometry": {
        "type": "Point",
        "coordinates": [
          -76.737448,
          -7.2694
        ]
      },
      "properties": {
        "gbifID": "3456436813",
        "species": "Passiflora coriacea",
        "genus": "Passiflora",
        "family": "Passifloraceae",
        "scientificName": "Passiflora coriacea Juss.",
        "coordinateUncertaintyInMeters": "4.0",
        "basisOfRecord": "HUMAN_OBSERVATION",
        "eventDate": "2021-10-22T08:37",
        "country": null,
        "datasetName": "iNaturalist research-grade observations",
        "publisher": "iNaturalist.org",
        "license": "CC_BY_NC_4_0",
        "issues": [
          "COORDINATE_ROUNDED",
          "CONTINENT_DERIVED_FROM_COORDINATES",
          "TAXON_ID_NOT_FOUND"
        ],
        "media": [
          {
            "url": "https://inaturalist-open-data.s3.amazonaws.com/photos/176243015/original.jpeg",
            "references": "https://www.inaturalist.org/photos/176243015",
            "title": null,
            "creator": "Rob Westerduijn",
            "publisher": "iNaturalist",
            "license": "http://creativecommons.org/licenses/by-nc/4.0/",
            "rightsHolder": "Rob Westerduijn"
          },
          {
            "url": "https://inaturalist-open-data.s3.amazonaws.com/photos/176243017/original.jpeg",
            "references": "https://www.inaturalist.org/photos/176243017",
            "title": null,
            "creator": "Rob Westerduijn",
            "publisher": "iNaturalist",
            "license": "http://creativecommons.org/licenses/by-nc/4.0/",
            "rightsHolder": "Rob Westerduijn"
          },
          {
            "url": "https://inaturalist-open-data.s3.amazonaws.com/photos/176243022/original.jpeg",
            "references": "https://www.inaturalist.org/photos/176243022",
            "title": null,
            "creator": "Rob Westerduijn",
            "publisher": "iNaturalist",
            "license": "http://creativecommons.org/licenses/by-nc/4.0/",
            "rightsHolder": "Rob Westerduijn"
          },
          {
            "url": "https://inaturalist-open-data.s3.amazonaws.com/photos/176243031/original.jpeg",
            "references": "https://www.inaturalist.org/photos/176243031",
            "title": null,
            "creator": "Rob Westerduijn",
            "publisher": "iNaturalist",
            "license": "http://creativecommons.org/licenses/by-nc/4.0/",
            "rightsHolder": "Rob Westerduijn"
          }
        ]
      }
    },
    {
      "type": "Feature",
      "geometry": {
        "type": "Point",
        "coordinates": [
          -75.759069,
          6.506282
        ]
      },
      "properties": {
        "gbifID": "2620044306",
        "species": "Passiflora coriacea",
        "genus": "Passiflora",
        "family": "Passifloraceae",
        "scientificName": "Passiflora coriacea Juss.",
        "coordinateUncertaintyInMeters": "119.0",
        "basisOfRecord": "HUMAN_OBSERVATION",
        "eventDate": "2012-07-27T09:47",
        "country": null,
        "datasetName": "iNaturalist research-grade observations",
        "publisher": "iNaturalist.org",
        "license": "CC_BY_4_0",
        "issues": [
          "COORDINATE_ROUNDED",
          "CONTINENT_DERIVED_FROM_COORDINATES",
          "TAXON_ID_NOT_FOUND"
        ],
        "media": [
          {
            "url": "https://inaturalist-open-data.s3.amazonaws.com/photos/4530463/original.jpeg",
            "references": "https://www.inaturalist.org/photos/4530463",
            "title": null,
            "creator": "Daniel A. Monsalve Ortiz",
            "publisher": "iNaturalist",
            "license": "http://creativecommons.org/licenses/by/4.0/",
            "rightsHolder": "Daniel A. Monsalve Ortiz"
          },
          {
            "url": "https://inaturalist-open-data.s3.amazonaws.com/photos/4530466/original.jpeg",
            "references": "https://www.inaturalist.org/photos/4530466",
            "title": null,
            "creator": "Daniel A. Monsalve Ortiz",
            "publisher": "iNaturalist",
            "license": "http://creativecommons.org/licenses/by/4.0/",
            "rightsHolder": "Daniel A. Monsalve Ortiz"
          },
          {
            "url": "https://inaturalist-open-data.s3.amazonaws.com/photos/4530472/original.jpeg",
            "references": "https://www.inaturalist.org/photos/4530472",
            "title": null,
            "creator": "Daniel A. Monsalve Ortiz",
            "publisher": "iNaturalist",
            "license": "http://creativecommons.org/licenses/by/4.0/",
            "rightsHolder": "Daniel A. Monsalve Ortiz"
          },
          {
            "url": "https://inaturalist-open-data.s3.amazonaws.com/photos/4530480/original.jpeg",
            "references": "https://www.inaturalist.org/photos/4530480",
            "title": null,
            "creator": "Daniel A. Monsalve Ortiz",
            "publisher": "iNaturalist",
            "license": "http://creativecommons.org/licenses/by/4.0/",
            "rightsHolder": "Daniel A. Monsalve Ortiz"
          }
        ]
      }
    },
    {
      "type": "Feature",
      "geometry": {
        "type": "Point",
        "coordinates": [
          -74.823667,
          4.746889
        ]
      },
      "properties": {
        "gbifID": "1707491118",
        "species": "Passiflora coriacea",
        "genus": "Passiflora",
        "family": "Passifloraceae",
        "scientificName": "Passiflora coriacea Juss.",
        "coordinateUncertaintyInMeters": "",
        "basisOfRecord": "PRESERVED_SPECIMEN",
        "eventDate": "2013-10-27",
        "country": null,
        "datasetName": "Mapa de Cobertura de Bosque Seco 2013 IAvH-Ministerio de Ambiente y Desarrollo Sostenible",
        "publisher": "Instituto de Investigación de Recursos Biológicos Alexander von Humboldt",
        "license": "CC_BY_NC_4_0",
        "issues": [
          "COORDINATE_ROUNDED",
          "GEODETIC_DATUM_ASSUMED_WGS84",
          "INSTITUTION_MATCH_FUZZY"
        ],
        "media": [
          {
            "url": "http://colecciones.humboldt.org.co/rec/imagenes/FMB/FMB-102958/FMB-102958.JPG",
            "references": null,
            "title": null,
            "creator": null,
            "publisher": null,
            "license": null,
            "rightsHolder": null
          }
        ]
      }
    },
    {
      "type": "Feature",
      "geometry": {
        "type": "Point",
        "coordinates": [
          -75.583333,
          2.283333
        ]
      },
      "properties": {
        "gbifID": "1707564680",
        "species": "Passiflora coriacea",
        "genus": "Passiflora",
        "family": "Passifloraceae",
        "scientificName": "Passiflora coriacea Juss.",
        "coordinateUncertaintyInMeters": "",
        "basisOfRecord": "PRESERVED_SPECIMEN",
        "eventDate": "2002-09-14",
        "country": null,
        "datasetName": "",
        "publisher": "Instituto de Investigación de Recursos Biológicos Alexander von Humboldt",
        "license": "CC_BY_NC_4_0",
        "issues": [
          "COORDINATE_ROUNDED",
          "GEODETIC_DATUM_ASSUMED_WGS84",
          "INSTITUTION_MATCH_FUZZY"
        ],
        "media": [
          {
            "url": "http://colecciones.humboldt.org.co/rec/imagenes/FMB/FMB-69144/FMB-69144.JPG",
            "references": null,
            "title": null,
            "creator": null,
            "publisher": null,
            "license": null,
            "rightsHolder": null
          }
        ]
      }
    },
    {
      "type": "Feature",
      "geometry": {
        "type": "Point",
        "coordinates": [
          -74.752222,
          5.091944
        ]
      },
      "properties": {
        "gbifID": "1707510769",
        "species": "Passiflora coriacea",
        "genus": "Passiflora",
        "family": "Passifloraceae",
        "scientificName": "Passiflora coriacea Juss.",
        "coordinateUncertaintyInMeters": "",
        "basisOfRecord": "PRESERVED_SPECIMEN",
        "eventDate": "1995-11-20",
        "country": null,
        "datasetName": "",
        "publisher": "Instituto de Investigación de Recursos Biológicos Alexander von Humboldt",
        "license": "CC_BY_NC_4_0",
        "issues": [
          "COORDINATE_ROUNDED",
          "GEODETIC_DATUM_ASSUMED_WGS84",
          "INSTITUTION_MATCH_FUZZY"
        ],
        "media": [
          {
            "url": "http://colecciones.humboldt.org.co/rec/imagenes/FMB/FMB-19561/FMB-19561.JPG",
            "references": null,
            "title": null,
            "creator": null,
            "publisher": null,
            "license": null,
            "rightsHolder": null
          }
        ]
      }
    },
    {
      "type": "Feature",
      "geometry": {
        "type": "Point",
        "coordinates": [
          -73.2119,
          7.24764
        ]
      },
      "properties": {
        "gbifID": "1707491763",
        "species": "Passiflora coriacea",
        "genus": "Passiflora",
        "family": "Passifloraceae",
        "scientificName": "Passiflora coriacea Juss.",
        "coordinateUncertaintyInMeters": "",
        "basisOfRecord": "PRESERVED_SPECIMEN",
        "eventDate": "2013-09-27",
        "country": null,
        "datasetName": "Planeación ambiental para la Conservación de la biodiversidad en las áreas operativas de ECOPETROL",
        "publisher": "Instituto de Investigación de Recursos Biológicos Alexander von Humboldt",
        "license": "CC_BY_NC_4_0",
        "issues": [
          "GEODETIC_DATUM_ASSUMED_WGS84",
          "INSTITUTION_MATCH_FUZZY"
        ],
        "fallback_media": {
          "url": "https://api.jacq.org/v1/images/europeana/1638715?withredirect=1",
          "references": "https://api.jacq.org/v1/images/show/1638715?withredirect=1",
          "title": null,
          "creator": null,
          "publisher": null,
          "license": "http://creativecommons.org/publicdomain/zero/1.0/",
          "rightsHolder": null
        }
      }
    },
    {
      "type": "Feature",
      "geometry": {
        "type": "Point",
        "coordinates": [
          -67.822955,
          -15.534602
        ]
      },
      "properties": {
        "gbifID": "4508012561",
        "species": "Passiflora coriacea",
        "genus": "Passiflora",
        "family": "Passifloraceae",
        "scientificName": "Passiflora coriacea Juss.",
        "coordinateUncertaintyInMeters": "7813.0",
        "basisOfRecord": "HUMAN_OBSERVATION",
        "eventDate": "2023-12-01T21:30",
        "country": null,
        "datasetName": "iNaturalist research-grade observations",
        "publisher": "iNaturalist.org",
        "license": "CC_BY_NC_4_0",
        "issues": [
          "COORDINATE_ROUNDED",
          "CONTINENT_DERIVED_FROM_COORDINATES",
          "TAXON_ID_NOT_FOUND"
        ],
        "media": [
          {
            "url": "https://inaturalist-open-data.s3.amazonaws.com/photos/344154183/original.jpeg",
            "references": "https://www.inaturalist.org/photos/344154183",
            "title": null,
            "creator": "J.R. Kuethe",
            "publisher": "iNaturalist",
            "license": "http://creativecommons.org/licenses/by-nc/4.0/",
            "rightsHolder": "J.R. Kuethe"
          },
          {
            "url": "https://inaturalist-open-data.s3.amazonaws.com/photos/344153933/original.jpeg",
            "references": "https://www.inaturalist.org/photos/344153933",
            "title": null,
            "creator": "J.R. Kuethe",
            "publisher": "iNaturalist",
            "license": "http://creativecommons.org/licenses/by-nc/4.0/",
            "rightsHolder": "J.R. Kuethe"
          },
          {
            "url": "https://inaturalist-open-data.s3.amazonaws.com/photos/344153826/original.jpeg",
            "references": "https://www.inaturalist.org/photos/344153826",
            "title": null,
            "creator": "J.R. Kuethe",
            "publisher": "iNaturalist",
            "license": "http://creativecommons.org/licenses/by-nc/4.0/",
            "rightsHolder": "J.R. Kuethe"
          }
        ]
      }
    },
    {
      "type": "Feature",
      "geometry": {
        "type": "Point",
        "coordinates": [
          -72.610043,
          -12.754155
        ]
      },
      "properties": {
        "gbifID": "3915500302",
        "species": "Passiflora coriacea",
        "genus": "Passiflora",
        "family": "Passifloraceae",
        "scientificName": "Passiflora coriacea Juss.",
        "coordinateUncertaintyInMeters": "8.0",
        "basisOfRecord": "HUMAN_OBSERVATION",
        "eventDate": "2012-02-08T15:15",
        "country": null,
        "datasetName": "iNaturalist research-grade observations",
        "publisher": "iNaturalist.org",
        "license": "CC_BY_NC_4_0",
        "issues": [
          "COORDINATE_ROUNDED",
          "CONTINENT_DERIVED_FROM_COORDINATES",
          "TAXON_ID_NOT_FOUND"
        ],
        "media": [
          {
            "url": "https://inaturalist-open-data.s3.amazonaws.com/photos/232285781/original.jpeg",
            "references": "https://www.inaturalist.org/photos/232285781",
            "title": null,
            "creator": "danplant",
            "publisher": "iNaturalist",
            "license": "http://creativecommons.org/licenses/by-nc/4.0/",
            "rightsHolder": "danplant"
          }
        ]
      }
    },
    {
      "type": "Feature",
      "geometry": {
        "type": "Point",
        "coordinates": [
          -75.358491,
          5.669789
        ]
      },
      "properties": {
        "gbifID": "4606824644",
        "species": "Passiflora coriacea",
        "genus": "Passiflora",
        "family": "Passifloraceae",
        "scientificName": "Passiflora coriacea Juss.",
        "coordinateUncertaintyInMeters": "1303.0",
        "basisOfRecord": "HUMAN_OBSERVATION",
        "eventDate": "2024-04-08T12:19:34",
        "country": null,
        "datasetName": "iNaturalist research-grade observations",
        "publisher": "iNaturalist.org",
        "license": "CC_BY_NC_4_0",
        "issues": [
          "COORDINATE_ROUNDED",
          "CONTINENT_DERIVED_FROM_COORDINATES",
          "TAXON_ID_NOT_FOUND"
        ],
        "media": [
          {
            "url": "https://inaturalist-open-data.s3.amazonaws.com/photos/365151844/original.jpeg",
            "references": "https://www.inaturalist.org/photos/365151844",
            "title": null,
            "creator": "Felix Uribe",
            "publisher": "iNaturalist",
            "license": "http://creativecommons.org/licenses/by-nc/4.0/",
            "rightsHolder": "Felix Uribe"
          }
        ]
      }
    },
    {
      "type": "Feature",
      "geometry": {
        "type": "Point",
        "coordinates": [
          -76.222667,
          -6.589089
        ]
      },
      "properties": {
        "gbifID": "3466252610",
        "species": "Passiflora coriacea",
        "genus": "Passiflora",
        "family": "Passifloraceae",
        "scientificName": "Passiflora coriacea Juss.",
        "coordinateUncertaintyInMeters": "200.0",
        "basisOfRecord": "HUMAN_OBSERVATION",
        "eventDate": "2012-10-31T19:24",
        "country": null,
        "datasetName": "iNaturalist research-grade observations",
        "publisher": "iNaturalist.org",
        "license": "CC_BY_NC_4_0",
        "issues": [
          "CONTINENT_DERIVED_FROM_COORDINATES",
          "TAXON_ID_NOT_FOUND"
        ],
        "media": [
          {
            "url": "https://inaturalist-open-data.s3.amazonaws.com/photos/177247948/original.jpeg",
            "references": "https://www.inaturalist.org/photos/177247948",
            "title": null,
            "creator": "Neil Rosser",
            "publisher": "iNaturalist",
            "license": "http://creativecommons.org/licenses/by-nc/4.0/",
            "rightsHolder": "Neil Rosser"
          },
          {
            "url": "https://inaturalist-open-data.s3.amazonaws.com/photos/177247952/original.jpeg",
            "references": "https://www.inaturalist.org/photos/177247952",
            "title": null,
            "creator": "Neil Rosser",
            "publisher": "iNaturalist",
            "license": "http://creativecommons.org/licenses/by-nc/4.0/",
            "rightsHolder": "Neil Rosser"
          },
          {
            "url": "https://inaturalist-open-data.s3.amazonaws.com/photos/177247955/original.jpeg",
            "references": "https://www.inaturalist.org/photos/177247955",
            "title": null,
            "creator": "Neil Rosser",
            "publisher": "iNaturalist",
            "license": "http://creativecommons.org/licenses/by-nc/4.0/",
            "rightsHolder": "Neil Rosser"
          },
          {
            "url": "https://inaturalist-open-data.s3.amazonaws.com/photos/177247961/original.jpeg",
            "references": "https://www.inaturalist.org/photos/177247961",
            "title": null,
            "creator": "Neil Rosser",
            "publisher": "iNaturalist",
            "license": "http://creativecommons.org/licenses/by-nc/4.0/",
            "rightsHolder": "Neil Rosser"
          }
        ]
      }
    },
    {
      "type": "Feature",
      "geometry": {
        "type": "Point",
        "coordinates": [
          -74.433333,
          4.96666
        ]
      },
      "properties": {
        "gbifID": "3032730132",
        "species": "Passiflora coriacea",
        "genus": "Passiflora",
        "family": "Passifloraceae",
        "scientificName": "Passiflora coriacea Juss.",
        "coordinateUncertaintyInMeters": "",
        "basisOfRecord": "PRESERVED_SPECIMEN",
        "eventDate": "1974-10-25",
        "country": null,
        "datasetName": "",
        "publisher": "Universidad de la Salle",
        "license": "CC0_1_0",
        "issues": [
          "INSTITUTION_MATCH_FUZZY",
          "COLLECTION_MATCH_FUZZY",
          "MULTIMEDIA_URI_INVALID"
        ],
        "fallback_media": {
          "url": "https://api.jacq.org/v1/images/europeana/1638715?withredirect=1",
          "references": "https://api.jacq.org/v1/images/show/1638715?withredirect=1",
          "title": null,
          "creator": null,
          "publisher": null,
          "license": "http://creativecommons.org/publicdomain/zero/1.0/",
          "rightsHolder": null
        }
      }
    },
    {
      "type": "Feature",
      "geometry": {
        "type": "Point",
        "coordinates": [
          -74.107436,
          11.145886
        ]
      },
      "properties": {
        "gbifID": "3759075914",
        "species": "Passiflora coriacea",
        "genus": "Passiflora",
        "family": "Passifloraceae",
        "scientificName": "Passiflora coriacea Juss.",
        "coordinateUncertaintyInMeters": "96.0",
        "basisOfRecord": "HUMAN_OBSERVATION",
        "eventDate": "2022-03-21T09:35:05",
        "country": null,
        "datasetName": "iNaturalist research-grade observations",
        "publisher": "iNaturalist.org",
        "license": "CC_BY_4_0",
        "issues": [
          "COORDINATE_ROUNDED",
          "CONTINENT_DERIVED_FROM_COORDINATES",
          "TAXON_ID_NOT_FOUND"
        ],
        "media": [
          {
            "url": "https://inaturalist-open-data.s3.amazonaws.com/photos/183940440/original.jpg",
            "references": "https://www.inaturalist.org/photos/183940440",
            "title": null,
            "creator": "Skjold Søndergaard",
            "publisher": "iNaturalist",
            "license": "http://creativecommons.org/licenses/by/4.0/",
            "rightsHolder": "Skjold Søndergaard"
          },
          {
            "url": "https://inaturalist-open-data.s3.amazonaws.com/photos/183940458/original.jpg",
            "references": "https://www.inaturalist.org/photos/183940458",
            "title": null,
            "creator": "Skjold Søndergaard",
            "publisher": "iNaturalist",
            "license": "http://creativecommons.org/licenses/by/4.0/",
            "rightsHolder": "Skjold Søndergaard"
          },
          {
            "url": "https://inaturalist-open-data.s3.amazonaws.com/photos/183940493/original.jpg",
            "references": "https://www.inaturalist.org/photos/183940493",
            "title": null,
            "creator": "Skjold Søndergaard",
            "publisher": "iNaturalist",
            "license": "http://creativecommons.org/licenses/by/4.0/",
            "rightsHolder": "Skjold Søndergaard"
          }
        ]
      }
    },
    {
      "type": "Feature",
      "geometry": {
        "type": "Point",
        "coordinates": [
          -74.982504,
          4.301181
        ]
      },
      "properties": {
        "gbifID": "4922017816",
        "species": "Passiflora coriacea",
        "genus": "Passiflora",
        "family": "Passifloraceae",
        "scientificName": "Passiflora coriacea Juss.",
        "coordinateUncertaintyInMeters": "250.0",
        "basisOfRecord": "HUMAN_OBSERVATION",
        "eventDate": "2024-07-28T09:12",
        "country": null,
        "datasetName": "iNaturalist research-grade observations",
        "publisher": "iNaturalist.org",
        "license": "CC_BY_NC_4_0",
        "issues": [
          "COORDINATE_ROUNDED",
          "CONTINENT_DERIVED_FROM_COORDINATES",
          "TAXON_ID_NOT_FOUND"
        ],
        "fallback_media": {
          "url": "https://api.jacq.org/v1/images/europeana/1638715?withredirect=1",
          "references": "https://api.jacq.org/v1/images/show/1638715?withredirect=1",
          "title": null,
          "creator": null,
          "publisher": null,
          "license": "http://creativecommons.org/publicdomain/zero/1.0/",
          "rightsHolder": null
        }
      }
    },
    {
      "type": "Feature",
      "geometry": {
        "type": "Point",
        "coordinates": [
          -76.18322,
          3.616676
        ]
      },
      "properties": {
        "gbifID": "857853041",
        "species": "Passiflora coriacea",
        "genus": "Passiflora",
        "family": "Passifloraceae",
        "scientificName": "Passiflora coriacea Juss.",
        "coordinateUncertaintyInMeters": "",
        "basisOfRecord": "HUMAN_OBSERVATION",
        "eventDate": "2010-04-19",
        "country": null,
        "datasetName": "Inventarios de Fauna y Flora en Relictos de Bosque en el Enclave Seco del Río Amaime, Valle del Cauca",
        "publisher": "WCS Colombia",
        "license": "CC0_1_0",
        "issues": [
          "OCCURRENCE_STATUS_INFERRED_FROM_INDIVIDUAL_COUNT",
          "COORDINATE_ROUNDED"
        ],
        "fallback_media": {
          "url": "https://api.jacq.org/v1/images/europeana/1638715?withredirect=1",
          "references": "https://api.jacq.org/v1/images/show/1638715?withredirect=1",
          "title": null,
          "creator": null,
          "publisher": null,
          "license": "http://creativecommons.org/publicdomain/zero/1.0/",
          "rightsHolder": null
        }
      }
    },
    {
      "type": "Feature",
      "geometry": {
        "type": "Point",
        "coordinates": [
          -76.661767,
          -7.383547
        ]
      },
      "properties": {
        "gbifID": "4908236443",
        "species": "Passiflora coriacea",
        "genus": "Passiflora",
        "family": "Passifloraceae",
        "scientificName": "Passiflora coriacea Juss.",
        "coordinateUncertaintyInMeters": "6.0",
        "basisOfRecord": "HUMAN_OBSERVATION",
        "eventDate": "2024-07-12T16:36:09",
        "country": null,
        "datasetName": "iNaturalist research-grade observations",
        "publisher": "iNaturalist.org",
        "license": "CC_BY_NC_4_0",
        "issues": [
          "COORDINATE_ROUNDED",
          "CONTINENT_DERIVED_FROM_COORDINATES",
          "TAXON_ID_NOT_FOUND"
        ],
        "media": [
          {
            "url": "https://inaturalist-open-data.s3.amazonaws.com/photos/406348766/original.jpeg",
            "references": "https://www.inaturalist.org/photos/406348766",
            "title": null,
            "creator": "Ochoa Jorge",
            "publisher": "iNaturalist",
            "license": "http://creativecommons.org/licenses/by-nc/4.0/",
            "rightsHolder": "Ochoa Jorge"
          },
          {
            "url": "https://inaturalist-open-data.s3.amazonaws.com/photos/406348781/original.jpeg",
            "references": "https://www.inaturalist.org/photos/406348781",
            "title": null,
            "creator": "Ochoa Jorge",
            "publisher": "iNaturalist",
            "license": "http://creativecommons.org/licenses/by-nc/4.0/",
            "rightsHolder": "Ochoa Jorge"
          },
          {
            "url": "https://inaturalist-open-data.s3.amazonaws.com/photos/406348799/original.jpeg",
            "references": "https://www.inaturalist.org/photos/406348799",
            "title": null,
            "creator": "Ochoa Jorge",
            "publisher": "iNaturalist",
            "license": "http://creativecommons.org/licenses/by-nc/4.0/",
            "rightsHolder": "Ochoa Jorge"
          },
          {
            "url": "https://inaturalist-open-data.s3.amazonaws.com/photos/406348812/original.jpeg",
            "references": "https://www.inaturalist.org/photos/406348812",
            "title": null,
            "creator": "Ochoa Jorge",
            "publisher": "iNaturalist",
            "license": "http://creativecommons.org/licenses/by-nc/4.0/",
            "rightsHolder": "Ochoa Jorge"
          }
        ]
      }
    },
    {
      "type": "Feature",
      "geometry": {
        "type": "Point",
        "coordinates": [
          -67.506378,
          -15.802769
        ]
      },
      "properties": {
        "gbifID": "4535878137",
        "species": "Passiflora coriacea",
        "genus": "Passiflora",
        "family": "Passifloraceae",
        "scientificName": "Passiflora coriacea Juss.",
        "coordinateUncertaintyInMeters": "",
        "basisOfRecord": "HUMAN_OBSERVATION",
        "eventDate": "2023-12-02T09:31",
        "country": null,
        "datasetName": "iNaturalist research-grade observations",
        "publisher": "iNaturalist.org",
        "license": "CC_BY_NC_4_0",
        "issues": [
          "COORDINATE_ROUNDED",
          "CONTINENT_DERIVED_FROM_COORDINATES",
          "TAXON_ID_NOT_FOUND"
        ],
        "media": [
          {
            "url": "https://inaturalist-open-data.s3.amazonaws.com/photos/351754157/original.jpg",
            "references": "https://www.inaturalist.org/photos/351754157",
            "title": null,
            "creator": "Alfredo F. Fuentes Claros",
            "publisher": "iNaturalist",
            "license": "http://creativecommons.org/publicdomain/zero/1.0/",
            "rightsHolder": "Alfredo F. Fuentes Claros"
          }
        ]
      }
    },
    {
      "type": "Feature",
      "geometry": {
        "type": "Point",
        "coordinates": [
          -76.028854,
          4.218346
        ]
      },
      "properties": {
        "gbifID": "3455838941",
        "species": "Passiflora coriacea",
        "genus": "Passiflora",
        "family": "Passifloraceae",
        "scientificName": "Passiflora coriacea Juss.",
        "coordinateUncertaintyInMeters": "31407.0",
        "basisOfRecord": "HUMAN_OBSERVATION",
        "eventDate": "2021-12-22T10:29:05",
        "country": null,
        "datasetName": "iNaturalist research-grade observations",
        "publisher": "iNaturalist.org",
        "license": "CC_BY_NC_4_0",
        "issues": [
          "COORDINATE_ROUNDED",
          "CONTINENT_DERIVED_FROM_COORDINATES",
          "TAXON_ID_NOT_FOUND"
        ],
        "media": [
          {
            "url": "https://inaturalist-open-data.s3.amazonaws.com/photos/173797295/original.jpeg",
            "references": "https://www.inaturalist.org/photos/173797295",
            "title": null,
            "creator": "Claudia Mejía Morales",
            "publisher": "iNaturalist",
            "license": "http://creativecommons.org/licenses/by-nc/4.0/",
            "rightsHolder": "Claudia Mejía Morales"
          },
          {
            "url": "https://inaturalist-open-data.s3.amazonaws.com/photos/173797302/original.jpeg",
            "references": "https://www.inaturalist.org/photos/173797302",
            "title": null,
            "creator": "Claudia Mejía Morales",
            "publisher": "iNaturalist",
            "license": "http://creativecommons.org/licenses/by-nc/4.0/",
            "rightsHolder": "Claudia Mejía Morales"
          },
          {
            "url": "https://inaturalist-open-data.s3.amazonaws.com/photos/173797320/original.jpeg",
            "references": "https://www.inaturalist.org/photos/173797320",
            "title": null,
            "creator": "Claudia Mejía Morales",
            "publisher": "iNaturalist",
            "license": "http://creativecommons.org/licenses/by-nc/4.0/",
            "rightsHolder": "Claudia Mejía Morales"
          },
          {
            "url": "https://inaturalist-open-data.s3.amazonaws.com/photos/173797331/original.jpeg",
            "references": "https://www.inaturalist.org/photos/173797331",
            "title": null,
            "creator": "Claudia Mejía Morales",
            "publisher": "iNaturalist",
            "license": "http://creativecommons.org/licenses/by-nc/4.0/",
            "rightsHolder": "Claudia Mejía Morales"
          },
          {
            "url": "https://inaturalist-open-data.s3.amazonaws.com/photos/173797348/original.jpeg",
            "references": "https://www.inaturalist.org/photos/173797348",
            "title": null,
            "creator": "Claudia Mejía Morales",
            "publisher": "iNaturalist",
            "license": "http://creativecommons.org/licenses/by-nc/4.0/",
            "rightsHolder": "Claudia Mejía Morales"
          },
          {
            "url": "https://inaturalist-open-data.s3.amazonaws.com/photos/173797358/original.jpeg",
            "references": "https://www.inaturalist.org/photos/173797358",
            "title": null,
            "creator": "Claudia Mejía Morales",
            "publisher": "iNaturalist",
            "license": "http://creativecommons.org/licenses/by-nc/4.0/",
            "rightsHolder": "Claudia Mejía Morales"
          },
          {
            "url": "https://inaturalist-open-data.s3.amazonaws.com/photos/173797375/original.jpeg",
            "references": "https://www.inaturalist.org/photos/173797375",
            "title": null,
            "creator": "Claudia Mejía Morales",
            "publisher": "iNaturalist",
            "license": "http://creativecommons.org/licenses/by-nc/4.0/",
            "rightsHolder": "Claudia Mejía Morales"
          }
        ]
      }
    },
    {
      "type": "Feature",
      "geometry": {
        "type": "Point",
        "coordinates": [
          -73.386965,
          6.731071
        ]
      },
      "properties": {
        "gbifID": "3302162391",
        "species": "Passiflora coriacea",
        "genus": "Passiflora",
        "family": "Passifloraceae",
        "scientificName": "Passiflora coriacea Juss.",
        "coordinateUncertaintyInMeters": "31344.0",
        "basisOfRecord": "HUMAN_OBSERVATION",
        "eventDate": "2021-06-05T10:46:49",
        "country": null,
        "datasetName": "iNaturalist research-grade observations",
        "publisher": "iNaturalist.org",
        "license": "CC_BY_NC_4_0",
        "issues": [
          "COORDINATE_ROUNDED",
          "CONTINENT_DERIVED_FROM_COORDINATES",
          "TAXON_ID_NOT_FOUND"
        ],
        "media": [
          {
            "url": "https://inaturalist-open-data.s3.amazonaws.com/photos/134204602/original.jpg",
            "references": "https://www.inaturalist.org/photos/134204602",
            "title": null,
            "creator": "Jessica Lisiewski",
            "publisher": "iNaturalist",
            "license": "http://creativecommons.org/licenses/by-nc/4.0/",
            "rightsHolder": "Jessica Lisiewski"
          },
          {
            "url": "https://inaturalist-open-data.s3.amazonaws.com/photos/134204631/original.jpg",
            "references": "https://www.inaturalist.org/photos/134204631",
            "title": null,
            "creator": "Jessica Lisiewski",
            "publisher": "iNaturalist",
            "license": "http://creativecommons.org/licenses/by-nc/4.0/",
            "rightsHolder": "Jessica Lisiewski"
          },
          {
            "url": "https://inaturalist-open-data.s3.amazonaws.com/photos/134204653/original.jpg",
            "references": "https://www.inaturalist.org/photos/134204653",
            "title": null,
            "creator": "Jessica Lisiewski",
            "publisher": "iNaturalist",
            "license": "http://creativecommons.org/licenses/by-nc/4.0/",
            "rightsHolder": "Jessica Lisiewski"
          },
          {
            "url": "https://inaturalist-open-data.s3.amazonaws.com/photos/134204720/original.jpg",
            "references": "https://www.inaturalist.org/photos/134204720",
            "title": null,
            "creator": "Jessica Lisiewski",
            "publisher": "iNaturalist",
            "license": "http://creativecommons.org/licenses/by-nc/4.0/",
            "rightsHolder": "Jessica Lisiewski"
          }
        ]
      }
    },
    {
      "type": "Feature",
      "geometry": {
        "type": "Point",
        "coordinates": [
          -76.161935,
          4.02397
        ]
      },
      "properties": {
        "gbifID": "2883095366",
        "species": "Passiflora coriacea",
        "genus": "Passiflora",
        "family": "Passifloraceae",
        "scientificName": "Passiflora coriacea Juss.",
        "coordinateUncertaintyInMeters": "61.0",
        "basisOfRecord": "HUMAN_OBSERVATION",
        "eventDate": "2010-02-21T17:26",
        "country": null,
        "datasetName": "iNaturalist research-grade observations",
        "publisher": "iNaturalist.org",
        "license": "CC_BY_NC_4_0",
        "issues": [
          "COORDINATE_ROUNDED",
          "CONTINENT_DERIVED_FROM_COORDINATES",
          "TAXON_ID_NOT_FOUND"
        ],
        "media": [
          {
            "url": "https://inaturalist-open-data.s3.amazonaws.com/photos/98792641/original.jpeg",
            "references": "https://www.inaturalist.org/photos/98792641",
            "title": null,
            "creator": "Alejandro Castaño Naranjo",
            "publisher": "iNaturalist",
            "license": "http://creativecommons.org/licenses/by-nc/4.0/",
            "rightsHolder": "Alejandro Castaño Naranjo"
          }
        ]
      }
    },
    {
      "type": "Feature",
      "geometry": {
        "type": "Point",
        "coordinates": [
          -75.659269,
          5.165342
        ]
      },
      "properties": {
        "gbifID": "4046329366",
        "species": "Passiflora coriacea",
        "genus": "Passiflora",
        "family": "Passifloraceae",
        "scientificName": "Passiflora coriacea Juss.",
        "coordinateUncertaintyInMeters": "",
        "basisOfRecord": "HUMAN_OBSERVATION",
        "eventDate": "2023-02-28T06:51:19",
        "country": null,
        "datasetName": "iNaturalist research-grade observations",
        "publisher": "iNaturalist.org",
        "license": "CC_BY_NC_4_0",
        "issues": [
          "COORDINATE_ROUNDED",
          "CONTINENT_DERIVED_FROM_COORDINATES",
          "TAXON_ID_NOT_FOUND"
        ],
        "media": [
          {
            "url": "https://inaturalist-open-data.s3.amazonaws.com/photos/258371262/original.jpeg",
            "references": "https://www.inaturalist.org/photos/258371262",
            "title": null,
            "creator": "Najil Cab",
            "publisher": "iNaturalist",
            "license": "http://creativecommons.org/licenses/by-nc/4.0/",
            "rightsHolder": "Najil Cab"
          },
          {
            "url": "https://inaturalist-open-data.s3.amazonaws.com/photos/258371273/original.jpeg",
            "references": "https://www.inaturalist.org/photos/258371273",
            "title": null,
            "creator": "Najil Cab",
            "publisher": "iNaturalist",
            "license": "http://creativecommons.org/licenses/by-nc/4.0/",
            "rightsHolder": "Najil Cab"
          },
          {
            "url": "https://inaturalist-open-data.s3.amazonaws.com/photos/258371286/original.jpeg",
            "references": "https://www.inaturalist.org/photos/258371286",
            "title": null,
            "creator": "Najil Cab",
            "publisher": "iNaturalist",
            "license": "http://creativecommons.org/licenses/by-nc/4.0/",
            "rightsHolder": "Najil Cab"
          },
          {
            "url": "https://inaturalist-open-data.s3.amazonaws.com/photos/258371296/original.jpeg",
            "references": "https://www.inaturalist.org/photos/258371296",
            "title": null,
            "creator": "Najil Cab",
            "publisher": "iNaturalist",
            "license": "http://creativecommons.org/licenses/by-nc/4.0/",
            "rightsHolder": "Najil Cab"
          }
        ]
      }
    },
    {
      "type": "Feature",
      "geometry": {
        "type": "Point",
        "coordinates": [
          -74.609275,
          4.253638
        ]
      },
      "properties": {
        "gbifID": "4022264818",
        "species": "Passiflora coriacea",
        "genus": "Passiflora",
        "family": "Passifloraceae",
        "scientificName": "Passiflora coriacea Juss.",
        "coordinateUncertaintyInMeters": "36.0",
        "basisOfRecord": "HUMAN_OBSERVATION",
        "eventDate": "2023-01-12T11:46:44",
        "country": null,
        "datasetName": "iNaturalist research-grade observations",
        "publisher": "iNaturalist.org",
        "license": "CC_BY_NC_4_0",
        "issues": [
          "COORDINATE_ROUNDED",
          "CONTINENT_DERIVED_FROM_COORDINATES",
          "TAXON_ID_NOT_FOUND"
        ],
        "media": [
          {
            "url": "https://inaturalist-open-data.s3.amazonaws.com/photos/252440685/original.jpg",
            "references": "https://www.inaturalist.org/photos/252440685",
            "title": null,
            "creator": "mariiapauula17",
            "publisher": "iNaturalist",
            "license": "http://creativecommons.org/licenses/by-nc/4.0/",
            "rightsHolder": "mariiapauula17"
          }
        ]
      }
    },
    {
      "type": "Feature",
      "geometry": {
        "type": "Point",
        "coordinates": [
          -73.205885,
          6.638071
        ]
      },
      "properties": {
        "gbifID": "3079596543",
        "species": "Passiflora coriacea",
        "genus": "Passiflora",
        "family": "Passifloraceae",
        "scientificName": "Passiflora coriacea Juss.",
        "coordinateUncertaintyInMeters": "31.0",
        "basisOfRecord": "HUMAN_OBSERVATION",
        "eventDate": "2021-04-01T00:24",
        "country": null,
        "datasetName": "iNaturalist research-grade observations",
        "publisher": "iNaturalist.org",
        "license": "CC_BY_NC_4_0",
        "issues": [
          "COORDINATE_ROUNDED",
          "CONTINENT_DERIVED_FROM_COORDINATES",
          "TAXON_ID_NOT_FOUND"
        ],
        "media": [
          {
            "url": "https://inaturalist-open-data.s3.amazonaws.com/photos/118885882/original.jpeg",
            "references": "https://www.inaturalist.org/photos/118885882",
            "title": null,
            "creator": "Juan Tapasco",
            "publisher": "iNaturalist",
            "license": "http://creativecommons.org/licenses/by-nc/4.0/",
            "rightsHolder": "Juan Tapasco"
          },
          {
            "url": "https://inaturalist-open-data.s3.amazonaws.com/photos/118885903/original.jpeg",
            "references": "https://www.inaturalist.org/photos/118885903",
            "title": null,
            "creator": "Juan Tapasco",
            "publisher": "iNaturalist",
            "license": "http://creativecommons.org/licenses/by-nc/4.0/",
            "rightsHolder": "Juan Tapasco"
          }
        ]
      }
    },
    {
      "type": "Feature",
      "geometry": {
        "type": "Point",
        "coordinates": [
          -76.120175,
          -6.558431
        ]
      },
      "properties": {
        "gbifID": "6184918347",
        "species": "Passiflora coriacea",
        "genus": "Passiflora",
        "family": "Passifloraceae",
        "scientificName": "Passiflora coriacea Juss.",
        "coordinateUncertaintyInMeters": "",
        "basisOfRecord": "HUMAN_OBSERVATION",
        "eventDate": "2026-03-13T12:36:36",
        "country": null,
        "datasetName": "iNaturalist research-grade observations",
        "publisher": "iNaturalist.org",
        "license": "CC_BY_NC_4_0",
        "issues": [
          "COORDINATE_ROUNDED",
          "CONTINENT_DERIVED_FROM_COORDINATES",
          "TAXON_ID_NOT_FOUND"
        ],
        "media": [
          {
            "url": "https://inaturalist-open-data.s3.amazonaws.com/photos/628336156/original.jpg",
            "references": "https://www.inaturalist.org/photos/628336156",
            "title": null,
            "creator": "Neil Rosser",
            "publisher": "iNaturalist",
            "license": "http://creativecommons.org/licenses/by-nc/4.0/",
            "rightsHolder": "Neil Rosser"
          }
        ]
      }
    },
    {
      "type": "Feature",
      "geometry": {
        "type": "Point",
        "coordinates": [
          -74.595473,
          4.448916
        ]
      },
      "properties": {
        "gbifID": "1123899048",
        "species": "Passiflora coriacea",
        "genus": "Passiflora",
        "family": "Passifloraceae",
        "scientificName": "Passiflora coriacea Juss.",
        "coordinateUncertaintyInMeters": "2188.0",
        "basisOfRecord": "PRESERVED_SPECIMEN",
        "eventDate": "1983-01-26",
        "country": null,
        "datasetName": "",
        "publisher": "Universidad de Antioquia",
        "license": "CC0_1_0",
        "issues": [
          "COORDINATE_ROUNDED",
          "INSTITUTION_MATCH_FUZZY"
        ],
        "fallback_media": {
          "url": "https://api.jacq.org/v1/images/europeana/1638715?withredirect=1",
          "references": "https://api.jacq.org/v1/images/show/1638715?withredirect=1",
          "title": null,
          "creator": null,
          "publisher": null,
          "license": "http://creativecommons.org/publicdomain/zero/1.0/",
          "rightsHolder": null
        }
      }
    },
    {
      "type": "Feature",
      "geometry": {
        "type": "Point",
        "coordinates": [
          -74.109581,
          11.12966
        ]
      },
      "properties": {
        "gbifID": "1123901689",
        "species": "Passiflora coriacea",
        "genus": "Passiflora",
        "family": "Passifloraceae",
        "scientificName": "Passiflora coriacea Juss.",
        "coordinateUncertaintyInMeters": "7443.0",
        "basisOfRecord": "PRESERVED_SPECIMEN",
        "eventDate": "1983-05-09",
        "country": null,
        "datasetName": "",
        "publisher": "Universidad de Antioquia",
        "license": "CC0_1_0",
        "issues": [
          "COORDINATE_ROUNDED",
          "INSTITUTION_MATCH_FUZZY"
        ],
        "fallback_media": {
          "url": "https://api.jacq.org/v1/images/europeana/1638715?withredirect=1",
          "references": "https://api.jacq.org/v1/images/show/1638715?withredirect=1",
          "title": null,
          "creator": null,
          "publisher": null,
          "license": "http://creativecommons.org/publicdomain/zero/1.0/",
          "rightsHolder": null
        }
      }
    },
    {
      "type": "Feature",
      "geometry": {
        "type": "Point",
        "coordinates": [
          -75.609695,
          6.257693
        ]
      },
      "properties": {
        "gbifID": "1123902444",
        "species": "Passiflora coriacea",
        "genus": "Passiflora",
        "family": "Passifloraceae",
        "scientificName": "Passiflora coriacea Juss.",
        "coordinateUncertaintyInMeters": "17885.0",
        "basisOfRecord": "PRESERVED_SPECIMEN",
        "eventDate": "1983-10-06",
        "country": null,
        "datasetName": "",
        "publisher": "Universidad de Antioquia",
        "license": "CC0_1_0",
        "issues": [
          "COORDINATE_ROUNDED",
          "INSTITUTION_MATCH_FUZZY"
        ],
        "fallback_media": {
          "url": "https://api.jacq.org/v1/images/europeana/1638715?withredirect=1",
          "references": "https://api.jacq.org/v1/images/show/1638715?withredirect=1",
          "title": null,
          "creator": null,
          "publisher": null,
          "license": "http://creativecommons.org/publicdomain/zero/1.0/",
          "rightsHolder": null
        }
      }
    },
    {
      "type": "Feature",
      "geometry": {
        "type": "Point",
        "coordinates": [
          -75.97897,
          4.36777
        ]
      },
      "properties": {
        "gbifID": "1123902185",
        "species": "Passiflora coriacea",
        "genus": "Passiflora",
        "family": "Passifloraceae",
        "scientificName": "Passiflora coriacea Juss.",
        "coordinateUncertaintyInMeters": "1457.0",
        "basisOfRecord": "PRESERVED_SPECIMEN",
        "eventDate": "1983-06-12",
        "country": null,
        "datasetName": "",
        "publisher": "Universidad de Antioquia",
        "license": "CC0_1_0",
        "issues": [
          "INSTITUTION_MATCH_FUZZY"
        ],
        "fallback_media": {
          "url": "https://api.jacq.org/v1/images/europeana/1638715?withredirect=1",
          "references": "https://api.jacq.org/v1/images/show/1638715?withredirect=1",
          "title": null,
          "creator": null,
          "publisher": null,
          "license": "http://creativecommons.org/publicdomain/zero/1.0/",
          "rightsHolder": null
        }
      }
    },
    {
      "type": "Feature",
      "geometry": {
        "type": "Point",
        "coordinates": [
          -74.9645,
          5.188619
        ]
      },
      "properties": {
        "gbifID": "1123902463",
        "species": "Passiflora coriacea",
        "genus": "Passiflora",
        "family": "Passifloraceae",
        "scientificName": "Passiflora coriacea Juss.",
        "coordinateUncertaintyInMeters": "7927.0",
        "basisOfRecord": "PRESERVED_SPECIMEN",
        "eventDate": "1983-08-25",
        "country": null,
        "datasetName": "",
        "publisher": "Universidad de Antioquia",
        "license": "CC0_1_0",
        "issues": [
          "COORDINATE_ROUNDED",
          "INSTITUTION_MATCH_FUZZY"
        ],
        "fallback_media": {
          "url": "https://api.jacq.org/v1/images/europeana/1638715?withredirect=1",
          "references": "https://api.jacq.org/v1/images/show/1638715?withredirect=1",
          "title": null,
          "creator": null,
          "publisher": null,
          "license": "http://creativecommons.org/publicdomain/zero/1.0/",
          "rightsHolder": null
        }
      }
    },
    {
      "type": "Feature",
      "geometry": {
        "type": "Point",
        "coordinates": [
          -75.821353,
          5.96485
        ]
      },
      "properties": {
        "gbifID": "1123904163",
        "species": "Passiflora coriacea",
        "genus": "Passiflora",
        "family": "Passifloraceae",
        "scientificName": "Passiflora coriacea Juss.",
        "coordinateUncertaintyInMeters": "1110.0",
        "basisOfRecord": "PRESERVED_SPECIMEN",
        "eventDate": "1985-03-10",
        "country": null,
        "datasetName": "",
        "publisher": "Universidad de Antioquia",
        "license": "CC0_1_0",
        "issues": [
          "COORDINATE_ROUNDED",
          "INSTITUTION_MATCH_FUZZY"
        ],
        "fallback_media": {
          "url": "https://api.jacq.org/v1/images/europeana/1638715?withredirect=1",
          "references": "https://api.jacq.org/v1/images/show/1638715?withredirect=1",
          "title": null,
          "creator": null,
          "publisher": null,
          "license": "http://creativecommons.org/publicdomain/zero/1.0/",
          "rightsHolder": null
        }
      }
    },
    {
      "type": "Feature",
      "geometry": {
        "type": "Point",
        "coordinates": [
          -75.11155,
          6.76198
        ]
      },
      "properties": {
        "gbifID": "1123909516",
        "species": "Passiflora coriacea",
        "genus": "Passiflora",
        "family": "Passifloraceae",
        "scientificName": "Passiflora coriacea Juss.",
        "coordinateUncertaintyInMeters": "525.0",
        "basisOfRecord": "PRESERVED_SPECIMEN",
        "eventDate": "1988-09-27",
        "country": null,
        "datasetName": "",
        "publisher": "Universidad de Antioquia",
        "license": "CC0_1_0",
        "issues": [
          "INSTITUTION_MATCH_FUZZY"
        ],
        "fallback_media": {
          "url": "https://api.jacq.org/v1/images/europeana/1638715?withredirect=1",
          "references": "https://api.jacq.org/v1/images/show/1638715?withredirect=1",
          "title": null,
          "creator": null,
          "publisher": null,
          "license": "http://creativecommons.org/publicdomain/zero/1.0/",
          "rightsHolder": null
        }
      }
    },
    {
      "type": "Feature",
      "geometry": {
        "type": "Point",
        "coordinates": [
          -75.133333,
          6.8
        ]
      },
      "properties": {
        "gbifID": "1123884473",
        "species": "Passiflora coriacea",
        "genus": "Passiflora",
        "family": "Passifloraceae",
        "scientificName": "Passiflora coriacea Juss.",
        "coordinateUncertaintyInMeters": "699.0",
        "basisOfRecord": "PRESERVED_SPECIMEN",
        "eventDate": "2000-05-22",
        "country": null,
        "datasetName": "",
        "publisher": "Universidad de Antioquia",
        "license": "CC0_1_0",
        "issues": [
          "COORDINATE_ROUNDED",
          "INSTITUTION_MATCH_FUZZY"
        ],
        "fallback_media": {
          "url": "https://api.jacq.org/v1/images/europeana/1638715?withredirect=1",
          "references": "https://api.jacq.org/v1/images/show/1638715?withredirect=1",
          "title": null,
          "creator": null,
          "publisher": null,
          "license": "http://creativecommons.org/publicdomain/zero/1.0/",
          "rightsHolder": null
        }
      }
    },
    {
      "type": "Feature",
      "geometry": {
        "type": "Point",
        "coordinates": [
          -75.839924,
          4.589046
        ]
      },
      "properties": {
        "gbifID": "1123885329",
        "species": "Passiflora coriacea",
        "genus": "Passiflora",
        "family": "Passifloraceae",
        "scientificName": "Passiflora coriacea Juss.",
        "coordinateUncertaintyInMeters": "1046.0",
        "basisOfRecord": "PRESERVED_SPECIMEN",
        "eventDate": "1998",
        "country": null,
        "datasetName": "",
        "publisher": "Universidad de Antioquia",
        "license": "CC0_1_0",
        "issues": [
          "RECORDED_DATE_MISMATCH",
          "COORDINATE_ROUNDED",
          "INSTITUTION_MATCH_FUZZY"
        ],
        "fallback_media": {
          "url": "https://api.jacq.org/v1/images/europeana/1638715?withredirect=1",
          "references": "https://api.jacq.org/v1/images/show/1638715?withredirect=1",
          "title": null,
          "creator": null,
          "publisher": null,
          "license": "http://creativecommons.org/publicdomain/zero/1.0/",
          "rightsHolder": null
        }
      }
    },
    {
      "type": "Feature",
      "geometry": {
        "type": "Point",
        "coordinates": [
          -75.606027,
          5.34256
        ]
      },
      "properties": {
        "gbifID": "1123891715",
        "species": "Passiflora coriacea",
        "genus": "Passiflora",
        "family": "Passifloraceae",
        "scientificName": "Passiflora coriacea Juss.",
        "coordinateUncertaintyInMeters": "2070.0",
        "basisOfRecord": "PRESERVED_SPECIMEN",
        "eventDate": "1982-07-09",
        "country": null,
        "datasetName": "",
        "publisher": "Universidad de Antioquia",
        "license": "CC0_1_0",
        "issues": [
          "COORDINATE_ROUNDED",
          "INSTITUTION_MATCH_FUZZY"
        ],
        "fallback_media": {
          "url": "https://api.jacq.org/v1/images/europeana/1638715?withredirect=1",
          "references": "https://api.jacq.org/v1/images/show/1638715?withredirect=1",
          "title": null,
          "creator": null,
          "publisher": null,
          "license": "http://creativecommons.org/publicdomain/zero/1.0/",
          "rightsHolder": null
        }
      }
    },
    {
      "type": "Feature",
      "geometry": {
        "type": "Point",
        "coordinates": [
          -75.745459,
          6.001166
        ]
      },
      "properties": {
        "gbifID": "1123912485",
        "species": "Passiflora coriacea",
        "genus": "Passiflora",
        "family": "Passifloraceae",
        "scientificName": "Passiflora coriacea Juss.",
        "coordinateUncertaintyInMeters": "680.0",
        "basisOfRecord": "PRESERVED_SPECIMEN",
        "eventDate": "1990-05-05",
        "country": null,
        "datasetName": "",
        "publisher": "Universidad de Antioquia",
        "license": "CC0_1_0",
        "issues": [
          "COORDINATE_ROUNDED",
          "INSTITUTION_MATCH_FUZZY"
        ],
        "fallback_media": {
          "url": "https://api.jacq.org/v1/images/europeana/1638715?withredirect=1",
          "references": "https://api.jacq.org/v1/images/show/1638715?withredirect=1",
          "title": null,
          "creator": null,
          "publisher": null,
          "license": "http://creativecommons.org/publicdomain/zero/1.0/",
          "rightsHolder": null
        }
      }
    },
    {
      "type": "Feature",
      "geometry": {
        "type": "Point",
        "coordinates": [
          -75.604684,
          5.337236
        ]
      },
      "properties": {
        "gbifID": "1123916381",
        "species": "Passiflora coriacea",
        "genus": "Passiflora",
        "family": "Passifloraceae",
        "scientificName": "Passiflora coriacea Juss.",
        "coordinateUncertaintyInMeters": "1230.0",
        "basisOfRecord": "PRESERVED_SPECIMEN",
        "eventDate": "1991-05-08",
        "country": null,
        "datasetName": "",
        "publisher": "Universidad de Antioquia",
        "license": "CC0_1_0",
        "issues": [
          "COORDINATE_ROUNDED",
          "INSTITUTION_MATCH_FUZZY"
        ],
        "fallback_media": {
          "url": "https://api.jacq.org/v1/images/europeana/1638715?withredirect=1",
          "references": "https://api.jacq.org/v1/images/show/1638715?withredirect=1",
          "title": null,
          "creator": null,
          "publisher": null,
          "license": "http://creativecommons.org/publicdomain/zero/1.0/",
          "rightsHolder": null
        }
      }
    },
    {
      "type": "Feature",
      "geometry": {
        "type": "Point",
        "coordinates": [
          -75.694208,
          5.864173
        ]
      },
      "properties": {
        "gbifID": "1123885862",
        "species": "Passiflora coriacea",
        "genus": "Passiflora",
        "family": "Passifloraceae",
        "scientificName": "Passiflora coriacea Juss.",
        "coordinateUncertaintyInMeters": "798.0",
        "basisOfRecord": "PRESERVED_SPECIMEN",
        "eventDate": "1981-08-30",
        "country": null,
        "datasetName": "",
        "publisher": "Universidad de Antioquia",
        "license": "CC0_1_0",
        "issues": [
          "COORDINATE_ROUNDED",
          "INSTITUTION_MATCH_FUZZY"
        ],
        "fallback_media": {
          "url": "https://api.jacq.org/v1/images/europeana/1638715?withredirect=1",
          "references": "https://api.jacq.org/v1/images/show/1638715?withredirect=1",
          "title": null,
          "creator": null,
          "publisher": null,
          "license": "http://creativecommons.org/publicdomain/zero/1.0/",
          "rightsHolder": null
        }
      }
    },
    {
      "type": "Feature",
      "geometry": {
        "type": "Point",
        "coordinates": [
          -75.833333,
          6.533333
        ]
      },
      "properties": {
        "gbifID": "1123911888",
        "species": "Passiflora coriacea",
        "genus": "Passiflora",
        "family": "Passifloraceae",
        "scientificName": "Passiflora coriacea Juss.",
        "coordinateUncertaintyInMeters": "488.0",
        "basisOfRecord": "PRESERVED_SPECIMEN",
        "eventDate": "1989-12-18",
        "country": null,
        "datasetName": "",
        "publisher": "Universidad de Antioquia",
        "license": "CC0_1_0",
        "issues": [
          "COORDINATE_ROUNDED",
          "INSTITUTION_MATCH_FUZZY"
        ],
        "fallback_media": {
          "url": "https://api.jacq.org/v1/images/europeana/1638715?withredirect=1",
          "references": "https://api.jacq.org/v1/images/show/1638715?withredirect=1",
          "title": null,
          "creator": null,
          "publisher": null,
          "license": "http://creativecommons.org/publicdomain/zero/1.0/",
          "rightsHolder": null
        }
      }
    },
    {
      "type": "Feature",
      "geometry": {
        "type": "Point",
        "coordinates": [
          -76.359078,
          -6.448892
        ]
      },
      "properties": {
        "gbifID": "6178693513",
        "species": "Passiflora coriacea",
        "genus": "Passiflora",
        "family": "Passifloraceae",
        "scientificName": "Passiflora coriacea Juss.",
        "coordinateUncertaintyInMeters": "",
        "basisOfRecord": "HUMAN_OBSERVATION",
        "eventDate": "2026-03-07T14:57:06",
        "country": null,
        "datasetName": "iNaturalist research-grade observations",
        "publisher": "iNaturalist.org",
        "license": "CC_BY_NC_4_0",
        "issues": [
          "COORDINATE_ROUNDED",
          "CONTINENT_DERIVED_FROM_COORDINATES",
          "TAXON_ID_NOT_FOUND"
        ],
        "media": [
          {
            "url": "https://inaturalist-open-data.s3.amazonaws.com/photos/623465696/original.jpg",
            "references": "https://www.inaturalist.org/photos/623465696",
            "title": null,
            "creator": "Neil Rosser",
            "publisher": "iNaturalist",
            "license": "http://creativecommons.org/licenses/by-nc/4.0/",
            "rightsHolder": "Neil Rosser"
          },
          {
            "url": "https://inaturalist-open-data.s3.amazonaws.com/photos/623465716/original.jpg",
            "references": "https://www.inaturalist.org/photos/623465716",
            "title": null,
            "creator": "Neil Rosser",
            "publisher": "iNaturalist",
            "license": "http://creativecommons.org/licenses/by-nc/4.0/",
            "rightsHolder": "Neil Rosser"
          },
          {
            "url": "https://inaturalist-open-data.s3.amazonaws.com/photos/623465731/original.jpg",
            "references": "https://www.inaturalist.org/photos/623465731",
            "title": null,
            "creator": "Neil Rosser",
            "publisher": "iNaturalist",
            "license": "http://creativecommons.org/licenses/by-nc/4.0/",
            "rightsHolder": "Neil Rosser"
          },
          {
            "url": "https://inaturalist-open-data.s3.amazonaws.com/photos/623465744/original.jpg",
            "references": "https://www.inaturalist.org/photos/623465744",
            "title": null,
            "creator": "Neil Rosser",
            "publisher": "iNaturalist",
            "license": "http://creativecommons.org/licenses/by-nc/4.0/",
            "rightsHolder": "Neil Rosser"
          },
          {
            "url": "https://inaturalist-open-data.s3.amazonaws.com/photos/623465756/original.jpg",
            "references": "https://www.inaturalist.org/photos/623465756",
            "title": null,
            "creator": "Neil Rosser",
            "publisher": "iNaturalist",
            "license": "http://creativecommons.org/licenses/by-nc/4.0/",
            "rightsHolder": "Neil Rosser"
          }
        ]
      }
    },
    {
      "type": "Feature",
      "geometry": {
        "type": "Point",
        "coordinates": [
          -75.290489,
          -10.954964
        ]
      },
      "properties": {
        "gbifID": "5828689395",
        "species": "Passiflora coriacea",
        "genus": "Passiflora",
        "family": "Passifloraceae",
        "scientificName": "Passiflora coriacea Juss.",
        "coordinateUncertaintyInMeters": "3000.0",
        "basisOfRecord": "HUMAN_OBSERVATION",
        "eventDate": "2025-08-15T14:46",
        "country": null,
        "datasetName": "iNaturalist research-grade observations",
        "publisher": "iNaturalist.org",
        "license": "CC_BY_NC_4_0",
        "issues": [
          "COORDINATE_ROUNDED",
          "CONTINENT_DERIVED_FROM_COORDINATES",
          "TAXON_ID_NOT_FOUND"
        ],
        "media": [
          {
            "url": "https://inaturalist-open-data.s3.amazonaws.com/photos/566224064/original.jpg",
            "references": "https://www.inaturalist.org/photos/566224064",
            "title": null,
            "creator": "J.R. Kuethe",
            "publisher": "iNaturalist",
            "license": "http://creativecommons.org/licenses/by-nc/4.0/",
            "rightsHolder": "J.R. Kuethe"
          },
          {
            "url": "https://inaturalist-open-data.s3.amazonaws.com/photos/566224084/original.jpg",
            "references": "https://www.inaturalist.org/photos/566224084",
            "title": null,
            "creator": "J.R. Kuethe",
            "publisher": "iNaturalist",
            "license": "http://creativecommons.org/licenses/by-nc/4.0/",
            "rightsHolder": "J.R. Kuethe"
          },
          {
            "url": "https://inaturalist-open-data.s3.amazonaws.com/photos/566224091/original.jpg",
            "references": "https://www.inaturalist.org/photos/566224091",
            "title": null,
            "creator": "J.R. Kuethe",
            "publisher": "iNaturalist",
            "license": "http://creativecommons.org/licenses/by-nc/4.0/",
            "rightsHolder": "J.R. Kuethe"
          },
          {
            "url": "https://inaturalist-open-data.s3.amazonaws.com/photos/566224100/original.jpg",
            "references": "https://www.inaturalist.org/photos/566224100",
            "title": null,
            "creator": "J.R. Kuethe",
            "publisher": "iNaturalist",
            "license": "http://creativecommons.org/licenses/by-nc/4.0/",
            "rightsHolder": "J.R. Kuethe"
          }
        ]
      }
    },
    {
      "type": "Feature",
      "geometry": {
        "type": "Point",
        "coordinates": [
          -74.638487,
          5.784258
        ]
      },
      "properties": {
        "gbifID": "5837812092",
        "species": "Passiflora coriacea",
        "genus": "Passiflora",
        "family": "Passifloraceae",
        "scientificName": "Passiflora coriacea Juss.",
        "coordinateUncertaintyInMeters": "31373.0",
        "basisOfRecord": "HUMAN_OBSERVATION",
        "eventDate": "2025-01-11T16:21",
        "country": null,
        "datasetName": "iNaturalist research-grade observations",
        "publisher": "iNaturalist.org",
        "license": "CC_BY_NC_4_0",
        "issues": [
          "COORDINATE_ROUNDED",
          "CONTINENT_DERIVED_FROM_COORDINATES",
          "TAXON_ID_NOT_FOUND"
        ],
        "media": [
          {
            "url": "https://inaturalist-open-data.s3.amazonaws.com/photos/571907360/original.jpg",
            "references": "https://www.inaturalist.org/photos/571907360",
            "title": null,
            "creator": "Madeleine (Magsy) Lombard",
            "publisher": "iNaturalist",
            "license": "http://creativecommons.org/licenses/by-nc/4.0/",
            "rightsHolder": "Madeleine (Magsy) Lombard"
          },
          {
            "url": "https://inaturalist-open-data.s3.amazonaws.com/photos/571907359/original.jpg",
            "references": "https://www.inaturalist.org/photos/571907359",
            "title": null,
            "creator": "Madeleine (Magsy) Lombard",
            "publisher": "iNaturalist",
            "license": "http://creativecommons.org/licenses/by-nc/4.0/",
            "rightsHolder": "Madeleine (Magsy) Lombard"
          },
          {
            "url": "https://inaturalist-open-data.s3.amazonaws.com/photos/571907333/original.jpg",
            "references": "https://www.inaturalist.org/photos/571907333",
            "title": null,
            "creator": "Madeleine (Magsy) Lombard",
            "publisher": "iNaturalist",
            "license": "http://creativecommons.org/licenses/by-nc/4.0/",
            "rightsHolder": "Madeleine (Magsy) Lombard"
          },
          {
            "url": "https://inaturalist-open-data.s3.amazonaws.com/photos/571907281/original.jpg",
            "references": "https://www.inaturalist.org/photos/571907281",
            "title": null,
            "creator": "Madeleine (Magsy) Lombard",
            "publisher": "iNaturalist",
            "license": "http://creativecommons.org/licenses/by-nc/4.0/",
            "rightsHolder": "Madeleine (Magsy) Lombard"
          },
          {
            "url": "https://inaturalist-open-data.s3.amazonaws.com/photos/571907280/original.jpg",
            "references": "https://www.inaturalist.org/photos/571907280",
            "title": null,
            "creator": "Madeleine (Magsy) Lombard",
            "publisher": "iNaturalist",
            "license": "http://creativecommons.org/licenses/by-nc/4.0/",
            "rightsHolder": "Madeleine (Magsy) Lombard"
          },
          {
            "url": "https://inaturalist-open-data.s3.amazonaws.com/photos/571907382/original.jpg",
            "references": "https://www.inaturalist.org/photos/571907382",
            "title": null,
            "creator": "Madeleine (Magsy) Lombard",
            "publisher": "iNaturalist",
            "license": "http://creativecommons.org/licenses/by-nc/4.0/",
            "rightsHolder": "Madeleine (Magsy) Lombard"
          }
        ]
      }
    },
    {
      "type": "Feature",
      "geometry": {
        "type": "Point",
        "coordinates": [
          -76.127825,
          -6.571344
        ]
      },
      "properties": {
        "gbifID": "6185283211",
        "species": "Passiflora coriacea",
        "genus": "Passiflora",
        "family": "Passifloraceae",
        "scientificName": "Passiflora coriacea Juss.",
        "coordinateUncertaintyInMeters": "",
        "basisOfRecord": "HUMAN_OBSERVATION",
        "eventDate": "2026-03-13T12:16:51",
        "country": null,
        "datasetName": "iNaturalist research-grade observations",
        "publisher": "iNaturalist.org",
        "license": "CC_BY_NC_4_0",
        "issues": [
          "COORDINATE_ROUNDED",
          "CONTINENT_DERIVED_FROM_COORDINATES",
          "TAXON_ID_NOT_FOUND"
        ],
        "media": [
          {
            "url": "https://inaturalist-open-data.s3.amazonaws.com/photos/628327693/original.jpg",
            "references": "https://www.inaturalist.org/photos/628327693",
            "title": null,
            "creator": "Neil Rosser",
            "publisher": "iNaturalist",
            "license": "http://creativecommons.org/licenses/by-nc/4.0/",
            "rightsHolder": "Neil Rosser"
          }
        ]
      }
    },
    {
      "type": "Feature",
      "geometry": {
        "type": "Point",
        "coordinates": [
          -76.183611,
          3.97525
        ]
      },
      "properties": {
        "gbifID": "923968101",
        "species": "Passiflora coriacea",
        "genus": "Passiflora",
        "family": "Passifloraceae",
        "scientificName": "Passiflora coriacea Juss.",
        "coordinateUncertaintyInMeters": "",
        "basisOfRecord": "HUMAN_OBSERVATION",
        "eventDate": "2013-12-06/2013-12-16",
        "country": null,
        "datasetName": "",
        "publisher": "Instituto de Investigación de Recursos Biológicos Alexander von Humboldt",
        "license": "CC_BY_NC_4_0",
        "issues": [
          "COORDINATE_ROUNDED",
          "GEODETIC_DATUM_ASSUMED_WGS84",
          "CONTINENT_DERIVED_FROM_COORDINATES"
        ],
        "fallback_media": {
          "url": "https://api.jacq.org/v1/images/europeana/1638715?withredirect=1",
          "references": "https://api.jacq.org/v1/images/show/1638715?withredirect=1",
          "title": null,
          "creator": null,
          "publisher": null,
          "license": "http://creativecommons.org/publicdomain/zero/1.0/",
          "rightsHolder": null
        }
      }
    },
    {
      "type": "Feature",
      "geometry": {
        "type": "Point",
        "coordinates": [
          -76.747192,
          -7.233933
        ]
      },
      "properties": {
        "gbifID": "5291846789",
        "species": "Passiflora coriacea",
        "genus": "Passiflora",
        "family": "Passifloraceae",
        "scientificName": "Passiflora coriacea Juss.",
        "coordinateUncertaintyInMeters": "14.0",
        "basisOfRecord": "HUMAN_OBSERVATION",
        "eventDate": "2025-08-10T14:05",
        "country": null,
        "datasetName": "iNaturalist research-grade observations",
        "publisher": "iNaturalist.org",
        "license": "CC_BY_NC_4_0",
        "issues": [
          "COORDINATE_ROUNDED",
          "CONTINENT_DERIVED_FROM_COORDINATES",
          "TAXON_ID_NOT_FOUND"
        ],
        "media": [
          {
            "url": "https://inaturalist-open-data.s3.amazonaws.com/photos/550695367/original.jpg",
            "references": "https://www.inaturalist.org/photos/550695367",
            "title": null,
            "creator": "Martin W",
            "publisher": "iNaturalist",
            "license": "http://creativecommons.org/licenses/by-nc/4.0/",
            "rightsHolder": "Martin W"
          }
        ]
      }
    },
    {
      "type": "Feature",
      "geometry": {
        "type": "Point",
        "coordinates": [
          -76.353996,
          -6.473853
        ]
      },
      "properties": {
        "gbifID": "6236119065",
        "species": "Passiflora coriacea",
        "genus": "Passiflora",
        "family": "Passifloraceae",
        "scientificName": "Passiflora coriacea Juss.",
        "coordinateUncertaintyInMeters": "",
        "basisOfRecord": "HUMAN_OBSERVATION",
        "eventDate": "2026-04-20T11:01:35",
        "country": null,
        "datasetName": "iNaturalist research-grade observations",
        "publisher": "iNaturalist.org",
        "license": "CC_BY_NC_4_0",
        "issues": [
          "COORDINATE_ROUNDED",
          "CONTINENT_DERIVED_FROM_COORDINATES",
          "TAXON_ID_NOT_FOUND"
        ],
        "media": [
          {
            "url": "https://inaturalist-open-data.s3.amazonaws.com/photos/641555718/original.jpg",
            "references": "https://www.inaturalist.org/photos/641555718",
            "title": null,
            "creator": "Humberto Marcial Apagüeño vasquez",
            "publisher": "iNaturalist",
            "license": "http://creativecommons.org/licenses/by-nc/4.0/",
            "rightsHolder": "Humberto Marcial Apagüeño vasquez"
          },
          {
            "url": "https://inaturalist-open-data.s3.amazonaws.com/photos/641555761/original.jpg",
            "references": "https://www.inaturalist.org/photos/641555761",
            "title": null,
            "creator": "Humberto Marcial Apagüeño vasquez",
            "publisher": "iNaturalist",
            "license": "http://creativecommons.org/licenses/by-nc/4.0/",
            "rightsHolder": "Humberto Marcial Apagüeño vasquez"
          },
          {
            "url": "https://inaturalist-open-data.s3.amazonaws.com/photos/641555826/original.jpg",
            "references": "https://www.inaturalist.org/photos/641555826",
            "title": null,
            "creator": "Humberto Marcial Apagüeño vasquez",
            "publisher": "iNaturalist",
            "license": "http://creativecommons.org/licenses/by-nc/4.0/",
            "rightsHolder": "Humberto Marcial Apagüeño vasquez"
          }
        ]
      }
    },
    {
      "type": "Feature",
      "geometry": {
        "type": "Point",
        "coordinates": [
          -76.223012,
          3.638618
        ]
      },
      "properties": {
        "gbifID": "5760556837",
        "species": "Passiflora coriacea",
        "genus": "Passiflora",
        "family": "Passifloraceae",
        "scientificName": "Passiflora coriacea Juss.",
        "coordinateUncertaintyInMeters": "31.0",
        "basisOfRecord": "HUMAN_OBSERVATION",
        "eventDate": "2025-08-30T17:26",
        "country": null,
        "datasetName": "iNaturalist research-grade observations",
        "publisher": "iNaturalist.org",
        "license": "CC_BY_4_0",
        "issues": [
          "COORDINATE_ROUNDED",
          "CONTINENT_DERIVED_FROM_COORDINATES",
          "TAXON_ID_NOT_FOUND"
        ],
        "media": [
          {
            "url": "https://inaturalist-open-data.s3.amazonaws.com/photos/561151094/original.jpg",
            "references": "https://www.inaturalist.org/photos/561151094",
            "title": null,
            "creator": "coyote",
            "publisher": "iNaturalist",
            "license": "http://creativecommons.org/licenses/by-nc/4.0/",
            "rightsHolder": "coyote"
          }
        ]
      }
    },
    {
      "type": "Feature",
      "geometry": {
        "type": "Point",
        "coordinates": [
          -73.044022,
          10.372545
        ]
      },
      "properties": {
        "gbifID": "4171779168",
        "species": "Passiflora coriacea",
        "genus": "Passiflora",
        "family": "Passifloraceae",
        "scientificName": "Passiflora coriacea Juss.",
        "coordinateUncertaintyInMeters": "",
        "basisOfRecord": "HUMAN_OBSERVATION",
        "eventDate": "2023-07-31T09:58",
        "country": null,
        "datasetName": "iNaturalist research-grade observations",
        "publisher": "iNaturalist.org",
        "license": "CC_BY_NC_4_0",
        "issues": [
          "COORDINATE_ROUNDED",
          "CONTINENT_DERIVED_FROM_COORDINATES",
          "TAXON_ID_NOT_FOUND"
        ],
        "media": [
          {
            "url": "https://inaturalist-open-data.s3.amazonaws.com/photos/306412258/original.jpg",
            "references": "https://www.inaturalist.org/photos/306412258",
            "title": null,
            "creator": "Jeir Ortega Galvan",
            "publisher": "iNaturalist",
            "license": "http://creativecommons.org/licenses/by-nc/4.0/",
            "rightsHolder": "Jeir Ortega Galvan"
          }
        ]
      }
    },
    {
      "type": "Feature",
      "geometry": {
        "type": "Point",
        "coordinates": [
          -79.623375,
          -2.453038
        ]
      },
      "properties": {
        "gbifID": "4129918447",
        "species": "Passiflora coriacea",
        "genus": "Passiflora",
        "family": "Passifloraceae",
        "scientificName": "Passiflora coriacea Juss.",
        "coordinateUncertaintyInMeters": "4.0",
        "basisOfRecord": "HUMAN_OBSERVATION",
        "eventDate": "2022-12-23T11:43:08",
        "country": null,
        "datasetName": "iNaturalist research-grade observations",
        "publisher": "iNaturalist.org",
        "license": "CC_BY_NC_4_0",
        "issues": [
          "COORDINATE_ROUNDED",
          "CONTINENT_DERIVED_FROM_COORDINATES",
          "TAXON_ID_NOT_FOUND"
        ],
        "media": [
          {
            "url": "https://inaturalist-open-data.s3.amazonaws.com/photos/248921632/original.jpg",
            "references": "https://www.inaturalist.org/photos/248921632",
            "title": null,
            "creator": "Martin W",
            "publisher": "iNaturalist",
            "license": "http://creativecommons.org/licenses/by-nc/4.0/",
            "rightsHolder": "Martin W"
          },
          {
            "url": "https://inaturalist-open-data.s3.amazonaws.com/photos/248921641/original.jpg",
            "references": "https://www.inaturalist.org/photos/248921641",
            "title": null,
            "creator": "Martin W",
            "publisher": "iNaturalist",
            "license": "http://creativecommons.org/licenses/by-nc/4.0/",
            "rightsHolder": "Martin W"
          },
          {
            "url": "https://inaturalist-open-data.s3.amazonaws.com/photos/248921649/original.jpg",
            "references": "https://www.inaturalist.org/photos/248921649",
            "title": null,
            "creator": "Martin W",
            "publisher": "iNaturalist",
            "license": "http://creativecommons.org/licenses/by-nc/4.0/",
            "rightsHolder": "Martin W"
          }
        ]
      }
    },
    {
      "type": "Feature",
      "geometry": {
        "type": "Point",
        "coordinates": [
          -76.298675,
          3.835094
        ]
      },
      "properties": {
        "gbifID": "6131379304",
        "species": "Passiflora coriacea",
        "genus": "Passiflora",
        "family": "Passifloraceae",
        "scientificName": "Passiflora coriacea Juss.",
        "coordinateUncertaintyInMeters": "",
        "basisOfRecord": "HUMAN_OBSERVATION",
        "eventDate": "2026-01-08T17:47:16",
        "country": null,
        "datasetName": "iNaturalist research-grade observations",
        "publisher": "iNaturalist.org",
        "license": "CC_BY_NC_4_0",
        "issues": [
          "COORDINATE_ROUNDED",
          "CONTINENT_DERIVED_FROM_COORDINATES",
          "TAXON_ID_NOT_FOUND"
        ],
        "media": [
          {
            "url": "https://inaturalist-open-data.s3.amazonaws.com/photos/606495088/original.jpg",
            "references": "https://www.inaturalist.org/photos/606495088",
            "title": null,
            "creator": "Jane Hartline",
            "publisher": "iNaturalist",
            "license": "http://creativecommons.org/licenses/by-nc/4.0/",
            "rightsHolder": "Jane Hartline"
          },
          {
            "url": "https://inaturalist-open-data.s3.amazonaws.com/photos/606495116/original.jpg",
            "references": "https://www.inaturalist.org/photos/606495116",
            "title": null,
            "creator": "Jane Hartline",
            "publisher": "iNaturalist",
            "license": "http://creativecommons.org/licenses/by-nc/4.0/",
            "rightsHolder": "Jane Hartline"
          }
        ]
      }
    },
    {
      "type": "Feature",
      "geometry": {
        "type": "Point",
        "coordinates": [
          -76.353944,
          -6.4723
        ]
      },
      "properties": {
        "gbifID": "6179368074",
        "species": "Passiflora coriacea",
        "genus": "Passiflora",
        "family": "Passifloraceae",
        "scientificName": "Passiflora coriacea Juss.",
        "coordinateUncertaintyInMeters": "",
        "basisOfRecord": "HUMAN_OBSERVATION",
        "eventDate": "2026-03-06T15:42:55",
        "country": null,
        "datasetName": "iNaturalist research-grade observations",
        "publisher": "iNaturalist.org",
        "license": "CC_BY_NC_4_0",
        "issues": [
          "COORDINATE_ROUNDED",
          "CONTINENT_DERIVED_FROM_COORDINATES",
          "TAXON_ID_NOT_FOUND"
        ],
        "media": [
          {
            "url": "https://inaturalist-open-data.s3.amazonaws.com/photos/622346794/original.jpg",
            "references": "https://www.inaturalist.org/photos/622346794",
            "title": null,
            "creator": "Neil Rosser",
            "publisher": "iNaturalist",
            "license": "http://creativecommons.org/licenses/by-nc/4.0/",
            "rightsHolder": "Neil Rosser"
          }
        ]
      }
    },
    {
      "type": "Feature",
      "geometry": {
        "type": "Point",
        "coordinates": [
          -75.805467,
          2.268537
        ]
      },
      "properties": {
        "gbifID": "5007847316",
        "species": "Passiflora coriacea",
        "genus": "Passiflora",
        "family": "Passifloraceae",
        "scientificName": "Passiflora coriacea Juss.",
        "coordinateUncertaintyInMeters": "1744.0",
        "basisOfRecord": "HUMAN_OBSERVATION",
        "eventDate": "2025-01-03T16:18:46",
        "country": null,
        "datasetName": "iNaturalist research-grade observations",
        "publisher": "iNaturalist.org",
        "license": "CC_BY_NC_4_0",
        "issues": [
          "COORDINATE_ROUNDED",
          "CONTINENT_DERIVED_FROM_COORDINATES",
          "TAXON_ID_NOT_FOUND"
        ],
        "media": [
          {
            "url": "https://inaturalist-open-data.s3.amazonaws.com/photos/461500509/original.jpg",
            "references": "https://www.inaturalist.org/photos/461500509",
            "title": null,
            "creator": "Edwin Arrigui Torres",
            "publisher": "iNaturalist",
            "license": "http://creativecommons.org/licenses/by-nc/4.0/",
            "rightsHolder": "Edwin Arrigui Torres"
          }
        ]
      }
    },
    {
      "type": "Feature",
      "geometry": {
        "type": "Point",
        "coordinates": [
          -73.340353,
          6.451192
        ]
      },
      "properties": {
        "gbifID": "1062304960",
        "species": "Passiflora coriacea",
        "genus": "Passiflora",
        "family": "Passifloraceae",
        "scientificName": "Passiflora coriacea Juss.",
        "coordinateUncertaintyInMeters": "",
        "basisOfRecord": "PRESERVED_SPECIMEN",
        "eventDate": "1984-02-21",
        "country": null,
        "datasetName": "",
        "publisher": "Universidad Industrial de Santander",
        "license": "CC0_1_0",
        "issues": [
          "COORDINATE_ROUNDED",
          "INSTITUTION_MATCH_FUZZY",
          "COLLECTION_MATCH_FUZZY"
        ],
        "fallback_media": {
          "url": "https://api.jacq.org/v1/images/europeana/1638715?withredirect=1",
          "references": "https://api.jacq.org/v1/images/show/1638715?withredirect=1",
          "title": null,
          "creator": null,
          "publisher": null,
          "license": "http://creativecommons.org/publicdomain/zero/1.0/",
          "rightsHolder": null
        }
      }
    },
    {
      "type": "Feature",
      "geometry": {
        "type": "Point",
        "coordinates": [
          -73.33131,
          7.11927
        ]
      },
      "properties": {
        "gbifID": "1062313139",
        "species": "Passiflora coriacea",
        "genus": "Passiflora",
        "family": "Passifloraceae",
        "scientificName": "Passiflora coriacea Juss.",
        "coordinateUncertaintyInMeters": "",
        "basisOfRecord": "PRESERVED_SPECIMEN",
        "eventDate": "1985-02-04",
        "country": null,
        "datasetName": "",
        "publisher": "Universidad Industrial de Santander",
        "license": "CC0_1_0",
        "issues": [
          "INSTITUTION_MATCH_FUZZY",
          "COLLECTION_MATCH_FUZZY"
        ],
        "fallback_media": {
          "url": "https://api.jacq.org/v1/images/europeana/1638715?withredirect=1",
          "references": "https://api.jacq.org/v1/images/show/1638715?withredirect=1",
          "title": null,
          "creator": null,
          "publisher": null,
          "license": "http://creativecommons.org/publicdomain/zero/1.0/",
          "rightsHolder": null
        }
      }
    },
    {
      "type": "Feature",
      "geometry": {
        "type": "Point",
        "coordinates": [
          -73.28497,
          7.15999
        ]
      },
      "properties": {
        "gbifID": "1062309860",
        "species": "Passiflora coriacea",
        "genus": "Passiflora",
        "family": "Passifloraceae",
        "scientificName": "Passiflora coriacea Juss.",
        "coordinateUncertaintyInMeters": "10132.0",
        "basisOfRecord": "PRESERVED_SPECIMEN",
        "eventDate": "1977-10-16",
        "country": null,
        "datasetName": "",
        "publisher": "Universidad Industrial de Santander",
        "license": "CC0_1_0",
        "issues": [
          "INSTITUTION_MATCH_FUZZY",
          "COLLECTION_MATCH_FUZZY"
        ],
        "fallback_media": {
          "url": "https://api.jacq.org/v1/images/europeana/1638715?withredirect=1",
          "references": "https://api.jacq.org/v1/images/show/1638715?withredirect=1",
          "title": null,
          "creator": null,
          "publisher": null,
          "license": "http://creativecommons.org/publicdomain/zero/1.0/",
          "rightsHolder": null
        }
      }
    },
    {
      "type": "Feature",
      "geometry": {
        "type": "Point",
        "coordinates": [
          -73.00578,
          6.96344
        ]
      },
      "properties": {
        "gbifID": "1062314638",
        "species": "Passiflora coriacea",
        "genus": "Passiflora",
        "family": "Passifloraceae",
        "scientificName": "Passiflora coriacea Juss.",
        "coordinateUncertaintyInMeters": "19710.0",
        "basisOfRecord": "PRESERVED_SPECIMEN",
        "eventDate": "1993-10-22",
        "country": null,
        "datasetName": "",
        "publisher": "Universidad Industrial de Santander",
        "license": "CC0_1_0",
        "issues": [
          "INSTITUTION_MATCH_FUZZY",
          "COLLECTION_MATCH_FUZZY"
        ],
        "fallback_media": {
          "url": "https://api.jacq.org/v1/images/europeana/1638715?withredirect=1",
          "references": "https://api.jacq.org/v1/images/show/1638715?withredirect=1",
          "title": null,
          "creator": null,
          "publisher": null,
          "license": "http://creativecommons.org/publicdomain/zero/1.0/",
          "rightsHolder": null
        }
      }
    },
    {
      "type": "Feature",
      "geometry": {
        "type": "Point",
        "coordinates": [
          -75.903338,
          5.79855
        ]
      },
      "properties": {
        "gbifID": "6163239090",
        "species": "Passiflora coriacea",
        "genus": "Passiflora",
        "family": "Passifloraceae",
        "scientificName": "Passiflora coriacea Juss.",
        "coordinateUncertaintyInMeters": "",
        "basisOfRecord": "HUMAN_OBSERVATION",
        "eventDate": "2026-02-20T09:10:38",
        "country": null,
        "datasetName": "iNaturalist research-grade observations",
        "publisher": "iNaturalist.org",
        "license": "CC_BY_4_0",
        "issues": [
          "COORDINATE_ROUNDED",
          "CONTINENT_DERIVED_FROM_COORDINATES",
          "TAXON_ID_NOT_FOUND"
        ],
        "media": [
          {
            "url": "https://inaturalist-open-data.s3.amazonaws.com/photos/617636335/original.jpg",
            "references": "https://www.inaturalist.org/photos/617636335",
            "title": null,
            "creator": "Daniel Mesa",
            "publisher": "iNaturalist",
            "license": "http://creativecommons.org/licenses/by/4.0/",
            "rightsHolder": "Daniel Mesa"
          },
          {
            "url": "https://inaturalist-open-data.s3.amazonaws.com/photos/617636663/original.jpg",
            "references": "https://www.inaturalist.org/photos/617636663",
            "title": null,
            "creator": "Daniel Mesa",
            "publisher": "iNaturalist",
            "license": "http://creativecommons.org/licenses/by/4.0/",
            "rightsHolder": "Daniel Mesa"
          }
        ]
      }
    },
    {
      "type": "Feature",
      "geometry": {
        "type": "Point",
        "coordinates": [
          -75.86527,
          4.852346
        ]
      },
      "properties": {
        "gbifID": "4976432586",
        "species": "Passiflora coriacea",
        "genus": "Passiflora",
        "family": "Passifloraceae",
        "scientificName": "Passiflora coriacea Juss.",
        "coordinateUncertaintyInMeters": "2917.0",
        "basisOfRecord": "HUMAN_OBSERVATION",
        "eventDate": "2024-10-29T11:05:30",
        "country": null,
        "datasetName": "iNaturalist research-grade observations",
        "publisher": "iNaturalist.org",
        "license": "CC_BY_4_0",
        "issues": [
          "COORDINATE_ROUNDED",
          "CONTINENT_DERIVED_FROM_COORDINATES",
          "TAXON_ID_NOT_FOUND"
        ],
        "media": [
          {
            "url": "https://inaturalist-open-data.s3.amazonaws.com/photos/446304926/original.jpeg",
            "references": "https://www.inaturalist.org/photos/446304926",
            "title": null,
            "creator": "Miguel José Lengua Hernández",
            "publisher": "iNaturalist",
            "license": "http://creativecommons.org/licenses/by/4.0/",
            "rightsHolder": "Miguel José Lengua Hernández"
          },
          {
            "url": "https://inaturalist-open-data.s3.amazonaws.com/photos/446304945/original.jpeg",
            "references": "https://www.inaturalist.org/photos/446304945",
            "title": null,
            "creator": "Miguel José Lengua Hernández",
            "publisher": "iNaturalist",
            "license": "http://creativecommons.org/licenses/by/4.0/",
            "rightsHolder": "Miguel José Lengua Hernández"
          },
          {
            "url": "https://inaturalist-open-data.s3.amazonaws.com/photos/446304965/original.jpeg",
            "references": "https://www.inaturalist.org/photos/446304965",
            "title": null,
            "creator": "Miguel José Lengua Hernández",
            "publisher": "iNaturalist",
            "license": "http://creativecommons.org/licenses/by/4.0/",
            "rightsHolder": "Miguel José Lengua Hernández"
          },
          {
            "url": "https://inaturalist-open-data.s3.amazonaws.com/photos/446304981/original.jpeg",
            "references": "https://www.inaturalist.org/photos/446304981",
            "title": null,
            "creator": "Miguel José Lengua Hernández",
            "publisher": "iNaturalist",
            "license": "http://creativecommons.org/licenses/by/4.0/",
            "rightsHolder": "Miguel José Lengua Hernández"
          },
          {
            "url": "https://inaturalist-open-data.s3.amazonaws.com/photos/446305005/original.jpeg",
            "references": "https://www.inaturalist.org/photos/446305005",
            "title": null,
            "creator": "Miguel José Lengua Hernández",
            "publisher": "iNaturalist",
            "license": "http://creativecommons.org/licenses/by/4.0/",
            "rightsHolder": "Miguel José Lengua Hernández"
          }
        ]
      }
    },
    {
      "type": "Feature",
      "geometry": {
        "type": "Point",
        "coordinates": [
          -74.825278,
          4.683056
        ]
      },
      "properties": {
        "gbifID": "1061292350",
        "species": "Passiflora coriacea",
        "genus": "Passiflora",
        "family": "Passifloraceae",
        "scientificName": "Passiflora coriacea Juss.",
        "coordinateUncertaintyInMeters": "",
        "basisOfRecord": "PRESERVED_SPECIMEN",
        "eventDate": "2013-05-07",
        "country": null,
        "datasetName": "",
        "publisher": "Universidad del Tolima",
        "license": "CC0_1_0",
        "issues": [
          "COORDINATE_ROUNDED",
          "INSTITUTION_MATCH_FUZZY"
        ],
        "fallback_media": {
          "url": "https://api.jacq.org/v1/images/europeana/1638715?withredirect=1",
          "references": "https://api.jacq.org/v1/images/show/1638715?withredirect=1",
          "title": null,
          "creator": null,
          "publisher": null,
          "license": "http://creativecommons.org/publicdomain/zero/1.0/",
          "rightsHolder": null
        }
      }
    },
    {
      "type": "Feature",
      "geometry": {
        "type": "Point",
        "coordinates": [
          -74.635208,
          6.550222
        ]
      },
      "properties": {
        "gbifID": "4516718181",
        "species": "Passiflora coriacea",
        "genus": "Passiflora",
        "family": "Passifloraceae",
        "scientificName": "Passiflora coriacea Juss.",
        "coordinateUncertaintyInMeters": "50.0",
        "basisOfRecord": "HUMAN_OBSERVATION",
        "eventDate": "2024-01-11T13:39:20",
        "country": null,
        "datasetName": "iNaturalist research-grade observations",
        "publisher": "iNaturalist.org",
        "license": "CC_BY_NC_4_0",
        "issues": [
          "COORDINATE_ROUNDED",
          "CONTINENT_DERIVED_FROM_COORDINATES",
          "TAXON_ID_NOT_FOUND"
        ],
        "media": [
          {
            "url": "https://inaturalist-open-data.s3.amazonaws.com/photos/347515193/original.jpg",
            "references": "https://www.inaturalist.org/photos/347515193",
            "title": null,
            "creator": "Neil Rosser",
            "publisher": "iNaturalist",
            "license": "http://creativecommons.org/licenses/by-nc/4.0/",
            "rightsHolder": "Neil Rosser"
          },
          {
            "url": "https://inaturalist-open-data.s3.amazonaws.com/photos/347515204/original.jpg",
            "references": "https://www.inaturalist.org/photos/347515204",
            "title": null,
            "creator": "Neil Rosser",
            "publisher": "iNaturalist",
            "license": "http://creativecommons.org/licenses/by-nc/4.0/",
            "rightsHolder": "Neil Rosser"
          }
        ]
      }
    },
    {
      "type": "Feature",
      "geometry": {
        "type": "Point",
        "coordinates": [
          -75.564262,
          2.940009
        ]
      },
      "properties": {
        "gbifID": "4852224308",
        "species": "Passiflora coriacea",
        "genus": "Passiflora",
        "family": "Passifloraceae",
        "scientificName": "Passiflora coriacea Juss.",
        "coordinateUncertaintyInMeters": "",
        "basisOfRecord": "HUMAN_OBSERVATION",
        "eventDate": "2023-04-23T15:16:14",
        "country": null,
        "datasetName": "iNaturalist research-grade observations",
        "publisher": "iNaturalist.org",
        "license": "CC_BY_4_0",
        "issues": [
          "COORDINATE_ROUNDED",
          "CONTINENT_DERIVED_FROM_COORDINATES",
          "TAXON_ID_NOT_FOUND"
        ],
        "media": [
          {
            "url": "https://inaturalist-open-data.s3.amazonaws.com/photos/373529718/original.jpeg",
            "references": "https://www.inaturalist.org/photos/373529718",
            "title": null,
            "creator": "Dilmer Arias Hermida",
            "publisher": "iNaturalist",
            "license": "http://creativecommons.org/licenses/by-nc/4.0/",
            "rightsHolder": "Dilmer Arias Hermida"
          },
          {
            "url": "https://inaturalist-open-data.s3.amazonaws.com/photos/373529974/original.jpeg",
            "references": "https://www.inaturalist.org/photos/373529974",
            "title": null,
            "creator": "Dilmer Arias Hermida",
            "publisher": "iNaturalist",
            "license": "http://creativecommons.org/licenses/by-nc/4.0/",
            "rightsHolder": "Dilmer Arias Hermida"
          },
          {
            "url": "https://inaturalist-open-data.s3.amazonaws.com/photos/373530094/original.jpeg",
            "references": "https://www.inaturalist.org/photos/373530094",
            "title": null,
            "creator": "Dilmer Arias Hermida",
            "publisher": "iNaturalist",
            "license": "http://creativecommons.org/licenses/by-nc/4.0/",
            "rightsHolder": "Dilmer Arias Hermida"
          },
          {
            "url": "https://inaturalist-open-data.s3.amazonaws.com/photos/373530208/original.jpeg",
            "references": "https://www.inaturalist.org/photos/373530208",
            "title": null,
            "creator": "Dilmer Arias Hermida",
            "publisher": "iNaturalist",
            "license": "http://creativecommons.org/licenses/by-nc/4.0/",
            "rightsHolder": "Dilmer Arias Hermida"
          },
          {
            "url": "https://inaturalist-open-data.s3.amazonaws.com/photos/373530317/original.jpeg",
            "references": "https://www.inaturalist.org/photos/373530317",
            "title": null,
            "creator": "Dilmer Arias Hermida",
            "publisher": "iNaturalist",
            "license": "http://creativecommons.org/licenses/by-nc/4.0/",
            "rightsHolder": "Dilmer Arias Hermida"
          },
          {
            "url": "https://inaturalist-open-data.s3.amazonaws.com/photos/373530422/original.jpeg",
            "references": "https://www.inaturalist.org/photos/373530422",
            "title": null,
            "creator": "Dilmer Arias Hermida",
            "publisher": "iNaturalist",
            "license": "http://creativecommons.org/licenses/by-nc/4.0/",
            "rightsHolder": "Dilmer Arias Hermida"
          },
          {
            "url": "https://inaturalist-open-data.s3.amazonaws.com/photos/373530528/original.jpeg",
            "references": "https://www.inaturalist.org/photos/373530528",
            "title": null,
            "creator": "Dilmer Arias Hermida",
            "publisher": "iNaturalist",
            "license": "http://creativecommons.org/licenses/by-nc/4.0/",
            "rightsHolder": "Dilmer Arias Hermida"
          }
        ]
      }
    },
    {
      "type": "Feature",
      "geometry": {
        "type": "Point",
        "coordinates": [
          -75.661674,
          5.865017
        ]
      },
      "properties": {
        "gbifID": "5903817403",
        "species": "Passiflora coriacea",
        "genus": "Passiflora",
        "family": "Passifloraceae",
        "scientificName": "Passiflora coriacea Juss.",
        "coordinateUncertaintyInMeters": "",
        "basisOfRecord": "HUMAN_OBSERVATION",
        "eventDate": "2025-11-02T09:07",
        "country": null,
        "datasetName": "iNaturalist research-grade observations",
        "publisher": "iNaturalist.org",
        "license": "CC_BY_NC_4_0",
        "issues": [
          "CONTINENT_DERIVED_FROM_COORDINATES",
          "TAXON_ID_NOT_FOUND"
        ],
        "media": [
          {
            "url": "https://inaturalist-open-data.s3.amazonaws.com/photos/594384398/original.jpg",
            "references": "https://www.inaturalist.org/photos/594384398",
            "title": null,
            "creator": "Lex Plasmans",
            "publisher": "iNaturalist",
            "license": "http://creativecommons.org/licenses/by-nc/4.0/",
            "rightsHolder": "Lex Plasmans"
          },
          {
            "url": "https://inaturalist-open-data.s3.amazonaws.com/photos/594384397/original.jpg",
            "references": "https://www.inaturalist.org/photos/594384397",
            "title": null,
            "creator": "Lex Plasmans",
            "publisher": "iNaturalist",
            "license": "http://creativecommons.org/licenses/by-nc/4.0/",
            "rightsHolder": "Lex Plasmans"
          }
        ]
      }
    },
    {
      "type": "Feature",
      "geometry": {
        "type": "Point",
        "coordinates": [
          -74.66323,
          4.206408
        ]
      },
      "properties": {
        "gbifID": "6159477452",
        "species": "Passiflora coriacea",
        "genus": "Passiflora",
        "family": "Passifloraceae",
        "scientificName": "Passiflora coriacea Juss.",
        "coordinateUncertaintyInMeters": "4.0",
        "basisOfRecord": "HUMAN_OBSERVATION",
        "eventDate": "2026-01-22T16:49:03",
        "country": null,
        "datasetName": "iNaturalist research-grade observations",
        "publisher": "iNaturalist.org",
        "license": "CC_BY_NC_4_0",
        "issues": [
          "COORDINATE_ROUNDED",
          "CONTINENT_DERIVED_FROM_COORDINATES",
          "TAXON_ID_NOT_FOUND"
        ],
        "media": [
          {
            "url": "https://inaturalist-open-data.s3.amazonaws.com/photos/615373065/original.jpg",
            "references": "https://www.inaturalist.org/photos/615373065",
            "title": null,
            "creator": "Trayson Bowers",
            "publisher": "iNaturalist",
            "license": "http://creativecommons.org/licenses/by-nc/4.0/",
            "rightsHolder": "Trayson Bowers"
          },
          {
            "url": "https://inaturalist-open-data.s3.amazonaws.com/photos/615373079/original.jpg",
            "references": "https://www.inaturalist.org/photos/615373079",
            "title": null,
            "creator": "Trayson Bowers",
            "publisher": "iNaturalist",
            "license": "http://creativecommons.org/licenses/by-nc/4.0/",
            "rightsHolder": "Trayson Bowers"
          },
          {
            "url": "https://inaturalist-open-data.s3.amazonaws.com/photos/615373091/original.jpg",
            "references": "https://www.inaturalist.org/photos/615373091",
            "title": null,
            "creator": "Trayson Bowers",
            "publisher": "iNaturalist",
            "license": "http://creativecommons.org/licenses/by-nc/4.0/",
            "rightsHolder": "Trayson Bowers"
          },
          {
            "url": "https://inaturalist-open-data.s3.amazonaws.com/photos/615373103/original.jpg",
            "references": "https://www.inaturalist.org/photos/615373103",
            "title": null,
            "creator": "Trayson Bowers",
            "publisher": "iNaturalist",
            "license": "http://creativecommons.org/licenses/by-nc/4.0/",
            "rightsHolder": "Trayson Bowers"
          },
          {
            "url": "https://inaturalist-open-data.s3.amazonaws.com/photos/615373115/original.jpg",
            "references": "https://www.inaturalist.org/photos/615373115",
            "title": null,
            "creator": "Trayson Bowers",
            "publisher": "iNaturalist",
            "license": "http://creativecommons.org/licenses/by-nc/4.0/",
            "rightsHolder": "Trayson Bowers"
          }
        ]
      }
    },
    {
      "type": "Feature",
      "geometry": {
        "type": "Point",
        "coordinates": [
          -75.357673,
          -11.0894
        ]
      },
      "properties": {
        "gbifID": "5892512336",
        "species": "Passiflora coriacea",
        "genus": "Passiflora",
        "family": "Passifloraceae",
        "scientificName": "Passiflora coriacea Juss.",
        "coordinateUncertaintyInMeters": "244.0",
        "basisOfRecord": "HUMAN_OBSERVATION",
        "eventDate": "2023-12-13T21:57",
        "country": null,
        "datasetName": "iNaturalist research-grade observations",
        "publisher": "iNaturalist.org",
        "license": "CC_BY_NC_4_0",
        "issues": [
          "COORDINATE_ROUNDED",
          "CONTINENT_DERIVED_FROM_COORDINATES",
          "TAXON_ID_NOT_FOUND"
        ],
        "media": [
          {
            "url": "https://inaturalist-open-data.s3.amazonaws.com/photos/587977242/original.jpg",
            "references": "https://www.inaturalist.org/photos/587977242",
            "title": null,
            "creator": "gonzalo_chavez-corcuera",
            "publisher": "iNaturalist",
            "license": "http://creativecommons.org/licenses/by-nc/4.0/",
            "rightsHolder": "gonzalo_chavez-corcuera"
          }
        ]
      }
    },
    {
      "type": "Feature",
      "geometry": {
        "type": "Point",
        "coordinates": [
          -76.02057,
          5.849847
        ]
      },
      "properties": {
        "gbifID": "4891852093",
        "species": "Passiflora coriacea",
        "genus": "Passiflora",
        "family": "Passifloraceae",
        "scientificName": "Passiflora coriacea Juss.",
        "coordinateUncertaintyInMeters": "35.0",
        "basisOfRecord": "HUMAN_OBSERVATION",
        "eventDate": "2022-08-11T18:03",
        "country": null,
        "datasetName": "iNaturalist research-grade observations",
        "publisher": "iNaturalist.org",
        "license": "CC_BY_NC_4_0",
        "issues": [
          "COORDINATE_ROUNDED",
          "CONTINENT_DERIVED_FROM_COORDINATES",
          "TAXON_ID_NOT_FOUND"
        ],
        "media": [
          {
            "url": "https://inaturalist-open-data.s3.amazonaws.com/photos/222209563/original.jpg",
            "references": "https://www.inaturalist.org/photos/222209563",
            "title": null,
            "creator": "Natalie Heaton",
            "publisher": "iNaturalist",
            "license": "http://creativecommons.org/licenses/by-nc/4.0/",
            "rightsHolder": "Natalie Heaton"
          },
          {
            "url": "https://inaturalist-open-data.s3.amazonaws.com/photos/222209595/original.jpg",
            "references": "https://www.inaturalist.org/photos/222209595",
            "title": null,
            "creator": "Natalie Heaton",
            "publisher": "iNaturalist",
            "license": "http://creativecommons.org/licenses/by-nc/4.0/",
            "rightsHolder": "Natalie Heaton"
          }
        ]
      }
    },
    {
      "type": "Feature",
      "geometry": {
        "type": "Point",
        "coordinates": [
          -75.669607,
          2.173694
        ]
      },
      "properties": {
        "gbifID": "6236332797",
        "species": "Passiflora coriacea",
        "genus": "Passiflora",
        "family": "Passifloraceae",
        "scientificName": "Passiflora coriacea Juss.",
        "coordinateUncertaintyInMeters": "461.0",
        "basisOfRecord": "HUMAN_OBSERVATION",
        "eventDate": "2026-04-10T10:10:21",
        "country": null,
        "datasetName": "iNaturalist research-grade observations",
        "publisher": "iNaturalist.org",
        "license": "CC_BY_NC_4_0",
        "issues": [
          "COORDINATE_ROUNDED",
          "CONTINENT_DERIVED_FROM_COORDINATES",
          "TAXON_ID_NOT_FOUND"
        ],
        "media": [
          {
            "url": "https://inaturalist-open-data.s3.amazonaws.com/photos/638392660/original.jpg",
            "references": "https://www.inaturalist.org/photos/638392660",
            "title": null,
            "creator": "David",
            "publisher": "iNaturalist",
            "license": "http://creativecommons.org/licenses/by-nc/4.0/",
            "rightsHolder": "David"
          },
          {
            "url": "https://inaturalist-open-data.s3.amazonaws.com/photos/638392713/original.jpg",
            "references": "https://www.inaturalist.org/photos/638392713",
            "title": null,
            "creator": "David",
            "publisher": "iNaturalist",
            "license": "http://creativecommons.org/licenses/by-nc/4.0/",
            "rightsHolder": "David"
          }
        ]
      }
    },
    {
      "type": "Feature",
      "geometry": {
        "type": "Point",
        "coordinates": [
          -76.060489,
          4.386908
        ]
      },
      "properties": {
        "gbifID": "1061293845",
        "species": "Passiflora coriacea",
        "genus": "Passiflora",
        "family": "Passifloraceae",
        "scientificName": "Passiflora coriacea Juss.",
        "coordinateUncertaintyInMeters": "90.0",
        "basisOfRecord": "PRESERVED_SPECIMEN",
        "eventDate": "2007-05-10",
        "country": null,
        "datasetName": "",
        "publisher": "Universidad Icesi",
        "license": "CC_BY_NC_4_0",
        "issues": [
          "INSTITUTION_MATCH_FUZZY",
          "COLLECTION_MATCH_FUZZY"
        ],
        "fallback_media": {
          "url": "https://api.jacq.org/v1/images/europeana/1638715?withredirect=1",
          "references": "https://api.jacq.org/v1/images/show/1638715?withredirect=1",
          "title": null,
          "creator": null,
          "publisher": null,
          "license": "http://creativecommons.org/publicdomain/zero/1.0/",
          "rightsHolder": null
        }
      }
    },
    {
      "type": "Feature",
      "geometry": {
        "type": "Point",
        "coordinates": [
          -76.039206,
          4.790228
        ]
      },
      "properties": {
        "gbifID": "1061294385",
        "species": "Passiflora coriacea",
        "genus": "Passiflora",
        "family": "Passifloraceae",
        "scientificName": "Passiflora coriacea Juss.",
        "coordinateUncertaintyInMeters": "90.0",
        "basisOfRecord": "PRESERVED_SPECIMEN",
        "eventDate": "2010-08-19",
        "country": null,
        "datasetName": "",
        "publisher": "Universidad Icesi",
        "license": "CC_BY_NC_4_0",
        "issues": [
          "INSTITUTION_MATCH_FUZZY",
          "COLLECTION_MATCH_FUZZY"
        ],
        "fallback_media": {
          "url": "https://api.jacq.org/v1/images/europeana/1638715?withredirect=1",
          "references": "https://api.jacq.org/v1/images/show/1638715?withredirect=1",
          "title": null,
          "creator": null,
          "publisher": null,
          "license": "http://creativecommons.org/publicdomain/zero/1.0/",
          "rightsHolder": null
        }
      }
    },
    {
      "type": "Feature",
      "geometry": {
        "type": "Point",
        "coordinates": [
          -75.0374,
          4.10575
        ]
      },
      "properties": {
        "gbifID": "1314959773",
        "species": "Passiflora coriacea",
        "genus": "Passiflora",
        "family": "Passifloraceae",
        "scientificName": "Passiflora coriacea Juss.",
        "coordinateUncertaintyInMeters": "",
        "basisOfRecord": "HUMAN_OBSERVATION",
        "eventDate": "",
        "country": null,
        "datasetName": "",
        "publisher": "Universidad Nacional de Colombia",
        "license": "CC_BY_NC_4_0",
        "issues": [
          "GEODETIC_DATUM_ASSUMED_WGS84",
          "CONTINENT_DERIVED_FROM_COORDINATES",
          "COORDINATE_PRECISION_INVALID"
        ],
        "fallback_media": {
          "url": "https://api.jacq.org/v1/images/europeana/1638715?withredirect=1",
          "references": "https://api.jacq.org/v1/images/show/1638715?withredirect=1",
          "title": null,
          "creator": null,
          "publisher": null,
          "license": "http://creativecommons.org/publicdomain/zero/1.0/",
          "rightsHolder": null
        }
      }
    },
    {
      "type": "Feature",
      "geometry": {
        "type": "Point",
        "coordinates": [
          -74.9068,
          5.19549
        ]
      },
      "properties": {
        "gbifID": "1314959778",
        "species": "Passiflora coriacea",
        "genus": "Passiflora",
        "family": "Passifloraceae",
        "scientificName": "Passiflora coriacea Juss.",
        "coordinateUncertaintyInMeters": "",
        "basisOfRecord": "HUMAN_OBSERVATION",
        "eventDate": "2001-09-27",
        "country": null,
        "datasetName": "",
        "publisher": "Universidad Nacional de Colombia",
        "license": "CC_BY_NC_4_0",
        "issues": [
          "GEODETIC_DATUM_ASSUMED_WGS84",
          "CONTINENT_DERIVED_FROM_COORDINATES",
          "COORDINATE_PRECISION_INVALID"
        ],
        "fallback_media": {
          "url": "https://api.jacq.org/v1/images/europeana/1638715?withredirect=1",
          "references": "https://api.jacq.org/v1/images/show/1638715?withredirect=1",
          "title": null,
          "creator": null,
          "publisher": null,
          "license": "http://creativecommons.org/publicdomain/zero/1.0/",
          "rightsHolder": null
        }
      }
    },
    {
      "type": "Feature",
      "geometry": {
        "type": "Point",
        "coordinates": [
          -74.5853,
          6.04073
        ]
      },
      "properties": {
        "gbifID": "1314959801",
        "species": "Passiflora coriacea",
        "genus": "Passiflora",
        "family": "Passifloraceae",
        "scientificName": "Passiflora coriacea Juss.",
        "coordinateUncertaintyInMeters": "",
        "basisOfRecord": "HUMAN_OBSERVATION",
        "eventDate": "",
        "country": null,
        "datasetName": "",
        "publisher": "Universidad Nacional de Colombia",
        "license": "CC_BY_NC_4_0",
        "issues": [
          "GEODETIC_DATUM_ASSUMED_WGS84",
          "CONTINENT_DERIVED_FROM_COORDINATES",
          "COORDINATE_PRECISION_INVALID"
        ],
        "fallback_media": {
          "url": "https://api.jacq.org/v1/images/europeana/1638715?withredirect=1",
          "references": "https://api.jacq.org/v1/images/show/1638715?withredirect=1",
          "title": null,
          "creator": null,
          "publisher": null,
          "license": "http://creativecommons.org/publicdomain/zero/1.0/",
          "rightsHolder": null
        }
      }
    },
    {
      "type": "Feature",
      "geometry": {
        "type": "Point",
        "coordinates": [
          -74.8925,
          4.00447
        ]
      },
      "properties": {
        "gbifID": "1314959800",
        "species": "Passiflora coriacea",
        "genus": "Passiflora",
        "family": "Passifloraceae",
        "scientificName": "Passiflora coriacea Juss.",
        "coordinateUncertaintyInMeters": "",
        "basisOfRecord": "HUMAN_OBSERVATION",
        "eventDate": "",
        "country": null,
        "datasetName": "",
        "publisher": "Universidad Nacional de Colombia",
        "license": "CC_BY_NC_4_0",
        "issues": [
          "GEODETIC_DATUM_ASSUMED_WGS84",
          "CONTINENT_DERIVED_FROM_COORDINATES",
          "COORDINATE_PRECISION_INVALID"
        ],
        "fallback_media": {
          "url": "https://api.jacq.org/v1/images/europeana/1638715?withredirect=1",
          "references": "https://api.jacq.org/v1/images/show/1638715?withredirect=1",
          "title": null,
          "creator": null,
          "publisher": null,
          "license": "http://creativecommons.org/publicdomain/zero/1.0/",
          "rightsHolder": null
        }
      }
    },
    {
      "type": "Feature",
      "geometry": {
        "type": "Point",
        "coordinates": [
          -74.8982,
          5.19924
        ]
      },
      "properties": {
        "gbifID": "1314959805",
        "species": "Passiflora coriacea",
        "genus": "Passiflora",
        "family": "Passifloraceae",
        "scientificName": "Passiflora coriacea Juss.",
        "coordinateUncertaintyInMeters": "",
        "basisOfRecord": "HUMAN_OBSERVATION",
        "eventDate": "",
        "country": null,
        "datasetName": "",
        "publisher": "Universidad Nacional de Colombia",
        "license": "CC_BY_NC_4_0",
        "issues": [
          "GEODETIC_DATUM_ASSUMED_WGS84",
          "CONTINENT_DERIVED_FROM_COORDINATES",
          "COORDINATE_PRECISION_INVALID"
        ],
        "fallback_media": {
          "url": "https://api.jacq.org/v1/images/europeana/1638715?withredirect=1",
          "references": "https://api.jacq.org/v1/images/show/1638715?withredirect=1",
          "title": null,
          "creator": null,
          "publisher": null,
          "license": "http://creativecommons.org/publicdomain/zero/1.0/",
          "rightsHolder": null
        }
      }
    },
    {
      "type": "Feature",
      "geometry": {
        "type": "Point",
        "coordinates": [
          -74.8314,
          4.40126
        ]
      },
      "properties": {
        "gbifID": "1314959798",
        "species": "Passiflora coriacea",
        "genus": "Passiflora",
        "family": "Passifloraceae",
        "scientificName": "Passiflora coriacea Juss.",
        "coordinateUncertaintyInMeters": "",
        "basisOfRecord": "HUMAN_OBSERVATION",
        "eventDate": "",
        "country": null,
        "datasetName": "",
        "publisher": "Universidad Nacional de Colombia",
        "license": "CC_BY_NC_4_0",
        "issues": [
          "GEODETIC_DATUM_ASSUMED_WGS84",
          "CONTINENT_DERIVED_FROM_COORDINATES",
          "COORDINATE_PRECISION_INVALID"
        ],
        "fallback_media": {
          "url": "https://api.jacq.org/v1/images/europeana/1638715?withredirect=1",
          "references": "https://api.jacq.org/v1/images/show/1638715?withredirect=1",
          "title": null,
          "creator": null,
          "publisher": null,
          "license": "http://creativecommons.org/publicdomain/zero/1.0/",
          "rightsHolder": null
        }
      }
    },
    {
      "type": "Feature",
      "geometry": {
        "type": "Point",
        "coordinates": [
          -74.8982,
          5.19923
        ]
      },
      "properties": {
        "gbifID": "1314959812",
        "species": "Passiflora coriacea",
        "genus": "Passiflora",
        "family": "Passifloraceae",
        "scientificName": "Passiflora coriacea Juss.",
        "coordinateUncertaintyInMeters": "",
        "basisOfRecord": "HUMAN_OBSERVATION",
        "eventDate": "",
        "country": null,
        "datasetName": "",
        "publisher": "Universidad Nacional de Colombia",
        "license": "CC_BY_NC_4_0",
        "issues": [
          "GEODETIC_DATUM_ASSUMED_WGS84",
          "CONTINENT_DERIVED_FROM_COORDINATES",
          "COORDINATE_PRECISION_INVALID"
        ],
        "fallback_media": {
          "url": "https://api.jacq.org/v1/images/europeana/1638715?withredirect=1",
          "references": "https://api.jacq.org/v1/images/show/1638715?withredirect=1",
          "title": null,
          "creator": null,
          "publisher": null,
          "license": "http://creativecommons.org/publicdomain/zero/1.0/",
          "rightsHolder": null
        }
      }
    },
    {
      "type": "Feature",
      "geometry": {
        "type": "Point",
        "coordinates": [
          -74.905,
          5.1919
        ]
      },
      "properties": {
        "gbifID": "1314959814",
        "species": "Passiflora coriacea",
        "genus": "Passiflora",
        "family": "Passifloraceae",
        "scientificName": "Passiflora coriacea Juss.",
        "coordinateUncertaintyInMeters": "",
        "basisOfRecord": "HUMAN_OBSERVATION",
        "eventDate": "2001-09-28",
        "country": null,
        "datasetName": "",
        "publisher": "Universidad Nacional de Colombia",
        "license": "CC_BY_NC_4_0",
        "issues": [
          "GEODETIC_DATUM_ASSUMED_WGS84",
          "CONTINENT_DERIVED_FROM_COORDINATES",
          "COORDINATE_PRECISION_INVALID"
        ],
        "fallback_media": {
          "url": "https://api.jacq.org/v1/images/europeana/1638715?withredirect=1",
          "references": "https://api.jacq.org/v1/images/show/1638715?withredirect=1",
          "title": null,
          "creator": null,
          "publisher": null,
          "license": "http://creativecommons.org/publicdomain/zero/1.0/",
          "rightsHolder": null
        }
      }
    },
    {
      "type": "Feature",
      "geometry": {
        "type": "Point",
        "coordinates": [
          -74.807,
          4.33336
        ]
      },
      "properties": {
        "gbifID": "1314959822",
        "species": "Passiflora coriacea",
        "genus": "Passiflora",
        "family": "Passifloraceae",
        "scientificName": "Passiflora coriacea Juss.",
        "coordinateUncertaintyInMeters": "",
        "basisOfRecord": "HUMAN_OBSERVATION",
        "eventDate": "1980-07-07",
        "country": null,
        "datasetName": "",
        "publisher": "Universidad Nacional de Colombia",
        "license": "CC_BY_NC_4_0",
        "issues": [
          "GEODETIC_DATUM_ASSUMED_WGS84",
          "CONTINENT_DERIVED_FROM_COORDINATES",
          "COORDINATE_PRECISION_INVALID"
        ],
        "fallback_media": {
          "url": "https://api.jacq.org/v1/images/europeana/1638715?withredirect=1",
          "references": "https://api.jacq.org/v1/images/show/1638715?withredirect=1",
          "title": null,
          "creator": null,
          "publisher": null,
          "license": "http://creativecommons.org/publicdomain/zero/1.0/",
          "rightsHolder": null
        }
      }
    },
    {
      "type": "Feature",
      "geometry": {
        "type": "Point",
        "coordinates": [
          -74.8875,
          4.71195
        ]
      },
      "properties": {
        "gbifID": "1314959806",
        "species": "Passiflora coriacea",
        "genus": "Passiflora",
        "family": "Passifloraceae",
        "scientificName": "Passiflora coriacea Juss.",
        "coordinateUncertaintyInMeters": "",
        "basisOfRecord": "HUMAN_OBSERVATION",
        "eventDate": "1980-08-13",
        "country": null,
        "datasetName": "",
        "publisher": "Universidad Nacional de Colombia",
        "license": "CC_BY_NC_4_0",
        "issues": [
          "GEODETIC_DATUM_ASSUMED_WGS84",
          "CONTINENT_DERIVED_FROM_COORDINATES",
          "COORDINATE_PRECISION_INVALID"
        ],
        "fallback_media": {
          "url": "https://api.jacq.org/v1/images/europeana/1638715?withredirect=1",
          "references": "https://api.jacq.org/v1/images/show/1638715?withredirect=1",
          "title": null,
          "creator": null,
          "publisher": null,
          "license": "http://creativecommons.org/publicdomain/zero/1.0/",
          "rightsHolder": null
        }
      }
    },
    {
      "type": "Feature",
      "geometry": {
        "type": "Point",
        "coordinates": [
          -74.8924,
          5.1963
        ]
      },
      "properties": {
        "gbifID": "1314959826",
        "species": "Passiflora coriacea",
        "genus": "Passiflora",
        "family": "Passifloraceae",
        "scientificName": "Passiflora coriacea Juss.",
        "coordinateUncertaintyInMeters": "",
        "basisOfRecord": "HUMAN_OBSERVATION",
        "eventDate": "",
        "country": null,
        "datasetName": "",
        "publisher": "Universidad Nacional de Colombia",
        "license": "CC_BY_NC_4_0",
        "issues": [
          "GEODETIC_DATUM_ASSUMED_WGS84",
          "CONTINENT_DERIVED_FROM_COORDINATES",
          "COORDINATE_PRECISION_INVALID"
        ],
        "fallback_media": {
          "url": "https://api.jacq.org/v1/images/europeana/1638715?withredirect=1",
          "references": "https://api.jacq.org/v1/images/show/1638715?withredirect=1",
          "title": null,
          "creator": null,
          "publisher": null,
          "license": "http://creativecommons.org/publicdomain/zero/1.0/",
          "rightsHolder": null
        }
      }
    },
    {
      "type": "Feature",
      "geometry": {
        "type": "Point",
        "coordinates": [
          -74.8969,
          5.1992
        ]
      },
      "properties": {
        "gbifID": "1314959796",
        "species": "Passiflora coriacea",
        "genus": "Passiflora",
        "family": "Passifloraceae",
        "scientificName": "Passiflora coriacea Juss.",
        "coordinateUncertaintyInMeters": "",
        "basisOfRecord": "HUMAN_OBSERVATION",
        "eventDate": "",
        "country": null,
        "datasetName": "",
        "publisher": "Universidad Nacional de Colombia",
        "license": "CC_BY_NC_4_0",
        "issues": [
          "GEODETIC_DATUM_ASSUMED_WGS84",
          "CONTINENT_DERIVED_FROM_COORDINATES",
          "COORDINATE_PRECISION_INVALID"
        ],
        "fallback_media": {
          "url": "https://api.jacq.org/v1/images/europeana/1638715?withredirect=1",
          "references": "https://api.jacq.org/v1/images/show/1638715?withredirect=1",
          "title": null,
          "creator": null,
          "publisher": null,
          "license": "http://creativecommons.org/publicdomain/zero/1.0/",
          "rightsHolder": null
        }
      }
    },
    {
      "type": "Feature",
      "geometry": {
        "type": "Point",
        "coordinates": [
          -74.8779,
          5.1927
        ]
      },
      "properties": {
        "gbifID": "1314959817",
        "species": "Passiflora coriacea",
        "genus": "Passiflora",
        "family": "Passifloraceae",
        "scientificName": "Passiflora coriacea Juss.",
        "coordinateUncertaintyInMeters": "",
        "basisOfRecord": "HUMAN_OBSERVATION",
        "eventDate": "1961-07-18",
        "country": null,
        "datasetName": "",
        "publisher": "Universidad Nacional de Colombia",
        "license": "CC_BY_NC_4_0",
        "issues": [
          "GEODETIC_DATUM_ASSUMED_WGS84",
          "CONTINENT_DERIVED_FROM_COORDINATES",
          "COORDINATE_PRECISION_INVALID"
        ],
        "fallback_media": {
          "url": "https://api.jacq.org/v1/images/europeana/1638715?withredirect=1",
          "references": "https://api.jacq.org/v1/images/show/1638715?withredirect=1",
          "title": null,
          "creator": null,
          "publisher": null,
          "license": "http://creativecommons.org/publicdomain/zero/1.0/",
          "rightsHolder": null
        }
      }
    },
    {
      "type": "Feature",
      "geometry": {
        "type": "Point",
        "coordinates": [
          -75.3992,
          4.43284
        ]
      },
      "properties": {
        "gbifID": "1314959825",
        "species": "Passiflora coriacea",
        "genus": "Passiflora",
        "family": "Passifloraceae",
        "scientificName": "Passiflora coriacea Juss.",
        "coordinateUncertaintyInMeters": "",
        "basisOfRecord": "HUMAN_OBSERVATION",
        "eventDate": "",
        "country": null,
        "datasetName": "",
        "publisher": "Universidad Nacional de Colombia",
        "license": "CC_BY_NC_4_0",
        "issues": [
          "GEODETIC_DATUM_ASSUMED_WGS84",
          "CONTINENT_DERIVED_FROM_COORDINATES",
          "COORDINATE_PRECISION_INVALID"
        ],
        "fallback_media": {
          "url": "https://api.jacq.org/v1/images/europeana/1638715?withredirect=1",
          "references": "https://api.jacq.org/v1/images/show/1638715?withredirect=1",
          "title": null,
          "creator": null,
          "publisher": null,
          "license": "http://creativecommons.org/publicdomain/zero/1.0/",
          "rightsHolder": null
        }
      }
    },
    {
      "type": "Feature",
      "geometry": {
        "type": "Point",
        "coordinates": [
          -75.598145,
          5.34895
        ]
      },
      "properties": {
        "gbifID": "1898916983",
        "species": "Passiflora coriacea",
        "genus": "Passiflora",
        "family": "Passifloraceae",
        "scientificName": "Passiflora coriacea Juss.",
        "coordinateUncertaintyInMeters": "2058.0",
        "basisOfRecord": "PRESERVED_SPECIMEN",
        "eventDate": "1989-07-18",
        "country": null,
        "datasetName": "Datos Depurados/sistematizados por Expedición por la historia - ColombiaBio",
        "publisher": "Universidad Nacional de Colombia",
        "license": "CC_BY_4_0",
        "issues": [],
        "fallback_media": {
          "url": "https://api.jacq.org/v1/images/europeana/1638715?withredirect=1",
          "references": "https://api.jacq.org/v1/images/show/1638715?withredirect=1",
          "title": null,
          "creator": null,
          "publisher": null,
          "license": "http://creativecommons.org/publicdomain/zero/1.0/",
          "rightsHolder": null
        }
      }
    },
    {
      "type": "Feature",
      "geometry": {
        "type": "Point",
        "coordinates": [
          -77.118338,
          7.92427
        ]
      },
      "properties": {
        "gbifID": "1844950485",
        "species": "Passiflora coriacea",
        "genus": "Passiflora",
        "family": "Passifloraceae",
        "scientificName": "Passiflora coriacea Juss.",
        "coordinateUncertaintyInMeters": "5854.0",
        "basisOfRecord": "PRESERVED_SPECIMEN",
        "eventDate": "1976-06-02",
        "country": null,
        "datasetName": "Convenio Especial de Cooperación #13-238 entre IAvH y UN - 30 Septiembre 2013",
        "publisher": "Universidad Nacional de Colombia",
        "license": "CC_BY_4_0",
        "issues": [],
        "fallback_media": {
          "url": "https://api.jacq.org/v1/images/europeana/1638715?withredirect=1",
          "references": "https://api.jacq.org/v1/images/show/1638715?withredirect=1",
          "title": null,
          "creator": null,
          "publisher": null,
          "license": "http://creativecommons.org/publicdomain/zero/1.0/",
          "rightsHolder": null
        }
      }
    },
    {
      "type": "Feature",
      "geometry": {
        "type": "Point",
        "coordinates": [
          -75.707967,
          5.829977
        ]
      },
      "properties": {
        "gbifID": "1844950428",
        "species": "Passiflora coriacea",
        "genus": "Passiflora",
        "family": "Passifloraceae",
        "scientificName": "Passiflora coriacea Juss.",
        "coordinateUncertaintyInMeters": "852.0",
        "basisOfRecord": "PRESERVED_SPECIMEN",
        "eventDate": "1947-01-01",
        "country": null,
        "datasetName": "Convenio Especial de Cooperación #13-238 entre IAvH y UN - 30 Septiembre 2013",
        "publisher": "Universidad Nacional de Colombia",
        "license": "CC_BY_4_0",
        "issues": [],
        "fallback_media": {
          "url": "https://api.jacq.org/v1/images/europeana/1638715?withredirect=1",
          "references": "https://api.jacq.org/v1/images/show/1638715?withredirect=1",
          "title": null,
          "creator": null,
          "publisher": null,
          "license": "http://creativecommons.org/publicdomain/zero/1.0/",
          "rightsHolder": null
        }
      }
    },
    {
      "type": "Feature",
      "geometry": {
        "type": "Point",
        "coordinates": [
          -74.192875,
          11.104719
        ]
      },
      "properties": {
        "gbifID": "1844950464",
        "species": "Passiflora coriacea",
        "genus": "Passiflora",
        "family": "Passifloraceae",
        "scientificName": "Passiflora coriacea Juss.",
        "coordinateUncertaintyInMeters": "3569.0",
        "basisOfRecord": "PRESERVED_SPECIMEN",
        "eventDate": "1966-12-29",
        "country": null,
        "datasetName": "Convenio Especial de Cooperación #13-238 entre IAvH y UN - 30 Septiembre 2013",
        "publisher": "Universidad Nacional de Colombia",
        "license": "CC_BY_4_0",
        "issues": [],
        "fallback_media": {
          "url": "https://api.jacq.org/v1/images/europeana/1638715?withredirect=1",
          "references": "https://api.jacq.org/v1/images/show/1638715?withredirect=1",
          "title": null,
          "creator": null,
          "publisher": null,
          "license": "http://creativecommons.org/publicdomain/zero/1.0/",
          "rightsHolder": null
        }
      }
    },
    {
      "type": "Feature",
      "geometry": {
        "type": "Point",
        "coordinates": [
          -77.126111,
          7.898333
        ]
      },
      "properties": {
        "gbifID": "1934696362",
        "species": "Passiflora coriacea",
        "genus": "Passiflora",
        "family": "Passifloraceae",
        "scientificName": "Passiflora coriacea Juss.",
        "coordinateUncertaintyInMeters": "297.0",
        "basisOfRecord": "PRESERVED_SPECIMEN",
        "eventDate": "1957-06-21",
        "country": null,
        "datasetName": "Datos Depurados/sistematizados por Expedición por la historia - ColombiaBio",
        "publisher": "Universidad Nacional de Colombia",
        "license": "CC_BY_4_0",
        "issues": [
          "COORDINATE_ROUNDED"
        ],
        "fallback_media": {
          "url": "https://api.jacq.org/v1/images/europeana/1638715?withredirect=1",
          "references": "https://api.jacq.org/v1/images/show/1638715?withredirect=1",
          "title": null,
          "creator": null,
          "publisher": null,
          "license": "http://creativecommons.org/publicdomain/zero/1.0/",
          "rightsHolder": null
        }
      }
    },
    {
      "type": "Feature",
      "geometry": {
        "type": "Point",
        "coordinates": [
          -76.054167,
          4.358056
        ]
      },
      "properties": {
        "gbifID": "1934721884",
        "species": "Passiflora coriacea",
        "genus": "Passiflora",
        "family": "Passifloraceae",
        "scientificName": "Passiflora coriacea Juss.",
        "coordinateUncertaintyInMeters": "",
        "basisOfRecord": "PRESERVED_SPECIMEN",
        "eventDate": "2003-10-11",
        "country": null,
        "datasetName": "Datos Depurados/sistematizados por Expedición por la historia - ColombiaBio",
        "publisher": "Universidad Nacional de Colombia",
        "license": "CC_BY_4_0",
        "issues": [
          "GEODETIC_DATUM_ASSUMED_WGS84"
        ],
        "fallback_media": {
          "url": "https://api.jacq.org/v1/images/europeana/1638715?withredirect=1",
          "references": "https://api.jacq.org/v1/images/show/1638715?withredirect=1",
          "title": null,
          "creator": null,
          "publisher": null,
          "license": "http://creativecommons.org/publicdomain/zero/1.0/",
          "rightsHolder": null
        }
      }
    },
    {
      "type": "Feature",
      "geometry": {
        "type": "Point",
        "coordinates": [
          -75.827773,
          6.556448
        ]
      },
      "properties": {
        "gbifID": "2013812588",
        "species": "Passiflora coriacea",
        "genus": "Passiflora",
        "family": "Passifloraceae",
        "scientificName": "Passiflora coriacea Juss.",
        "coordinateUncertaintyInMeters": "1628.0",
        "basisOfRecord": "PRESERVED_SPECIMEN",
        "eventDate": "1948-06-15",
        "country": null,
        "datasetName": "Datos Depurados/sistematizados por Expedición por la historia - ColombiaBio",
        "publisher": "Universidad Nacional de Colombia",
        "license": "CC_BY_4_0",
        "issues": [],
        "fallback_media": {
          "url": "https://api.jacq.org/v1/images/europeana/1638715?withredirect=1",
          "references": "https://api.jacq.org/v1/images/show/1638715?withredirect=1",
          "title": null,
          "creator": null,
          "publisher": null,
          "license": "http://creativecommons.org/publicdomain/zero/1.0/",
          "rightsHolder": null
        }
      }
    },
    {
      "type": "Feature",
      "geometry": {
        "type": "Point",
        "coordinates": [
          -75.729554,
          6.434401
        ]
      },
      "properties": {
        "gbifID": "2013812585",
        "species": "Passiflora coriacea",
        "genus": "Passiflora",
        "family": "Passifloraceae",
        "scientificName": "Passiflora coriacea Juss.",
        "coordinateUncertaintyInMeters": "1615.0",
        "basisOfRecord": "PRESERVED_SPECIMEN",
        "eventDate": "1951-04-17",
        "country": null,
        "datasetName": "Datos Depurados/sistematizados por Expedición por la historia - ColombiaBio",
        "publisher": "Universidad Nacional de Colombia",
        "license": "CC_BY_4_0",
        "issues": [],
        "fallback_media": {
          "url": "https://api.jacq.org/v1/images/europeana/1638715?withredirect=1",
          "references": "https://api.jacq.org/v1/images/show/1638715?withredirect=1",
          "title": null,
          "creator": null,
          "publisher": null,
          "license": "http://creativecommons.org/publicdomain/zero/1.0/",
          "rightsHolder": null
        }
      }
    },
    {
      "type": "Feature",
      "geometry": {
        "type": "Point",
        "coordinates": [
          -73.444441,
          5.679809
        ]
      },
      "properties": {
        "gbifID": "1898917025",
        "species": "Passiflora coriacea",
        "genus": "Passiflora",
        "family": "Passifloraceae",
        "scientificName": "Passiflora coriacea Juss.",
        "coordinateUncertaintyInMeters": "898.0",
        "basisOfRecord": "PRESERVED_SPECIMEN",
        "eventDate": "1993-05-29",
        "country": null,
        "datasetName": "Datos Depurados/sistematizados por Expedición por la historia - ColombiaBio",
        "publisher": "Universidad Nacional de Colombia",
        "license": "CC_BY_4_0",
        "issues": [],
        "fallback_media": {
          "url": "https://api.jacq.org/v1/images/europeana/1638715?withredirect=1",
          "references": "https://api.jacq.org/v1/images/show/1638715?withredirect=1",
          "title": null,
          "creator": null,
          "publisher": null,
          "license": "http://creativecommons.org/publicdomain/zero/1.0/",
          "rightsHolder": null
        }
      }
    },
    {
      "type": "Feature",
      "geometry": {
        "type": "Point",
        "coordinates": [
          -74.638882,
          5.130312
        ]
      },
      "properties": {
        "gbifID": "1891009947",
        "species": "Passiflora coriacea",
        "genus": "Passiflora",
        "family": "Passifloraceae",
        "scientificName": "Passiflora coriacea Juss.",
        "coordinateUncertaintyInMeters": "4291.0",
        "basisOfRecord": "PRESERVED_SPECIMEN",
        "eventDate": "1983-09-17",
        "country": null,
        "datasetName": "Datos Depurados/sistematizados por Expedición por la historia - ColombiaBio",
        "publisher": "Universidad Nacional de Colombia",
        "license": "CC_BY_4_0",
        "issues": [
          "COORDINATE_ROUNDED"
        ],
        "fallback_media": {
          "url": "https://api.jacq.org/v1/images/europeana/1638715?withredirect=1",
          "references": "https://api.jacq.org/v1/images/show/1638715?withredirect=1",
          "title": null,
          "creator": null,
          "publisher": null,
          "license": "http://creativecommons.org/publicdomain/zero/1.0/",
          "rightsHolder": null
        }
      }
    },
    {
      "type": "Feature",
      "geometry": {
        "type": "Point",
        "coordinates": [
          -74.641987,
          4.177242
        ]
      },
      "properties": {
        "gbifID": "1844950442",
        "species": "Passiflora coriacea",
        "genus": "Passiflora",
        "family": "Passifloraceae",
        "scientificName": "Passiflora coriacea Juss.",
        "coordinateUncertaintyInMeters": "1243.0",
        "basisOfRecord": "PRESERVED_SPECIMEN",
        "eventDate": "1972-01-16",
        "country": null,
        "datasetName": "Convenio Especial de Cooperación #13-238 entre IAvH y UN - 30 Septiembre 2013",
        "publisher": "Universidad Nacional de Colombia",
        "license": "CC_BY_4_0",
        "issues": [],
        "fallback_media": {
          "url": "https://api.jacq.org/v1/images/europeana/1638715?withredirect=1",
          "references": "https://api.jacq.org/v1/images/show/1638715?withredirect=1",
          "title": null,
          "creator": null,
          "publisher": null,
          "license": "http://creativecommons.org/publicdomain/zero/1.0/",
          "rightsHolder": null
        }
      }
    },
    {
      "type": "Feature",
      "geometry": {
        "type": "Point",
        "coordinates": [
          -76.028961,
          4.756183
        ]
      },
      "properties": {
        "gbifID": "1890950358",
        "species": "Passiflora coriacea",
        "genus": "Passiflora",
        "family": "Passifloraceae",
        "scientificName": "Passiflora coriacea Juss.",
        "coordinateUncertaintyInMeters": "696.0",
        "basisOfRecord": "PRESERVED_SPECIMEN",
        "eventDate": "1977-02-27",
        "country": null,
        "datasetName": "Datos Depurados/sistematizados por Expedición por la historia - ColombiaBio",
        "publisher": "Universidad Nacional de Colombia",
        "license": "CC_BY_4_0",
        "issues": [],
        "fallback_media": {
          "url": "https://api.jacq.org/v1/images/europeana/1638715?withredirect=1",
          "references": "https://api.jacq.org/v1/images/show/1638715?withredirect=1",
          "title": null,
          "creator": null,
          "publisher": null,
          "license": "http://creativecommons.org/publicdomain/zero/1.0/",
          "rightsHolder": null
        }
      }
    },
    {
      "type": "Feature",
      "geometry": {
        "type": "Point",
        "coordinates": [
          -76.510217,
          -8.188646
        ]
      },
      "properties": {
        "gbifID": "1890950372",
        "species": "Passiflora coriacea",
        "genus": "Passiflora",
        "family": "Passifloraceae",
        "scientificName": "Passiflora coriacea Juss.",
        "coordinateUncertaintyInMeters": "3568.0",
        "basisOfRecord": "PRESERVED_SPECIMEN",
        "eventDate": "1970-02-22",
        "country": null,
        "datasetName": "Datos Depurados/sistematizados por Expedición por la historia - ColombiaBio",
        "publisher": "Universidad Nacional de Colombia",
        "license": "CC_BY_4_0",
        "issues": [],
        "fallback_media": {
          "url": "https://api.jacq.org/v1/images/europeana/1638715?withredirect=1",
          "references": "https://api.jacq.org/v1/images/show/1638715?withredirect=1",
          "title": null,
          "creator": null,
          "publisher": null,
          "license": "http://creativecommons.org/publicdomain/zero/1.0/",
          "rightsHolder": null
        }
      }
    },
    {
      "type": "Feature",
      "geometry": {
        "type": "Point",
        "coordinates": [
          -74.59412,
          4.525159
        ]
      },
      "properties": {
        "gbifID": "1890950400",
        "species": "Passiflora coriacea",
        "genus": "Passiflora",
        "family": "Passifloraceae",
        "scientificName": "Passiflora coriacea Juss.",
        "coordinateUncertaintyInMeters": "1245.0",
        "basisOfRecord": "PRESERVED_SPECIMEN",
        "eventDate": "1944-05-05",
        "country": null,
        "datasetName": "Datos Depurados/sistematizados por Expedición por la historia - ColombiaBio",
        "publisher": "Universidad Nacional de Colombia",
        "license": "CC_BY_4_0",
        "issues": [],
        "fallback_media": {
          "url": "https://api.jacq.org/v1/images/europeana/1638715?withredirect=1",
          "references": "https://api.jacq.org/v1/images/show/1638715?withredirect=1",
          "title": null,
          "creator": null,
          "publisher": null,
          "license": "http://creativecommons.org/publicdomain/zero/1.0/",
          "rightsHolder": null
        }
      }
    },
    {
      "type": "Feature",
      "geometry": {
        "type": "Point",
        "coordinates": [
          -75.875488,
          4.69953
        ]
      },
      "properties": {
        "gbifID": "1891009952",
        "species": "Passiflora coriacea",
        "genus": "Passiflora",
        "family": "Passifloraceae",
        "scientificName": "Passiflora coriacea Juss.",
        "coordinateUncertaintyInMeters": "4500.0",
        "basisOfRecord": "PRESERVED_SPECIMEN",
        "eventDate": "1980-08-18",
        "country": null,
        "datasetName": "Datos Depurados/sistematizados por Expedición por la historia - ColombiaBio",
        "publisher": "Universidad Nacional de Colombia",
        "license": "CC_BY_4_0",
        "issues": [
          "COORDINATE_ROUNDED"
        ],
        "fallback_media": {
          "url": "https://api.jacq.org/v1/images/europeana/1638715?withredirect=1",
          "references": "https://api.jacq.org/v1/images/show/1638715?withredirect=1",
          "title": null,
          "creator": null,
          "publisher": null,
          "license": "http://creativecommons.org/publicdomain/zero/1.0/",
          "rightsHolder": null
        }
      }
    },
    {
      "type": "Feature",
      "geometry": {
        "type": "Point",
        "coordinates": [
          -73.901451,
          11.169789
        ]
      },
      "properties": {
        "gbifID": "2013812685",
        "species": "Passiflora coriacea",
        "genus": "Passiflora",
        "family": "Passifloraceae",
        "scientificName": "Passiflora coriacea Juss.",
        "coordinateUncertaintyInMeters": "38893.0",
        "basisOfRecord": "PRESERVED_SPECIMEN",
        "eventDate": "1948-02-03",
        "country": null,
        "datasetName": "Datos Depurados/sistematizados por Expedición por la historia - ColombiaBio",
        "publisher": "Universidad Nacional de Colombia",
        "license": "CC_BY_4_0",
        "issues": [],
        "fallback_media": {
          "url": "https://api.jacq.org/v1/images/europeana/1638715?withredirect=1",
          "references": "https://api.jacq.org/v1/images/show/1638715?withredirect=1",
          "title": null,
          "creator": null,
          "publisher": null,
          "license": "http://creativecommons.org/publicdomain/zero/1.0/",
          "rightsHolder": null
        }
      }
    },
    {
      "type": "Feature",
      "geometry": {
        "type": "Point",
        "coordinates": [
          -74.735685,
          4.397291
        ]
      },
      "properties": {
        "gbifID": "1890950450",
        "species": "Passiflora coriacea",
        "genus": "Passiflora",
        "family": "Passifloraceae",
        "scientificName": "Passiflora coriacea Juss.",
        "coordinateUncertaintyInMeters": "12873.0",
        "basisOfRecord": "PRESERVED_SPECIMEN",
        "eventDate": "1980-07-07",
        "country": null,
        "datasetName": "Datos Depurados/sistematizados por Expedición por la historia - ColombiaBio",
        "publisher": "Universidad Nacional de Colombia",
        "license": "CC_BY_4_0",
        "issues": [],
        "fallback_media": {
          "url": "https://api.jacq.org/v1/images/europeana/1638715?withredirect=1",
          "references": "https://api.jacq.org/v1/images/show/1638715?withredirect=1",
          "title": null,
          "creator": null,
          "publisher": null,
          "license": "http://creativecommons.org/publicdomain/zero/1.0/",
          "rightsHolder": null
        }
      }
    },
    {
      "type": "Feature",
      "geometry": {
        "type": "Point",
        "coordinates": [
          -75.205883,
          3.257126
        ]
      },
      "properties": {
        "gbifID": "1898917003",
        "species": "Passiflora coriacea",
        "genus": "Passiflora",
        "family": "Passifloraceae",
        "scientificName": "Passiflora coriacea Juss.",
        "coordinateUncertaintyInMeters": "1003.0",
        "basisOfRecord": "PRESERVED_SPECIMEN",
        "eventDate": "1949-02-06",
        "country": null,
        "datasetName": "Datos Depurados/sistematizados por Expedición por la historia - ColombiaBio",
        "publisher": "Universidad Nacional de Colombia",
        "license": "CC_BY_4_0",
        "issues": [],
        "fallback_media": {
          "url": "https://api.jacq.org/v1/images/europeana/1638715?withredirect=1",
          "references": "https://api.jacq.org/v1/images/show/1638715?withredirect=1",
          "title": null,
          "creator": null,
          "publisher": null,
          "license": "http://creativecommons.org/publicdomain/zero/1.0/",
          "rightsHolder": null
        }
      }
    },
    {
      "type": "Feature",
      "geometry": {
        "type": "Point",
        "coordinates": [
          -74.899153,
          5.142915
        ]
      },
      "properties": {
        "gbifID": "2013812590",
        "species": "Passiflora coriacea",
        "genus": "Passiflora",
        "family": "Passifloraceae",
        "scientificName": "Passiflora coriacea Juss.",
        "coordinateUncertaintyInMeters": "16299.0",
        "basisOfRecord": "PRESERVED_SPECIMEN",
        "eventDate": "1953-10-05",
        "country": null,
        "datasetName": "Datos Depurados/sistematizados por Expedición por la historia - ColombiaBio",
        "publisher": "Universidad Nacional de Colombia",
        "license": "CC_BY_4_0",
        "issues": [],
        "fallback_media": {
          "url": "https://api.jacq.org/v1/images/europeana/1638715?withredirect=1",
          "references": "https://api.jacq.org/v1/images/show/1638715?withredirect=1",
          "title": null,
          "creator": null,
          "publisher": null,
          "license": "http://creativecommons.org/publicdomain/zero/1.0/",
          "rightsHolder": null
        }
      }
    },
    {
      "type": "Feature",
      "geometry": {
        "type": "Point",
        "coordinates": [
          -69.4805,
          6.067861
        ]
      },
      "properties": {
        "gbifID": "1934711596",
        "species": "Passiflora coriacea",
        "genus": "Passiflora",
        "family": "Passifloraceae",
        "scientificName": "Passiflora coriacea Juss.",
        "coordinateUncertaintyInMeters": "",
        "basisOfRecord": "PRESERVED_SPECIMEN",
        "eventDate": "2013-04-22",
        "country": null,
        "datasetName": "Datos Depurados/sistematizados por Expedición por la historia - ColombiaBio",
        "publisher": "Universidad Nacional de Colombia",
        "license": "CC_BY_4_0",
        "issues": [
          "GEODETIC_DATUM_ASSUMED_WGS84"
        ],
        "fallback_media": {
          "url": "https://api.jacq.org/v1/images/europeana/1638715?withredirect=1",
          "references": "https://api.jacq.org/v1/images/show/1638715?withredirect=1",
          "title": null,
          "creator": null,
          "publisher": null,
          "license": "http://creativecommons.org/publicdomain/zero/1.0/",
          "rightsHolder": null
        }
      }
    },
    {
      "type": "Feature",
      "geometry": {
        "type": "Point",
        "coordinates": [
          -73.998056,
          10.935556
        ]
      },
      "properties": {
        "gbifID": "1934696359",
        "species": "Passiflora coriacea",
        "genus": "Passiflora",
        "family": "Passifloraceae",
        "scientificName": "Passiflora coriacea Juss.",
        "coordinateUncertaintyInMeters": "32460.0",
        "basisOfRecord": "PRESERVED_SPECIMEN",
        "eventDate": "1959-03-24",
        "country": null,
        "datasetName": "Datos Depurados/sistematizados por Expedición por la historia - ColombiaBio",
        "publisher": "Universidad Nacional de Colombia",
        "license": "CC_BY_4_0",
        "issues": [
          "COORDINATE_ROUNDED"
        ],
        "fallback_media": {
          "url": "https://api.jacq.org/v1/images/europeana/1638715?withredirect=1",
          "references": "https://api.jacq.org/v1/images/show/1638715?withredirect=1",
          "title": null,
          "creator": null,
          "publisher": null,
          "license": "http://creativecommons.org/publicdomain/zero/1.0/",
          "rightsHolder": null
        }
      }
    },
    {
      "type": "Feature",
      "geometry": {
        "type": "Point",
        "coordinates": [
          -76.784443,
          3.823056
        ]
      },
      "properties": {
        "gbifID": "1934696391",
        "species": "Passiflora coriacea",
        "genus": "Passiflora",
        "family": "Passifloraceae",
        "scientificName": "Passiflora coriacea Juss.",
        "coordinateUncertaintyInMeters": "7648.0",
        "basisOfRecord": "PRESERVED_SPECIMEN",
        "eventDate": "1939-05-05",
        "country": null,
        "datasetName": "Datos Depurados/sistematizados por Expedición por la historia - ColombiaBio",
        "publisher": "Universidad Nacional de Colombia",
        "license": "CC_BY_4_0",
        "issues": [
          "COORDINATE_ROUNDED"
        ],
        "fallback_media": {
          "url": "https://api.jacq.org/v1/images/europeana/1638715?withredirect=1",
          "references": "https://api.jacq.org/v1/images/show/1638715?withredirect=1",
          "title": null,
          "creator": null,
          "publisher": null,
          "license": "http://creativecommons.org/publicdomain/zero/1.0/",
          "rightsHolder": null
        }
      }
    },
    {
      "type": "Feature",
      "geometry": {
        "type": "Point",
        "coordinates": [
          -74.763747,
          4.460181
        ]
      },
      "properties": {
        "gbifID": "1898917008",
        "species": "Passiflora coriacea",
        "genus": "Passiflora",
        "family": "Passifloraceae",
        "scientificName": "Passiflora coriacea Juss.",
        "coordinateUncertaintyInMeters": "3318.0",
        "basisOfRecord": "PRESERVED_SPECIMEN",
        "eventDate": "1989-09-13/1989-09-15",
        "country": null,
        "datasetName": "Datos Depurados/sistematizados por Expedición por la historia - ColombiaBio",
        "publisher": "Universidad Nacional de Colombia",
        "license": "CC_BY_4_0",
        "issues": [],
        "fallback_media": {
          "url": "https://api.jacq.org/v1/images/europeana/1638715?withredirect=1",
          "references": "https://api.jacq.org/v1/images/show/1638715?withredirect=1",
          "title": null,
          "creator": null,
          "publisher": null,
          "license": "http://creativecommons.org/publicdomain/zero/1.0/",
          "rightsHolder": null
        }
      }
    },
    {
      "type": "Feature",
      "geometry": {
        "type": "Point",
        "coordinates": [
          -74.160778,
          10.519813
        ]
      },
      "properties": {
        "gbifID": "1844950516",
        "species": "Passiflora coriacea",
        "genus": "Passiflora",
        "family": "Passifloraceae",
        "scientificName": "Passiflora coriacea Juss.",
        "coordinateUncertaintyInMeters": "579.0",
        "basisOfRecord": "PRESERVED_SPECIMEN",
        "eventDate": "1971-08-05",
        "country": null,
        "datasetName": "Convenio Especial de Cooperación #13-238 entre IAvH y UN - 30 Septiembre 2013",
        "publisher": "Universidad Nacional de Colombia",
        "license": "CC_BY_4_0",
        "issues": [],
        "fallback_media": {
          "url": "https://api.jacq.org/v1/images/europeana/1638715?withredirect=1",
          "references": "https://api.jacq.org/v1/images/show/1638715?withredirect=1",
          "title": null,
          "creator": null,
          "publisher": null,
          "license": "http://creativecommons.org/publicdomain/zero/1.0/",
          "rightsHolder": null
        }
      }
    },
    {
      "type": "Feature",
      "geometry": {
        "type": "Point",
        "coordinates": [
          -74.099444,
          4.668611
        ]
      },
      "properties": {
        "gbifID": "1890950369",
        "species": "Passiflora coriacea",
        "genus": "Passiflora",
        "family": "Passifloraceae",
        "scientificName": "Passiflora coriacea Juss.",
        "coordinateUncertaintyInMeters": "148.0",
        "basisOfRecord": "PRESERVED_SPECIMEN",
        "eventDate": "1973-10-01",
        "country": null,
        "datasetName": "Datos Depurados/sistematizados por Expedición por la historia - ColombiaBio",
        "publisher": "Universidad Nacional de Colombia",
        "license": "CC_BY_4_0",
        "issues": [
          "COORDINATE_ROUNDED"
        ],
        "fallback_media": {
          "url": "https://api.jacq.org/v1/images/europeana/1638715?withredirect=1",
          "references": "https://api.jacq.org/v1/images/show/1638715?withredirect=1",
          "title": null,
          "creator": null,
          "publisher": null,
          "license": "http://creativecommons.org/publicdomain/zero/1.0/",
          "rightsHolder": null
        }
      }
    },
    {
      "type": "Feature",
      "geometry": {
        "type": "Point",
        "coordinates": [
          -75.150175,
          4.292748
        ]
      },
      "properties": {
        "gbifID": "1890950364",
        "species": "Passiflora coriacea",
        "genus": "Passiflora",
        "family": "Passifloraceae",
        "scientificName": "Passiflora coriacea Juss.",
        "coordinateUncertaintyInMeters": "6972.0",
        "basisOfRecord": "PRESERVED_SPECIMEN",
        "eventDate": "1965-03-13",
        "country": null,
        "datasetName": "Datos Depurados/sistematizados por Expedición por la historia - ColombiaBio",
        "publisher": "Universidad Nacional de Colombia",
        "license": "CC_BY_4_0",
        "issues": [
          "COORDINATE_ROUNDED"
        ],
        "fallback_media": {
          "url": "https://api.jacq.org/v1/images/europeana/1638715?withredirect=1",
          "references": "https://api.jacq.org/v1/images/show/1638715?withredirect=1",
          "title": null,
          "creator": null,
          "publisher": null,
          "license": "http://creativecommons.org/publicdomain/zero/1.0/",
          "rightsHolder": null
        }
      }
    },
    {
      "type": "Feature",
      "geometry": {
        "type": "Point",
        "coordinates": [
          -77.093339,
          8.040533
        ]
      },
      "properties": {
        "gbifID": "1844950474",
        "species": "Passiflora coriacea",
        "genus": "Passiflora",
        "family": "Passifloraceae",
        "scientificName": "Passiflora coriacea Juss.",
        "coordinateUncertaintyInMeters": "1079.0",
        "basisOfRecord": "PRESERVED_SPECIMEN",
        "eventDate": "1976-06-09",
        "country": null,
        "datasetName": "Convenio Especial de Cooperación #13-238 entre IAvH y UN - 30 Septiembre 2013",
        "publisher": "Universidad Nacional de Colombia",
        "license": "CC_BY_4_0",
        "issues": [
          "COORDINATE_ROUNDED"
        ],
        "fallback_media": {
          "url": "https://api.jacq.org/v1/images/europeana/1638715?withredirect=1",
          "references": "https://api.jacq.org/v1/images/show/1638715?withredirect=1",
          "title": null,
          "creator": null,
          "publisher": null,
          "license": "http://creativecommons.org/publicdomain/zero/1.0/",
          "rightsHolder": null
        }
      }
    },
    {
      "type": "Feature",
      "geometry": {
        "type": "Point",
        "coordinates": [
          -74.826247,
          4.375526
        ]
      },
      "properties": {
        "gbifID": "1898916962",
        "species": "Passiflora coriacea",
        "genus": "Passiflora",
        "family": "Passifloraceae",
        "scientificName": "Passiflora coriacea Juss.",
        "coordinateUncertaintyInMeters": "752.0",
        "basisOfRecord": "PRESERVED_SPECIMEN",
        "eventDate": "1986-03-01",
        "country": null,
        "datasetName": "Datos Depurados/sistematizados por Expedición por la historia - ColombiaBio",
        "publisher": "Universidad Nacional de Colombia",
        "license": "CC_BY_4_0",
        "issues": [],
        "fallback_media": {
          "url": "https://api.jacq.org/v1/images/europeana/1638715?withredirect=1",
          "references": "https://api.jacq.org/v1/images/show/1638715?withredirect=1",
          "title": null,
          "creator": null,
          "publisher": null,
          "license": "http://creativecommons.org/publicdomain/zero/1.0/",
          "rightsHolder": null
        }
      }
    },
    {
      "type": "Feature",
      "geometry": {
        "type": "Point",
        "coordinates": [
          -74.898261,
          5.200535
        ]
      },
      "properties": {
        "gbifID": "2013812610",
        "species": "Passiflora coriacea",
        "genus": "Passiflora",
        "family": "Passifloraceae",
        "scientificName": "Passiflora coriacea Juss.",
        "coordinateUncertaintyInMeters": "285.0",
        "basisOfRecord": "PRESERVED_SPECIMEN",
        "eventDate": "1954-02-07",
        "country": null,
        "datasetName": "Datos Depurados/sistematizados por Expedición por la historia - ColombiaBio",
        "publisher": "Universidad Nacional de Colombia",
        "license": "CC_BY_4_0",
        "issues": [],
        "fallback_media": {
          "url": "https://api.jacq.org/v1/images/europeana/1638715?withredirect=1",
          "references": "https://api.jacq.org/v1/images/show/1638715?withredirect=1",
          "title": null,
          "creator": null,
          "publisher": null,
          "license": "http://creativecommons.org/publicdomain/zero/1.0/",
          "rightsHolder": null
        }
      }
    },
    {
      "type": "Feature",
      "geometry": {
        "type": "Point",
        "coordinates": [
          -74.75,
          5.092222
        ]
      },
      "properties": {
        "gbifID": "2013812518",
        "species": "Passiflora coriacea",
        "genus": "Passiflora",
        "family": "Passifloraceae",
        "scientificName": "Passiflora coriacea Juss.",
        "coordinateUncertaintyInMeters": "",
        "basisOfRecord": "PRESERVED_SPECIMEN",
        "eventDate": "1995-11-20",
        "country": null,
        "datasetName": "Datos Depurados/sistematizados por Expedición por la historia - ColombiaBio",
        "publisher": "Universidad Nacional de Colombia",
        "license": "CC_BY_4_0",
        "issues": [
          "GEODETIC_DATUM_ASSUMED_WGS84"
        ],
        "fallback_media": {
          "url": "https://api.jacq.org/v1/images/europeana/1638715?withredirect=1",
          "references": "https://api.jacq.org/v1/images/show/1638715?withredirect=1",
          "title": null,
          "creator": null,
          "publisher": null,
          "license": "http://creativecommons.org/publicdomain/zero/1.0/",
          "rightsHolder": null
        }
      }
    },
    {
      "type": "Feature",
      "geometry": {
        "type": "Point",
        "coordinates": [
          -73.263333,
          4.806667
        ]
      },
      "properties": {
        "gbifID": "1934720866",
        "species": "Passiflora coriacea",
        "genus": "Passiflora",
        "family": "Passifloraceae",
        "scientificName": "Passiflora coriacea Juss.",
        "coordinateUncertaintyInMeters": "",
        "basisOfRecord": "PRESERVED_SPECIMEN",
        "eventDate": "2008-04-18",
        "country": null,
        "datasetName": "Datos Depurados/sistematizados por Expedición por la historia - ColombiaBio",
        "publisher": "Universidad Nacional de Colombia",
        "license": "CC_BY_4_0",
        "issues": [
          "GEODETIC_DATUM_ASSUMED_WGS84"
        ],
        "fallback_media": {
          "url": "https://api.jacq.org/v1/images/europeana/1638715?withredirect=1",
          "references": "https://api.jacq.org/v1/images/show/1638715?withredirect=1",
          "title": null,
          "creator": null,
          "publisher": null,
          "license": "http://creativecommons.org/publicdomain/zero/1.0/",
          "rightsHolder": null
        }
      }
    },
    {
      "type": "Feature",
      "geometry": {
        "type": "Point",
        "coordinates": [
          -74.758444,
          4.668472
        ]
      },
      "properties": {
        "gbifID": "1427551151",
        "species": "Passiflora coriacea",
        "genus": "Passiflora",
        "family": "Passifloraceae",
        "scientificName": "Passiflora coriacea Juss.",
        "coordinateUncertaintyInMeters": "",
        "basisOfRecord": "HUMAN_OBSERVATION",
        "eventDate": "2014-11-22",
        "country": null,
        "datasetName": "Planeación ambiental para la conservación de la biodiversidad en las áreas operativas de Ecopetrol",
        "publisher": "Instituto de Investigación de Recursos Biológicos Alexander von Humboldt",
        "license": "CC_BY_NC_4_0",
        "issues": [
          "COORDINATE_ROUNDED",
          "CONTINENT_DERIVED_FROM_COORDINATES"
        ],
        "fallback_media": {
          "url": "https://api.jacq.org/v1/images/europeana/1638715?withredirect=1",
          "references": "https://api.jacq.org/v1/images/show/1638715?withredirect=1",
          "title": null,
          "creator": null,
          "publisher": null,
          "license": "http://creativecommons.org/publicdomain/zero/1.0/",
          "rightsHolder": null
        }
      }
    },
    {
      "type": "Feature",
      "geometry": {
        "type": "Point",
        "coordinates": [
          -74.811556,
          4.6055
        ]
      },
      "properties": {
        "gbifID": "1427551237",
        "species": "Passiflora coriacea",
        "genus": "Passiflora",
        "family": "Passifloraceae",
        "scientificName": "Passiflora coriacea Juss.",
        "coordinateUncertaintyInMeters": "",
        "basisOfRecord": "HUMAN_OBSERVATION",
        "eventDate": "2014-11-24",
        "country": null,
        "datasetName": "Planeación ambiental para la conservación de la biodiversidad en las áreas operativas de Ecopetrol",
        "publisher": "Instituto de Investigación de Recursos Biológicos Alexander von Humboldt",
        "license": "CC_BY_NC_4_0",
        "issues": [
          "COORDINATE_ROUNDED",
          "CONTINENT_DERIVED_FROM_COORDINATES"
        ],
        "fallback_media": {
          "url": "https://api.jacq.org/v1/images/europeana/1638715?withredirect=1",
          "references": "https://api.jacq.org/v1/images/show/1638715?withredirect=1",
          "title": null,
          "creator": null,
          "publisher": null,
          "license": "http://creativecommons.org/publicdomain/zero/1.0/",
          "rightsHolder": null
        }
      }
    },
    {
      "type": "Feature",
      "geometry": {
        "type": "Point",
        "coordinates": [
          -89.00622,
          13.88769
        ]
      },
      "properties": {
        "gbifID": "1585313382",
        "species": "Passiflora coriacea",
        "genus": "Passiflora",
        "family": "Passifloraceae",
        "scientificName": "Passiflora coriacea Juss.",
        "coordinateUncertaintyInMeters": "",
        "basisOfRecord": "PRESERVED_SPECIMEN",
        "eventDate": "2006-08-23",
        "country": null,
        "datasetName": "",
        "publisher": "Botanic Garden and Botanical Museum Berlin",
        "license": "CC0_1_0",
        "issues": [
          "CONTINENT_DERIVED_FROM_COORDINATES",
          "INSTITUTION_MATCH_FUZZY",
          "COLLECTION_MATCH_NONE",
          "SCIENTIFIC_NAME_ID_NOT_FOUND"
        ],
        "fallback_media": {
          "url": "https://api.jacq.org/v1/images/europeana/1638715?withredirect=1",
          "references": "https://api.jacq.org/v1/images/show/1638715?withredirect=1",
          "title": null,
          "creator": null,
          "publisher": null,
          "license": "http://creativecommons.org/publicdomain/zero/1.0/",
          "rightsHolder": null
        }
      }
    },
    {
      "type": "Feature",
      "geometry": {
        "type": "Point",
        "coordinates": [
          -90.06667,
          13.8
        ]
      },
      "properties": {
        "gbifID": "1585313365",
        "species": "Passiflora coriacea",
        "genus": "Passiflora",
        "family": "Passifloraceae",
        "scientificName": "Passiflora coriacea Juss.",
        "coordinateUncertaintyInMeters": "",
        "basisOfRecord": "PRESERVED_SPECIMEN",
        "eventDate": "2004-01-12",
        "country": null,
        "datasetName": "",
        "publisher": "Botanic Garden and Botanical Museum Berlin",
        "license": "CC0_1_0",
        "issues": [
          "CONTINENT_DERIVED_FROM_COORDINATES",
          "INSTITUTION_MATCH_FUZZY",
          "COLLECTION_MATCH_NONE",
          "SCIENTIFIC_NAME_ID_NOT_FOUND"
        ],
        "fallback_media": {
          "url": "https://api.jacq.org/v1/images/europeana/1638715?withredirect=1",
          "references": "https://api.jacq.org/v1/images/show/1638715?withredirect=1",
          "title": null,
          "creator": null,
          "publisher": null,
          "license": "http://creativecommons.org/publicdomain/zero/1.0/",
          "rightsHolder": null
        }
      }
    },
    {
      "type": "Feature",
      "geometry": {
        "type": "Point",
        "coordinates": [
          -89.25,
          13.67222
        ]
      },
      "properties": {
        "gbifID": "1585311447",
        "species": "Passiflora coriacea",
        "genus": "Passiflora",
        "family": "Passifloraceae",
        "scientificName": "Passiflora coriacea Juss.",
        "coordinateUncertaintyInMeters": "",
        "basisOfRecord": "PRESERVED_SPECIMEN",
        "eventDate": "2012-03-27",
        "country": null,
        "datasetName": "",
        "publisher": "Botanic Garden and Botanical Museum Berlin",
        "license": "CC0_1_0",
        "issues": [
          "CONTINENT_DERIVED_FROM_COORDINATES",
          "INSTITUTION_MATCH_FUZZY",
          "COLLECTION_MATCH_NONE",
          "SCIENTIFIC_NAME_ID_NOT_FOUND"
        ],
        "fallback_media": {
          "url": "https://api.jacq.org/v1/images/europeana/1638715?withredirect=1",
          "references": "https://api.jacq.org/v1/images/show/1638715?withredirect=1",
          "title": null,
          "creator": null,
          "publisher": null,
          "license": "http://creativecommons.org/publicdomain/zero/1.0/",
          "rightsHolder": null
        }
      }
    },
    {
      "type": "Feature",
      "geometry": {
        "type": "Point",
        "coordinates": [
          -89.65,
          14.13333
        ]
      },
      "properties": {
        "gbifID": "1585313404",
        "species": "Passiflora coriacea",
        "genus": "Passiflora",
        "family": "Passifloraceae",
        "scientificName": "Passiflora coriacea Juss.",
        "coordinateUncertaintyInMeters": "",
        "basisOfRecord": "PRESERVED_SPECIMEN",
        "eventDate": "1993-10-27",
        "country": null,
        "datasetName": "",
        "publisher": "Botanic Garden and Botanical Museum Berlin",
        "license": "CC0_1_0",
        "issues": [
          "CONTINENT_DERIVED_FROM_COORDINATES",
          "INSTITUTION_MATCH_FUZZY",
          "COLLECTION_MATCH_NONE",
          "SCIENTIFIC_NAME_ID_NOT_FOUND"
        ],
        "fallback_media": {
          "url": "https://api.jacq.org/v1/images/europeana/1638715?withredirect=1",
          "references": "https://api.jacq.org/v1/images/show/1638715?withredirect=1",
          "title": null,
          "creator": null,
          "publisher": null,
          "license": "http://creativecommons.org/publicdomain/zero/1.0/",
          "rightsHolder": null
        }
      }
    },
    {
      "type": "Feature",
      "geometry": {
        "type": "Point",
        "coordinates": [
          -89.41667,
          13.86667
        ]
      },
      "properties": {
        "gbifID": "1585313414",
        "species": "Passiflora coriacea",
        "genus": "Passiflora",
        "family": "Passifloraceae",
        "scientificName": "Passiflora coriacea Juss.",
        "coordinateUncertaintyInMeters": "",
        "basisOfRecord": "PRESERVED_SPECIMEN",
        "eventDate": "2008-07-01",
        "country": null,
        "datasetName": "",
        "publisher": "Botanic Garden and Botanical Museum Berlin",
        "license": "CC0_1_0",
        "issues": [
          "CONTINENT_DERIVED_FROM_COORDINATES",
          "INSTITUTION_MATCH_FUZZY",
          "COLLECTION_MATCH_NONE",
          "SCIENTIFIC_NAME_ID_NOT_FOUND"
        ],
        "fallback_media": {
          "url": "https://api.jacq.org/v1/images/europeana/1638715?withredirect=1",
          "references": "https://api.jacq.org/v1/images/show/1638715?withredirect=1",
          "title": null,
          "creator": null,
          "publisher": null,
          "license": "http://creativecommons.org/publicdomain/zero/1.0/",
          "rightsHolder": null
        }
      }
    },
    {
      "type": "Feature",
      "geometry": {
        "type": "Point",
        "coordinates": [
          -89.24804,
          13.66931
        ]
      },
      "properties": {
        "gbifID": "2863955302",
        "species": "Passiflora coriacea",
        "genus": "Passiflora",
        "family": "Passifloraceae",
        "scientificName": "Passiflora coriacea Juss.",
        "coordinateUncertaintyInMeters": "",
        "basisOfRecord": "PRESERVED_SPECIMEN",
        "eventDate": "2020-07-17",
        "country": null,
        "datasetName": "",
        "publisher": "Botanic Garden and Botanical Museum Berlin",
        "license": "CC0_1_0",
        "issues": [
          "CONTINENT_DERIVED_FROM_COORDINATES",
          "INSTITUTION_MATCH_FUZZY",
          "COLLECTION_MATCH_NONE",
          "SCIENTIFIC_NAME_ID_NOT_FOUND"
        ],
        "media": [
          {
            "url": "https://api.jacq.org/v1/images/europeana/1638715?withredirect=1",
            "references": "https://api.jacq.org/v1/images/show/1638715?withredirect=1",
            "title": null,
            "creator": null,
            "publisher": null,
            "license": "http://creativecommons.org/publicdomain/zero/1.0/",
            "rightsHolder": null
          }
        ]
      }
    }
  ]
}
