{
  "type": "FeatureCollection",
  "metadata": {
    "host_taxon": {
      "canonical_name": "Passiflora nr riparia",
      "rank": "species",
      "family": "Passifloraceae",
      "genus": "Passiflora",
      "species": "Passiflora nr riparia",
      "slug": "species_passiflora_nr_riparia",
      "resolvable_to_gbif": true,
      "use_for_default_download": true,
      "association_count": 1,
      "butterfly_taxa": [
        "Heliconius numata"
      ],
      "confidence_counts": {
        "medium": 1
      },
      "occurrence_file": "occurrences/species_passiflora_nr_riparia.geojson",
      "gbif_resolution": {
        "query": "Passiflora nr riparia",
        "rank": "species",
        "status": "resolved",
        "gbif_taxon_key": 3587529,
        "accepted_usage_key": null,
        "scientific_name": "Passiflora riparia Mart. ex Mast.",
        "canonical_name": "Passiflora riparia",
        "gbif_rank": "SPECIES",
        "taxonomic_status": "ACCEPTED",
        "match_type": "EXACT",
        "confidence": 99,
        "kingdom": "Plantae",
        "family": "Passifloraceae",
        "genus": "Passiflora",
        "resolved_at": "2026-05-21T03:58:40+00:00"
      },
      "gbif_taxon_key": 3587529,
      "gbif_status": "resolved",
      "occurrence_count": 0,
      "occurrence_mode": "not_generated",
      "occurrence_cap": null
    },
    "gbif_resolution": {
      "query": "Passiflora nr riparia",
      "rank": "species",
      "status": "resolved",
      "gbif_taxon_key": 3587529,
      "accepted_usage_key": null,
      "scientific_name": "Passiflora riparia Mart. ex Mast.",
      "canonical_name": "Passiflora riparia",
      "gbif_rank": "SPECIES",
      "taxonomic_status": "ACCEPTED",
      "match_type": "EXACT",
      "confidence": 99,
      "kingdom": "Plantae",
      "family": "Passifloraceae",
      "genus": "Passiflora",
      "resolved_at": "2026-05-21T03:58:40+00:00"
    },
    "occurrence_query": {
      "method": "gbif_download_api",
      "download_key": "0004690-260519110011954",
      "download_doi": "10.15468/dl.s2gcc3",
      "download_doi_url": "https://doi.org/10.15468/dl.s2gcc3",
      "limit": null,
      "dedupe": "Exact duplicate coordinates removed per taxon after DWCA download.",
      "filters": "GBIF Download API DWCA with TAXON_KEY, HAS_COORDINATE=true, HAS_GEOSPATIAL_ISSUE=false, OCCURRENCE_STATUS=PRESENT; app study extent and coordinate uncertainty <=100km applied locally.",
      "returned_unique_coordinate_records": 162
    },
    "scientific_caveat": "GBIF plant occurrences are sampling-biased context records and do not prove local host use or ecological availability for the butterfly.",
    "generated_at": "2026-05-21T15:57:21+00:00"
  },
  "features": [
    {
      "type": "Feature",
      "geometry": {
        "type": "Point",
        "coordinates": [
          -73.138889,
          -4.061944
        ]
      },
      "properties": {
        "gbifID": "1260179779",
        "species": "Passiflora riparia",
        "genus": "Passiflora",
        "family": "Passifloraceae",
        "scientificName": "Passiflora riparia Mart. ex Mast.",
        "coordinateUncertaintyInMeters": "",
        "basisOfRecord": "PRESERVED_SPECIMEN",
        "eventDate": "1972-08-29",
        "country": null,
        "datasetName": "Tropicos",
        "publisher": "Missouri Botanical Garden",
        "license": "CC_BY_4_0",
        "issues": [
          "OCCURRENCE_STATUS_INFERRED_FROM_INDIVIDUAL_COUNT",
          "COORDINATE_ROUNDED",
          "GEODETIC_DATUM_ASSUMED_WGS84",
          "INSTITUTION_MATCH_FUZZY",
          "COLLECTION_MATCH_NONE",
          "TAXON_ID_NOT_FOUND"
        ],
        "media": [
          {
            "url": "https://images.mobot.org/RISScanning04/detailImages/RISScanning04/103930000/FD58F7EC-888B-48AF-8A9E-E271AE38F127.jpg",
            "references": "https://www.tropicos.org/ImageFullView.aspx?imageid=103930312",
            "title": "Croat - 19712 - Peru",
            "creator": "MBG",
            "publisher": null,
            "license": "http://creativecommons.org/licenses/by-nc-sa/3.0/",
            "rightsHolder": "MBG"
          }
        ]
      }
    },
    {
      "type": "Feature",
      "geometry": {
        "type": "Point",
        "coordinates": [
          -75.290278,
          -10.880556
        ]
      },
      "properties": {
        "gbifID": "4031702941",
        "species": "Passiflora riparia",
        "genus": "Passiflora",
        "family": "Passifloraceae",
        "scientificName": "Passiflora riparia Mart. ex Mast.",
        "coordinateUncertaintyInMeters": "",
        "basisOfRecord": "PRESERVED_SPECIMEN",
        "eventDate": "2007-10-17",
        "country": null,
        "datasetName": "Tropicos",
        "publisher": "Missouri Botanical Garden",
        "license": "CC_BY_4_0",
        "issues": [
          "OCCURRENCE_STATUS_INFERRED_FROM_INDIVIDUAL_COUNT",
          "COORDINATE_ROUNDED",
          "GEODETIC_DATUM_ASSUMED_WGS84",
          "INSTITUTION_MATCH_FUZZY",
          "COLLECTION_MATCH_NONE",
          "TAXON_ID_NOT_FOUND"
        ],
        "fallback_media": {
          "url": "https://d2jcv3kl45hlgi.cloudfront.net/1a2f339779b08825172a7a235594b2a5.jpg",
          "references": "http://specimens.kew.org/Herbarium/K005038537",
          "title": null,
          "creator": null,
          "publisher": null,
          "license": "http://creativecommons.org/licenses/by/4.0/",
          "rightsHolder": "Royal Botanic Gardens, Kew"
        }
      }
    },
    {
      "type": "Feature",
      "geometry": {
        "type": "Point",
        "coordinates": [
          -76.75,
          -7.183333
        ]
      },
      "properties": {
        "gbifID": "4031596391",
        "species": "Passiflora riparia",
        "genus": "Passiflora",
        "family": "Passifloraceae",
        "scientificName": "Passiflora riparia Mart. ex Mast.",
        "coordinateUncertaintyInMeters": "",
        "basisOfRecord": "PRESERVED_SPECIMEN",
        "eventDate": "1934-10",
        "country": null,
        "datasetName": "Tropicos",
        "publisher": "Missouri Botanical Garden",
        "license": "CC_BY_4_0",
        "issues": [
          "OCCURRENCE_STATUS_INFERRED_FROM_INDIVIDUAL_COUNT",
          "COORDINATE_ROUNDED",
          "GEODETIC_DATUM_ASSUMED_WGS84",
          "INSTITUTION_MATCH_FUZZY",
          "COLLECTION_MATCH_NONE",
          "TAXON_ID_NOT_FOUND"
        ],
        "media": [
          {
            "url": "https://images.mobot.org/RISScanning04/detailImages/RISScanning04/103930000/6793B666-E020-457D-8B37-EF7E33B6D48A.jpg",
            "references": "https://www.tropicos.org/ImageFullView.aspx?imageid=103930309",
            "title": "Klug - 3897 - Peru",
            "creator": "MBG",
            "publisher": null,
            "license": "http://creativecommons.org/licenses/by-nc-sa/3.0/",
            "rightsHolder": "MBG"
          }
        ]
      }
    },
    {
      "type": "Feature",
      "geometry": {
        "type": "Point",
        "coordinates": [
          -72.21666,
          7.6
        ]
      },
      "properties": {
        "gbifID": "1260246436",
        "species": "Passiflora riparia",
        "genus": "Passiflora",
        "family": "Passifloraceae",
        "scientificName": "Passiflora riparia Mart. ex Mast.",
        "coordinateUncertaintyInMeters": "",
        "basisOfRecord": "PRESERVED_SPECIMEN",
        "eventDate": "1979-07-29",
        "country": null,
        "datasetName": "Tropicos",
        "publisher": "Missouri Botanical Garden",
        "license": "CC_BY_4_0",
        "issues": [
          "GEODETIC_DATUM_ASSUMED_WGS84",
          "INSTITUTION_MATCH_FUZZY",
          "COLLECTION_MATCH_NONE",
          "TAXON_ID_NOT_FOUND"
        ],
        "media": [
          {
            "url": "https://images.mobot.org/tropicosimages3/detailimages/TropicosImages2/100203000/3ED8D6EF-520E-41E5-896C-AA5BEEA1D403.jpg",
            "references": "https://www.tropicos.org/ImageFullView.aspx?imageid=100203003",
            "title": "Steyermark - 118997 - Venezuela",
            "creator": "MBG",
            "publisher": null,
            "license": "http://creativecommons.org/licenses/by-nc-sa/3.0/",
            "rightsHolder": "MBG"
          }
        ]
      }
    },
    {
      "type": "Feature",
      "geometry": {
        "type": "Point",
        "coordinates": [
          -73.25,
          -3.666667
        ]
      },
      "properties": {
        "gbifID": "1260136469",
        "species": "Passiflora riparia",
        "genus": "Passiflora",
        "family": "Passifloraceae",
        "scientificName": "Passiflora riparia Mart. ex Mast.",
        "coordinateUncertaintyInMeters": "",
        "basisOfRecord": "PRESERVED_SPECIMEN",
        "eventDate": "1976-02-25",
        "country": null,
        "datasetName": "Tropicos",
        "publisher": "Missouri Botanical Garden",
        "license": "CC_BY_4_0",
        "issues": [
          "OCCURRENCE_STATUS_INFERRED_FROM_INDIVIDUAL_COUNT",
          "COORDINATE_ROUNDED",
          "GEODETIC_DATUM_ASSUMED_WGS84",
          "INSTITUTION_MATCH_FUZZY",
          "COLLECTION_MATCH_NONE",
          "TAXON_ID_NOT_FOUND"
        ],
        "media": [
          {
            "url": "https://images.mobot.org/RISScanning04/detailImages/RISScanning04/103930000/9382EB2A-F388-48CD-B826-A7C29933A417.jpg",
            "references": "https://www.tropicos.org/ImageFullView.aspx?imageid=103930311",
            "title": "Revilla Cardenas - 241 - Peru",
            "creator": "MBG",
            "publisher": null,
            "license": "http://creativecommons.org/licenses/by-nc-sa/3.0/",
            "rightsHolder": "MBG"
          }
        ]
      }
    },
    {
      "type": "Feature",
      "geometry": {
        "type": "Point",
        "coordinates": [
          -75.16305,
          -10.14222
        ]
      },
      "properties": {
        "gbifID": "4031752955",
        "species": "Passiflora riparia",
        "genus": "Passiflora",
        "family": "Passifloraceae",
        "scientificName": "Passiflora riparia Mart. ex Mast.",
        "coordinateUncertaintyInMeters": "",
        "basisOfRecord": "PRESERVED_SPECIMEN",
        "eventDate": "2007-09-28",
        "country": null,
        "datasetName": "Tropicos",
        "publisher": "Missouri Botanical Garden",
        "license": "CC_BY_4_0",
        "issues": [
          "OCCURRENCE_STATUS_INFERRED_FROM_INDIVIDUAL_COUNT",
          "GEODETIC_DATUM_ASSUMED_WGS84",
          "INSTITUTION_MATCH_FUZZY",
          "COLLECTION_MATCH_NONE",
          "TAXON_ID_NOT_FOUND"
        ],
        "fallback_media": {
          "url": "https://d2jcv3kl45hlgi.cloudfront.net/1a2f339779b08825172a7a235594b2a5.jpg",
          "references": "http://specimens.kew.org/Herbarium/K005038537",
          "title": null,
          "creator": null,
          "publisher": null,
          "license": "http://creativecommons.org/licenses/by/4.0/",
          "rightsHolder": "Royal Botanic Gardens, Kew"
        }
      }
    },
    {
      "type": "Feature",
      "geometry": {
        "type": "Point",
        "coordinates": [
          -73.81666,
          3.03333
        ]
      },
      "properties": {
        "gbifID": "1260246795",
        "species": "Passiflora riparia",
        "genus": "Passiflora",
        "family": "Passifloraceae",
        "scientificName": "Passiflora riparia Mart. ex Mast.",
        "coordinateUncertaintyInMeters": "",
        "basisOfRecord": "PRESERVED_SPECIMEN",
        "eventDate": "1985-05-19",
        "country": null,
        "datasetName": "Tropicos",
        "publisher": "Missouri Botanical Garden",
        "license": "CC_BY_4_0",
        "issues": [
          "GEODETIC_DATUM_ASSUMED_WGS84",
          "INSTITUTION_MATCH_FUZZY",
          "COLLECTION_MATCH_NONE",
          "TAXON_ID_NOT_FOUND"
        ],
        "media": [
          {
            "url": "https://images.mobot.org/tropicosimages3/detailimages/TropicosImages2/100196000/5668D18F-BE06-421E-9EA9-CFE8E1D3C00F.jpg",
            "references": "https://www.tropicos.org/ImageFullView.aspx?imageid=100196824",
            "title": "HURTADO - 082 - Colombia",
            "creator": "MBG",
            "publisher": null,
            "license": "http://creativecommons.org/licenses/by-nc-sa/3.0/",
            "rightsHolder": "MBG"
          }
        ]
      }
    },
    {
      "type": "Feature",
      "geometry": {
        "type": "Point",
        "coordinates": [
          -74.93333,
          -9.61666
        ]
      },
      "properties": {
        "gbifID": "1260248743",
        "species": "Passiflora riparia",
        "genus": "Passiflora",
        "family": "Passifloraceae",
        "scientificName": "Passiflora riparia Mart. ex Mast.",
        "coordinateUncertaintyInMeters": "",
        "basisOfRecord": "PRESERVED_SPECIMEN",
        "eventDate": "1988-11-04",
        "country": null,
        "datasetName": "Tropicos",
        "publisher": "Missouri Botanical Garden",
        "license": "CC_BY_4_0",
        "issues": [
          "GEODETIC_DATUM_ASSUMED_WGS84",
          "INSTITUTION_MATCH_FUZZY",
          "COLLECTION_MATCH_NONE",
          "TAXON_ID_NOT_FOUND"
        ],
        "media": [
          {
            "url": "https://images.mobot.org/RISScanning04/detailImages/RISScanning04/103930000/F3F27995-8B44-4AA2-B2CA-6790EE6840BD.jpg",
            "references": "https://www.tropicos.org/ImageFullView.aspx?imageid=103930310",
            "title": "Wallnöfer - 13-41188 - Peru",
            "creator": "MBG",
            "publisher": null,
            "license": "http://creativecommons.org/licenses/by-nc-sa/3.0/",
            "rightsHolder": "MBG"
          }
        ]
      }
    },
    {
      "type": "Feature",
      "geometry": {
        "type": "Point",
        "coordinates": [
          -76.61666,
          -0.4
        ]
      },
      "properties": {
        "gbifID": "1260247003",
        "species": "Passiflora riparia",
        "genus": "Passiflora",
        "family": "Passifloraceae",
        "scientificName": "Passiflora riparia Mart. ex Mast.",
        "coordinateUncertaintyInMeters": "",
        "basisOfRecord": "PRESERVED_SPECIMEN",
        "eventDate": "1970-03",
        "country": null,
        "datasetName": "Tropicos",
        "publisher": "Missouri Botanical Garden",
        "license": "CC_BY_4_0",
        "issues": [
          "GEODETIC_DATUM_ASSUMED_WGS84",
          "INSTITUTION_MATCH_FUZZY",
          "COLLECTION_MATCH_NONE",
          "TAXON_ID_NOT_FOUND"
        ],
        "media": [
          {
            "url": "https://images.mobot.org/tropicosimages3/detailimages/TropicosImages2/100318000/272D0146-6B18-414E-9723-D71768FF436F.jpg",
            "references": "https://www.tropicos.org/ImageFullView.aspx?imageid=100318139",
            "title": "Mowbray - 70389 - Ecuador",
            "creator": "MBG",
            "publisher": null,
            "license": "http://creativecommons.org/licenses/by-nc-sa/3.0/",
            "rightsHolder": "MBG"
          }
        ]
      }
    },
    {
      "type": "Feature",
      "geometry": {
        "type": "Point",
        "coordinates": [
          -76.3,
          -6.266667
        ]
      },
      "properties": {
        "gbifID": "1260168882",
        "species": "Passiflora riparia",
        "genus": "Passiflora",
        "family": "Passifloraceae",
        "scientificName": "Passiflora riparia Mart. ex Mast.",
        "coordinateUncertaintyInMeters": "",
        "basisOfRecord": "PRESERVED_SPECIMEN",
        "eventDate": "1985-10-12",
        "country": null,
        "datasetName": "Tropicos",
        "publisher": "Missouri Botanical Garden",
        "license": "CC_BY_4_0",
        "issues": [
          "OCCURRENCE_STATUS_INFERRED_FROM_INDIVIDUAL_COUNT",
          "COORDINATE_ROUNDED",
          "GEODETIC_DATUM_ASSUMED_WGS84",
          "INSTITUTION_MATCH_FUZZY",
          "COLLECTION_MATCH_NONE",
          "TAXON_ID_NOT_FOUND"
        ],
        "media": [
          {
            "url": "https://images.mobot.org/RISScanning04/detailImages/RISScanning04/103930000/5EAFDCA6-6C66-4571-B963-64CEF236B7F7.jpg",
            "references": "https://www.tropicos.org/ImageFullView.aspx?imageid=103930317",
            "title": "Gentry - 52298 - Peru",
            "creator": "MBG",
            "publisher": null,
            "license": "http://creativecommons.org/licenses/by-nc-sa/3.0/",
            "rightsHolder": "MBG"
          }
        ]
      }
    },
    {
      "type": "Feature",
      "geometry": {
        "type": "Point",
        "coordinates": [
          -73.416667,
          -3.8
        ]
      },
      "properties": {
        "gbifID": "1260141751",
        "species": "Passiflora riparia",
        "genus": "Passiflora",
        "family": "Passifloraceae",
        "scientificName": "Passiflora riparia Mart. ex Mast.",
        "coordinateUncertaintyInMeters": "",
        "basisOfRecord": "PRESERVED_SPECIMEN",
        "eventDate": "1983-08-17",
        "country": null,
        "datasetName": "Tropicos",
        "publisher": "Missouri Botanical Garden",
        "license": "CC_BY_4_0",
        "issues": [
          "OCCURRENCE_STATUS_INFERRED_FROM_INDIVIDUAL_COUNT",
          "COORDINATE_ROUNDED",
          "GEODETIC_DATUM_ASSUMED_WGS84",
          "INSTITUTION_MATCH_FUZZY",
          "COLLECTION_MATCH_NONE",
          "TAXON_ID_NOT_FOUND"
        ],
        "media": [
          {
            "url": "https://images.mobot.org/RISScanning04/detailImages/RISScanning04/103899000/6C3D6C3F-7E25-4F0F-A59B-F6DDFE54F23A.jpg",
            "references": "https://www.tropicos.org/ImageFullView.aspx?imageid=103899741",
            "title": "Vásquez Martínez - 4278 - Peru",
            "creator": "MBG",
            "publisher": null,
            "license": "http://creativecommons.org/licenses/by-nc-sa/3.0/",
            "rightsHolder": "MBG"
          }
        ]
      }
    },
    {
      "type": "Feature",
      "geometry": {
        "type": "Point",
        "coordinates": [
          -73.850278,
          -5.060833
        ]
      },
      "properties": {
        "gbifID": "1261927867",
        "species": "Passiflora riparia",
        "genus": "Passiflora",
        "family": "Passifloraceae",
        "scientificName": "Passiflora riparia Mart. ex Mast.",
        "coordinateUncertaintyInMeters": "",
        "basisOfRecord": "PRESERVED_SPECIMEN",
        "eventDate": "1977-12-09",
        "country": null,
        "datasetName": "Tropicos",
        "publisher": "Missouri Botanical Garden",
        "license": "CC_BY_4_0",
        "issues": [
          "OCCURRENCE_STATUS_INFERRED_FROM_INDIVIDUAL_COUNT",
          "COORDINATE_ROUNDED",
          "GEODETIC_DATUM_ASSUMED_WGS84",
          "INSTITUTION_MATCH_FUZZY",
          "COLLECTION_MATCH_NONE",
          "TAXON_ID_NOT_FOUND"
        ],
        "media": [
          {
            "url": "https://images.mobot.org/RISScanning04/detailImages/RISScanning04/103899000/282913E6-A861-424A-B7C0-177836FAB4DE.jpg",
            "references": "https://www.tropicos.org/ImageFullView.aspx?imageid=103899728",
            "title": "Gentry - 21337 - Peru",
            "creator": "MBG",
            "publisher": null,
            "license": "http://creativecommons.org/licenses/by-nc-sa/3.0/",
            "rightsHolder": "MBG"
          }
        ]
      }
    },
    {
      "type": "Feature",
      "geometry": {
        "type": "Point",
        "coordinates": [
          -54.9,
          -9.36666
        ]
      },
      "properties": {
        "gbifID": "1260248755",
        "species": "Passiflora riparia",
        "genus": "Passiflora",
        "family": "Passifloraceae",
        "scientificName": "Passiflora riparia Mart. ex Mast.",
        "coordinateUncertaintyInMeters": "",
        "basisOfRecord": "PRESERVED_SPECIMEN",
        "eventDate": "1977-11-08",
        "country": null,
        "datasetName": "Tropicos",
        "publisher": "Missouri Botanical Garden",
        "license": "CC_BY_4_0",
        "issues": [
          "GEODETIC_DATUM_ASSUMED_WGS84",
          "INSTITUTION_MATCH_FUZZY",
          "COLLECTION_MATCH_NONE",
          "TAXON_ID_NOT_FOUND"
        ],
        "media": [
          {
            "url": "https://images.mobot.org/tropicosimages3/detailimages/TropicosImages2/100203000/63416F0F-F557-4BB5-B986-96B14B852467.jpg",
            "references": "https://www.tropicos.org/ImageFullView.aspx?imageid=100203001",
            "title": "Prance - 25021 - Brazil",
            "creator": "MBG",
            "publisher": null,
            "license": "http://creativecommons.org/licenses/by-nc-sa/3.0/",
            "rightsHolder": "MBG"
          }
        ]
      }
    },
    {
      "type": "Feature",
      "geometry": {
        "type": "Point",
        "coordinates": [
          -73.25,
          -3.66833
        ]
      },
      "properties": {
        "gbifID": "1260246350",
        "species": "Passiflora riparia",
        "genus": "Passiflora",
        "family": "Passifloraceae",
        "scientificName": "Passiflora riparia Mart. ex Mast.",
        "coordinateUncertaintyInMeters": "",
        "basisOfRecord": "PRESERVED_SPECIMEN",
        "eventDate": "1973-03-15",
        "country": null,
        "datasetName": "Tropicos",
        "publisher": "Missouri Botanical Garden",
        "license": "CC_BY_4_0",
        "issues": [
          "GEODETIC_DATUM_ASSUMED_WGS84",
          "INSTITUTION_MATCH_FUZZY",
          "COLLECTION_MATCH_NONE",
          "TAXON_ID_NOT_FOUND"
        ],
        "media": [
          {
            "url": "https://images.mobot.org/RISScanning04/detailImages/RISScanning04/103930000/19597E58-7E92-4F2E-9FFC-B5F00A615D50.jpg",
            "references": "https://www.tropicos.org/ImageFullView.aspx?imageid=103930315",
            "title": "Rimachi Y. - 126 - Peru",
            "creator": "MBG",
            "publisher": null,
            "license": "http://creativecommons.org/licenses/by-nc-sa/3.0/",
            "rightsHolder": "MBG"
          }
        ]
      }
    },
    {
      "type": "Feature",
      "geometry": {
        "type": "Point",
        "coordinates": [
          -75.499444,
          -10.550278
        ]
      },
      "properties": {
        "gbifID": "4032144979",
        "species": "Passiflora riparia",
        "genus": "Passiflora",
        "family": "Passifloraceae",
        "scientificName": "Passiflora riparia Mart. ex Mast.",
        "coordinateUncertaintyInMeters": "",
        "basisOfRecord": "PRESERVED_SPECIMEN",
        "eventDate": "2007-12-20",
        "country": null,
        "datasetName": "Tropicos",
        "publisher": "Missouri Botanical Garden",
        "license": "CC_BY_4_0",
        "issues": [
          "OCCURRENCE_STATUS_INFERRED_FROM_INDIVIDUAL_COUNT",
          "COORDINATE_ROUNDED",
          "GEODETIC_DATUM_ASSUMED_WGS84",
          "INSTITUTION_MATCH_FUZZY",
          "COLLECTION_MATCH_NONE",
          "TAXON_ID_NOT_FOUND"
        ],
        "fallback_media": {
          "url": "https://d2jcv3kl45hlgi.cloudfront.net/1a2f339779b08825172a7a235594b2a5.jpg",
          "references": "http://specimens.kew.org/Herbarium/K005038537",
          "title": null,
          "creator": null,
          "publisher": null,
          "license": "http://creativecommons.org/licenses/by/4.0/",
          "rightsHolder": "Royal Botanic Gardens, Kew"
        }
      }
    },
    {
      "type": "Feature",
      "geometry": {
        "type": "Point",
        "coordinates": [
          -77.65,
          -4.6
        ]
      },
      "properties": {
        "gbifID": "1261511829",
        "species": "Passiflora riparia",
        "genus": "Passiflora",
        "family": "Passifloraceae",
        "scientificName": "Passiflora riparia Mart. ex Mast.",
        "coordinateUncertaintyInMeters": "",
        "basisOfRecord": "PRESERVED_SPECIMEN",
        "eventDate": "1986-06-10",
        "country": null,
        "datasetName": "Tropicos",
        "publisher": "Missouri Botanical Garden",
        "license": "CC_BY_4_0",
        "issues": [
          "OCCURRENCE_STATUS_INFERRED_FROM_INDIVIDUAL_COUNT",
          "GEODETIC_DATUM_ASSUMED_WGS84",
          "INSTITUTION_MATCH_FUZZY",
          "COLLECTION_MATCH_NONE",
          "TAXON_ID_NOT_FOUND"
        ],
        "media": [
          {
            "url": "https://images.mobot.org/RISScanning04/detailImages/RISScanning04/103930000/7B5B82B2-7D02-4A18-966B-7DE90622AD12.jpg",
            "references": "https://www.tropicos.org/ImageFullView.aspx?imageid=103930316",
            "title": "Knapp - 7709 - Peru",
            "creator": "MBG",
            "publisher": null,
            "license": "http://creativecommons.org/licenses/by-nc-sa/3.0/",
            "rightsHolder": "MBG"
          },
          {
            "url": "https://images.mobot.org/RISScanning04/detailImages/RISScanning04/103930000/9C88EECE-AA25-47D2-9974-486E1E60BAFD.jpg",
            "references": "https://www.tropicos.org/ImageFullView.aspx?imageid=103930302",
            "title": "Knapp - 7709 - Peru",
            "creator": "MBG",
            "publisher": null,
            "license": "http://creativecommons.org/licenses/by-nc-sa/3.0/",
            "rightsHolder": "MBG"
          }
        ]
      }
    },
    {
      "type": "Feature",
      "geometry": {
        "type": "Point",
        "coordinates": [
          -75.183333,
          -10.2
        ]
      },
      "properties": {
        "gbifID": "1260249067",
        "species": "Passiflora riparia",
        "genus": "Passiflora",
        "family": "Passifloraceae",
        "scientificName": "Passiflora riparia Mart. ex Mast.",
        "coordinateUncertaintyInMeters": "",
        "basisOfRecord": "PRESERVED_SPECIMEN",
        "eventDate": "1986-04-01",
        "country": null,
        "datasetName": "Tropicos",
        "publisher": "Missouri Botanical Garden",
        "license": "CC_BY_4_0",
        "issues": [
          "OCCURRENCE_STATUS_INFERRED_FROM_INDIVIDUAL_COUNT",
          "COORDINATE_ROUNDED",
          "GEODETIC_DATUM_ASSUMED_WGS84",
          "INSTITUTION_MATCH_FUZZY",
          "COLLECTION_MATCH_NONE",
          "TAXON_ID_NOT_FOUND"
        ],
        "media": [
          {
            "url": "https://images.mobot.org/RISScanning04/detailImages/RISScanning04/103817000/0DD0F4A8-D671-4AE5-B41A-80FFA9B3B2F6.jpg",
            "references": "https://www.tropicos.org/ImageFullView.aspx?imageid=103817877",
            "title": "Salick - 7389 - Peru",
            "creator": "MBG",
            "publisher": null,
            "license": "http://creativecommons.org/licenses/by-nc-sa/3.0/",
            "rightsHolder": "MBG"
          },
          {
            "url": "https://images.mobot.org/RISScanning04/detailImages/RISScanning04/103930000/D80C9283-F888-4188-9AEC-9344980290BC.jpg",
            "references": "https://www.tropicos.org/ImageFullView.aspx?imageid=103930314",
            "title": "Salick - 7389 - Peru",
            "creator": "MBG",
            "publisher": null,
            "license": "http://creativecommons.org/licenses/by-nc-sa/3.0/",
            "rightsHolder": "MBG"
          }
        ]
      }
    },
    {
      "type": "Feature",
      "geometry": {
        "type": "Point",
        "coordinates": [
          -72.666667,
          -12.783333
        ]
      },
      "properties": {
        "gbifID": "1260175046",
        "species": "Passiflora riparia",
        "genus": "Passiflora",
        "family": "Passifloraceae",
        "scientificName": "Passiflora riparia Mart. ex Mast.",
        "coordinateUncertaintyInMeters": "",
        "basisOfRecord": "PRESERVED_SPECIMEN",
        "eventDate": "1989-02-03",
        "country": null,
        "datasetName": "Tropicos",
        "publisher": "Missouri Botanical Garden",
        "license": "CC_BY_4_0",
        "issues": [
          "OCCURRENCE_STATUS_INFERRED_FROM_INDIVIDUAL_COUNT",
          "COORDINATE_ROUNDED",
          "GEODETIC_DATUM_ASSUMED_WGS84",
          "INSTITUTION_MATCH_FUZZY",
          "COLLECTION_MATCH_NONE",
          "TAXON_ID_NOT_FOUND"
        ],
        "media": [
          {
            "url": "https://images.mobot.org/RISScanning04/detailImages/RISScanning04/103930000/4907B105-1FDD-44C1-BD9F-E2DD82BDCD29.jpg",
            "references": "https://www.tropicos.org/ImageFullView.aspx?imageid=103930305",
            "title": "Núñez Vargas - 10218 - Peru",
            "creator": "MBG",
            "publisher": null,
            "license": "http://creativecommons.org/licenses/by-nc-sa/3.0/",
            "rightsHolder": "MBG"
          }
        ]
      }
    },
    {
      "type": "Feature",
      "geometry": {
        "type": "Point",
        "coordinates": [
          -76.374722,
          -6.463056
        ]
      },
      "properties": {
        "gbifID": "1260140340",
        "species": "Passiflora riparia",
        "genus": "Passiflora",
        "family": "Passifloraceae",
        "scientificName": "Passiflora riparia Mart. ex Mast.",
        "coordinateUncertaintyInMeters": "",
        "basisOfRecord": "PRESERVED_SPECIMEN",
        "eventDate": "1986-05-27",
        "country": null,
        "datasetName": "Tropicos",
        "publisher": "Missouri Botanical Garden",
        "license": "CC_BY_4_0",
        "issues": [
          "OCCURRENCE_STATUS_INFERRED_FROM_INDIVIDUAL_COUNT",
          "COORDINATE_ROUNDED",
          "GEODETIC_DATUM_ASSUMED_WGS84",
          "INSTITUTION_MATCH_FUZZY",
          "COLLECTION_MATCH_NONE",
          "TAXON_ID_NOT_FOUND"
        ],
        "media": [
          {
            "url": "https://images.mobot.org/RISScanning04/detailImages/RISScanning04/103930000/49A08A6E-3E2B-489E-BCF9-0ED42871270E.jpg",
            "references": "https://www.tropicos.org/ImageFullView.aspx?imageid=103930307",
            "title": "Alcorn - 10 - Peru",
            "creator": "MBG",
            "publisher": null,
            "license": "http://creativecommons.org/licenses/by-nc-sa/3.0/",
            "rightsHolder": "MBG"
          }
        ]
      }
    },
    {
      "type": "Feature",
      "geometry": {
        "type": "Point",
        "coordinates": [
          -78.16666,
          -4.46666
        ]
      },
      "properties": {
        "gbifID": "1261833247",
        "species": "Passiflora riparia",
        "genus": "Passiflora",
        "family": "Passifloraceae",
        "scientificName": "Passiflora riparia Mart. ex Mast.",
        "coordinateUncertaintyInMeters": "",
        "basisOfRecord": "PRESERVED_SPECIMEN",
        "eventDate": "1973-06-02",
        "country": null,
        "datasetName": "Tropicos",
        "publisher": "Missouri Botanical Garden",
        "license": "CC_BY_4_0",
        "issues": [
          "OCCURRENCE_STATUS_INFERRED_FROM_INDIVIDUAL_COUNT",
          "GEODETIC_DATUM_ASSUMED_WGS84",
          "INSTITUTION_MATCH_FUZZY",
          "COLLECTION_MATCH_NONE",
          "TAXON_ID_NOT_FOUND"
        ],
        "media": [
          {
            "url": "https://images.mobot.org/RISScanning04/detailImages/RISScanning04/103930000/0585523E-FE24-4331-AE49-25010B03C1E4.jpg",
            "references": "https://www.tropicos.org/ImageFullView.aspx?imageid=103930319",
            "title": "Ancuash Atsut - 507 - Peru",
            "creator": "MBG",
            "publisher": null,
            "license": "http://creativecommons.org/licenses/by-nc-sa/3.0/",
            "rightsHolder": "MBG"
          }
        ]
      }
    },
    {
      "type": "Feature",
      "geometry": {
        "type": "Point",
        "coordinates": [
          -67.64611,
          5.42083
        ]
      },
      "properties": {
        "gbifID": "1260246163",
        "species": "Passiflora riparia",
        "genus": "Passiflora",
        "family": "Passifloraceae",
        "scientificName": "Passiflora riparia Mart. ex Mast.",
        "coordinateUncertaintyInMeters": "",
        "basisOfRecord": "PRESERVED_SPECIMEN",
        "eventDate": "1980-05-12",
        "country": null,
        "datasetName": "Tropicos",
        "publisher": "Missouri Botanical Garden",
        "license": "CC_BY_4_0",
        "issues": [
          "GEODETIC_DATUM_ASSUMED_WGS84",
          "INSTITUTION_MATCH_FUZZY",
          "COLLECTION_MATCH_NONE",
          "TAXON_ID_NOT_FOUND"
        ],
        "media": [
          {
            "url": "https://images.mobot.org/RISScanning04/detailImages/RISScanning04/103899000/B9725E0E-6E13-4EF0-BAE5-1C0A60245D7E.jpg",
            "references": "https://www.tropicos.org/ImageFullView.aspx?imageid=103899739",
            "title": "Steyermark - 122354 - Venezuela",
            "creator": "MBG",
            "publisher": null,
            "license": "http://creativecommons.org/licenses/by-nc-sa/3.0/",
            "rightsHolder": "MBG"
          }
        ]
      }
    },
    {
      "type": "Feature",
      "geometry": {
        "type": "Point",
        "coordinates": [
          -45.65,
          -2.966667
        ]
      },
      "properties": {
        "gbifID": "4032053316",
        "species": "Passiflora riparia",
        "genus": "Passiflora",
        "family": "Passifloraceae",
        "scientificName": "Passiflora riparia Mart. ex Mast.",
        "coordinateUncertaintyInMeters": "",
        "basisOfRecord": "PRESERVED_SPECIMEN",
        "eventDate": "1985-02-12",
        "country": null,
        "datasetName": "Tropicos",
        "publisher": "Missouri Botanical Garden",
        "license": "CC_BY_4_0",
        "issues": [
          "OCCURRENCE_STATUS_INFERRED_FROM_INDIVIDUAL_COUNT",
          "COORDINATE_ROUNDED",
          "GEODETIC_DATUM_ASSUMED_WGS84",
          "INSTITUTION_MATCH_FUZZY",
          "COLLECTION_MATCH_NONE",
          "TAXON_ID_NOT_FOUND"
        ],
        "media": [
          {
            "url": "https://images.mobot.org/RISScanning04/detailImages/RISScanning04/103930000/9CED569A-5279-41B7-9E16-B1EE3842D2AA.jpg",
            "references": "https://www.tropicos.org/ImageFullView.aspx?imageid=103930296",
            "title": "Balée - 794 - Brazil",
            "creator": "MBG",
            "publisher": null,
            "license": "http://creativecommons.org/licenses/by-nc-sa/3.0/",
            "rightsHolder": "MBG"
          }
        ]
      }
    },
    {
      "type": "Feature",
      "geometry": {
        "type": "Point",
        "coordinates": [
          -78.63333,
          0.08333
        ]
      },
      "properties": {
        "gbifID": "4031419216",
        "species": "Passiflora riparia",
        "genus": "Passiflora",
        "family": "Passifloraceae",
        "scientificName": "Passiflora riparia Mart. ex Mast.",
        "coordinateUncertaintyInMeters": "",
        "basisOfRecord": "PRESERVED_SPECIMEN",
        "eventDate": "1995-01-15",
        "country": null,
        "datasetName": "Tropicos",
        "publisher": "Missouri Botanical Garden",
        "license": "CC_BY_4_0",
        "issues": [
          "GEODETIC_DATUM_ASSUMED_WGS84",
          "INSTITUTION_MATCH_FUZZY",
          "COLLECTION_MATCH_NONE",
          "TAXON_ID_NOT_FOUND"
        ],
        "media": [
          {
            "url": "https://images.mobot.org/tropicosimages3/detailimages/TropicosImages2/100318000/7884AA45-1904-40BE-A79E-FF69C9347375.jpg",
            "references": "https://www.tropicos.org/ImageFullView.aspx?imageid=100318142",
            "title": "Webster - 31316 - Ecuador",
            "creator": "MBG",
            "publisher": null,
            "license": "http://creativecommons.org/licenses/by-nc-sa/3.0/",
            "rightsHolder": "MBG"
          }
        ]
      }
    },
    {
      "type": "Feature",
      "geometry": {
        "type": "Point",
        "coordinates": [
          -67.36666,
          5.58333
        ]
      },
      "properties": {
        "gbifID": "1260245855",
        "species": "Passiflora riparia",
        "genus": "Passiflora",
        "family": "Passifloraceae",
        "scientificName": "Passiflora riparia Mart. ex Mast.",
        "coordinateUncertaintyInMeters": "",
        "basisOfRecord": "PRESERVED_SPECIMEN",
        "eventDate": "1977-06-11",
        "country": null,
        "datasetName": "Tropicos",
        "publisher": "Missouri Botanical Garden",
        "license": "CC_BY_4_0",
        "issues": [
          "GEODETIC_DATUM_ASSUMED_WGS84",
          "INSTITUTION_MATCH_FUZZY",
          "COLLECTION_MATCH_NONE",
          "TAXON_ID_NOT_FOUND"
        ],
        "media": [
          {
            "url": "https://images.mobot.org/RISScanning04/detailImages/RISScanning04/103930000/C2DE0AF4-3C65-4752-AA7A-D6FA669DC83A.jpg",
            "references": "https://www.tropicos.org/ImageFullView.aspx?imageid=103930300",
            "title": "Steyermark - 113885 - Venezuela",
            "creator": "MBG",
            "publisher": null,
            "license": "http://creativecommons.org/licenses/by-nc-sa/3.0/",
            "rightsHolder": "MBG"
          }
        ]
      }
    },
    {
      "type": "Feature",
      "geometry": {
        "type": "Point",
        "coordinates": [
          -73.583333,
          -3.916667
        ]
      },
      "properties": {
        "gbifID": "1260180899",
        "species": "Passiflora riparia",
        "genus": "Passiflora",
        "family": "Passifloraceae",
        "scientificName": "Passiflora riparia Mart. ex Mast.",
        "coordinateUncertaintyInMeters": "",
        "basisOfRecord": "PRESERVED_SPECIMEN",
        "eventDate": "1991-03-13",
        "country": null,
        "datasetName": "Tropicos",
        "publisher": "Missouri Botanical Garden",
        "license": "CC_BY_4_0",
        "issues": [
          "OCCURRENCE_STATUS_INFERRED_FROM_INDIVIDUAL_COUNT",
          "COORDINATE_ROUNDED",
          "GEODETIC_DATUM_ASSUMED_WGS84",
          "INSTITUTION_MATCH_FUZZY",
          "COLLECTION_MATCH_NONE",
          "TAXON_ID_NOT_FOUND"
        ],
        "media": [
          {
            "url": "https://images.mobot.org/RISScanning04/detailImages/RISScanning04/103899000/DDAA561D-50C3-448D-A5DC-360AD83B5D92.jpg",
            "references": "https://www.tropicos.org/ImageFullView.aspx?imageid=103899744",
            "title": "Pipoly - 14849 - Peru",
            "creator": "MBG",
            "publisher": null,
            "license": "http://creativecommons.org/licenses/by-nc-sa/3.0/",
            "rightsHolder": "MBG"
          }
        ]
      }
    },
    {
      "type": "Feature",
      "geometry": {
        "type": "Point",
        "coordinates": [
          -78.2,
          -4.466667
        ]
      },
      "properties": {
        "gbifID": "1261873518",
        "species": "Passiflora riparia",
        "genus": "Passiflora",
        "family": "Passifloraceae",
        "scientificName": "Passiflora riparia Mart. ex Mast.",
        "coordinateUncertaintyInMeters": "",
        "basisOfRecord": "PRESERVED_SPECIMEN",
        "eventDate": "1973-06-08",
        "country": null,
        "datasetName": "Tropicos",
        "publisher": "Missouri Botanical Garden",
        "license": "CC_BY_4_0",
        "issues": [
          "OCCURRENCE_STATUS_INFERRED_FROM_INDIVIDUAL_COUNT",
          "COORDINATE_ROUNDED",
          "GEODETIC_DATUM_ASSUMED_WGS84",
          "INSTITUTION_MATCH_FUZZY",
          "COLLECTION_MATCH_NONE",
          "TAXON_ID_NOT_FOUND"
        ],
        "media": [
          {
            "url": "https://images.mobot.org/RISScanning04/detailImages/RISScanning04/103930000/218DA241-53D7-4246-AFB3-3CE6C6057A00.jpg",
            "references": "https://www.tropicos.org/ImageFullView.aspx?imageid=103930321",
            "title": "Kayap - 910 - Peru",
            "creator": "MBG",
            "publisher": null,
            "license": "http://creativecommons.org/licenses/by-nc-sa/3.0/",
            "rightsHolder": "MBG"
          }
        ]
      }
    },
    {
      "type": "Feature",
      "geometry": {
        "type": "Point",
        "coordinates": [
          -66.616667,
          -14.5
        ]
      },
      "properties": {
        "gbifID": "4032007558",
        "species": "Passiflora riparia",
        "genus": "Passiflora",
        "family": "Passifloraceae",
        "scientificName": "Passiflora riparia Mart. ex Mast.",
        "coordinateUncertaintyInMeters": "",
        "basisOfRecord": "PRESERVED_SPECIMEN",
        "eventDate": "1994-06-27",
        "country": null,
        "datasetName": "Tropicos",
        "publisher": "Missouri Botanical Garden",
        "license": "CC_BY_4_0",
        "issues": [
          "OCCURRENCE_STATUS_INFERRED_FROM_INDIVIDUAL_COUNT",
          "COORDINATE_ROUNDED",
          "GEODETIC_DATUM_ASSUMED_WGS84",
          "INSTITUTION_MATCH_FUZZY",
          "COLLECTION_MATCH_NONE",
          "TAXON_ID_NOT_FOUND"
        ],
        "media": [
          {
            "url": "https://images.mobot.org/tropicosimages3/detailimages/TropicosImages2/100307000/9C2FF19A-8FD9-4986-8812-D4D09F790D0B.jpg",
            "references": "https://www.tropicos.org/ImageFullView.aspx?imageid=100307992",
            "title": "Rivero - 106 - Bolivia",
            "creator": "MBG",
            "publisher": null,
            "license": "http://creativecommons.org/licenses/by-nc-sa/3.0/",
            "rightsHolder": "MBG"
          }
        ]
      }
    },
    {
      "type": "Feature",
      "geometry": {
        "type": "Point",
        "coordinates": [
          -45.65,
          -2.933333
        ]
      },
      "properties": {
        "gbifID": "4032059548",
        "species": "Passiflora riparia",
        "genus": "Passiflora",
        "family": "Passifloraceae",
        "scientificName": "Passiflora riparia Mart. ex Mast.",
        "coordinateUncertaintyInMeters": "",
        "basisOfRecord": "PRESERVED_SPECIMEN",
        "eventDate": "1985-02-12",
        "country": null,
        "datasetName": "Tropicos",
        "publisher": "Missouri Botanical Garden",
        "license": "CC_BY_4_0",
        "issues": [
          "OCCURRENCE_STATUS_INFERRED_FROM_INDIVIDUAL_COUNT",
          "COORDINATE_ROUNDED",
          "GEODETIC_DATUM_ASSUMED_WGS84",
          "INSTITUTION_MATCH_FUZZY",
          "COLLECTION_MATCH_NONE",
          "TAXON_ID_NOT_FOUND"
        ],
        "media": [
          {
            "url": "https://images.mobot.org/RISScanning04/detailImages/RISScanning04/103930000/C238662F-7D3A-4F42-9723-AA05ACEB14D6.jpg",
            "references": "https://www.tropicos.org/ImageFullView.aspx?imageid=103930295",
            "title": "Balée - 810 - Brazil",
            "creator": "MBG",
            "publisher": null,
            "license": "http://creativecommons.org/licenses/by-nc-sa/3.0/",
            "rightsHolder": "MBG"
          }
        ]
      }
    },
    {
      "type": "Feature",
      "geometry": {
        "type": "Point",
        "coordinates": [
          -76.45,
          -8.13333
        ]
      },
      "properties": {
        "gbifID": "1260249199",
        "species": "Passiflora riparia",
        "genus": "Passiflora",
        "family": "Passifloraceae",
        "scientificName": "Passiflora riparia Mart. ex Mast.",
        "coordinateUncertaintyInMeters": "",
        "basisOfRecord": "PRESERVED_SPECIMEN",
        "eventDate": "1974-06-30",
        "country": null,
        "datasetName": "Tropicos",
        "publisher": "Missouri Botanical Garden",
        "license": "CC_BY_4_0",
        "issues": [
          "GEODETIC_DATUM_ASSUMED_WGS84",
          "INSTITUTION_MATCH_FUZZY",
          "COLLECTION_MATCH_NONE",
          "TAXON_ID_NOT_FOUND"
        ],
        "media": [
          {
            "url": "https://images.mobot.org/RISScanning04/detailImages/RISScanning04/103899000/B6B8DDC3-77C8-4436-90A0-9B29040C3CA0.jpg",
            "references": "https://www.tropicos.org/ImageFullView.aspx?imageid=103899743",
            "title": "Schunke Vigo - 7083 - Peru",
            "creator": "MBG",
            "publisher": null,
            "license": "http://creativecommons.org/licenses/by-nc-sa/3.0/",
            "rightsHolder": "MBG"
          }
        ]
      }
    },
    {
      "type": "Feature",
      "geometry": {
        "type": "Point",
        "coordinates": [
          -76.666667,
          -4.333333
        ]
      },
      "properties": {
        "gbifID": "1260164037",
        "species": "Passiflora riparia",
        "genus": "Passiflora",
        "family": "Passifloraceae",
        "scientificName": "Passiflora riparia Mart. ex Mast.",
        "coordinateUncertaintyInMeters": "",
        "basisOfRecord": "PRESERVED_SPECIMEN",
        "eventDate": "1979-07-30",
        "country": null,
        "datasetName": "Tropicos",
        "publisher": "Missouri Botanical Garden",
        "license": "CC_BY_4_0",
        "issues": [
          "OCCURRENCE_STATUS_INFERRED_FROM_INDIVIDUAL_COUNT",
          "COORDINATE_ROUNDED",
          "GEODETIC_DATUM_ASSUMED_WGS84",
          "INSTITUTION_MATCH_FUZZY",
          "COLLECTION_MATCH_NONE",
          "TAXON_ID_NOT_FOUND"
        ],
        "media": [
          {
            "url": "https://images.mobot.org/RISScanning04/detailImages/RISScanning04/103930000/6CAD565F-75E2-4611-85F2-FD6B273167A0.jpg",
            "references": "https://www.tropicos.org/ImageFullView.aspx?imageid=103930306",
            "title": "Díaz Santibáñez - 1283 - Peru",
            "creator": "MBG",
            "publisher": null,
            "license": "http://creativecommons.org/licenses/by-nc-sa/3.0/",
            "rightsHolder": "MBG"
          }
        ]
      }
    },
    {
      "type": "Feature",
      "geometry": {
        "type": "Point",
        "coordinates": [
          -71.2,
          -12.88333
        ]
      },
      "properties": {
        "gbifID": "1260171797",
        "species": "Passiflora riparia",
        "genus": "Passiflora",
        "family": "Passifloraceae",
        "scientificName": "Passiflora riparia Mart. ex Mast.",
        "coordinateUncertaintyInMeters": "",
        "basisOfRecord": "PRESERVED_SPECIMEN",
        "eventDate": "1987-05-07",
        "country": null,
        "datasetName": "Tropicos",
        "publisher": "Missouri Botanical Garden",
        "license": "CC_BY_4_0",
        "issues": [
          "OCCURRENCE_STATUS_INFERRED_FROM_INDIVIDUAL_COUNT",
          "GEODETIC_DATUM_ASSUMED_WGS84",
          "INSTITUTION_MATCH_FUZZY",
          "COLLECTION_MATCH_NONE",
          "TAXON_ID_NOT_FOUND"
        ],
        "media": [
          {
            "url": "https://images.mobot.org/RISScanning04/detailImages/RISScanning04/103930000/007216A7-5C4B-44CF-AF61-5E4780173458.jpg",
            "references": "https://www.tropicos.org/ImageFullView.aspx?imageid=103930301",
            "title": "Núñez Vargas - 8071 - Peru",
            "creator": "MBG",
            "publisher": null,
            "license": "http://creativecommons.org/licenses/by-nc-sa/3.0/",
            "rightsHolder": "MBG"
          }
        ]
      }
    },
    {
      "type": "Feature",
      "geometry": {
        "type": "Point",
        "coordinates": [
          -67.183333,
          -10.333333
        ]
      },
      "properties": {
        "gbifID": "1260236354",
        "species": "Passiflora riparia",
        "genus": "Passiflora",
        "family": "Passifloraceae",
        "scientificName": "Passiflora riparia Mart. ex Mast.",
        "coordinateUncertaintyInMeters": "",
        "basisOfRecord": "PRESERVED_SPECIMEN",
        "eventDate": "1995-01-10",
        "country": null,
        "datasetName": "Tropicos",
        "publisher": "Missouri Botanical Garden",
        "license": "CC_BY_4_0",
        "issues": [
          "OCCURRENCE_STATUS_INFERRED_FROM_INDIVIDUAL_COUNT",
          "COORDINATE_ROUNDED",
          "GEODETIC_DATUM_ASSUMED_WGS84",
          "INSTITUTION_MATCH_FUZZY",
          "COLLECTION_MATCH_NONE",
          "TAXON_ID_NOT_FOUND"
        ],
        "media": [
          {
            "url": "https://images.mobot.org/RISScanning04/detailImages/RISScanning04/103930000/21E4931D-2183-4228-9BA6-43D1F275A763.jpg",
            "references": "https://www.tropicos.org/ImageFullView.aspx?imageid=103930297",
            "title": "Figueiredo - 506 - Brazil",
            "creator": "MBG",
            "publisher": null,
            "license": "http://creativecommons.org/licenses/by-nc-sa/3.0/",
            "rightsHolder": "MBG"
          }
        ]
      }
    },
    {
      "type": "Feature",
      "geometry": {
        "type": "Point",
        "coordinates": [
          -76.13666,
          -6.57416
        ]
      },
      "properties": {
        "gbifID": "1260248209",
        "species": "Passiflora riparia",
        "genus": "Passiflora",
        "family": "Passifloraceae",
        "scientificName": "Passiflora riparia Mart. ex Mast.",
        "coordinateUncertaintyInMeters": "",
        "basisOfRecord": "PRESERVED_SPECIMEN",
        "eventDate": "1935-03",
        "country": null,
        "datasetName": "Tropicos",
        "publisher": "Missouri Botanical Garden",
        "license": "CC_BY_4_0",
        "issues": [
          "GEODETIC_DATUM_ASSUMED_WGS84",
          "INSTITUTION_MATCH_FUZZY",
          "COLLECTION_MATCH_NONE",
          "TAXON_ID_NOT_FOUND"
        ],
        "media": [
          {
            "url": "https://images.mobot.org/RISScanning04/detailImages/RISScanning04/103930000/DD334CA0-D36E-497E-88A2-D202E776BEC1.jpg",
            "references": "https://www.tropicos.org/ImageFullView.aspx?imageid=103930308",
            "title": "Klug - 4037 - Peru",
            "creator": "MBG",
            "publisher": null,
            "license": "http://creativecommons.org/licenses/by-nc-sa/3.0/",
            "rightsHolder": "MBG"
          }
        ]
      }
    },
    {
      "type": "Feature",
      "geometry": {
        "type": "Point",
        "coordinates": [
          -71.36666,
          -11.9
        ]
      },
      "properties": {
        "gbifID": "1258680623",
        "species": "Passiflora riparia",
        "genus": "Passiflora",
        "family": "Passifloraceae",
        "scientificName": "Passiflora riparia Mart. ex Mast.",
        "coordinateUncertaintyInMeters": "",
        "basisOfRecord": "PRESERVED_SPECIMEN",
        "eventDate": "1979-10-19",
        "country": null,
        "datasetName": "Tropicos",
        "publisher": "Missouri Botanical Garden",
        "license": "CC_BY_4_0",
        "issues": [
          "OCCURRENCE_STATUS_INFERRED_FROM_INDIVIDUAL_COUNT",
          "GEODETIC_DATUM_ASSUMED_WGS84",
          "INSTITUTION_MATCH_FUZZY",
          "COLLECTION_MATCH_NONE",
          "TAXON_ID_NOT_FOUND"
        ],
        "media": [
          {
            "url": "https://images.mobot.org/RISScanning04/detailImages/RISScanning04/103930000/F0FCC7E1-09DA-432C-A41B-1DC865C1D16A.jpg",
            "references": "https://www.tropicos.org/ImageFullView.aspx?imageid=103930318",
            "title": "Gentry - 26959 - Peru",
            "creator": "MBG",
            "publisher": null,
            "license": "http://creativecommons.org/licenses/by-nc-sa/3.0/",
            "rightsHolder": "MBG"
          }
        ]
      }
    },
    {
      "type": "Feature",
      "geometry": {
        "type": "Point",
        "coordinates": [
          -72.833333,
          -3.5
        ]
      },
      "properties": {
        "gbifID": "1260141286",
        "species": "Passiflora riparia",
        "genus": "Passiflora",
        "family": "Passifloraceae",
        "scientificName": "Passiflora riparia Mart. ex Mast.",
        "coordinateUncertaintyInMeters": "",
        "basisOfRecord": "PRESERVED_SPECIMEN",
        "eventDate": "1985-04-16",
        "country": null,
        "datasetName": "Tropicos",
        "publisher": "Missouri Botanical Garden",
        "license": "CC_BY_4_0",
        "issues": [
          "OCCURRENCE_STATUS_INFERRED_FROM_INDIVIDUAL_COUNT",
          "COORDINATE_ROUNDED",
          "GEODETIC_DATUM_ASSUMED_WGS84",
          "INSTITUTION_MATCH_FUZZY",
          "COLLECTION_MATCH_NONE",
          "TAXON_ID_NOT_FOUND"
        ],
        "media": [
          {
            "url": "https://images.mobot.org/RISScanning04/detailImages/RISScanning04/103930000/533BAC1C-092B-4A64-8849-F9CCF716939E.jpg",
            "references": "https://www.tropicos.org/ImageFullView.aspx?imageid=103930303",
            "title": "Vásquez Martínez - 6340 - Peru",
            "creator": "MBG",
            "publisher": null,
            "license": "http://creativecommons.org/licenses/by-nc-sa/3.0/",
            "rightsHolder": "MBG"
          }
        ]
      }
    },
    {
      "type": "Feature",
      "geometry": {
        "type": "Point",
        "coordinates": [
          -70.173333,
          1.198333
        ]
      },
      "properties": {
        "gbifID": "1260246933",
        "species": "Passiflora riparia",
        "genus": "Passiflora",
        "family": "Passifloraceae",
        "scientificName": "Passiflora riparia Mart. ex Mast.",
        "coordinateUncertaintyInMeters": "",
        "basisOfRecord": "PRESERVED_SPECIMEN",
        "eventDate": "1976-07-09",
        "country": null,
        "datasetName": "Tropicos",
        "publisher": "Missouri Botanical Garden",
        "license": "CC_BY_4_0",
        "issues": [
          "OCCURRENCE_STATUS_INFERRED_FROM_INDIVIDUAL_COUNT",
          "COORDINATE_ROUNDED",
          "GEODETIC_DATUM_ASSUMED_WGS84",
          "INSTITUTION_MATCH_FUZZY",
          "COLLECTION_MATCH_NONE",
          "TAXON_ID_NOT_FOUND"
        ],
        "media": [
          {
            "url": "https://images.mobot.org/RISScanning04/detailImages/RISScanning04/103899000/2465F1E4-8A89-4B5B-B3D0-F786DBBCB869.jpg",
            "references": "https://www.tropicos.org/ImageFullView.aspx?imageid=103899722",
            "title": "Zarucchi - 1824 - Colombia",
            "creator": "MBG",
            "publisher": null,
            "license": "http://creativecommons.org/licenses/by-nc-sa/3.0/",
            "rightsHolder": "MBG"
          },
          {
            "url": "https://images.mobot.org/RISScanning04/detailImages/RISScanning04/103899000/79632A00-0D5D-4094-901A-E5D2EB7A4664.jpg",
            "references": "https://www.tropicos.org/ImageFullView.aspx?imageid=103899740",
            "title": "Zarucchi - 1824 - Colombia",
            "creator": "MBG",
            "publisher": null,
            "license": "http://creativecommons.org/licenses/by-nc-sa/3.0/",
            "rightsHolder": "MBG"
          }
        ]
      }
    },
    {
      "type": "Feature",
      "geometry": {
        "type": "Point",
        "coordinates": [
          -66.3,
          -14.640555
        ]
      },
      "properties": {
        "gbifID": "1257580803",
        "species": "Passiflora riparia",
        "genus": "Passiflora",
        "family": "Passifloraceae",
        "scientificName": "Passiflora riparia Mart. ex Mast.",
        "coordinateUncertaintyInMeters": "",
        "basisOfRecord": "PRESERVED_SPECIMEN",
        "eventDate": "1993-08-21",
        "country": null,
        "datasetName": "Tropicos",
        "publisher": "Missouri Botanical Garden",
        "license": "CC_BY_4_0",
        "issues": [
          "OCCURRENCE_STATUS_INFERRED_FROM_INDIVIDUAL_COUNT",
          "COORDINATE_ROUNDED",
          "GEODETIC_DATUM_ASSUMED_WGS84",
          "INSTITUTION_MATCH_FUZZY",
          "COLLECTION_MATCH_NONE",
          "TAXON_ID_NOT_FOUND"
        ],
        "fallback_media": {
          "url": "https://d2jcv3kl45hlgi.cloudfront.net/1a2f339779b08825172a7a235594b2a5.jpg",
          "references": "http://specimens.kew.org/Herbarium/K005038537",
          "title": null,
          "creator": null,
          "publisher": null,
          "license": "http://creativecommons.org/licenses/by/4.0/",
          "rightsHolder": "Royal Botanic Gardens, Kew"
        }
      }
    },
    {
      "type": "Feature",
      "geometry": {
        "type": "Point",
        "coordinates": [
          -73.531667,
          -3.882222
        ]
      },
      "properties": {
        "gbifID": "1260180674",
        "species": "Passiflora riparia",
        "genus": "Passiflora",
        "family": "Passifloraceae",
        "scientificName": "Passiflora riparia Mart. ex Mast.",
        "coordinateUncertaintyInMeters": "",
        "basisOfRecord": "PRESERVED_SPECIMEN",
        "eventDate": "1991-03-12",
        "country": null,
        "datasetName": "Tropicos",
        "publisher": "Missouri Botanical Garden",
        "license": "CC_BY_4_0",
        "issues": [
          "OCCURRENCE_STATUS_INFERRED_FROM_INDIVIDUAL_COUNT",
          "COORDINATE_ROUNDED",
          "GEODETIC_DATUM_ASSUMED_WGS84",
          "INSTITUTION_MATCH_FUZZY",
          "COLLECTION_MATCH_NONE",
          "TAXON_ID_NOT_FOUND"
        ],
        "media": [
          {
            "url": "https://images.mobot.org/RISScanning04/detailImages/RISScanning04/103899000/6F4D04BF-E898-459E-A684-2E0E1C711446.jpg",
            "references": "https://www.tropicos.org/ImageFullView.aspx?imageid=103899745",
            "title": "Pipoly - 14799 - Peru",
            "creator": "MBG",
            "publisher": null,
            "license": "http://creativecommons.org/licenses/by-nc-sa/3.0/",
            "rightsHolder": "MBG"
          }
        ]
      }
    },
    {
      "type": "Feature",
      "geometry": {
        "type": "Point",
        "coordinates": [
          -78.034444,
          -5.904444
        ]
      },
      "properties": {
        "gbifID": "1260139800",
        "species": "Passiflora riparia",
        "genus": "Passiflora",
        "family": "Passifloraceae",
        "scientificName": "Passiflora riparia Mart. ex Mast.",
        "coordinateUncertaintyInMeters": "",
        "basisOfRecord": "PRESERVED_SPECIMEN",
        "eventDate": "1981-05-05",
        "country": null,
        "datasetName": "Tropicos",
        "publisher": "Missouri Botanical Garden",
        "license": "CC_BY_4_0",
        "issues": [
          "OCCURRENCE_STATUS_INFERRED_FROM_INDIVIDUAL_COUNT",
          "COORDINATE_ROUNDED",
          "GEODETIC_DATUM_ASSUMED_WGS84",
          "INSTITUTION_MATCH_FUZZY",
          "COLLECTION_MATCH_NONE",
          "TAXON_ID_NOT_FOUND"
        ],
        "media": [
          {
            "url": "https://images.mobot.org/RISScanning04/detailImages/RISScanning04/103930000/3D2F6EF7-215D-4B86-A8E1-1783D54A5726.jpg",
            "references": "https://www.tropicos.org/ImageFullView.aspx?imageid=103930304",
            "title": "Young - 350 - Peru",
            "creator": "MBG",
            "publisher": null,
            "license": "http://creativecommons.org/licenses/by-nc-sa/3.0/",
            "rightsHolder": "MBG"
          }
        ]
      }
    },
    {
      "type": "Feature",
      "geometry": {
        "type": "Point",
        "coordinates": [
          -64.6,
          3.81666
        ]
      },
      "properties": {
        "gbifID": "1260249411",
        "species": "Passiflora riparia",
        "genus": "Passiflora",
        "family": "Passifloraceae",
        "scientificName": "Passiflora riparia Mart. ex Mast.",
        "coordinateUncertaintyInMeters": "",
        "basisOfRecord": "PRESERVED_SPECIMEN",
        "eventDate": "1973-04-18",
        "country": null,
        "datasetName": "Tropicos",
        "publisher": "Missouri Botanical Garden",
        "license": "CC_BY_4_0",
        "issues": [
          "GEODETIC_DATUM_ASSUMED_WGS84",
          "INSTITUTION_MATCH_FUZZY",
          "COLLECTION_MATCH_NONE",
          "TAXON_ID_NOT_FOUND"
        ],
        "media": [
          {
            "url": "https://images.mobot.org/RISScanning04/detailImages/RISScanning04/103930000/FF20E99E-8CD6-47AA-B6E4-F2DAB9BD0045.jpg",
            "references": "https://www.tropicos.org/ImageFullView.aspx?imageid=103930299",
            "title": "Steyermark - 107193 - Venezuela",
            "creator": "MBG",
            "publisher": null,
            "license": "http://creativecommons.org/licenses/by-nc-sa/3.0/",
            "rightsHolder": "MBG"
          },
          {
            "url": "https://images.mobot.org/tropicosimages3/detailimages/TropicosImages2/100203000/C67A7DC3-81F2-43E7-960A-22D50AAD0576.jpg",
            "references": "https://www.tropicos.org/ImageFullView.aspx?imageid=100203002",
            "title": "Steyermark - 107193 - Venezuela",
            "creator": "MBG",
            "publisher": null,
            "license": "http://creativecommons.org/licenses/by-nc-sa/3.0/",
            "rightsHolder": "MBG"
          }
        ]
      }
    },
    {
      "type": "Feature",
      "geometry": {
        "type": "Point",
        "coordinates": [
          -77.7,
          -3.91666
        ]
      },
      "properties": {
        "gbifID": "1261489334",
        "species": "Passiflora riparia",
        "genus": "Passiflora",
        "family": "Passifloraceae",
        "scientificName": "Passiflora riparia Mart. ex Mast.",
        "coordinateUncertaintyInMeters": "",
        "basisOfRecord": "PRESERVED_SPECIMEN",
        "eventDate": "1979-11-16",
        "country": null,
        "datasetName": "Tropicos",
        "publisher": "Missouri Botanical Garden",
        "license": "CC_BY_4_0",
        "issues": [
          "OCCURRENCE_STATUS_INFERRED_FROM_INDIVIDUAL_COUNT",
          "GEODETIC_DATUM_ASSUMED_WGS84",
          "INSTITUTION_MATCH_FUZZY",
          "COLLECTION_MATCH_NONE",
          "TAXON_ID_NOT_FOUND"
        ],
        "media": [
          {
            "url": "https://images.mobot.org/RISScanning04/detailImages/RISScanning04/103930000/2EE99B1D-F477-428D-B9EE-3713D51446B6.jpg",
            "references": "https://www.tropicos.org/ImageFullView.aspx?imageid=103930298",
            "title": "Huashikat - 1292 - Peru",
            "creator": "MBG",
            "publisher": null,
            "license": "http://creativecommons.org/licenses/by-nc-sa/3.0/",
            "rightsHolder": "MBG"
          }
        ]
      }
    },
    {
      "type": "Feature",
      "geometry": {
        "type": "Point",
        "coordinates": [
          -69.38166,
          -12.83444
        ]
      },
      "properties": {
        "gbifID": "1261495458",
        "species": "Passiflora riparia",
        "genus": "Passiflora",
        "family": "Passifloraceae",
        "scientificName": "Passiflora riparia Mart. ex Mast.",
        "coordinateUncertaintyInMeters": "",
        "basisOfRecord": "PRESERVED_SPECIMEN",
        "eventDate": "1980-06-07",
        "country": null,
        "datasetName": "Tropicos",
        "publisher": "Missouri Botanical Garden",
        "license": "CC_BY_4_0",
        "issues": [
          "OCCURRENCE_STATUS_INFERRED_FROM_INDIVIDUAL_COUNT",
          "GEODETIC_DATUM_ASSUMED_WGS84",
          "INSTITUTION_MATCH_FUZZY",
          "COLLECTION_MATCH_NONE",
          "TAXON_ID_NOT_FOUND"
        ],
        "media": [
          {
            "url": "https://images.mobot.org/RISScanning04/detailImages/RISScanning04/103930000/AC938A8D-2F48-4126-B520-6F7785281067.jpg",
            "references": "https://www.tropicos.org/ImageFullView.aspx?imageid=103930313",
            "title": "Barbour - 5534 - Peru",
            "creator": "MBG",
            "publisher": null,
            "license": "http://creativecommons.org/licenses/by-nc-sa/3.0/",
            "rightsHolder": "MBG"
          }
        ]
      }
    },
    {
      "type": "Feature",
      "geometry": {
        "type": "Point",
        "coordinates": [
          -70.1,
          -12.57
        ]
      },
      "properties": {
        "gbifID": "80098398",
        "species": "Passiflora riparia",
        "genus": "Passiflora",
        "family": "Passifloraceae",
        "scientificName": "Passiflora riparia Mart. ex Mast.",
        "coordinateUncertaintyInMeters": "",
        "basisOfRecord": "PRESERVED_SPECIMEN",
        "eventDate": "2001-05-21",
        "country": null,
        "datasetName": "",
        "publisher": "Botanical Research Institute of Texas",
        "license": "CC_BY_NC_4_0",
        "issues": [
          "GEODETIC_DATUM_ASSUMED_WGS84",
          "INSTITUTION_MATCH_FUZZY",
          "COLLECTION_MATCH_FUZZY"
        ],
        "fallback_media": {
          "url": "https://d2jcv3kl45hlgi.cloudfront.net/1a2f339779b08825172a7a235594b2a5.jpg",
          "references": "http://specimens.kew.org/Herbarium/K005038537",
          "title": null,
          "creator": null,
          "publisher": null,
          "license": "http://creativecommons.org/licenses/by/4.0/",
          "rightsHolder": "Royal Botanic Gardens, Kew"
        }
      }
    },
    {
      "type": "Feature",
      "geometry": {
        "type": "Point",
        "coordinates": [
          -58.16667,
          5.33333
        ]
      },
      "properties": {
        "gbifID": "2515668806",
        "species": "Passiflora riparia",
        "genus": "Passiflora",
        "family": "Passifloraceae",
        "scientificName": "Passiflora riparia Mart. ex Mast.",
        "coordinateUncertaintyInMeters": "",
        "basisOfRecord": "PRESERVED_SPECIMEN",
        "eventDate": "1993-02-17",
        "country": null,
        "datasetName": "",
        "publisher": "Naturalis Biodiversity Center",
        "license": "CC0_1_0",
        "issues": [],
        "media": [
          {
            "url": "https://medialib.naturalis.nl/file/id/U.1572089/format/large",
            "references": null,
            "title": null,
            "creator": null,
            "publisher": null,
            "license": "http://creativecommons.org/publicdomain/zero/1.0/",
            "rightsHolder": "Naturalis Biodiversity Center"
          }
        ]
      }
    },
    {
      "type": "Feature",
      "geometry": {
        "type": "Point",
        "coordinates": [
          -71.38,
          -11.83
        ]
      },
      "properties": {
        "gbifID": "1322267923",
        "species": "Passiflora riparia",
        "genus": "Passiflora",
        "family": "Passifloraceae",
        "scientificName": "Passiflora riparia Mart. ex Mast.",
        "coordinateUncertaintyInMeters": "",
        "basisOfRecord": "PRESERVED_SPECIMEN",
        "eventDate": "1989-09-03",
        "country": null,
        "datasetName": "NMNH Extant Biology",
        "publisher": "National Museum of Natural History, Smithsonian Institution",
        "license": "CC0_1_0",
        "issues": [
          "OCCURRENCE_STATUS_INFERRED_FROM_INDIVIDUAL_COUNT",
          "GEODETIC_DATUM_ASSUMED_WGS84"
        ],
        "media": [
          {
            "url": "https://collections.nmnh.si.edu/media/?i=10474589&h=2000",
            "references": null,
            "title": "01203066.tif",
            "creator": "Ingrid P. Lin",
            "publisher": "Smithsonian Institution, NMNH, Botany",
            "license": "http://creativecommons.org/publicdomain/zero/1.0/",
            "rightsHolder": null
          },
          {
            "url": "https://collections.nmnh.si.edu/media/?i=15488323&h=2000",
            "references": null,
            "title": "01203066.tif",
            "creator": "Conveyor Belt",
            "publisher": "Smithsonian Institution, NMNH, Botany",
            "license": "http://creativecommons.org/publicdomain/zero/1.0/",
            "rightsHolder": null
          }
        ]
      }
    },
    {
      "type": "Feature",
      "geometry": {
        "type": "Point",
        "coordinates": [
          -58.1886,
          3.36622
        ]
      },
      "properties": {
        "gbifID": "1456265393",
        "species": "Passiflora riparia",
        "genus": "Passiflora",
        "family": "Passifloraceae",
        "scientificName": "Passiflora riparia Mart. ex Mast.",
        "coordinateUncertaintyInMeters": "",
        "basisOfRecord": "PRESERVED_SPECIMEN",
        "eventDate": "2007-01-29",
        "country": null,
        "datasetName": "NMNH Extant Biology",
        "publisher": "National Museum of Natural History, Smithsonian Institution",
        "license": "CC0_1_0",
        "issues": [
          "OCCURRENCE_STATUS_INFERRED_FROM_INDIVIDUAL_COUNT",
          "GEODETIC_DATUM_ASSUMED_WGS84"
        ],
        "fallback_media": {
          "url": "https://d2jcv3kl45hlgi.cloudfront.net/1a2f339779b08825172a7a235594b2a5.jpg",
          "references": "http://specimens.kew.org/Herbarium/K005038537",
          "title": null,
          "creator": null,
          "publisher": null,
          "license": "http://creativecommons.org/licenses/by/4.0/",
          "rightsHolder": "Royal Botanic Gardens, Kew"
        }
      }
    },
    {
      "type": "Feature",
      "geometry": {
        "type": "Point",
        "coordinates": [
          -72.8,
          -3.47
        ]
      },
      "properties": {
        "gbifID": "1321723612",
        "species": "Passiflora riparia",
        "genus": "Passiflora",
        "family": "Passifloraceae",
        "scientificName": "Passiflora riparia Mart. ex Mast.",
        "coordinateUncertaintyInMeters": "",
        "basisOfRecord": "PRESERVED_SPECIMEN",
        "eventDate": "1984-07-23/1984-07-27",
        "country": null,
        "datasetName": "NMNH Extant Biology",
        "publisher": "National Museum of Natural History, Smithsonian Institution",
        "license": "CC0_1_0",
        "issues": [
          "OCCURRENCE_STATUS_INFERRED_FROM_INDIVIDUAL_COUNT",
          "GEODETIC_DATUM_ASSUMED_WGS84"
        ],
        "media": [
          {
            "url": "https://collections.nmnh.si.edu/media/?i=15464000&h=2000",
            "references": null,
            "title": "01203073.tif",
            "creator": "Conveyor Belt",
            "publisher": "Smithsonian Institution, NMNH, Botany",
            "license": "http://creativecommons.org/publicdomain/zero/1.0/",
            "rightsHolder": null
          },
          {
            "url": "https://collections.nmnh.si.edu/media/?i=10474605&h=2000",
            "references": null,
            "title": "01203073.tif",
            "creator": "Ingrid P. Lin",
            "publisher": "Smithsonian Institution, NMNH, Botany",
            "license": "http://creativecommons.org/publicdomain/zero/1.0/",
            "rightsHolder": null
          }
        ]
      }
    },
    {
      "type": "Feature",
      "geometry": {
        "type": "Point",
        "coordinates": [
          -78.5,
          -3.58
        ]
      },
      "properties": {
        "gbifID": "1318155513",
        "species": "Passiflora riparia",
        "genus": "Passiflora",
        "family": "Passifloraceae",
        "scientificName": "Passiflora riparia Mart. ex Mast.",
        "coordinateUncertaintyInMeters": "",
        "basisOfRecord": "PRESERVED_SPECIMEN",
        "eventDate": "1984-02-04",
        "country": null,
        "datasetName": "NMNH Extant Biology",
        "publisher": "National Museum of Natural History, Smithsonian Institution",
        "license": "CC0_1_0",
        "issues": [
          "OCCURRENCE_STATUS_INFERRED_FROM_INDIVIDUAL_COUNT",
          "GEODETIC_DATUM_ASSUMED_WGS84"
        ],
        "media": [
          {
            "url": "https://collections.nmnh.si.edu/media/?i=15474340&h=2000",
            "references": null,
            "title": "01203054.tif",
            "creator": "Conveyor Belt",
            "publisher": "Smithsonian Institution, NMNH, Botany",
            "license": "http://creativecommons.org/publicdomain/zero/1.0/",
            "rightsHolder": null
          },
          {
            "url": "https://collections.nmnh.si.edu/media/?i=10474559&h=2000",
            "references": null,
            "title": "01203054.tif",
            "creator": "Ingrid P. Lin",
            "publisher": "Smithsonian Institution, NMNH, Botany",
            "license": "http://creativecommons.org/publicdomain/zero/1.0/",
            "rightsHolder": null
          }
        ]
      }
    },
    {
      "type": "Feature",
      "geometry": {
        "type": "Point",
        "coordinates": [
          -73.58,
          -3.92
        ]
      },
      "properties": {
        "gbifID": "1318490283",
        "species": "Passiflora riparia",
        "genus": "Passiflora",
        "family": "Passifloraceae",
        "scientificName": "Passiflora riparia Mart. ex Mast.",
        "coordinateUncertaintyInMeters": "",
        "basisOfRecord": "PRESERVED_SPECIMEN",
        "eventDate": "1991-03-13",
        "country": null,
        "datasetName": "NMNH Extant Biology",
        "publisher": "National Museum of Natural History, Smithsonian Institution",
        "license": "CC0_1_0",
        "issues": [
          "OCCURRENCE_STATUS_INFERRED_FROM_INDIVIDUAL_COUNT",
          "GEODETIC_DATUM_ASSUMED_WGS84"
        ],
        "media": [
          {
            "url": "https://collections.nmnh.si.edu/media/?i=10474612&h=2000",
            "references": null,
            "title": "01203076.tif",
            "creator": "Ingrid P. Lin",
            "publisher": "Smithsonian Institution, NMNH, Botany",
            "license": "http://creativecommons.org/publicdomain/zero/1.0/",
            "rightsHolder": null
          },
          {
            "url": "https://collections.nmnh.si.edu/media/?i=15464081&h=2000",
            "references": null,
            "title": "01203076.tif",
            "creator": "Conveyor Belt",
            "publisher": "Smithsonian Institution, NMNH, Botany",
            "license": "http://creativecommons.org/publicdomain/zero/1.0/",
            "rightsHolder": null
          }
        ]
      }
    },
    {
      "type": "Feature",
      "geometry": {
        "type": "Point",
        "coordinates": [
          -75.17,
          -10.5
        ]
      },
      "properties": {
        "gbifID": "1321358420",
        "species": "Passiflora riparia",
        "genus": "Passiflora",
        "family": "Passifloraceae",
        "scientificName": "Passiflora riparia Mart. ex Mast.",
        "coordinateUncertaintyInMeters": "",
        "basisOfRecord": "PRESERVED_SPECIMEN",
        "eventDate": "1984-08-15",
        "country": null,
        "datasetName": "NMNH Extant Biology",
        "publisher": "National Museum of Natural History, Smithsonian Institution",
        "license": "CC0_1_0",
        "issues": [
          "OCCURRENCE_STATUS_INFERRED_FROM_INDIVIDUAL_COUNT",
          "GEODETIC_DATUM_ASSUMED_WGS84"
        ],
        "media": [
          {
            "url": "https://collections.nmnh.si.edu/media/?i=10484021&h=2000",
            "references": null,
            "title": "01204502.TIF",
            "creator": "Ingrid P. Lin",
            "publisher": "Smithsonian Institution, NMNH, Botany",
            "license": "http://creativecommons.org/publicdomain/zero/1.0/",
            "rightsHolder": null
          },
          {
            "url": "https://collections.nmnh.si.edu/media/?i=15458521&h=2000",
            "references": null,
            "title": "01204502.tif",
            "creator": "Conveyor Belt",
            "publisher": "Smithsonian Institution, NMNH, Botany",
            "license": "http://creativecommons.org/publicdomain/zero/1.0/",
            "rightsHolder": null
          }
        ]
      }
    },
    {
      "type": "Feature",
      "geometry": {
        "type": "Point",
        "coordinates": [
          -58.9667,
          7.21667
        ]
      },
      "properties": {
        "gbifID": "1456254701",
        "species": "Passiflora riparia",
        "genus": "Passiflora",
        "family": "Passifloraceae",
        "scientificName": "Passiflora riparia Mart. ex Mast.",
        "coordinateUncertaintyInMeters": "",
        "basisOfRecord": "PRESERVED_SPECIMEN",
        "eventDate": "1992-09-18",
        "country": null,
        "datasetName": "NMNH Extant Biology",
        "publisher": "National Museum of Natural History, Smithsonian Institution",
        "license": "CC0_1_0",
        "issues": [
          "OCCURRENCE_STATUS_INFERRED_FROM_INDIVIDUAL_COUNT",
          "GEODETIC_DATUM_ASSUMED_WGS84"
        ],
        "media": [
          {
            "url": "https://collections.nmnh.si.edu/media/?i=15473576&h=2000",
            "references": null,
            "title": "00872674.tif",
            "creator": "Conveyor Belt",
            "publisher": "Smithsonian Institution, NMNH, Botany",
            "license": "http://creativecommons.org/publicdomain/zero/1.0/",
            "rightsHolder": null
          }
        ]
      }
    },
    {
      "type": "Feature",
      "geometry": {
        "type": "Point",
        "coordinates": [
          -70.83,
          -13.33
        ]
      },
      "properties": {
        "gbifID": "1317410544",
        "species": "Passiflora riparia",
        "genus": "Passiflora",
        "family": "Passifloraceae",
        "scientificName": "Passiflora riparia Mart. ex Mast.",
        "coordinateUncertaintyInMeters": "",
        "basisOfRecord": "PRESERVED_SPECIMEN",
        "eventDate": "1984-04-30",
        "country": null,
        "datasetName": "NMNH Extant Biology",
        "publisher": "National Museum of Natural History, Smithsonian Institution",
        "license": "CC0_1_0",
        "issues": [
          "OCCURRENCE_STATUS_INFERRED_FROM_INDIVIDUAL_COUNT",
          "GEODETIC_DATUM_ASSUMED_WGS84"
        ],
        "media": [
          {
            "url": "https://collections.nmnh.si.edu/media/?i=15453554&h=2000",
            "references": null,
            "title": "01203072.tif",
            "creator": "Conveyor Belt",
            "publisher": "Smithsonian Institution, NMNH, Botany",
            "license": "http://creativecommons.org/publicdomain/zero/1.0/",
            "rightsHolder": null
          },
          {
            "url": "https://collections.nmnh.si.edu/media/?i=10474602&h=2000",
            "references": null,
            "title": "01203072.tif",
            "creator": "Ingrid P. Lin",
            "publisher": "Smithsonian Institution, NMNH, Botany",
            "license": "http://creativecommons.org/publicdomain/zero/1.0/",
            "rightsHolder": null
          }
        ]
      }
    },
    {
      "type": "Feature",
      "geometry": {
        "type": "Point",
        "coordinates": [
          -71.53,
          -11.82
        ]
      },
      "properties": {
        "gbifID": "1322372866",
        "species": "Passiflora riparia",
        "genus": "Passiflora",
        "family": "Passifloraceae",
        "scientificName": "Passiflora riparia Mart. ex Mast.",
        "coordinateUncertaintyInMeters": "",
        "basisOfRecord": "PRESERVED_SPECIMEN",
        "eventDate": "1986-10-23",
        "country": null,
        "datasetName": "NMNH Extant Biology",
        "publisher": "National Museum of Natural History, Smithsonian Institution",
        "license": "CC0_1_0",
        "issues": [
          "OCCURRENCE_STATUS_INFERRED_FROM_INDIVIDUAL_COUNT",
          "GEODETIC_DATUM_ASSUMED_WGS84"
        ],
        "media": [
          {
            "url": "https://collections.nmnh.si.edu/media/?i=15475286&h=2000",
            "references": null,
            "title": "01203065.tif",
            "creator": "Conveyor Belt",
            "publisher": "Smithsonian Institution, NMNH, Botany",
            "license": "http://creativecommons.org/publicdomain/zero/1.0/",
            "rightsHolder": null
          },
          {
            "url": "https://collections.nmnh.si.edu/media/?i=10474586&h=2000",
            "references": null,
            "title": "01203065.tif",
            "creator": "Ingrid P. Lin",
            "publisher": "Smithsonian Institution, NMNH, Botany",
            "license": "http://creativecommons.org/publicdomain/zero/1.0/",
            "rightsHolder": null
          }
        ]
      }
    },
    {
      "type": "Feature",
      "geometry": {
        "type": "Point",
        "coordinates": [
          -69.33,
          -12.83
        ]
      },
      "properties": {
        "gbifID": "1317595577",
        "species": "Passiflora riparia",
        "genus": "Passiflora",
        "family": "Passifloraceae",
        "scientificName": "Passiflora riparia Mart. ex Mast.",
        "coordinateUncertaintyInMeters": "",
        "basisOfRecord": "PRESERVED_SPECIMEN",
        "eventDate": "1989-01-24",
        "country": null,
        "datasetName": "NMNH Extant Biology",
        "publisher": "National Museum of Natural History, Smithsonian Institution",
        "license": "CC0_1_0",
        "issues": [
          "OCCURRENCE_STATUS_INFERRED_FROM_INDIVIDUAL_COUNT",
          "GEODETIC_DATUM_ASSUMED_WGS84"
        ],
        "media": [
          {
            "url": "https://collections.nmnh.si.edu/media/?i=15455661&h=2000",
            "references": null,
            "title": "01203074.tif",
            "creator": "Conveyor Belt",
            "publisher": "Smithsonian Institution, NMNH, Botany",
            "license": "http://creativecommons.org/publicdomain/zero/1.0/",
            "rightsHolder": null
          },
          {
            "url": "https://collections.nmnh.si.edu/media/?i=10474607&h=2000",
            "references": null,
            "title": "01203074.tif",
            "creator": "Ingrid P. Lin",
            "publisher": "Smithsonian Institution, NMNH, Botany",
            "license": "http://creativecommons.org/publicdomain/zero/1.0/",
            "rightsHolder": null
          }
        ]
      }
    },
    {
      "type": "Feature",
      "geometry": {
        "type": "Point",
        "coordinates": [
          -78.63,
          0.08
        ]
      },
      "properties": {
        "gbifID": "1321876008",
        "species": "Passiflora riparia",
        "genus": "Passiflora",
        "family": "Passifloraceae",
        "scientificName": "Passiflora riparia Mart. ex Mast.",
        "coordinateUncertaintyInMeters": "",
        "basisOfRecord": "PRESERVED_SPECIMEN",
        "eventDate": "1995-01-15",
        "country": null,
        "datasetName": "NMNH Extant Biology",
        "publisher": "National Museum of Natural History, Smithsonian Institution",
        "license": "CC0_1_0",
        "issues": [
          "OCCURRENCE_STATUS_INFERRED_FROM_INDIVIDUAL_COUNT",
          "GEODETIC_DATUM_ASSUMED_WGS84"
        ],
        "media": [
          {
            "url": "https://collections.nmnh.si.edu/media/?i=15494980&h=2000",
            "references": null,
            "title": "00480710.tif",
            "creator": "Conveyor Belt",
            "publisher": "Smithsonian Institution, NMNH, Botany",
            "license": "http://creativecommons.org/publicdomain/zero/1.0/",
            "rightsHolder": null
          }
        ]
      }
    },
    {
      "type": "Feature",
      "geometry": {
        "type": "Point",
        "coordinates": [
          -73.0,
          -7.5
        ]
      },
      "properties": {
        "gbifID": "5295084457",
        "species": "Passiflora riparia",
        "genus": "Passiflora",
        "family": "Passifloraceae",
        "scientificName": "Passiflora riparia Mart. ex Mast.",
        "coordinateUncertaintyInMeters": "",
        "basisOfRecord": "PRESERVED_SPECIMEN",
        "eventDate": "1996-05-12",
        "country": null,
        "datasetName": "",
        "publisher": "Instituto de Pesquisas Jardim Botanico do Rio de Janeiro",
        "license": "CC_BY_4_0",
        "issues": [
          "RECORDED_DATE_INVALID",
          "IDENTIFIED_DATE_INVALID",
          "GEODETIC_DATUM_ASSUMED_WGS84",
          "CONTINENT_DERIVED_FROM_COORDINATES",
          "INSTITUTION_MATCH_FUZZY",
          "COLLECTION_MATCH_FUZZY"
        ],
        "fallback_media": {
          "url": "https://d2jcv3kl45hlgi.cloudfront.net/1a2f339779b08825172a7a235594b2a5.jpg",
          "references": "http://specimens.kew.org/Herbarium/K005038537",
          "title": null,
          "creator": null,
          "publisher": null,
          "license": "http://creativecommons.org/licenses/by/4.0/",
          "rightsHolder": "Royal Botanic Gardens, Kew"
        }
      }
    },
    {
      "type": "Feature",
      "geometry": {
        "type": "Point",
        "coordinates": [
          -52.492778,
          -0.892222
        ]
      },
      "properties": {
        "gbifID": "2997354768",
        "species": "Passiflora riparia",
        "genus": "Passiflora",
        "family": "Passifloraceae",
        "scientificName": "Passiflora riparia Mart. ex Mast.",
        "coordinateUncertaintyInMeters": "",
        "basisOfRecord": "PRESERVED_SPECIMEN",
        "eventDate": "1986-02-10",
        "country": null,
        "datasetName": "",
        "publisher": "Instituto de Pesquisas Jardim Botanico do Rio de Janeiro",
        "license": "CC_BY_4_0",
        "issues": [
          "RECORDED_DATE_INVALID",
          "IDENTIFIED_DATE_INVALID",
          "COORDINATE_ROUNDED",
          "GEODETIC_DATUM_ASSUMED_WGS84",
          "CONTINENT_DERIVED_FROM_COORDINATES",
          "INSTITUTION_MATCH_FUZZY",
          "COLLECTION_MATCH_FUZZY"
        ],
        "fallback_media": {
          "url": "https://d2jcv3kl45hlgi.cloudfront.net/1a2f339779b08825172a7a235594b2a5.jpg",
          "references": "http://specimens.kew.org/Herbarium/K005038537",
          "title": null,
          "creator": null,
          "publisher": null,
          "license": "http://creativecommons.org/licenses/by/4.0/",
          "rightsHolder": "Royal Botanic Gardens, Kew"
        }
      }
    },
    {
      "type": "Feature",
      "geometry": {
        "type": "Point",
        "coordinates": [
          -54.43,
          -0.92
        ]
      },
      "properties": {
        "gbifID": "2997775282",
        "species": "Passiflora riparia",
        "genus": "Passiflora",
        "family": "Passifloraceae",
        "scientificName": "Passiflora riparia Mart. ex Mast.",
        "coordinateUncertaintyInMeters": "",
        "basisOfRecord": "PRESERVED_SPECIMEN",
        "eventDate": "1981-07-19",
        "country": null,
        "datasetName": "",
        "publisher": "Instituto de Pesquisas Jardim Botanico do Rio de Janeiro",
        "license": "CC_BY_4_0",
        "issues": [
          "COORDINATE_ROUNDED",
          "GEODETIC_DATUM_ASSUMED_WGS84",
          "CONTINENT_DERIVED_FROM_COORDINATES",
          "INSTITUTION_MATCH_FUZZY",
          "COLLECTION_MATCH_FUZZY"
        ],
        "fallback_media": {
          "url": "https://d2jcv3kl45hlgi.cloudfront.net/1a2f339779b08825172a7a235594b2a5.jpg",
          "references": "http://specimens.kew.org/Herbarium/K005038537",
          "title": null,
          "creator": null,
          "publisher": null,
          "license": "http://creativecommons.org/licenses/by/4.0/",
          "rightsHolder": "Royal Botanic Gardens, Kew"
        }
      }
    },
    {
      "type": "Feature",
      "geometry": {
        "type": "Point",
        "coordinates": [
          -58.602222,
          -9.036944
        ]
      },
      "properties": {
        "gbifID": "1827466662",
        "species": "Passiflora riparia",
        "genus": "Passiflora",
        "family": "Passifloraceae",
        "scientificName": "Passiflora riparia Mart. ex Mast.",
        "coordinateUncertaintyInMeters": "",
        "basisOfRecord": "PRESERVED_SPECIMEN",
        "eventDate": "2017-10-21",
        "country": null,
        "datasetName": "RB - Rio de Janeiro Botanical Garden Herbarium Collection",
        "publisher": "Instituto de Pesquisas Jardim Botanico do Rio de Janeiro",
        "license": "CC_BY_4_0",
        "issues": [
          "COORDINATE_ROUNDED",
          "GEODETIC_DATUM_ASSUMED_WGS84",
          "CONTINENT_DERIVED_FROM_COORDINATES",
          "INSTITUTION_MATCH_FUZZY",
          "COLLECTION_MATCH_FUZZY"
        ],
        "media": [
          {
            "url": "http://jbrj-public-img.s3-sa-east-1.amazonaws.com/JPG/rb/1/38/11/51/01381151.jpg",
            "references": null,
            "title": null,
            "creator": null,
            "publisher": null,
            "license": null,
            "rightsHolder": null
          }
        ]
      }
    },
    {
      "type": "Feature",
      "geometry": {
        "type": "Point",
        "coordinates": [
          -58.622222,
          -9.036944
        ]
      },
      "properties": {
        "gbifID": "5053679367",
        "species": "Passiflora riparia",
        "genus": "Passiflora",
        "family": "Passifloraceae",
        "scientificName": "Passiflora riparia Mart. ex Mast.",
        "coordinateUncertaintyInMeters": "",
        "basisOfRecord": "PRESERVED_SPECIMEN",
        "eventDate": "2017-10-21",
        "country": null,
        "datasetName": "",
        "publisher": "Universidade Federal de Mato Grosso",
        "license": "CC_BY_4_0",
        "issues": [
          "CONTINENT_DERIVED_FROM_COORDINATES",
          "INSTITUTION_MATCH_FUZZY",
          "COLLECTION_MATCH_FUZZY"
        ],
        "fallback_media": {
          "url": "https://d2jcv3kl45hlgi.cloudfront.net/1a2f339779b08825172a7a235594b2a5.jpg",
          "references": "http://specimens.kew.org/Herbarium/K005038537",
          "title": null,
          "creator": null,
          "publisher": null,
          "license": "http://creativecommons.org/licenses/by/4.0/",
          "rightsHolder": "Royal Botanic Gardens, Kew"
        }
      }
    },
    {
      "type": "Feature",
      "geometry": {
        "type": "Point",
        "coordinates": [
          -47.712222,
          -15.603889
        ]
      },
      "properties": {
        "gbifID": "2996640826",
        "species": "Passiflora riparia",
        "genus": "Passiflora",
        "family": "Passifloraceae",
        "scientificName": "Passiflora riparia Mart. ex Mast.",
        "coordinateUncertaintyInMeters": "",
        "basisOfRecord": "PRESERVED_SPECIMEN",
        "eventDate": "2011-12-14",
        "country": null,
        "datasetName": "",
        "publisher": "Instituto de Pesquisas Jardim Botanico do Rio de Janeiro",
        "license": "CC_BY_4_0",
        "issues": [
          "IDENTIFIED_DATE_INVALID",
          "COORDINATE_ROUNDED",
          "GEODETIC_DATUM_ASSUMED_WGS84",
          "CONTINENT_DERIVED_FROM_COORDINATES",
          "ELEVATION_MIN_MAX_SWAPPED",
          "INSTITUTION_MATCH_FUZZY",
          "COLLECTION_MATCH_FUZZY"
        ],
        "fallback_media": {
          "url": "https://d2jcv3kl45hlgi.cloudfront.net/1a2f339779b08825172a7a235594b2a5.jpg",
          "references": "http://specimens.kew.org/Herbarium/K005038537",
          "title": null,
          "creator": null,
          "publisher": null,
          "license": "http://creativecommons.org/licenses/by/4.0/",
          "rightsHolder": "Royal Botanic Gardens, Kew"
        }
      }
    },
    {
      "type": "Feature",
      "geometry": {
        "type": "Point",
        "coordinates": [
          -78.633333,
          0.083333
        ]
      },
      "properties": {
        "gbifID": "2626930242",
        "species": "Passiflora riparia",
        "genus": "Passiflora",
        "family": "Passifloraceae",
        "scientificName": "Passiflora riparia Mart. ex Mast.",
        "coordinateUncertaintyInMeters": "",
        "basisOfRecord": "PRESERVED_SPECIMEN",
        "eventDate": "1995-01-15",
        "country": null,
        "datasetName": "",
        "publisher": "University of California, Davis",
        "license": "CC_BY_NC_4_0",
        "issues": [
          "COORDINATE_ROUNDED",
          "GEODETIC_DATUM_ASSUMED_WGS84",
          "INSTITUTION_MATCH_FUZZY",
          "COLLECTION_MATCH_FUZZY",
          "TAXON_ID_NOT_FOUND"
        ],
        "fallback_media": {
          "url": "https://d2jcv3kl45hlgi.cloudfront.net/1a2f339779b08825172a7a235594b2a5.jpg",
          "references": "http://specimens.kew.org/Herbarium/K005038537",
          "title": null,
          "creator": null,
          "publisher": null,
          "license": "http://creativecommons.org/licenses/by/4.0/",
          "rightsHolder": "Royal Botanic Gardens, Kew"
        }
      }
    },
    {
      "type": "Feature",
      "geometry": {
        "type": "Point",
        "coordinates": [
          -56.5325,
          -1.619722
        ]
      },
      "properties": {
        "gbifID": "4030752403",
        "species": "Passiflora riparia",
        "genus": "Passiflora",
        "family": "Passifloraceae",
        "scientificName": "Passiflora riparia Mart. ex Mast.",
        "coordinateUncertaintyInMeters": "",
        "basisOfRecord": "PRESERVED_SPECIMEN",
        "eventDate": "2018-05-25",
        "country": null,
        "datasetName": "RB - Rio de Janeiro Botanical Garden Herbarium Collection",
        "publisher": "Instituto de Pesquisas Jardim Botanico do Rio de Janeiro",
        "license": "CC_BY_4_0",
        "issues": [
          "COORDINATE_ROUNDED",
          "GEODETIC_DATUM_ASSUMED_WGS84",
          "CONTINENT_DERIVED_FROM_COORDINATES",
          "INSTITUTION_MATCH_FUZZY",
          "COLLECTION_MATCH_FUZZY"
        ],
        "media": [
          {
            "url": "http://jbrj-public-img.s3-sa-east-1.amazonaws.com/JPG/rb/1/48/20/9/01482009.jpg",
            "references": null,
            "title": null,
            "creator": null,
            "publisher": null,
            "license": null,
            "rightsHolder": null
          }
        ]
      }
    },
    {
      "type": "Feature",
      "geometry": {
        "type": "Point",
        "coordinates": [
          -60.319444,
          -2.545556
        ]
      },
      "properties": {
        "gbifID": "2997353764",
        "species": "Passiflora riparia",
        "genus": "Passiflora",
        "family": "Passifloraceae",
        "scientificName": "Passiflora riparia Mart. ex Mast.",
        "coordinateUncertaintyInMeters": "",
        "basisOfRecord": "PRESERVED_SPECIMEN",
        "eventDate": "1975-04-28",
        "country": null,
        "datasetName": "",
        "publisher": "Instituto de Pesquisas Jardim Botanico do Rio de Janeiro",
        "license": "CC_BY_4_0",
        "issues": [
          "IDENTIFIED_DATE_INVALID",
          "COORDINATE_ROUNDED",
          "GEODETIC_DATUM_ASSUMED_WGS84",
          "CONTINENT_DERIVED_FROM_COORDINATES",
          "INSTITUTION_MATCH_FUZZY",
          "COLLECTION_MATCH_FUZZY"
        ],
        "fallback_media": {
          "url": "https://d2jcv3kl45hlgi.cloudfront.net/1a2f339779b08825172a7a235594b2a5.jpg",
          "references": "http://specimens.kew.org/Herbarium/K005038537",
          "title": null,
          "creator": null,
          "publisher": null,
          "license": "http://creativecommons.org/licenses/by/4.0/",
          "rightsHolder": "Royal Botanic Gardens, Kew"
        }
      }
    },
    {
      "type": "Feature",
      "geometry": {
        "type": "Point",
        "coordinates": [
          -69.259722,
          -8.838889
        ]
      },
      "properties": {
        "gbifID": "2997920525",
        "species": "Passiflora riparia",
        "genus": "Passiflora",
        "family": "Passifloraceae",
        "scientificName": "Passiflora riparia Mart. ex Mast.",
        "coordinateUncertaintyInMeters": "",
        "basisOfRecord": "PRESERVED_SPECIMEN",
        "eventDate": "2002-03-20",
        "country": null,
        "datasetName": "",
        "publisher": "Instituto de Pesquisas Jardim Botanico do Rio de Janeiro",
        "license": "CC_BY_4_0",
        "issues": [
          "IDENTIFIED_DATE_INVALID",
          "COORDINATE_ROUNDED",
          "GEODETIC_DATUM_ASSUMED_WGS84",
          "CONTINENT_DERIVED_FROM_COORDINATES",
          "INSTITUTION_MATCH_FUZZY",
          "COLLECTION_MATCH_FUZZY"
        ],
        "fallback_media": {
          "url": "https://d2jcv3kl45hlgi.cloudfront.net/1a2f339779b08825172a7a235594b2a5.jpg",
          "references": "http://specimens.kew.org/Herbarium/K005038537",
          "title": null,
          "creator": null,
          "publisher": null,
          "license": "http://creativecommons.org/licenses/by/4.0/",
          "rightsHolder": "Royal Botanic Gardens, Kew"
        }
      }
    },
    {
      "type": "Feature",
      "geometry": {
        "type": "Point",
        "coordinates": [
          -52.492654,
          -0.892099
        ]
      },
      "properties": {
        "gbifID": "1930879667",
        "species": "Passiflora riparia",
        "genus": "Passiflora",
        "family": "Passifloraceae",
        "scientificName": "Passiflora riparia Mart. ex Mast.",
        "coordinateUncertaintyInMeters": "",
        "basisOfRecord": "PRESERVED_SPECIMEN",
        "eventDate": "1986-02-10",
        "country": null,
        "datasetName": "Vascular plants",
        "publisher": "The New York Botanical Garden",
        "license": "CC0_1_0",
        "issues": [
          "MODIFIED_DATE_INVALID",
          "COORDINATE_ROUNDED"
        ],
        "media": [
          {
            "url": "http://sweetgum.nybg.org/images3/603/267/01291745.jpg",
            "references": null,
            "title": null,
            "creator": "The New York Botanical Garden",
            "publisher": null,
            "license": "http://creativecommons.org/licenses/by/4.0/",
            "rightsHolder": "The New York Botanical Garden"
          }
        ]
      }
    },
    {
      "type": "Feature",
      "geometry": {
        "type": "Point",
        "coordinates": [
          -69.261462,
          -8.842384
        ]
      },
      "properties": {
        "gbifID": "1930502096",
        "species": "Passiflora riparia",
        "genus": "Passiflora",
        "family": "Passifloraceae",
        "scientificName": "Passiflora riparia Mart. ex Mast.",
        "coordinateUncertaintyInMeters": "",
        "basisOfRecord": "PRESERVED_SPECIMEN",
        "eventDate": "2002-03-20",
        "country": null,
        "datasetName": "Vascular plants",
        "publisher": "The New York Botanical Garden",
        "license": "CC0_1_0",
        "issues": [
          "MODIFIED_DATE_INVALID",
          "COORDINATE_REPROJECTED"
        ],
        "media": [
          {
            "url": "http://sweetgum.nybg.org/images3/193/422/v-228-00866030.jpg",
            "references": null,
            "title": null,
            "creator": "The New York Botanical Garden",
            "publisher": null,
            "license": "http://creativecommons.org/licenses/by/4.0/",
            "rightsHolder": "The New York Botanical Garden"
          }
        ]
      }
    },
    {
      "type": "Feature",
      "geometry": {
        "type": "Point",
        "coordinates": [
          -62.878443,
          -4.995765
        ]
      },
      "properties": {
        "gbifID": "1930686996",
        "species": "Passiflora riparia",
        "genus": "Passiflora",
        "family": "Passifloraceae",
        "scientificName": "Passiflora riparia Mart. ex Mast.",
        "coordinateUncertaintyInMeters": "",
        "basisOfRecord": "PRESERVED_SPECIMEN",
        "eventDate": "1971-06-19",
        "country": null,
        "datasetName": "Vascular plants",
        "publisher": "The New York Botanical Garden",
        "license": "CC0_1_0",
        "issues": [
          "MODIFIED_DATE_INVALID"
        ],
        "media": [
          {
            "url": "http://sweetgum.nybg.org/images3/2178/107/01405624.jpg",
            "references": null,
            "title": null,
            "creator": "The New York Botanical Garden",
            "publisher": null,
            "license": "http://creativecommons.org/licenses/by/4.0/",
            "rightsHolder": "The New York Botanical Garden"
          }
        ]
      }
    },
    {
      "type": "Feature",
      "geometry": {
        "type": "Point",
        "coordinates": [
          -66.81647,
          -10.04817
        ]
      },
      "properties": {
        "gbifID": "1930690795",
        "species": "Passiflora riparia",
        "genus": "Passiflora",
        "family": "Passifloraceae",
        "scientificName": "Passiflora riparia Mart. ex Mast.",
        "coordinateUncertaintyInMeters": "",
        "basisOfRecord": "PRESERVED_SPECIMEN",
        "eventDate": "2011-03-25",
        "country": null,
        "datasetName": "Vascular plants",
        "publisher": "The New York Botanical Garden",
        "license": "CC0_1_0",
        "issues": [
          "MODIFIED_DATE_INVALID",
          "GEODETIC_DATUM_ASSUMED_WGS84"
        ],
        "media": [
          {
            "url": "http://sweetgum.nybg.org/images3/1998/689/02681104.jpg",
            "references": null,
            "title": null,
            "creator": "The New York Botanical Garden",
            "publisher": null,
            "license": "http://creativecommons.org/licenses/by/4.0/",
            "rightsHolder": "The New York Botanical Garden"
          }
        ]
      }
    },
    {
      "type": "Feature",
      "geometry": {
        "type": "Point",
        "coordinates": [
          -40.0722,
          -19.3911
        ]
      },
      "properties": {
        "gbifID": "1090569913",
        "species": "Passiflora riparia",
        "genus": "Passiflora",
        "family": "Passifloraceae",
        "scientificName": "Passiflora riparia Mart. ex Mast.",
        "coordinateUncertaintyInMeters": "",
        "basisOfRecord": "PRESERVED_SPECIMEN",
        "eventDate": "2002-07-13",
        "country": null,
        "datasetName": "",
        "publisher": "Instituto Agronômico (IAC)",
        "license": "CC_BY_4_0",
        "issues": [
          "CONTINENT_DERIVED_FROM_COORDINATES",
          "INSTITUTION_MATCH_FUZZY",
          "COLLECTION_MATCH_FUZZY"
        ],
        "fallback_media": {
          "url": "https://d2jcv3kl45hlgi.cloudfront.net/1a2f339779b08825172a7a235594b2a5.jpg",
          "references": "http://specimens.kew.org/Herbarium/K005038537",
          "title": null,
          "creator": null,
          "publisher": null,
          "license": "http://creativecommons.org/licenses/by/4.0/",
          "rightsHolder": "Royal Botanic Gardens, Kew"
        }
      }
    },
    {
      "type": "Feature",
      "geometry": {
        "type": "Point",
        "coordinates": [
          -48.5044,
          -1.4558
        ]
      },
      "properties": {
        "gbifID": "1090570152",
        "species": "Passiflora riparia",
        "genus": "Passiflora",
        "family": "Passifloraceae",
        "scientificName": "Passiflora riparia Mart. ex Mast.",
        "coordinateUncertaintyInMeters": "",
        "basisOfRecord": "PRESERVED_SPECIMEN",
        "eventDate": "2003-07-16",
        "country": null,
        "datasetName": "",
        "publisher": "Instituto Agronômico (IAC)",
        "license": "CC_BY_4_0",
        "issues": [
          "CONTINENT_DERIVED_FROM_COORDINATES",
          "INSTITUTION_MATCH_FUZZY",
          "COLLECTION_MATCH_FUZZY"
        ],
        "fallback_media": {
          "url": "https://d2jcv3kl45hlgi.cloudfront.net/1a2f339779b08825172a7a235594b2a5.jpg",
          "references": "http://specimens.kew.org/Herbarium/K005038537",
          "title": null,
          "creator": null,
          "publisher": null,
          "license": "http://creativecommons.org/licenses/by/4.0/",
          "rightsHolder": "Royal Botanic Gardens, Kew"
        }
      }
    },
    {
      "type": "Feature",
      "geometry": {
        "type": "Point",
        "coordinates": [
          -47.2958,
          -22.7775
        ]
      },
      "properties": {
        "gbifID": "1090579618",
        "species": "Passiflora riparia",
        "genus": "Passiflora",
        "family": "Passifloraceae",
        "scientificName": "Passiflora riparia Mart. ex Mast.",
        "coordinateUncertaintyInMeters": "",
        "basisOfRecord": "PRESERVED_SPECIMEN",
        "eventDate": "2009-03-06",
        "country": null,
        "datasetName": "",
        "publisher": "Instituto Agronômico (IAC)",
        "license": "CC_BY_4_0",
        "issues": [
          "CONTINENT_DERIVED_FROM_COORDINATES",
          "INSTITUTION_MATCH_FUZZY",
          "COLLECTION_MATCH_FUZZY"
        ],
        "fallback_media": {
          "url": "https://d2jcv3kl45hlgi.cloudfront.net/1a2f339779b08825172a7a235594b2a5.jpg",
          "references": "http://specimens.kew.org/Herbarium/K005038537",
          "title": null,
          "creator": null,
          "publisher": null,
          "license": "http://creativecommons.org/licenses/by/4.0/",
          "rightsHolder": "Royal Botanic Gardens, Kew"
        }
      }
    },
    {
      "type": "Feature",
      "geometry": {
        "type": "Point",
        "coordinates": [
          -65.069167,
          -4.8525
        ]
      },
      "properties": {
        "gbifID": "1314798754",
        "species": "Passiflora riparia",
        "genus": "Passiflora",
        "family": "Passifloraceae",
        "scientificName": "Passiflora riparia Mart. ex Mast.",
        "coordinateUncertaintyInMeters": "",
        "basisOfRecord": "PRESERVED_SPECIMEN",
        "eventDate": "2010-04-07",
        "country": null,
        "datasetName": "",
        "publisher": "Museu Paraense Emílio Goeldi",
        "license": "CC_BY_NC_4_0",
        "issues": [
          "COORDINATE_ROUNDED",
          "COUNTRY_DERIVED_FROM_COORDINATES",
          "COUNTRY_INVALID",
          "GEODETIC_DATUM_ASSUMED_WGS84",
          "CONTINENT_DERIVED_FROM_COORDINATES",
          "CONTINENT_INVALID",
          "INSTITUTION_MATCH_FUZZY",
          "COLLECTION_MATCH_NONE"
        ],
        "fallback_media": {
          "url": "https://d2jcv3kl45hlgi.cloudfront.net/1a2f339779b08825172a7a235594b2a5.jpg",
          "references": "http://specimens.kew.org/Herbarium/K005038537",
          "title": null,
          "creator": null,
          "publisher": null,
          "license": "http://creativecommons.org/licenses/by/4.0/",
          "rightsHolder": "Royal Botanic Gardens, Kew"
        }
      }
    },
    {
      "type": "Feature",
      "geometry": {
        "type": "Point",
        "coordinates": [
          -55.933333,
          -9.6
        ]
      },
      "properties": {
        "gbifID": "2998669603",
        "species": "Passiflora riparia",
        "genus": "Passiflora",
        "family": "Passifloraceae",
        "scientificName": "Passiflora riparia Mart. ex Mast.",
        "coordinateUncertaintyInMeters": "",
        "basisOfRecord": "PRESERVED_SPECIMEN",
        "eventDate": "1996-11-29",
        "country": null,
        "datasetName": "",
        "publisher": "Instituto de Pesquisas Jardim Botanico do Rio de Janeiro",
        "license": "CC_BY_4_0",
        "issues": [
          "IDENTIFIED_DATE_INVALID",
          "COORDINATE_ROUNDED",
          "GEODETIC_DATUM_ASSUMED_WGS84",
          "CONTINENT_DERIVED_FROM_COORDINATES",
          "AMBIGUOUS_INSTITUTION"
        ],
        "fallback_media": {
          "url": "https://d2jcv3kl45hlgi.cloudfront.net/1a2f339779b08825172a7a235594b2a5.jpg",
          "references": "http://specimens.kew.org/Herbarium/K005038537",
          "title": null,
          "creator": null,
          "publisher": null,
          "license": "http://creativecommons.org/licenses/by/4.0/",
          "rightsHolder": "Royal Botanic Gardens, Kew"
        }
      }
    },
    {
      "type": "Feature",
      "geometry": {
        "type": "Point",
        "coordinates": [
          -76.362943,
          -6.491659
        ]
      },
      "properties": {
        "gbifID": "1823458318",
        "species": "Passiflora riparia",
        "genus": "Passiflora",
        "family": "Passifloraceae",
        "scientificName": "Passiflora riparia Mart. ex Mast.",
        "coordinateUncertaintyInMeters": "3036.0",
        "basisOfRecord": "PRESERVED_SPECIMEN",
        "eventDate": "1929-12",
        "country": null,
        "datasetName": "seeds-22-sep-2023",
        "publisher": "Field Museum",
        "license": "CC0_1_0",
        "issues": [
          "GEODETIC_DATUM_ASSUMED_WGS84",
          "INSTITUTION_MATCH_FUZZY",
          "AMBIGUOUS_COLLECTION"
        ],
        "fallback_media": {
          "url": "https://d2jcv3kl45hlgi.cloudfront.net/1a2f339779b08825172a7a235594b2a5.jpg",
          "references": "http://specimens.kew.org/Herbarium/K005038537",
          "title": null,
          "creator": null,
          "publisher": null,
          "license": "http://creativecommons.org/licenses/by/4.0/",
          "rightsHolder": "Royal Botanic Gardens, Kew"
        }
      }
    },
    {
      "type": "Feature",
      "geometry": {
        "type": "Point",
        "coordinates": [
          -77.6,
          -5.63
        ]
      },
      "properties": {
        "gbifID": "1228297342",
        "species": "Passiflora riparia",
        "genus": "Passiflora",
        "family": "Passifloraceae",
        "scientificName": "Passiflora riparia Mart. ex Mast.",
        "coordinateUncertaintyInMeters": "",
        "basisOfRecord": "PRESERVED_SPECIMEN",
        "eventDate": "1998-06-18",
        "country": null,
        "datasetName": "seeds-22-sep-2023",
        "publisher": "Field Museum",
        "license": "CC0_1_0",
        "issues": [
          "GEODETIC_DATUM_ASSUMED_WGS84",
          "INSTITUTION_MATCH_FUZZY",
          "AMBIGUOUS_COLLECTION"
        ],
        "fallback_media": {
          "url": "https://d2jcv3kl45hlgi.cloudfront.net/1a2f339779b08825172a7a235594b2a5.jpg",
          "references": "http://specimens.kew.org/Herbarium/K005038537",
          "title": null,
          "creator": null,
          "publisher": null,
          "license": "http://creativecommons.org/licenses/by/4.0/",
          "rightsHolder": "Royal Botanic Gardens, Kew"
        }
      }
    },
    {
      "type": "Feature",
      "geometry": {
        "type": "Point",
        "coordinates": [
          -76.8333,
          -7.0
        ]
      },
      "properties": {
        "gbifID": "1228433709",
        "species": "Passiflora riparia",
        "genus": "Passiflora",
        "family": "Passifloraceae",
        "scientificName": "Passiflora riparia Mart. ex Mast.",
        "coordinateUncertaintyInMeters": "",
        "basisOfRecord": "PRESERVED_SPECIMEN",
        "eventDate": "1986-05-27",
        "country": null,
        "datasetName": "seeds-22-sep-2023",
        "publisher": "Field Museum",
        "license": "CC0_1_0",
        "issues": [
          "GEODETIC_DATUM_ASSUMED_WGS84",
          "INSTITUTION_MATCH_FUZZY",
          "AMBIGUOUS_COLLECTION"
        ],
        "fallback_media": {
          "url": "https://d2jcv3kl45hlgi.cloudfront.net/1a2f339779b08825172a7a235594b2a5.jpg",
          "references": "http://specimens.kew.org/Herbarium/K005038537",
          "title": null,
          "creator": null,
          "publisher": null,
          "license": "http://creativecommons.org/licenses/by/4.0/",
          "rightsHolder": "Royal Botanic Gardens, Kew"
        }
      }
    },
    {
      "type": "Feature",
      "geometry": {
        "type": "Point",
        "coordinates": [
          -72.5,
          -12.5
        ]
      },
      "properties": {
        "gbifID": "1228274961",
        "species": "Passiflora riparia",
        "genus": "Passiflora",
        "family": "Passifloraceae",
        "scientificName": "Passiflora riparia Mart. ex Mast.",
        "coordinateUncertaintyInMeters": "",
        "basisOfRecord": "PRESERVED_SPECIMEN",
        "eventDate": "1984-04-30",
        "country": null,
        "datasetName": "seeds-22-sep-2023",
        "publisher": "Field Museum",
        "license": "CC0_1_0",
        "issues": [
          "GEODETIC_DATUM_ASSUMED_WGS84",
          "INSTITUTION_MATCH_FUZZY",
          "AMBIGUOUS_COLLECTION"
        ],
        "fallback_media": {
          "url": "https://d2jcv3kl45hlgi.cloudfront.net/1a2f339779b08825172a7a235594b2a5.jpg",
          "references": "http://specimens.kew.org/Herbarium/K005038537",
          "title": null,
          "creator": null,
          "publisher": null,
          "license": "http://creativecommons.org/licenses/by/4.0/",
          "rightsHolder": "Royal Botanic Gardens, Kew"
        }
      }
    },
    {
      "type": "Feature",
      "geometry": {
        "type": "Point",
        "coordinates": [
          -55.0,
          -9.0
        ]
      },
      "properties": {
        "gbifID": "1042637836",
        "species": "Passiflora riparia",
        "genus": "Passiflora",
        "family": "Passifloraceae",
        "scientificName": "Passiflora riparia Mart. ex Mast.",
        "coordinateUncertaintyInMeters": "",
        "basisOfRecord": "PRESERVED_SPECIMEN",
        "eventDate": "",
        "country": null,
        "datasetName": "Coleção Botânica, Instituto Nacional de Pesquisas da Amazônia (INPA)",
        "publisher": "Instituto Nacional de Pesquisas da Amazônia - INPA",
        "license": "CC_BY_NC_4_0",
        "issues": [
          "RECORDED_DATE_INVALID",
          "MODIFIED_DATE_INVALID",
          "GEODETIC_DATUM_ASSUMED_WGS84",
          "GEODETIC_DATUM_INVALID",
          "ELEVATION_MIN_MAX_SWAPPED",
          "INSTITUTION_MATCH_NONE"
        ],
        "fallback_media": {
          "url": "https://d2jcv3kl45hlgi.cloudfront.net/1a2f339779b08825172a7a235594b2a5.jpg",
          "references": "http://specimens.kew.org/Herbarium/K005038537",
          "title": null,
          "creator": null,
          "publisher": null,
          "license": "http://creativecommons.org/licenses/by/4.0/",
          "rightsHolder": "Royal Botanic Gardens, Kew"
        }
      }
    },
    {
      "type": "Feature",
      "geometry": {
        "type": "Point",
        "coordinates": [
          -74.983333,
          -10.283333
        ]
      },
      "properties": {
        "gbifID": "1257586819",
        "species": "Passiflora riparia",
        "genus": "Passiflora",
        "family": "Passifloraceae",
        "scientificName": "Passiflora riparia Mart. ex Mast.",
        "coordinateUncertaintyInMeters": "",
        "basisOfRecord": "PRESERVED_SPECIMEN",
        "eventDate": "1929-07-14",
        "country": null,
        "datasetName": "Tropicos",
        "publisher": "Missouri Botanical Garden",
        "license": "CC_BY_4_0",
        "issues": [
          "OCCURRENCE_STATUS_INFERRED_FROM_INDIVIDUAL_COUNT",
          "COORDINATE_ROUNDED",
          "GEODETIC_DATUM_ASSUMED_WGS84",
          "INSTITUTION_MATCH_FUZZY",
          "COLLECTION_MATCH_NONE",
          "TAXON_ID_NOT_FOUND"
        ],
        "fallback_media": {
          "url": "https://d2jcv3kl45hlgi.cloudfront.net/1a2f339779b08825172a7a235594b2a5.jpg",
          "references": "http://specimens.kew.org/Herbarium/K005038537",
          "title": null,
          "creator": null,
          "publisher": null,
          "license": "http://creativecommons.org/licenses/by/4.0/",
          "rightsHolder": "Royal Botanic Gardens, Kew"
        }
      }
    },
    {
      "type": "Feature",
      "geometry": {
        "type": "Point",
        "coordinates": [
          -76.111111,
          -5.765833
        ]
      },
      "properties": {
        "gbifID": "1257586747",
        "species": "Passiflora riparia",
        "genus": "Passiflora",
        "family": "Passifloraceae",
        "scientificName": "Passiflora riparia Mart. ex Mast.",
        "coordinateUncertaintyInMeters": "",
        "basisOfRecord": "PRESERVED_SPECIMEN",
        "eventDate": "1929",
        "country": null,
        "datasetName": "Tropicos",
        "publisher": "Missouri Botanical Garden",
        "license": "CC_BY_4_0",
        "issues": [
          "OCCURRENCE_STATUS_INFERRED_FROM_INDIVIDUAL_COUNT",
          "COORDINATE_ROUNDED",
          "GEODETIC_DATUM_ASSUMED_WGS84",
          "INSTITUTION_MATCH_FUZZY",
          "COLLECTION_MATCH_NONE",
          "TAXON_ID_NOT_FOUND"
        ],
        "fallback_media": {
          "url": "https://d2jcv3kl45hlgi.cloudfront.net/1a2f339779b08825172a7a235594b2a5.jpg",
          "references": "http://specimens.kew.org/Herbarium/K005038537",
          "title": null,
          "creator": null,
          "publisher": null,
          "license": "http://creativecommons.org/licenses/by/4.0/",
          "rightsHolder": "Royal Botanic Gardens, Kew"
        }
      }
    },
    {
      "type": "Feature",
      "geometry": {
        "type": "Point",
        "coordinates": [
          -76.504444,
          -8.179722
        ]
      },
      "properties": {
        "gbifID": "1260898231",
        "species": "Passiflora riparia",
        "genus": "Passiflora",
        "family": "Passifloraceae",
        "scientificName": "Passiflora riparia Mart. ex Mast.",
        "coordinateUncertaintyInMeters": "",
        "basisOfRecord": "PRESERVED_SPECIMEN",
        "eventDate": "1980-08-18",
        "country": null,
        "datasetName": "Tropicos",
        "publisher": "Missouri Botanical Garden",
        "license": "CC_BY_4_0",
        "issues": [
          "OCCURRENCE_STATUS_INFERRED_FROM_INDIVIDUAL_COUNT",
          "COORDINATE_ROUNDED",
          "GEODETIC_DATUM_ASSUMED_WGS84",
          "INSTITUTION_MATCH_FUZZY",
          "COLLECTION_MATCH_NONE",
          "TAXON_ID_NOT_FOUND"
        ],
        "fallback_media": {
          "url": "https://d2jcv3kl45hlgi.cloudfront.net/1a2f339779b08825172a7a235594b2a5.jpg",
          "references": "http://specimens.kew.org/Herbarium/K005038537",
          "title": null,
          "creator": null,
          "publisher": null,
          "license": "http://creativecommons.org/licenses/by/4.0/",
          "rightsHolder": "Royal Botanic Gardens, Kew"
        }
      }
    },
    {
      "type": "Feature",
      "geometry": {
        "type": "Point",
        "coordinates": [
          -67.733333,
          1.116667
        ]
      },
      "properties": {
        "gbifID": "4061021692",
        "species": "Passiflora riparia",
        "genus": "Passiflora",
        "family": "Passifloraceae",
        "scientificName": "Passiflora riparia Mart. ex Mast.",
        "coordinateUncertaintyInMeters": "",
        "basisOfRecord": "PRESERVED_SPECIMEN",
        "eventDate": "1853",
        "country": null,
        "datasetName": "Tropicos",
        "publisher": "Missouri Botanical Garden",
        "license": "CC_BY_4_0",
        "issues": [
          "OCCURRENCE_STATUS_INFERRED_FROM_INDIVIDUAL_COUNT",
          "COORDINATE_ROUNDED",
          "GEODETIC_DATUM_ASSUMED_WGS84",
          "INSTITUTION_MATCH_FUZZY",
          "COLLECTION_MATCH_NONE",
          "TAXON_ID_NOT_FOUND"
        ],
        "fallback_media": {
          "url": "https://d2jcv3kl45hlgi.cloudfront.net/1a2f339779b08825172a7a235594b2a5.jpg",
          "references": "http://specimens.kew.org/Herbarium/K005038537",
          "title": null,
          "creator": null,
          "publisher": null,
          "license": "http://creativecommons.org/licenses/by/4.0/",
          "rightsHolder": "Royal Botanic Gardens, Kew"
        }
      }
    },
    {
      "type": "Feature",
      "geometry": {
        "type": "Point",
        "coordinates": [
          -76.373056,
          -6.508611
        ]
      },
      "properties": {
        "gbifID": "1257586554",
        "species": "Passiflora riparia",
        "genus": "Passiflora",
        "family": "Passifloraceae",
        "scientificName": "Passiflora riparia Mart. ex Mast.",
        "coordinateUncertaintyInMeters": "",
        "basisOfRecord": "PRESERVED_SPECIMEN",
        "eventDate": "1929-12",
        "country": null,
        "datasetName": "Tropicos",
        "publisher": "Missouri Botanical Garden",
        "license": "CC_BY_4_0",
        "issues": [
          "OCCURRENCE_STATUS_INFERRED_FROM_INDIVIDUAL_COUNT",
          "COORDINATE_ROUNDED",
          "GEODETIC_DATUM_ASSUMED_WGS84",
          "INSTITUTION_MATCH_FUZZY",
          "COLLECTION_MATCH_NONE",
          "TAXON_ID_NOT_FOUND"
        ],
        "fallback_media": {
          "url": "https://d2jcv3kl45hlgi.cloudfront.net/1a2f339779b08825172a7a235594b2a5.jpg",
          "references": "http://specimens.kew.org/Herbarium/K005038537",
          "title": null,
          "creator": null,
          "publisher": null,
          "license": "http://creativecommons.org/licenses/by/4.0/",
          "rightsHolder": "Royal Botanic Gardens, Kew"
        }
      }
    },
    {
      "type": "Feature",
      "geometry": {
        "type": "Point",
        "coordinates": [
          -78.5,
          -3.583333
        ]
      },
      "properties": {
        "gbifID": "1260126490",
        "species": "Passiflora riparia",
        "genus": "Passiflora",
        "family": "Passifloraceae",
        "scientificName": "Passiflora riparia Mart. ex Mast.",
        "coordinateUncertaintyInMeters": "",
        "basisOfRecord": "PRESERVED_SPECIMEN",
        "eventDate": "1984-02-04",
        "country": null,
        "datasetName": "Tropicos",
        "publisher": "Missouri Botanical Garden",
        "license": "CC_BY_4_0",
        "issues": [
          "OCCURRENCE_STATUS_INFERRED_FROM_INDIVIDUAL_COUNT",
          "COORDINATE_ROUNDED",
          "GEODETIC_DATUM_ASSUMED_WGS84",
          "INSTITUTION_MATCH_FUZZY",
          "COLLECTION_MATCH_NONE",
          "TAXON_ID_NOT_FOUND"
        ],
        "fallback_media": {
          "url": "https://d2jcv3kl45hlgi.cloudfront.net/1a2f339779b08825172a7a235594b2a5.jpg",
          "references": "http://specimens.kew.org/Herbarium/K005038537",
          "title": null,
          "creator": null,
          "publisher": null,
          "license": "http://creativecommons.org/licenses/by/4.0/",
          "rightsHolder": "Royal Botanic Gardens, Kew"
        }
      }
    },
    {
      "type": "Feature",
      "geometry": {
        "type": "Point",
        "coordinates": [
          -77.826111,
          -0.907778
        ]
      },
      "properties": {
        "gbifID": "1260141046",
        "species": "Passiflora riparia",
        "genus": "Passiflora",
        "family": "Passifloraceae",
        "scientificName": "Passiflora riparia Mart. ex Mast.",
        "coordinateUncertaintyInMeters": "",
        "basisOfRecord": "PRESERVED_SPECIMEN",
        "eventDate": "1968-06-27",
        "country": null,
        "datasetName": "Tropicos",
        "publisher": "Missouri Botanical Garden",
        "license": "CC_BY_4_0",
        "issues": [
          "OCCURRENCE_STATUS_INFERRED_FROM_INDIVIDUAL_COUNT",
          "COORDINATE_ROUNDED",
          "GEODETIC_DATUM_ASSUMED_WGS84",
          "INSTITUTION_MATCH_FUZZY",
          "COLLECTION_MATCH_NONE",
          "TAXON_ID_NOT_FOUND"
        ],
        "fallback_media": {
          "url": "https://d2jcv3kl45hlgi.cloudfront.net/1a2f339779b08825172a7a235594b2a5.jpg",
          "references": "http://specimens.kew.org/Herbarium/K005038537",
          "title": null,
          "creator": null,
          "publisher": null,
          "license": "http://creativecommons.org/licenses/by/4.0/",
          "rightsHolder": "Royal Botanic Gardens, Kew"
        }
      }
    },
    {
      "type": "Feature",
      "geometry": {
        "type": "Point",
        "coordinates": [
          -44.0,
          -10.45
        ]
      },
      "properties": {
        "gbifID": "1257586869",
        "species": "Passiflora riparia",
        "genus": "Passiflora",
        "family": "Passifloraceae",
        "scientificName": "Passiflora riparia Mart. ex Mast.",
        "coordinateUncertaintyInMeters": "",
        "basisOfRecord": "PRESERVED_SPECIMEN",
        "eventDate": "",
        "country": null,
        "datasetName": "Tropicos",
        "publisher": "Missouri Botanical Garden",
        "license": "CC_BY_4_0",
        "issues": [
          "OCCURRENCE_STATUS_INFERRED_FROM_INDIVIDUAL_COUNT",
          "GEODETIC_DATUM_ASSUMED_WGS84",
          "AMBIGUOUS_INSTITUTION",
          "TAXON_ID_NOT_FOUND"
        ],
        "fallback_media": {
          "url": "https://d2jcv3kl45hlgi.cloudfront.net/1a2f339779b08825172a7a235594b2a5.jpg",
          "references": "http://specimens.kew.org/Herbarium/K005038537",
          "title": null,
          "creator": null,
          "publisher": null,
          "license": "http://creativecommons.org/licenses/by/4.0/",
          "rightsHolder": "Royal Botanic Gardens, Kew"
        }
      }
    },
    {
      "type": "Feature",
      "geometry": {
        "type": "Point",
        "coordinates": [
          -60.025,
          -3.101944
        ]
      },
      "properties": {
        "gbifID": "4061736770",
        "species": "Passiflora riparia",
        "genus": "Passiflora",
        "family": "Passifloraceae",
        "scientificName": "Passiflora riparia Mart. ex Mast.",
        "coordinateUncertaintyInMeters": "",
        "basisOfRecord": "PRESERVED_SPECIMEN",
        "eventDate": "1849",
        "country": null,
        "datasetName": "Tropicos",
        "publisher": "Missouri Botanical Garden",
        "license": "CC_BY_4_0",
        "issues": [
          "OCCURRENCE_STATUS_INFERRED_FROM_INDIVIDUAL_COUNT",
          "COORDINATE_ROUNDED",
          "GEODETIC_DATUM_ASSUMED_WGS84",
          "INSTITUTION_MATCH_FUZZY",
          "COLLECTION_MATCH_NONE",
          "TAXON_ID_NOT_FOUND"
        ],
        "fallback_media": {
          "url": "https://d2jcv3kl45hlgi.cloudfront.net/1a2f339779b08825172a7a235594b2a5.jpg",
          "references": "http://specimens.kew.org/Herbarium/K005038537",
          "title": null,
          "creator": null,
          "publisher": null,
          "license": "http://creativecommons.org/licenses/by/4.0/",
          "rightsHolder": "Royal Botanic Gardens, Kew"
        }
      }
    },
    {
      "type": "Feature",
      "geometry": {
        "type": "Point",
        "coordinates": [
          -73.308611,
          -3.784722
        ]
      },
      "properties": {
        "gbifID": "1257586806",
        "species": "Passiflora riparia",
        "genus": "Passiflora",
        "family": "Passifloraceae",
        "scientificName": "Passiflora riparia Mart. ex Mast.",
        "coordinateUncertaintyInMeters": "",
        "basisOfRecord": "PRESERVED_SPECIMEN",
        "eventDate": "1930-03-25",
        "country": null,
        "datasetName": "Tropicos",
        "publisher": "Missouri Botanical Garden",
        "license": "CC_BY_4_0",
        "issues": [
          "OCCURRENCE_STATUS_INFERRED_FROM_INDIVIDUAL_COUNT",
          "COORDINATE_ROUNDED",
          "GEODETIC_DATUM_ASSUMED_WGS84",
          "AMBIGUOUS_INSTITUTION",
          "TAXON_ID_NOT_FOUND"
        ],
        "fallback_media": {
          "url": "https://d2jcv3kl45hlgi.cloudfront.net/1a2f339779b08825172a7a235594b2a5.jpg",
          "references": "http://specimens.kew.org/Herbarium/K005038537",
          "title": null,
          "creator": null,
          "publisher": null,
          "license": "http://creativecommons.org/licenses/by/4.0/",
          "rightsHolder": "Royal Botanic Gardens, Kew"
        }
      }
    },
    {
      "type": "Feature",
      "geometry": {
        "type": "Point",
        "coordinates": [
          -66.985556,
          -0.148333
        ]
      },
      "properties": {
        "gbifID": "1257586848",
        "species": "Passiflora riparia",
        "genus": "Passiflora",
        "family": "Passifloraceae",
        "scientificName": "Passiflora riparia Mart. ex Mast.",
        "coordinateUncertaintyInMeters": "",
        "basisOfRecord": "PRESERVED_SPECIMEN",
        "eventDate": "1852-01",
        "country": null,
        "datasetName": "Tropicos",
        "publisher": "Missouri Botanical Garden",
        "license": "CC_BY_4_0",
        "issues": [
          "OCCURRENCE_STATUS_INFERRED_FROM_INDIVIDUAL_COUNT",
          "COORDINATE_ROUNDED",
          "GEODETIC_DATUM_ASSUMED_WGS84",
          "AMBIGUOUS_INSTITUTION",
          "TAXON_ID_NOT_FOUND"
        ],
        "fallback_media": {
          "url": "https://d2jcv3kl45hlgi.cloudfront.net/1a2f339779b08825172a7a235594b2a5.jpg",
          "references": "http://specimens.kew.org/Herbarium/K005038537",
          "title": null,
          "creator": null,
          "publisher": null,
          "license": "http://creativecommons.org/licenses/by/4.0/",
          "rightsHolder": "Royal Botanic Gardens, Kew"
        }
      }
    },
    {
      "type": "Feature",
      "geometry": {
        "type": "Point",
        "coordinates": [
          -69.639444,
          -13.0875
        ]
      },
      "properties": {
        "gbifID": "1257739129",
        "species": "Passiflora riparia",
        "genus": "Passiflora",
        "family": "Passifloraceae",
        "scientificName": "Passiflora riparia Mart. ex Mast.",
        "coordinateUncertaintyInMeters": "",
        "basisOfRecord": "PRESERVED_SPECIMEN",
        "eventDate": "1995-09-30",
        "country": null,
        "datasetName": "Tropicos",
        "publisher": "Missouri Botanical Garden",
        "license": "CC_BY_4_0",
        "issues": [
          "OCCURRENCE_STATUS_INFERRED_FROM_INDIVIDUAL_COUNT",
          "COORDINATE_ROUNDED",
          "GEODETIC_DATUM_ASSUMED_WGS84",
          "AMBIGUOUS_INSTITUTION",
          "TAXON_ID_NOT_FOUND"
        ],
        "fallback_media": {
          "url": "https://d2jcv3kl45hlgi.cloudfront.net/1a2f339779b08825172a7a235594b2a5.jpg",
          "references": "http://specimens.kew.org/Herbarium/K005038537",
          "title": null,
          "creator": null,
          "publisher": null,
          "license": "http://creativecommons.org/licenses/by/4.0/",
          "rightsHolder": "Royal Botanic Gardens, Kew"
        }
      }
    },
    {
      "type": "Feature",
      "geometry": {
        "type": "Point",
        "coordinates": [
          -76.2,
          -5.8
        ]
      },
      "properties": {
        "gbifID": "4061021691",
        "species": "Passiflora riparia",
        "genus": "Passiflora",
        "family": "Passifloraceae",
        "scientificName": "Passiflora riparia Mart. ex Mast.",
        "coordinateUncertaintyInMeters": "",
        "basisOfRecord": "PRESERVED_SPECIMEN",
        "eventDate": "1929-09-01",
        "country": null,
        "datasetName": "Tropicos",
        "publisher": "Missouri Botanical Garden",
        "license": "CC_BY_4_0",
        "issues": [
          "OCCURRENCE_STATUS_INFERRED_FROM_INDIVIDUAL_COUNT",
          "GEODETIC_DATUM_ASSUMED_WGS84",
          "AMBIGUOUS_INSTITUTION",
          "TAXON_ID_NOT_FOUND"
        ],
        "fallback_media": {
          "url": "https://d2jcv3kl45hlgi.cloudfront.net/1a2f339779b08825172a7a235594b2a5.jpg",
          "references": "http://specimens.kew.org/Herbarium/K005038537",
          "title": null,
          "creator": null,
          "publisher": null,
          "license": "http://creativecommons.org/licenses/by/4.0/",
          "rightsHolder": "Royal Botanic Gardens, Kew"
        }
      }
    },
    {
      "type": "Feature",
      "geometry": {
        "type": "Point",
        "coordinates": [
          -73.247222,
          -3.748333
        ]
      },
      "properties": {
        "gbifID": "1257586778",
        "species": "Passiflora riparia",
        "genus": "Passiflora",
        "family": "Passifloraceae",
        "scientificName": "Passiflora riparia Mart. ex Mast.",
        "coordinateUncertaintyInMeters": "",
        "basisOfRecord": "PRESERVED_SPECIMEN",
        "eventDate": "",
        "country": null,
        "datasetName": "Tropicos",
        "publisher": "Missouri Botanical Garden",
        "license": "CC_BY_4_0",
        "issues": [
          "OCCURRENCE_STATUS_INFERRED_FROM_INDIVIDUAL_COUNT",
          "COORDINATE_ROUNDED",
          "GEODETIC_DATUM_ASSUMED_WGS84",
          "AMBIGUOUS_INSTITUTION",
          "TAXON_ID_NOT_FOUND"
        ],
        "fallback_media": {
          "url": "https://d2jcv3kl45hlgi.cloudfront.net/1a2f339779b08825172a7a235594b2a5.jpg",
          "references": "http://specimens.kew.org/Herbarium/K005038537",
          "title": null,
          "creator": null,
          "publisher": null,
          "license": "http://creativecommons.org/licenses/by/4.0/",
          "rightsHolder": "Royal Botanic Gardens, Kew"
        }
      }
    },
    {
      "type": "Feature",
      "geometry": {
        "type": "Point",
        "coordinates": [
          -54.708333,
          -2.443055
        ]
      },
      "properties": {
        "gbifID": "1257586867",
        "species": "Passiflora riparia",
        "genus": "Passiflora",
        "family": "Passifloraceae",
        "scientificName": "Passiflora riparia Mart. ex Mast.",
        "coordinateUncertaintyInMeters": "",
        "basisOfRecord": "PRESERVED_SPECIMEN",
        "eventDate": "1934-01-19",
        "country": null,
        "datasetName": "Tropicos",
        "publisher": "Missouri Botanical Garden",
        "license": "CC_BY_4_0",
        "issues": [
          "OCCURRENCE_STATUS_INFERRED_FROM_INDIVIDUAL_COUNT",
          "COORDINATE_ROUNDED",
          "GEODETIC_DATUM_ASSUMED_WGS84",
          "AMBIGUOUS_INSTITUTION",
          "TAXON_ID_NOT_FOUND"
        ],
        "fallback_media": {
          "url": "https://d2jcv3kl45hlgi.cloudfront.net/1a2f339779b08825172a7a235594b2a5.jpg",
          "references": "http://specimens.kew.org/Herbarium/K005038537",
          "title": null,
          "creator": null,
          "publisher": null,
          "license": "http://creativecommons.org/licenses/by/4.0/",
          "rightsHolder": "Royal Botanic Gardens, Kew"
        }
      }
    },
    {
      "type": "Feature",
      "geometry": {
        "type": "Point",
        "coordinates": [
          -69.98083,
          -9.48638
        ]
      },
      "properties": {
        "gbifID": "4061823369",
        "species": "Passiflora riparia",
        "genus": "Passiflora",
        "family": "Passifloraceae",
        "scientificName": "Passiflora riparia Mart. ex Mast.",
        "coordinateUncertaintyInMeters": "",
        "basisOfRecord": "PRESERVED_SPECIMEN",
        "eventDate": "2002-03-20",
        "country": null,
        "datasetName": "Tropicos",
        "publisher": "Missouri Botanical Garden",
        "license": "CC_BY_4_0",
        "issues": [
          "GEODETIC_DATUM_ASSUMED_WGS84",
          "INSTITUTION_MATCH_NONE",
          "TAXON_ID_NOT_FOUND"
        ],
        "fallback_media": {
          "url": "https://d2jcv3kl45hlgi.cloudfront.net/1a2f339779b08825172a7a235594b2a5.jpg",
          "references": "http://specimens.kew.org/Herbarium/K005038537",
          "title": null,
          "creator": null,
          "publisher": null,
          "license": "http://creativecommons.org/licenses/by/4.0/",
          "rightsHolder": "Royal Botanic Gardens, Kew"
        }
      }
    },
    {
      "type": "Feature",
      "geometry": {
        "type": "Point",
        "coordinates": [
          -74.939167,
          -10.470833
        ]
      },
      "properties": {
        "gbifID": "4060999985",
        "species": "Passiflora riparia",
        "genus": "Passiflora",
        "family": "Passifloraceae",
        "scientificName": "Passiflora riparia Mart. ex Mast.",
        "coordinateUncertaintyInMeters": "",
        "basisOfRecord": "PRESERVED_SPECIMEN",
        "eventDate": "1929-07-10",
        "country": null,
        "datasetName": "Tropicos",
        "publisher": "Missouri Botanical Garden",
        "license": "CC_BY_4_0",
        "issues": [
          "OCCURRENCE_STATUS_INFERRED_FROM_INDIVIDUAL_COUNT",
          "COORDINATE_ROUNDED",
          "GEODETIC_DATUM_ASSUMED_WGS84",
          "AMBIGUOUS_INSTITUTION",
          "TAXON_ID_NOT_FOUND"
        ],
        "fallback_media": {
          "url": "https://d2jcv3kl45hlgi.cloudfront.net/1a2f339779b08825172a7a235594b2a5.jpg",
          "references": "http://specimens.kew.org/Herbarium/K005038537",
          "title": null,
          "creator": null,
          "publisher": null,
          "license": "http://creativecommons.org/licenses/by/4.0/",
          "rightsHolder": "Royal Botanic Gardens, Kew"
        }
      }
    },
    {
      "type": "Feature",
      "geometry": {
        "type": "Point",
        "coordinates": [
          -58.733333,
          -3.4
        ]
      },
      "properties": {
        "gbifID": "1257624513",
        "species": "Passiflora riparia",
        "genus": "Passiflora",
        "family": "Passifloraceae",
        "scientificName": "Passiflora riparia Mart. ex Mast.",
        "coordinateUncertaintyInMeters": "",
        "basisOfRecord": "PRESERVED_SPECIMEN",
        "eventDate": "1817",
        "country": null,
        "datasetName": "Tropicos",
        "publisher": "Missouri Botanical Garden",
        "license": "CC_BY_4_0",
        "issues": [
          "OCCURRENCE_STATUS_INFERRED_FROM_INDIVIDUAL_COUNT",
          "COORDINATE_ROUNDED",
          "GEODETIC_DATUM_ASSUMED_WGS84",
          "INSTITUTION_MATCH_FUZZY",
          "COLLECTION_MATCH_NONE",
          "TAXON_ID_NOT_FOUND"
        ],
        "fallback_media": {
          "url": "https://d2jcv3kl45hlgi.cloudfront.net/1a2f339779b08825172a7a235594b2a5.jpg",
          "references": "http://specimens.kew.org/Herbarium/K005038537",
          "title": null,
          "creator": null,
          "publisher": null,
          "license": "http://creativecommons.org/licenses/by/4.0/",
          "rightsHolder": "Royal Botanic Gardens, Kew"
        }
      }
    },
    {
      "type": "Feature",
      "geometry": {
        "type": "Point",
        "coordinates": [
          -76.136667,
          -6.574167
        ]
      },
      "properties": {
        "gbifID": "1257586736",
        "species": "Passiflora riparia",
        "genus": "Passiflora",
        "family": "Passifloraceae",
        "scientificName": "Passiflora riparia Mart. ex Mast.",
        "coordinateUncertaintyInMeters": "",
        "basisOfRecord": "PRESERVED_SPECIMEN",
        "eventDate": "1935-03",
        "country": null,
        "datasetName": "Tropicos",
        "publisher": "Missouri Botanical Garden",
        "license": "CC_BY_4_0",
        "issues": [
          "OCCURRENCE_STATUS_INFERRED_FROM_INDIVIDUAL_COUNT",
          "COORDINATE_ROUNDED",
          "GEODETIC_DATUM_ASSUMED_WGS84",
          "INSTITUTION_MATCH_FUZZY",
          "COLLECTION_MATCH_NONE",
          "TAXON_ID_NOT_FOUND"
        ],
        "fallback_media": {
          "url": "https://d2jcv3kl45hlgi.cloudfront.net/1a2f339779b08825172a7a235594b2a5.jpg",
          "references": "http://specimens.kew.org/Herbarium/K005038537",
          "title": null,
          "creator": null,
          "publisher": null,
          "license": "http://creativecommons.org/licenses/by/4.0/",
          "rightsHolder": "Royal Botanic Gardens, Kew"
        }
      }
    },
    {
      "type": "Feature",
      "geometry": {
        "type": "Point",
        "coordinates": [
          -71.916667,
          -11.666667
        ]
      },
      "properties": {
        "gbifID": "1257766963",
        "species": "Passiflora riparia",
        "genus": "Passiflora",
        "family": "Passifloraceae",
        "scientificName": "Passiflora riparia Mart. ex Mast.",
        "coordinateUncertaintyInMeters": "",
        "basisOfRecord": "PRESERVED_SPECIMEN",
        "eventDate": "1986-10-01",
        "country": null,
        "datasetName": "Tropicos",
        "publisher": "Missouri Botanical Garden",
        "license": "CC_BY_4_0",
        "issues": [
          "OCCURRENCE_STATUS_INFERRED_FROM_INDIVIDUAL_COUNT",
          "COORDINATE_ROUNDED",
          "GEODETIC_DATUM_ASSUMED_WGS84",
          "INSTITUTION_MATCH_FUZZY",
          "COLLECTION_MATCH_NONE",
          "TAXON_ID_NOT_FOUND"
        ],
        "fallback_media": {
          "url": "https://d2jcv3kl45hlgi.cloudfront.net/1a2f339779b08825172a7a235594b2a5.jpg",
          "references": "http://specimens.kew.org/Herbarium/K005038537",
          "title": null,
          "creator": null,
          "publisher": null,
          "license": "http://creativecommons.org/licenses/by/4.0/",
          "rightsHolder": "Royal Botanic Gardens, Kew"
        }
      }
    },
    {
      "type": "Feature",
      "geometry": {
        "type": "Point",
        "coordinates": [
          -69.333333,
          -12.833333
        ]
      },
      "properties": {
        "gbifID": "1257739090",
        "species": "Passiflora riparia",
        "genus": "Passiflora",
        "family": "Passifloraceae",
        "scientificName": "Passiflora riparia Mart. ex Mast.",
        "coordinateUncertaintyInMeters": "",
        "basisOfRecord": "PRESERVED_SPECIMEN",
        "eventDate": "1989-06-24",
        "country": null,
        "datasetName": "Tropicos",
        "publisher": "Missouri Botanical Garden",
        "license": "CC_BY_4_0",
        "issues": [
          "OCCURRENCE_STATUS_INFERRED_FROM_INDIVIDUAL_COUNT",
          "COORDINATE_ROUNDED",
          "GEODETIC_DATUM_ASSUMED_WGS84",
          "AMBIGUOUS_INSTITUTION",
          "TAXON_ID_NOT_FOUND"
        ],
        "fallback_media": {
          "url": "https://d2jcv3kl45hlgi.cloudfront.net/1a2f339779b08825172a7a235594b2a5.jpg",
          "references": "http://specimens.kew.org/Herbarium/K005038537",
          "title": null,
          "creator": null,
          "publisher": null,
          "license": "http://creativecommons.org/licenses/by/4.0/",
          "rightsHolder": "Royal Botanic Gardens, Kew"
        }
      }
    },
    {
      "type": "Feature",
      "geometry": {
        "type": "Point",
        "coordinates": [
          -48.504444,
          -1.455833
        ]
      },
      "properties": {
        "gbifID": "1257586868",
        "species": "Passiflora riparia",
        "genus": "Passiflora",
        "family": "Passifloraceae",
        "scientificName": "Passiflora riparia Mart. ex Mast.",
        "coordinateUncertaintyInMeters": "",
        "basisOfRecord": "PRESERVED_SPECIMEN",
        "eventDate": "1923-01-31",
        "country": null,
        "datasetName": "Tropicos",
        "publisher": "Missouri Botanical Garden",
        "license": "CC_BY_4_0",
        "issues": [
          "OCCURRENCE_STATUS_INFERRED_FROM_INDIVIDUAL_COUNT",
          "COORDINATE_ROUNDED",
          "GEODETIC_DATUM_ASSUMED_WGS84",
          "AMBIGUOUS_INSTITUTION",
          "TAXON_ID_NOT_FOUND"
        ],
        "fallback_media": {
          "url": "https://d2jcv3kl45hlgi.cloudfront.net/1a2f339779b08825172a7a235594b2a5.jpg",
          "references": "http://specimens.kew.org/Herbarium/K005038537",
          "title": null,
          "creator": null,
          "publisher": null,
          "license": "http://creativecommons.org/licenses/by/4.0/",
          "rightsHolder": "Royal Botanic Gardens, Kew"
        }
      }
    },
    {
      "type": "Feature",
      "geometry": {
        "type": "Point",
        "coordinates": [
          -52.33333,
          4.41667
        ]
      },
      "properties": {
        "gbifID": "5029326056",
        "species": "Passiflora riparia",
        "genus": "Passiflora",
        "family": "Passifloraceae",
        "scientificName": "Passiflora riparia Mart. ex Mast.",
        "coordinateUncertaintyInMeters": "",
        "basisOfRecord": "PRESERVED_SPECIMEN",
        "eventDate": "1988-02-20",
        "country": null,
        "datasetName": "",
        "publisher": "Botanic Garden and Botanical Museum Berlin",
        "license": "CC0_1_0",
        "issues": [
          "GEODETIC_DATUM_ASSUMED_WGS84",
          "CONTINENT_DERIVED_FROM_COORDINATES"
        ],
        "media": [
          {
            "url": "https://image.bgbm.org/images/internal/HerbarThumbs/B101274414_1700",
            "references": "https://herbarium.bgbm.org/object/B101274414",
            "title": null,
            "creator": null,
            "publisher": null,
            "license": "Partial images provided by this server are released under the Creative Commons cc-by-sa 3.0 (generic) licence [https://creativecommons.org/licenses/by-sa/3.0/de/]. Please credit images to BGBM following our citation guidelines [https://ww2.bgbm.org/Herbarium/cite.cfm]. If you would like to use images in a format or resolution which is not provided here, please contact us (d.roepert[at]bgbm.org).",
            "rightsHolder": null
          }
        ]
      }
    },
    {
      "type": "Feature",
      "geometry": {
        "type": "Point",
        "coordinates": [
          -76.083333,
          -5.9
        ]
      },
      "properties": {
        "gbifID": "4061605300",
        "species": "Passiflora riparia",
        "genus": "Passiflora",
        "family": "Passifloraceae",
        "scientificName": "Passiflora riparia Mart. ex Mast.",
        "coordinateUncertaintyInMeters": "",
        "basisOfRecord": "PRESERVED_SPECIMEN",
        "eventDate": "1929-08-22",
        "country": null,
        "datasetName": "Tropicos",
        "publisher": "Missouri Botanical Garden",
        "license": "CC_BY_4_0",
        "issues": [
          "OCCURRENCE_STATUS_INFERRED_FROM_INDIVIDUAL_COUNT",
          "COORDINATE_ROUNDED",
          "GEODETIC_DATUM_ASSUMED_WGS84",
          "AMBIGUOUS_INSTITUTION",
          "TAXON_ID_NOT_FOUND"
        ],
        "fallback_media": {
          "url": "https://d2jcv3kl45hlgi.cloudfront.net/1a2f339779b08825172a7a235594b2a5.jpg",
          "references": "http://specimens.kew.org/Herbarium/K005038537",
          "title": null,
          "creator": null,
          "publisher": null,
          "license": "http://creativecommons.org/licenses/by/4.0/",
          "rightsHolder": "Royal Botanic Gardens, Kew"
        }
      }
    },
    {
      "type": "Feature",
      "geometry": {
        "type": "Point",
        "coordinates": [
          -73.262778,
          -3.6875
        ]
      },
      "properties": {
        "gbifID": "1260871239",
        "species": "Passiflora riparia",
        "genus": "Passiflora",
        "family": "Passifloraceae",
        "scientificName": "Passiflora riparia Mart. ex Mast.",
        "coordinateUncertaintyInMeters": "",
        "basisOfRecord": "PRESERVED_SPECIMEN",
        "eventDate": "1994-01-10",
        "country": null,
        "datasetName": "Tropicos",
        "publisher": "Missouri Botanical Garden",
        "license": "CC_BY_4_0",
        "issues": [
          "OCCURRENCE_STATUS_INFERRED_FROM_INDIVIDUAL_COUNT",
          "COORDINATE_ROUNDED",
          "GEODETIC_DATUM_ASSUMED_WGS84",
          "INSTITUTION_MATCH_FUZZY",
          "COLLECTION_MATCH_NONE",
          "TAXON_ID_NOT_FOUND"
        ],
        "fallback_media": {
          "url": "https://d2jcv3kl45hlgi.cloudfront.net/1a2f339779b08825172a7a235594b2a5.jpg",
          "references": "http://specimens.kew.org/Herbarium/K005038537",
          "title": null,
          "creator": null,
          "publisher": null,
          "license": "http://creativecommons.org/licenses/by/4.0/",
          "rightsHolder": "Royal Botanic Gardens, Kew"
        }
      }
    },
    {
      "type": "Feature",
      "geometry": {
        "type": "Point",
        "coordinates": [
          -76.533333,
          -6.416667
        ]
      },
      "properties": {
        "gbifID": "1257586534",
        "species": "Passiflora riparia",
        "genus": "Passiflora",
        "family": "Passifloraceae",
        "scientificName": "Passiflora riparia Mart. ex Mast.",
        "coordinateUncertaintyInMeters": "",
        "basisOfRecord": "PRESERVED_SPECIMEN",
        "eventDate": "1929-12",
        "country": null,
        "datasetName": "Tropicos",
        "publisher": "Missouri Botanical Garden",
        "license": "CC_BY_4_0",
        "issues": [
          "OCCURRENCE_STATUS_INFERRED_FROM_INDIVIDUAL_COUNT",
          "COORDINATE_ROUNDED",
          "GEODETIC_DATUM_ASSUMED_WGS84",
          "AMBIGUOUS_INSTITUTION",
          "TAXON_ID_NOT_FOUND"
        ],
        "fallback_media": {
          "url": "https://d2jcv3kl45hlgi.cloudfront.net/1a2f339779b08825172a7a235594b2a5.jpg",
          "references": "http://specimens.kew.org/Herbarium/K005038537",
          "title": null,
          "creator": null,
          "publisher": null,
          "license": "http://creativecommons.org/licenses/by/4.0/",
          "rightsHolder": "Royal Botanic Gardens, Kew"
        }
      }
    },
    {
      "type": "Feature",
      "geometry": {
        "type": "Point",
        "coordinates": [
          -75.666667,
          -5.05
        ]
      },
      "properties": {
        "gbifID": "1257586825",
        "species": "Passiflora riparia",
        "genus": "Passiflora",
        "family": "Passifloraceae",
        "scientificName": "Passiflora riparia Mart. ex Mast.",
        "coordinateUncertaintyInMeters": "",
        "basisOfRecord": "PRESERVED_SPECIMEN",
        "eventDate": "1929-09-05",
        "country": null,
        "datasetName": "Tropicos",
        "publisher": "Missouri Botanical Garden",
        "license": "CC_BY_4_0",
        "issues": [
          "OCCURRENCE_STATUS_INFERRED_FROM_INDIVIDUAL_COUNT",
          "COORDINATE_ROUNDED",
          "GEODETIC_DATUM_ASSUMED_WGS84",
          "AMBIGUOUS_INSTITUTION",
          "TAXON_ID_NOT_FOUND"
        ],
        "fallback_media": {
          "url": "https://d2jcv3kl45hlgi.cloudfront.net/1a2f339779b08825172a7a235594b2a5.jpg",
          "references": "http://specimens.kew.org/Herbarium/K005038537",
          "title": null,
          "creator": null,
          "publisher": null,
          "license": "http://creativecommons.org/licenses/by/4.0/",
          "rightsHolder": "Royal Botanic Gardens, Kew"
        }
      }
    },
    {
      "type": "Feature",
      "geometry": {
        "type": "Point",
        "coordinates": [
          -76.365556,
          -6.501389
        ]
      },
      "properties": {
        "gbifID": "1257586530",
        "species": "Passiflora riparia",
        "genus": "Passiflora",
        "family": "Passifloraceae",
        "scientificName": "Passiflora riparia Mart. ex Mast.",
        "coordinateUncertaintyInMeters": "",
        "basisOfRecord": "PRESERVED_SPECIMEN",
        "eventDate": "1929-12",
        "country": null,
        "datasetName": "Tropicos",
        "publisher": "Missouri Botanical Garden",
        "license": "CC_BY_4_0",
        "issues": [
          "OCCURRENCE_STATUS_INFERRED_FROM_INDIVIDUAL_COUNT",
          "COORDINATE_ROUNDED",
          "GEODETIC_DATUM_ASSUMED_WGS84",
          "INSTITUTION_MATCH_FUZZY",
          "COLLECTION_MATCH_NONE",
          "TAXON_ID_NOT_FOUND"
        ],
        "fallback_media": {
          "url": "https://d2jcv3kl45hlgi.cloudfront.net/1a2f339779b08825172a7a235594b2a5.jpg",
          "references": "http://specimens.kew.org/Herbarium/K005038537",
          "title": null,
          "creator": null,
          "publisher": null,
          "license": "http://creativecommons.org/licenses/by/4.0/",
          "rightsHolder": "Royal Botanic Gardens, Kew"
        }
      }
    },
    {
      "type": "Feature",
      "geometry": {
        "type": "Point",
        "coordinates": [
          -75.885943,
          -6.0059
        ]
      },
      "properties": {
        "gbifID": "3466396616",
        "species": "Passiflora riparia",
        "genus": "Passiflora",
        "family": "Passifloraceae",
        "scientificName": "Passiflora riparia Mart. ex Mast.",
        "coordinateUncertaintyInMeters": "500.0",
        "basisOfRecord": "HUMAN_OBSERVATION",
        "eventDate": "2012-12-01T17:27",
        "country": null,
        "datasetName": "iNaturalist research-grade observations",
        "publisher": "iNaturalist.org",
        "license": "CC_BY_NC_4_0",
        "issues": [
          "CONTINENT_DERIVED_FROM_COORDINATES",
          "TAXON_ID_NOT_FOUND"
        ],
        "media": [
          {
            "url": "https://inaturalist-open-data.s3.amazonaws.com/photos/177552334/original.jpeg",
            "references": "https://www.inaturalist.org/photos/177552334",
            "title": null,
            "creator": "Neil Rosser",
            "publisher": "iNaturalist",
            "license": "http://creativecommons.org/licenses/by-nc/4.0/",
            "rightsHolder": "Neil Rosser"
          },
          {
            "url": "https://inaturalist-open-data.s3.amazonaws.com/photos/177552335/original.jpeg",
            "references": "https://www.inaturalist.org/photos/177552335",
            "title": null,
            "creator": "Neil Rosser",
            "publisher": "iNaturalist",
            "license": "http://creativecommons.org/licenses/by-nc/4.0/",
            "rightsHolder": "Neil Rosser"
          },
          {
            "url": "https://inaturalist-open-data.s3.amazonaws.com/photos/177552348/original.jpeg",
            "references": "https://www.inaturalist.org/photos/177552348",
            "title": null,
            "creator": "Neil Rosser",
            "publisher": "iNaturalist",
            "license": "http://creativecommons.org/licenses/by-nc/4.0/",
            "rightsHolder": "Neil Rosser"
          },
          {
            "url": "https://inaturalist-open-data.s3.amazonaws.com/photos/177552346/original.jpeg",
            "references": "https://www.inaturalist.org/photos/177552346",
            "title": null,
            "creator": "Neil Rosser",
            "publisher": "iNaturalist",
            "license": "http://creativecommons.org/licenses/by-nc/4.0/",
            "rightsHolder": "Neil Rosser"
          },
          {
            "url": "https://inaturalist-open-data.s3.amazonaws.com/photos/177552352/original.jpeg",
            "references": "https://www.inaturalist.org/photos/177552352",
            "title": null,
            "creator": "Neil Rosser",
            "publisher": "iNaturalist",
            "license": "http://creativecommons.org/licenses/by-nc/4.0/",
            "rightsHolder": "Neil Rosser"
          },
          {
            "url": "https://inaturalist-open-data.s3.amazonaws.com/photos/177552363/original.jpeg",
            "references": "https://www.inaturalist.org/photos/177552363",
            "title": null,
            "creator": "Neil Rosser",
            "publisher": "iNaturalist",
            "license": "http://creativecommons.org/licenses/by-nc/4.0/",
            "rightsHolder": "Neil Rosser"
          },
          {
            "url": "https://inaturalist-open-data.s3.amazonaws.com/photos/177552362/original.jpeg",
            "references": "https://www.inaturalist.org/photos/177552362",
            "title": null,
            "creator": "Neil Rosser",
            "publisher": "iNaturalist",
            "license": "http://creativecommons.org/licenses/by-nc/4.0/",
            "rightsHolder": "Neil Rosser"
          },
          {
            "url": "https://inaturalist-open-data.s3.amazonaws.com/photos/177552371/original.jpeg",
            "references": "https://www.inaturalist.org/photos/177552371",
            "title": null,
            "creator": "Neil Rosser",
            "publisher": "iNaturalist",
            "license": "http://creativecommons.org/licenses/by-nc/4.0/",
            "rightsHolder": "Neil Rosser"
          },
          {
            "url": "https://inaturalist-open-data.s3.amazonaws.com/photos/177552380/original.jpeg",
            "references": "https://www.inaturalist.org/photos/177552380",
            "title": null,
            "creator": "Neil Rosser",
            "publisher": "iNaturalist",
            "license": "http://creativecommons.org/licenses/by-nc/4.0/",
            "rightsHolder": "Neil Rosser"
          }
        ]
      }
    },
    {
      "type": "Feature",
      "geometry": {
        "type": "Point",
        "coordinates": [
          -67.60418,
          -10.063461
        ]
      },
      "properties": {
        "gbifID": "5069878388",
        "species": "Passiflora riparia",
        "genus": "Passiflora",
        "family": "Passifloraceae",
        "scientificName": "Passiflora riparia Mart. ex Mast.",
        "coordinateUncertaintyInMeters": "62.0",
        "basisOfRecord": "HUMAN_OBSERVATION",
        "eventDate": "2025-02-08T16:06:59",
        "country": null,
        "datasetName": "iNaturalist research-grade observations",
        "publisher": "iNaturalist.org",
        "license": "CC_BY_NC_4_0",
        "issues": [
          "COORDINATE_ROUNDED",
          "CONTINENT_DERIVED_FROM_COORDINATES",
          "TAXON_ID_NOT_FOUND"
        ],
        "media": [
          {
            "url": "https://inaturalist-open-data.s3.amazonaws.com/photos/469900735/original.jpg",
            "references": "https://www.inaturalist.org/photos/469900735",
            "title": null,
            "creator": "almeidads",
            "publisher": "iNaturalist",
            "license": "http://creativecommons.org/licenses/by-nc/4.0/",
            "rightsHolder": "almeidads"
          },
          {
            "url": "https://inaturalist-open-data.s3.amazonaws.com/photos/469900743/original.jpg",
            "references": "https://www.inaturalist.org/photos/469900743",
            "title": null,
            "creator": "almeidads",
            "publisher": "iNaturalist",
            "license": "http://creativecommons.org/licenses/by-nc/4.0/",
            "rightsHolder": "almeidads"
          },
          {
            "url": "https://inaturalist-open-data.s3.amazonaws.com/photos/469900759/original.jpg",
            "references": "https://www.inaturalist.org/photos/469900759",
            "title": null,
            "creator": "almeidads",
            "publisher": "iNaturalist",
            "license": "http://creativecommons.org/licenses/by-nc/4.0/",
            "rightsHolder": "almeidads"
          }
        ]
      }
    },
    {
      "type": "Feature",
      "geometry": {
        "type": "Point",
        "coordinates": [
          -78.631088,
          -3.750133
        ]
      },
      "properties": {
        "gbifID": "2802638739",
        "species": "Passiflora riparia",
        "genus": "Passiflora",
        "family": "Passifloraceae",
        "scientificName": "Passiflora riparia Mart. ex Mast.",
        "coordinateUncertaintyInMeters": "65.0",
        "basisOfRecord": "HUMAN_OBSERVATION",
        "eventDate": "2020-06-13T08:08:17",
        "country": null,
        "datasetName": "iNaturalist research-grade observations",
        "publisher": "iNaturalist.org",
        "license": "CC_BY_NC_4_0",
        "issues": [
          "COORDINATE_ROUNDED",
          "CONTINENT_DERIVED_FROM_COORDINATES",
          "TAXON_ID_NOT_FOUND"
        ],
        "media": [
          {
            "url": "https://inaturalist-open-data.s3.amazonaws.com/photos/78776267/original.jpg",
            "references": "https://www.inaturalist.org/photos/78776267",
            "title": null,
            "creator": "Yantza Farm, Zamora-Chinchipe, Ecuador",
            "publisher": "iNaturalist",
            "license": "http://creativecommons.org/licenses/by-nc/4.0/",
            "rightsHolder": "Yantza Farm, Zamora-Chinchipe, Ecuador"
          },
          {
            "url": "https://inaturalist-open-data.s3.amazonaws.com/photos/78775941/original.jpg",
            "references": "https://www.inaturalist.org/photos/78775941",
            "title": null,
            "creator": "Yantza Farm, Zamora-Chinchipe, Ecuador",
            "publisher": "iNaturalist",
            "license": "http://creativecommons.org/licenses/by-nc/4.0/",
            "rightsHolder": "Yantza Farm, Zamora-Chinchipe, Ecuador"
          }
        ]
      }
    },
    {
      "type": "Feature",
      "geometry": {
        "type": "Point",
        "coordinates": [
          -76.35645,
          -6.478398
        ]
      },
      "properties": {
        "gbifID": "3881835426",
        "species": "Passiflora riparia",
        "genus": "Passiflora",
        "family": "Passifloraceae",
        "scientificName": "Passiflora riparia Mart. ex Mast.",
        "coordinateUncertaintyInMeters": "40.0",
        "basisOfRecord": "HUMAN_OBSERVATION",
        "eventDate": "2015-10-06T15:20",
        "country": null,
        "datasetName": "iNaturalist research-grade observations",
        "publisher": "iNaturalist.org",
        "license": "CC_BY_NC_4_0",
        "issues": [
          "CONTINENT_DERIVED_FROM_COORDINATES",
          "TAXON_ID_NOT_FOUND"
        ],
        "media": [
          {
            "url": "https://inaturalist-open-data.s3.amazonaws.com/photos/208499998/original.jpeg",
            "references": "https://www.inaturalist.org/photos/208499998",
            "title": null,
            "creator": "Neil Rosser",
            "publisher": "iNaturalist",
            "license": "http://creativecommons.org/licenses/by-nc/4.0/",
            "rightsHolder": "Neil Rosser"
          },
          {
            "url": "https://inaturalist-open-data.s3.amazonaws.com/photos/208500022/original.jpeg",
            "references": "https://www.inaturalist.org/photos/208500022",
            "title": null,
            "creator": "Neil Rosser",
            "publisher": "iNaturalist",
            "license": "http://creativecommons.org/licenses/by-nc/4.0/",
            "rightsHolder": "Neil Rosser"
          },
          {
            "url": "https://inaturalist-open-data.s3.amazonaws.com/photos/208500048/original.jpeg",
            "references": "https://www.inaturalist.org/photos/208500048",
            "title": null,
            "creator": "Neil Rosser",
            "publisher": "iNaturalist",
            "license": "http://creativecommons.org/licenses/by-nc/4.0/",
            "rightsHolder": "Neil Rosser"
          },
          {
            "url": "https://inaturalist-open-data.s3.amazonaws.com/photos/208500071/original.jpeg",
            "references": "https://www.inaturalist.org/photos/208500071",
            "title": null,
            "creator": "Neil Rosser",
            "publisher": "iNaturalist",
            "license": "http://creativecommons.org/licenses/by-nc/4.0/",
            "rightsHolder": "Neil Rosser"
          },
          {
            "url": "https://inaturalist-open-data.s3.amazonaws.com/photos/208500175/original.jpeg",
            "references": "https://www.inaturalist.org/photos/208500175",
            "title": null,
            "creator": "Neil Rosser",
            "publisher": "iNaturalist",
            "license": "http://creativecommons.org/licenses/by-nc/4.0/",
            "rightsHolder": "Neil Rosser"
          },
          {
            "url": "https://inaturalist-open-data.s3.amazonaws.com/photos/208500201/original.jpeg",
            "references": "https://www.inaturalist.org/photos/208500201",
            "title": null,
            "creator": "Neil Rosser",
            "publisher": "iNaturalist",
            "license": "http://creativecommons.org/licenses/by-nc/4.0/",
            "rightsHolder": "Neil Rosser"
          },
          {
            "url": "https://inaturalist-open-data.s3.amazonaws.com/photos/208500387/original.jpeg",
            "references": "https://www.inaturalist.org/photos/208500387",
            "title": null,
            "creator": "Neil Rosser",
            "publisher": "iNaturalist",
            "license": "http://creativecommons.org/licenses/by-nc/4.0/",
            "rightsHolder": "Neil Rosser"
          },
          {
            "url": "https://inaturalist-open-data.s3.amazonaws.com/photos/208500530/original.jpeg",
            "references": "https://www.inaturalist.org/photos/208500530",
            "title": null,
            "creator": "Neil Rosser",
            "publisher": "iNaturalist",
            "license": "http://creativecommons.org/licenses/by-nc/4.0/",
            "rightsHolder": "Neil Rosser"
          },
          {
            "url": "https://inaturalist-open-data.s3.amazonaws.com/photos/208500558/original.jpeg",
            "references": "https://www.inaturalist.org/photos/208500558",
            "title": null,
            "creator": "Neil Rosser",
            "publisher": "iNaturalist",
            "license": "http://creativecommons.org/licenses/by-nc/4.0/",
            "rightsHolder": "Neil Rosser"
          },
          {
            "url": "https://inaturalist-open-data.s3.amazonaws.com/photos/208500585/original.jpeg",
            "references": "https://www.inaturalist.org/photos/208500585",
            "title": null,
            "creator": "Neil Rosser",
            "publisher": "iNaturalist",
            "license": "http://creativecommons.org/licenses/by-nc/4.0/",
            "rightsHolder": "Neil Rosser"
          },
          {
            "url": "https://inaturalist-open-data.s3.amazonaws.com/photos/208500616/original.jpeg",
            "references": "https://www.inaturalist.org/photos/208500616",
            "title": null,
            "creator": "Neil Rosser",
            "publisher": "iNaturalist",
            "license": "http://creativecommons.org/licenses/by-nc/4.0/",
            "rightsHolder": "Neil Rosser"
          }
        ]
      }
    },
    {
      "type": "Feature",
      "geometry": {
        "type": "Point",
        "coordinates": [
          -67.670831,
          -9.75588
        ]
      },
      "properties": {
        "gbifID": "6188502883",
        "species": "Passiflora riparia",
        "genus": "Passiflora",
        "family": "Passifloraceae",
        "scientificName": "Passiflora riparia Mart. ex Mast.",
        "coordinateUncertaintyInMeters": "4.0",
        "basisOfRecord": "HUMAN_OBSERVATION",
        "eventDate": "2026-03-14T10:51:45",
        "country": null,
        "datasetName": "iNaturalist research-grade observations",
        "publisher": "iNaturalist.org",
        "license": "CC_BY_NC_4_0",
        "issues": [
          "COORDINATE_ROUNDED",
          "CONTINENT_DERIVED_FROM_COORDINATES",
          "TAXON_ID_NOT_FOUND"
        ],
        "media": [
          {
            "url": "https://inaturalist-open-data.s3.amazonaws.com/photos/631606389/original.jpg",
            "references": "https://www.inaturalist.org/photos/631606389",
            "title": null,
            "creator": "almeidads",
            "publisher": "iNaturalist",
            "license": "http://creativecommons.org/licenses/by-nc/4.0/",
            "rightsHolder": "almeidads"
          },
          {
            "url": "https://inaturalist-open-data.s3.amazonaws.com/photos/631606395/original.jpg",
            "references": "https://www.inaturalist.org/photos/631606395",
            "title": null,
            "creator": "almeidads",
            "publisher": "iNaturalist",
            "license": "http://creativecommons.org/licenses/by-nc/4.0/",
            "rightsHolder": "almeidads"
          },
          {
            "url": "https://inaturalist-open-data.s3.amazonaws.com/photos/631606463/original.jpg",
            "references": "https://www.inaturalist.org/photos/631606463",
            "title": null,
            "creator": "almeidads",
            "publisher": "iNaturalist",
            "license": "http://creativecommons.org/licenses/by-nc/4.0/",
            "rightsHolder": "almeidads"
          },
          {
            "url": "https://inaturalist-open-data.s3.amazonaws.com/photos/631606429/original.jpg",
            "references": "https://www.inaturalist.org/photos/631606429",
            "title": null,
            "creator": "almeidads",
            "publisher": "iNaturalist",
            "license": "http://creativecommons.org/licenses/by-nc/4.0/",
            "rightsHolder": "almeidads"
          },
          {
            "url": "https://inaturalist-open-data.s3.amazonaws.com/photos/631606420/original.jpg",
            "references": "https://www.inaturalist.org/photos/631606420",
            "title": null,
            "creator": "almeidads",
            "publisher": "iNaturalist",
            "license": "http://creativecommons.org/licenses/by-nc/4.0/",
            "rightsHolder": "almeidads"
          },
          {
            "url": "https://inaturalist-open-data.s3.amazonaws.com/photos/631606441/original.jpg",
            "references": "https://www.inaturalist.org/photos/631606441",
            "title": null,
            "creator": "almeidads",
            "publisher": "iNaturalist",
            "license": "http://creativecommons.org/licenses/by-nc/4.0/",
            "rightsHolder": "almeidads"
          }
        ]
      }
    },
    {
      "type": "Feature",
      "geometry": {
        "type": "Point",
        "coordinates": [
          -74.789703,
          -0.201025
        ]
      },
      "properties": {
        "gbifID": "3044928609",
        "species": "Passiflora riparia",
        "genus": "Passiflora",
        "family": "Passifloraceae",
        "scientificName": "Passiflora riparia Mart. ex Mast.",
        "coordinateUncertaintyInMeters": "6.0",
        "basisOfRecord": "HUMAN_OBSERVATION",
        "eventDate": "2019-11-20T10:22Z",
        "country": null,
        "datasetName": "iNaturalist research-grade observations",
        "publisher": "iNaturalist.org",
        "license": "CC_BY_NC_4_0",
        "issues": [
          "COORDINATE_ROUNDED",
          "CONTINENT_DERIVED_FROM_COORDINATES",
          "TAXON_ID_NOT_FOUND"
        ],
        "media": [
          {
            "url": "https://inaturalist-open-data.s3.amazonaws.com/photos/113483557/original.jpeg",
            "references": "https://www.inaturalist.org/photos/113483557",
            "title": null,
            "creator": "Martin W",
            "publisher": "iNaturalist",
            "license": "http://creativecommons.org/licenses/by-nc/4.0/",
            "rightsHolder": "Martin W"
          }
        ]
      }
    },
    {
      "type": "Feature",
      "geometry": {
        "type": "Point",
        "coordinates": [
          -52.372983,
          4.786366
        ]
      },
      "properties": {
        "gbifID": "6131114487",
        "species": "Passiflora riparia",
        "genus": "Passiflora",
        "family": "Passifloraceae",
        "scientificName": "Passiflora riparia Mart. ex Mast.",
        "coordinateUncertaintyInMeters": "134.0",
        "basisOfRecord": "HUMAN_OBSERVATION",
        "eventDate": "2026-01-23T12:56:52",
        "country": null,
        "datasetName": "iNaturalist research-grade observations",
        "publisher": "iNaturalist.org",
        "license": "CC_BY_NC_4_0",
        "issues": [
          "COORDINATE_ROUNDED",
          "CONTINENT_DERIVED_FROM_COORDINATES",
          "TAXON_ID_NOT_FOUND"
        ],
        "media": [
          {
            "url": "https://inaturalist-open-data.s3.amazonaws.com/photos/610264220/original.jpg",
            "references": "https://www.inaturalist.org/photos/610264220",
            "title": null,
            "creator": "Alexandre MATHIEU",
            "publisher": "iNaturalist",
            "license": "http://creativecommons.org/licenses/by-nc/4.0/",
            "rightsHolder": "Alexandre MATHIEU"
          },
          {
            "url": "https://inaturalist-open-data.s3.amazonaws.com/photos/610264257/original.jpg",
            "references": "https://www.inaturalist.org/photos/610264257",
            "title": null,
            "creator": "Alexandre MATHIEU",
            "publisher": "iNaturalist",
            "license": "http://creativecommons.org/licenses/by-nc/4.0/",
            "rightsHolder": "Alexandre MATHIEU"
          },
          {
            "url": "https://inaturalist-open-data.s3.amazonaws.com/photos/610264280/original.jpg",
            "references": "https://www.inaturalist.org/photos/610264280",
            "title": null,
            "creator": "Alexandre MATHIEU",
            "publisher": "iNaturalist",
            "license": "http://creativecommons.org/licenses/by-nc/4.0/",
            "rightsHolder": "Alexandre MATHIEU"
          }
        ]
      }
    },
    {
      "type": "Feature",
      "geometry": {
        "type": "Point",
        "coordinates": [
          -67.923516,
          -9.851947
        ]
      },
      "properties": {
        "gbifID": "3112467705",
        "species": "Passiflora riparia",
        "genus": "Passiflora",
        "family": "Passifloraceae",
        "scientificName": "Passiflora riparia Mart. ex Mast.",
        "coordinateUncertaintyInMeters": "",
        "basisOfRecord": "HUMAN_OBSERVATION",
        "eventDate": "2021-05-03T16:05:32",
        "country": null,
        "datasetName": "iNaturalist research-grade observations",
        "publisher": "iNaturalist.org",
        "license": "CC_BY_NC_4_0",
        "issues": [
          "COORDINATE_ROUNDED",
          "CONTINENT_DERIVED_FROM_COORDINATES",
          "TAXON_ID_NOT_FOUND"
        ],
        "media": [
          {
            "url": "https://inaturalist-open-data.s3.amazonaws.com/photos/126814338/original.jpeg",
            "references": "https://www.inaturalist.org/photos/126814338",
            "title": null,
            "creator": "Martin Acosta",
            "publisher": "iNaturalist",
            "license": "http://creativecommons.org/licenses/by-nc/4.0/",
            "rightsHolder": "Martin Acosta"
          },
          {
            "url": "https://inaturalist-open-data.s3.amazonaws.com/photos/126814371/original.jpeg",
            "references": "https://www.inaturalist.org/photos/126814371",
            "title": null,
            "creator": "Martin Acosta",
            "publisher": "iNaturalist",
            "license": "http://creativecommons.org/licenses/by-nc/4.0/",
            "rightsHolder": "Martin Acosta"
          },
          {
            "url": "https://inaturalist-open-data.s3.amazonaws.com/photos/126814388/original.jpeg",
            "references": "https://www.inaturalist.org/photos/126814388",
            "title": null,
            "creator": "Martin Acosta",
            "publisher": "iNaturalist",
            "license": "http://creativecommons.org/licenses/by-nc/4.0/",
            "rightsHolder": "Martin Acosta"
          }
        ]
      }
    },
    {
      "type": "Feature",
      "geometry": {
        "type": "Point",
        "coordinates": [
          -78.631019,
          -3.749992
        ]
      },
      "properties": {
        "gbifID": "3333369324",
        "species": "Passiflora riparia",
        "genus": "Passiflora",
        "family": "Passifloraceae",
        "scientificName": "Passiflora riparia Mart. ex Mast.",
        "coordinateUncertaintyInMeters": "16.0",
        "basisOfRecord": "HUMAN_OBSERVATION",
        "eventDate": "2019-10-29T16:52:25",
        "country": null,
        "datasetName": "iNaturalist research-grade observations",
        "publisher": "iNaturalist.org",
        "license": "CC_BY_NC_4_0",
        "issues": [
          "COORDINATE_ROUNDED",
          "CONTINENT_DERIVED_FROM_COORDINATES",
          "TAXON_ID_NOT_FOUND"
        ],
        "media": [
          {
            "url": "https://inaturalist-open-data.s3.amazonaws.com/photos/55268311/original.jpg",
            "references": "https://www.inaturalist.org/photos/55268311",
            "title": null,
            "creator": "Yantza Farm, Zamora-Chinchipe, Ecuador",
            "publisher": "iNaturalist",
            "license": "http://creativecommons.org/licenses/by-nc/4.0/",
            "rightsHolder": "Yantza Farm, Zamora-Chinchipe, Ecuador"
          },
          {
            "url": "https://inaturalist-open-data.s3.amazonaws.com/photos/55268353/original.jpg",
            "references": "https://www.inaturalist.org/photos/55268353",
            "title": null,
            "creator": "Yantza Farm, Zamora-Chinchipe, Ecuador",
            "publisher": "iNaturalist",
            "license": "http://creativecommons.org/licenses/by-nc/4.0/",
            "rightsHolder": "Yantza Farm, Zamora-Chinchipe, Ecuador"
          }
        ]
      }
    },
    {
      "type": "Feature",
      "geometry": {
        "type": "Point",
        "coordinates": [
          -76.356361,
          -6.478249
        ]
      },
      "properties": {
        "gbifID": "3860053251",
        "species": "Passiflora riparia",
        "genus": "Passiflora",
        "family": "Passifloraceae",
        "scientificName": "Passiflora riparia Mart. ex Mast.",
        "coordinateUncertaintyInMeters": "8.0",
        "basisOfRecord": "HUMAN_OBSERVATION",
        "eventDate": "2015-11-18T11:01",
        "country": null,
        "datasetName": "iNaturalist research-grade observations",
        "publisher": "iNaturalist.org",
        "license": "CC_BY_NC_4_0",
        "issues": [
          "COORDINATE_ROUNDED",
          "CONTINENT_DERIVED_FROM_COORDINATES",
          "TAXON_ID_NOT_FOUND"
        ],
        "media": [
          {
            "url": "https://inaturalist-open-data.s3.amazonaws.com/photos/209303734/original.jpeg",
            "references": "https://www.inaturalist.org/photos/209303734",
            "title": null,
            "creator": "Neil Rosser",
            "publisher": "iNaturalist",
            "license": "http://creativecommons.org/licenses/by-nc/4.0/",
            "rightsHolder": "Neil Rosser"
          },
          {
            "url": "https://inaturalist-open-data.s3.amazonaws.com/photos/209303775/original.jpeg",
            "references": "https://www.inaturalist.org/photos/209303775",
            "title": null,
            "creator": "Neil Rosser",
            "publisher": "iNaturalist",
            "license": "http://creativecommons.org/licenses/by-nc/4.0/",
            "rightsHolder": "Neil Rosser"
          },
          {
            "url": "https://inaturalist-open-data.s3.amazonaws.com/photos/209303805/original.jpeg",
            "references": "https://www.inaturalist.org/photos/209303805",
            "title": null,
            "creator": "Neil Rosser",
            "publisher": "iNaturalist",
            "license": "http://creativecommons.org/licenses/by-nc/4.0/",
            "rightsHolder": "Neil Rosser"
          },
          {
            "url": "https://inaturalist-open-data.s3.amazonaws.com/photos/209303833/original.jpeg",
            "references": "https://www.inaturalist.org/photos/209303833",
            "title": null,
            "creator": "Neil Rosser",
            "publisher": "iNaturalist",
            "license": "http://creativecommons.org/licenses/by-nc/4.0/",
            "rightsHolder": "Neil Rosser"
          },
          {
            "url": "https://inaturalist-open-data.s3.amazonaws.com/photos/209303872/original.jpeg",
            "references": "https://www.inaturalist.org/photos/209303872",
            "title": null,
            "creator": "Neil Rosser",
            "publisher": "iNaturalist",
            "license": "http://creativecommons.org/licenses/by-nc/4.0/",
            "rightsHolder": "Neil Rosser"
          }
        ]
      }
    },
    {
      "type": "Feature",
      "geometry": {
        "type": "Point",
        "coordinates": [
          -69.050133,
          -12.539171
        ]
      },
      "properties": {
        "gbifID": "2456544507",
        "species": "Passiflora riparia",
        "genus": "Passiflora",
        "family": "Passifloraceae",
        "scientificName": "Passiflora riparia Mart. ex Mast.",
        "coordinateUncertaintyInMeters": "",
        "basisOfRecord": "HUMAN_OBSERVATION",
        "eventDate": "2019-10-19T11:39",
        "country": null,
        "datasetName": "iNaturalist research-grade observations",
        "publisher": "iNaturalist.org",
        "license": "CC_BY_NC_4_0",
        "issues": [
          "COORDINATE_ROUNDED",
          "CONTINENT_DERIVED_FROM_COORDINATES",
          "TAXON_ID_NOT_FOUND"
        ],
        "media": [
          {
            "url": "https://inaturalist-open-data.s3.amazonaws.com/photos/56036301/original.jpg",
            "references": "https://www.inaturalist.org/photos/56036301",
            "title": null,
            "creator": "Carlos G Velazco-Macias",
            "publisher": "iNaturalist",
            "license": "http://creativecommons.org/licenses/by-nc/4.0/",
            "rightsHolder": "Carlos G Velazco-Macias"
          }
        ]
      }
    },
    {
      "type": "Feature",
      "geometry": {
        "type": "Point",
        "coordinates": [
          -67.670875,
          -9.755925
        ]
      },
      "properties": {
        "gbifID": "5063724218",
        "species": "Passiflora riparia",
        "genus": "Passiflora",
        "family": "Passifloraceae",
        "scientificName": "Passiflora riparia Mart. ex Mast.",
        "coordinateUncertaintyInMeters": "4.0",
        "basisOfRecord": "HUMAN_OBSERVATION",
        "eventDate": "2025-02-02T10:30:46",
        "country": null,
        "datasetName": "iNaturalist research-grade observations",
        "publisher": "iNaturalist.org",
        "license": "CC_BY_NC_4_0",
        "issues": [
          "CONTINENT_DERIVED_FROM_COORDINATES",
          "TAXON_ID_NOT_FOUND"
        ],
        "media": [
          {
            "url": "https://inaturalist-open-data.s3.amazonaws.com/photos/467715156/original.jpg",
            "references": "https://www.inaturalist.org/photos/467715156",
            "title": null,
            "creator": "cm_celeste",
            "publisher": "iNaturalist",
            "license": "http://creativecommons.org/licenses/by-nc/4.0/",
            "rightsHolder": "cm_celeste"
          },
          {
            "url": "https://inaturalist-open-data.s3.amazonaws.com/photos/467715173/original.jpg",
            "references": "https://www.inaturalist.org/photos/467715173",
            "title": null,
            "creator": "cm_celeste",
            "publisher": "iNaturalist",
            "license": "http://creativecommons.org/licenses/by-nc/4.0/",
            "rightsHolder": "cm_celeste"
          },
          {
            "url": "https://inaturalist-open-data.s3.amazonaws.com/photos/467715182/original.jpg",
            "references": "https://www.inaturalist.org/photos/467715182",
            "title": null,
            "creator": "cm_celeste",
            "publisher": "iNaturalist",
            "license": "http://creativecommons.org/licenses/by-nc/4.0/",
            "rightsHolder": "cm_celeste"
          },
          {
            "url": "https://inaturalist-open-data.s3.amazonaws.com/photos/467715196/original.jpg",
            "references": "https://www.inaturalist.org/photos/467715196",
            "title": null,
            "creator": "cm_celeste",
            "publisher": "iNaturalist",
            "license": "http://creativecommons.org/licenses/by-nc/4.0/",
            "rightsHolder": "cm_celeste"
          }
        ]
      }
    },
    {
      "type": "Feature",
      "geometry": {
        "type": "Point",
        "coordinates": [
          -78.306944,
          -1.4325
        ]
      },
      "properties": {
        "gbifID": "3335399312",
        "species": "Passiflora riparia",
        "genus": "Passiflora",
        "family": "Passifloraceae",
        "scientificName": "Passiflora riparia Mart. ex Mast.",
        "coordinateUncertaintyInMeters": "",
        "basisOfRecord": "HUMAN_OBSERVATION",
        "eventDate": "2019-02-06T10:05",
        "country": null,
        "datasetName": "iNaturalist research-grade observations",
        "publisher": "iNaturalist.org",
        "license": "CC_BY_NC_4_0",
        "issues": [
          "COORDINATE_ROUNDED",
          "CONTINENT_DERIVED_FROM_COORDINATES",
          "TAXON_ID_NOT_FOUND"
        ],
        "media": [
          {
            "url": "https://inaturalist-open-data.s3.amazonaws.com/photos/32344832/original.jpeg",
            "references": "https://www.inaturalist.org/photos/32344832",
            "title": null,
            "creator": "Damon Tighe",
            "publisher": "iNaturalist",
            "license": "http://creativecommons.org/licenses/by-nc/4.0/",
            "rightsHolder": "Damon Tighe"
          }
        ]
      }
    },
    {
      "type": "Feature",
      "geometry": {
        "type": "Point",
        "coordinates": [
          -55.930819,
          -9.594389
        ]
      },
      "properties": {
        "gbifID": "3457120725",
        "species": "Passiflora riparia",
        "genus": "Passiflora",
        "family": "Passifloraceae",
        "scientificName": "Passiflora riparia Mart. ex Mast.",
        "coordinateUncertaintyInMeters": "61.0",
        "basisOfRecord": "HUMAN_OBSERVATION",
        "eventDate": "2021-12-17T09:03",
        "country": null,
        "datasetName": "iNaturalist research-grade observations",
        "publisher": "iNaturalist.org",
        "license": "CC_BY_NC_4_0",
        "issues": [
          "COORDINATE_ROUNDED",
          "CONTINENT_DERIVED_FROM_COORDINATES",
          "TAXON_ID_NOT_FOUND"
        ],
        "media": [
          {
            "url": "https://inaturalist-open-data.s3.amazonaws.com/photos/174764738/original.jpeg",
            "references": "https://www.inaturalist.org/photos/174764738",
            "title": null,
            "creator": "D.F.Silva",
            "publisher": "iNaturalist",
            "license": "http://creativecommons.org/licenses/by-nc/4.0/",
            "rightsHolder": "D.F.Silva"
          },
          {
            "url": "https://inaturalist-open-data.s3.amazonaws.com/photos/174764694/original.jpeg",
            "references": "https://www.inaturalist.org/photos/174764694",
            "title": null,
            "creator": "D.F.Silva",
            "publisher": "iNaturalist",
            "license": "http://creativecommons.org/licenses/by-nc/4.0/",
            "rightsHolder": "D.F.Silva"
          },
          {
            "url": "https://inaturalist-open-data.s3.amazonaws.com/photos/174764617/original.jpeg",
            "references": "https://www.inaturalist.org/photos/174764617",
            "title": null,
            "creator": "D.F.Silva",
            "publisher": "iNaturalist",
            "license": "http://creativecommons.org/licenses/by-nc/4.0/",
            "rightsHolder": "D.F.Silva"
          },
          {
            "url": "https://inaturalist-open-data.s3.amazonaws.com/photos/174764577/original.jpeg",
            "references": "https://www.inaturalist.org/photos/174764577",
            "title": null,
            "creator": "D.F.Silva",
            "publisher": "iNaturalist",
            "license": "http://creativecommons.org/licenses/by-nc/4.0/",
            "rightsHolder": "D.F.Silva"
          },
          {
            "url": "https://inaturalist-open-data.s3.amazonaws.com/photos/174764720/original.jpeg",
            "references": "https://www.inaturalist.org/photos/174764720",
            "title": null,
            "creator": "D.F.Silva",
            "publisher": "iNaturalist",
            "license": "http://creativecommons.org/licenses/by-nc/4.0/",
            "rightsHolder": "D.F.Silva"
          },
          {
            "url": "https://inaturalist-open-data.s3.amazonaws.com/photos/174764777/original.jpeg",
            "references": "https://www.inaturalist.org/photos/174764777",
            "title": null,
            "creator": "D.F.Silva",
            "publisher": "iNaturalist",
            "license": "http://creativecommons.org/licenses/by-nc/4.0/",
            "rightsHolder": "D.F.Silva"
          }
        ]
      }
    },
    {
      "type": "Feature",
      "geometry": {
        "type": "Point",
        "coordinates": [
          -69.339011,
          -12.789092
        ]
      },
      "properties": {
        "gbifID": "4872413695",
        "species": "Passiflora riparia",
        "genus": "Passiflora",
        "family": "Passifloraceae",
        "scientificName": "Passiflora riparia Mart. ex Mast.",
        "coordinateUncertaintyInMeters": "877.0",
        "basisOfRecord": "HUMAN_OBSERVATION",
        "eventDate": "2024-03-15T17:23",
        "country": null,
        "datasetName": "iNaturalist research-grade observations",
        "publisher": "iNaturalist.org",
        "license": "CC_BY_NC_4_0",
        "issues": [
          "COORDINATE_ROUNDED",
          "CONTINENT_DERIVED_FROM_COORDINATES",
          "TAXON_ID_NOT_FOUND"
        ],
        "media": [
          {
            "url": "https://inaturalist-open-data.s3.amazonaws.com/photos/361978260/original.jpeg",
            "references": "https://www.inaturalist.org/photos/361978260",
            "title": null,
            "creator": "Brandon Ortiz Arenas",
            "publisher": "iNaturalist",
            "license": "http://creativecommons.org/licenses/by-nc/4.0/",
            "rightsHolder": "Brandon Ortiz Arenas"
          },
          {
            "url": "https://inaturalist-open-data.s3.amazonaws.com/photos/361978320/original.jpeg",
            "references": "https://www.inaturalist.org/photos/361978320",
            "title": null,
            "creator": "Brandon Ortiz Arenas",
            "publisher": "iNaturalist",
            "license": "http://creativecommons.org/licenses/by-nc/4.0/",
            "rightsHolder": "Brandon Ortiz Arenas"
          }
        ]
      }
    },
    {
      "type": "Feature",
      "geometry": {
        "type": "Point",
        "coordinates": [
          -67.62841,
          -9.756052
        ]
      },
      "properties": {
        "gbifID": "2574143959",
        "species": "Passiflora riparia",
        "genus": "Passiflora",
        "family": "Passifloraceae",
        "scientificName": "Passiflora riparia Mart. ex Mast.",
        "coordinateUncertaintyInMeters": "",
        "basisOfRecord": "HUMAN_OBSERVATION",
        "eventDate": "2020-01-09T10:20:25",
        "country": null,
        "datasetName": "iNaturalist research-grade observations",
        "publisher": "iNaturalist.org",
        "license": "CC_BY_NC_4_0",
        "issues": [
          "COORDINATE_ROUNDED",
          "CONTINENT_DERIVED_FROM_COORDINATES",
          "TAXON_ID_NOT_FOUND"
        ],
        "media": [
          {
            "url": "https://inaturalist-open-data.s3.amazonaws.com/photos/60731108/original.jpeg",
            "references": "https://www.inaturalist.org/photos/60731108",
            "title": null,
            "creator": "Martin Acosta",
            "publisher": "iNaturalist",
            "license": "http://creativecommons.org/licenses/by-nc/4.0/",
            "rightsHolder": "Martin Acosta"
          },
          {
            "url": "https://inaturalist-open-data.s3.amazonaws.com/photos/60731113/original.jpeg",
            "references": "https://www.inaturalist.org/photos/60731113",
            "title": null,
            "creator": "Martin Acosta",
            "publisher": "iNaturalist",
            "license": "http://creativecommons.org/licenses/by-nc/4.0/",
            "rightsHolder": "Martin Acosta"
          },
          {
            "url": "https://inaturalist-open-data.s3.amazonaws.com/photos/60731115/original.jpeg",
            "references": "https://www.inaturalist.org/photos/60731115",
            "title": null,
            "creator": "Martin Acosta",
            "publisher": "iNaturalist",
            "license": "http://creativecommons.org/licenses/by-nc/4.0/",
            "rightsHolder": "Martin Acosta"
          },
          {
            "url": "https://inaturalist-open-data.s3.amazonaws.com/photos/60731119/original.jpeg",
            "references": "https://www.inaturalist.org/photos/60731119",
            "title": null,
            "creator": "Martin Acosta",
            "publisher": "iNaturalist",
            "license": "http://creativecommons.org/licenses/by-nc/4.0/",
            "rightsHolder": "Martin Acosta"
          }
        ]
      }
    },
    {
      "type": "Feature",
      "geometry": {
        "type": "Point",
        "coordinates": [
          -76.132638,
          -5.884193
        ]
      },
      "properties": {
        "gbifID": "5140955992",
        "species": "Passiflora riparia",
        "genus": "Passiflora",
        "family": "Passifloraceae",
        "scientificName": "Passiflora riparia Mart. ex Mast.",
        "coordinateUncertaintyInMeters": "964.0",
        "basisOfRecord": "HUMAN_OBSERVATION",
        "eventDate": "2025-04-28T14:56:15",
        "country": null,
        "datasetName": "iNaturalist research-grade observations",
        "publisher": "iNaturalist.org",
        "license": "CC_BY_NC_4_0",
        "issues": [
          "COORDINATE_ROUNDED",
          "CONTINENT_DERIVED_FROM_COORDINATES",
          "TAXON_ID_NOT_FOUND"
        ],
        "media": [
          {
            "url": "https://inaturalist-open-data.s3.amazonaws.com/photos/496768366/original.jpg",
            "references": "https://www.inaturalist.org/photos/496768366",
            "title": null,
            "creator": "Conexión Verde",
            "publisher": "iNaturalist",
            "license": "http://creativecommons.org/licenses/by-nc/4.0/",
            "rightsHolder": "Conexión Verde"
          }
        ]
      }
    },
    {
      "type": "Feature",
      "geometry": {
        "type": "Point",
        "coordinates": [
          -69.915628,
          -9.382427
        ]
      },
      "properties": {
        "gbifID": "5938116569",
        "species": "Passiflora riparia",
        "genus": "Passiflora",
        "family": "Passifloraceae",
        "scientificName": "Passiflora riparia Mart. ex Mast.",
        "coordinateUncertaintyInMeters": "61.0",
        "basisOfRecord": "HUMAN_OBSERVATION",
        "eventDate": "2025-12-14T16:58",
        "country": null,
        "datasetName": "iNaturalist research-grade observations",
        "publisher": "iNaturalist.org",
        "license": "CC_BY_NC_4_0",
        "issues": [
          "COORDINATE_ROUNDED",
          "CONTINENT_DERIVED_FROM_COORDINATES",
          "TAXON_ID_NOT_FOUND"
        ],
        "media": [
          {
            "url": "https://inaturalist-open-data.s3.amazonaws.com/photos/604332198/original.jpg",
            "references": "https://www.inaturalist.org/photos/604332198",
            "title": null,
            "creator": "Mayk Oliveira",
            "publisher": "iNaturalist",
            "license": "http://creativecommons.org/licenses/by-nc/4.0/",
            "rightsHolder": "Mayk Oliveira"
          },
          {
            "url": "https://inaturalist-open-data.s3.amazonaws.com/photos/604332221/original.jpg",
            "references": "https://www.inaturalist.org/photos/604332221",
            "title": null,
            "creator": "Mayk Oliveira",
            "publisher": "iNaturalist",
            "license": "http://creativecommons.org/licenses/by-nc/4.0/",
            "rightsHolder": "Mayk Oliveira"
          },
          {
            "url": "https://inaturalist-open-data.s3.amazonaws.com/photos/604332237/original.jpg",
            "references": "https://www.inaturalist.org/photos/604332237",
            "title": null,
            "creator": "Mayk Oliveira",
            "publisher": "iNaturalist",
            "license": "http://creativecommons.org/licenses/by-nc/4.0/",
            "rightsHolder": "Mayk Oliveira"
          }
        ]
      }
    },
    {
      "type": "Feature",
      "geometry": {
        "type": "Point",
        "coordinates": [
          -52.359483,
          4.813909
        ]
      },
      "properties": {
        "gbifID": "6131041870",
        "species": "Passiflora riparia",
        "genus": "Passiflora",
        "family": "Passifloraceae",
        "scientificName": "Passiflora riparia Mart. ex Mast.",
        "coordinateUncertaintyInMeters": "15.0",
        "basisOfRecord": "HUMAN_OBSERVATION",
        "eventDate": "2026-01-16T17:46",
        "country": null,
        "datasetName": "iNaturalist research-grade observations",
        "publisher": "iNaturalist.org",
        "license": "CC_BY_NC_4_0",
        "issues": [
          "COORDINATE_ROUNDED",
          "CONTINENT_DERIVED_FROM_COORDINATES",
          "TAXON_ID_NOT_FOUND"
        ],
        "media": [
          {
            "url": "https://inaturalist-open-data.s3.amazonaws.com/photos/609657913/original.jpg",
            "references": "https://www.inaturalist.org/photos/609657913",
            "title": null,
            "creator": "Elendil Cocchi",
            "publisher": "iNaturalist",
            "license": "http://creativecommons.org/licenses/by-nc/4.0/",
            "rightsHolder": "Elendil Cocchi"
          },
          {
            "url": "https://inaturalist-open-data.s3.amazonaws.com/photos/609657964/original.jpg",
            "references": "https://www.inaturalist.org/photos/609657964",
            "title": null,
            "creator": "Elendil Cocchi",
            "publisher": "iNaturalist",
            "license": "http://creativecommons.org/licenses/by-nc/4.0/",
            "rightsHolder": "Elendil Cocchi"
          }
        ]
      }
    },
    {
      "type": "Feature",
      "geometry": {
        "type": "Point",
        "coordinates": [
          -71.366952,
          -12.769674
        ]
      },
      "properties": {
        "gbifID": "5086874773",
        "species": "Passiflora riparia",
        "genus": "Passiflora",
        "family": "Passifloraceae",
        "scientificName": "Passiflora riparia Mart. ex Mast.",
        "coordinateUncertaintyInMeters": "122.0",
        "basisOfRecord": "HUMAN_OBSERVATION",
        "eventDate": "2015-07-08",
        "country": null,
        "datasetName": "iNaturalist research-grade observations",
        "publisher": "iNaturalist.org",
        "license": "CC_BY_NC_4_0",
        "issues": [
          "COORDINATE_ROUNDED",
          "CONTINENT_DERIVED_FROM_COORDINATES",
          "TAXON_ID_NOT_FOUND"
        ],
        "media": [
          {
            "url": "https://inaturalist-open-data.s3.amazonaws.com/photos/114927492/original.jpeg",
            "references": "https://www.inaturalist.org/photos/114927492",
            "title": null,
            "creator": "Martin W",
            "publisher": "iNaturalist",
            "license": "http://creativecommons.org/licenses/by-nc/4.0/",
            "rightsHolder": "Martin W"
          }
        ]
      }
    },
    {
      "type": "Feature",
      "geometry": {
        "type": "Point",
        "coordinates": [
          -65.58939,
          -10.990312
        ]
      },
      "properties": {
        "gbifID": "6130064695",
        "species": "Passiflora riparia",
        "genus": "Passiflora",
        "family": "Passifloraceae",
        "scientificName": "Passiflora riparia Mart. ex Mast.",
        "coordinateUncertaintyInMeters": "1.0",
        "basisOfRecord": "HUMAN_OBSERVATION",
        "eventDate": "2026-01-10T15:30:25",
        "country": null,
        "datasetName": "iNaturalist research-grade observations",
        "publisher": "iNaturalist.org",
        "license": "CC_BY_4_0",
        "issues": [
          "COORDINATE_ROUNDED",
          "CONTINENT_DERIVED_FROM_COORDINATES",
          "TAXON_ID_NOT_FOUND"
        ],
        "media": [
          {
            "url": "https://inaturalist-open-data.s3.amazonaws.com/photos/607009052/original.jpg",
            "references": "https://www.inaturalist.org/photos/607009052",
            "title": null,
            "creator": "Vincent A. Vos",
            "publisher": "iNaturalist",
            "license": "http://creativecommons.org/licenses/by/4.0/",
            "rightsHolder": "Vincent A. Vos"
          },
          {
            "url": "https://inaturalist-open-data.s3.amazonaws.com/photos/607009074/original.jpg",
            "references": "https://www.inaturalist.org/photos/607009074",
            "title": null,
            "creator": "Vincent A. Vos",
            "publisher": "iNaturalist",
            "license": "http://creativecommons.org/licenses/by/4.0/",
            "rightsHolder": "Vincent A. Vos"
          },
          {
            "url": "https://inaturalist-open-data.s3.amazonaws.com/photos/607009104/original.jpg",
            "references": "https://www.inaturalist.org/photos/607009104",
            "title": null,
            "creator": "Vincent A. Vos",
            "publisher": "iNaturalist",
            "license": "http://creativecommons.org/licenses/by/4.0/",
            "rightsHolder": "Vincent A. Vos"
          }
        ]
      }
    },
    {
      "type": "Feature",
      "geometry": {
        "type": "Point",
        "coordinates": [
          -52.407507,
          4.736087
        ]
      },
      "properties": {
        "gbifID": "3455951543",
        "species": "Passiflora riparia",
        "genus": "Passiflora",
        "family": "Passifloraceae",
        "scientificName": "Passiflora riparia Mart. ex Mast.",
        "coordinateUncertaintyInMeters": "15.0",
        "basisOfRecord": "HUMAN_OBSERVATION",
        "eventDate": "2021-12-29T15:39",
        "country": null,
        "datasetName": "iNaturalist research-grade observations",
        "publisher": "iNaturalist.org",
        "license": "CC_BY_NC_4_0",
        "issues": [
          "COORDINATE_ROUNDED",
          "CONTINENT_DERIVED_FROM_COORDINATES",
          "TAXON_ID_NOT_FOUND"
        ],
        "media": [
          {
            "url": "https://inaturalist-open-data.s3.amazonaws.com/photos/176248646/original.jpeg",
            "references": "https://www.inaturalist.org/photos/176248646",
            "title": null,
            "creator": "Elendil Cocchi",
            "publisher": "iNaturalist",
            "license": "http://creativecommons.org/licenses/by-nc/4.0/",
            "rightsHolder": "Elendil Cocchi"
          }
        ]
      }
    },
    {
      "type": "Feature",
      "geometry": {
        "type": "Point",
        "coordinates": [
          -55.927335,
          -9.592866
        ]
      },
      "properties": {
        "gbifID": "2311334361",
        "species": "Passiflora riparia",
        "genus": "Passiflora",
        "family": "Passifloraceae",
        "scientificName": "Passiflora riparia Mart. ex Mast.",
        "coordinateUncertaintyInMeters": "488.0",
        "basisOfRecord": "HUMAN_OBSERVATION",
        "eventDate": "2017-03-30T14:34",
        "country": null,
        "datasetName": "iNaturalist research-grade observations",
        "publisher": "iNaturalist.org",
        "license": "CC_BY_NC_4_0",
        "issues": [
          "COORDINATE_ROUNDED",
          "CONTINENT_DERIVED_FROM_COORDINATES",
          "TAXON_ID_NOT_FOUND"
        ],
        "media": [
          {
            "url": "https://inaturalist-open-data.s3.amazonaws.com/photos/46241268/original.jpeg",
            "references": "https://www.inaturalist.org/photos/46241268",
            "title": null,
            "creator": "D.F.Silva",
            "publisher": "iNaturalist",
            "license": "http://creativecommons.org/licenses/by-nc/4.0/",
            "rightsHolder": "D.F.Silva"
          }
        ]
      }
    },
    {
      "type": "Feature",
      "geometry": {
        "type": "Point",
        "coordinates": [
          -74.607597,
          -8.316988
        ]
      },
      "properties": {
        "gbifID": "4908101775",
        "species": "Passiflora riparia",
        "genus": "Passiflora",
        "family": "Passifloraceae",
        "scientificName": "Passiflora riparia Mart. ex Mast.",
        "coordinateUncertaintyInMeters": "81.0",
        "basisOfRecord": "HUMAN_OBSERVATION",
        "eventDate": "2023-01-24T13:05:25",
        "country": null,
        "datasetName": "iNaturalist research-grade observations",
        "publisher": "iNaturalist.org",
        "license": "CC_BY_NC_4_0",
        "issues": [
          "COORDINATE_ROUNDED",
          "CONTINENT_DERIVED_FROM_COORDINATES",
          "TAXON_ID_NOT_FOUND"
        ],
        "media": [
          {
            "url": "https://inaturalist-open-data.s3.amazonaws.com/photos/403940783/original.jpg",
            "references": "https://www.inaturalist.org/photos/403940783",
            "title": null,
            "creator": "Ochoa Jorge",
            "publisher": "iNaturalist",
            "license": "http://creativecommons.org/licenses/by-nc/4.0/",
            "rightsHolder": "Ochoa Jorge"
          },
          {
            "url": "https://inaturalist-open-data.s3.amazonaws.com/photos/403940824/original.jpg",
            "references": "https://www.inaturalist.org/photos/403940824",
            "title": null,
            "creator": "Ochoa Jorge",
            "publisher": "iNaturalist",
            "license": "http://creativecommons.org/licenses/by-nc/4.0/",
            "rightsHolder": "Ochoa Jorge"
          },
          {
            "url": "https://inaturalist-open-data.s3.amazonaws.com/photos/403940867/original.jpg",
            "references": "https://www.inaturalist.org/photos/403940867",
            "title": null,
            "creator": "Ochoa Jorge",
            "publisher": "iNaturalist",
            "license": "http://creativecommons.org/licenses/by-nc/4.0/",
            "rightsHolder": "Ochoa Jorge"
          }
        ]
      }
    },
    {
      "type": "Feature",
      "geometry": {
        "type": "Point",
        "coordinates": [
          -76.334194,
          -6.461286
        ]
      },
      "properties": {
        "gbifID": "3061714103",
        "species": "Passiflora riparia",
        "genus": "Passiflora",
        "family": "Passifloraceae",
        "scientificName": "Passiflora riparia Mart. ex Mast.",
        "coordinateUncertaintyInMeters": "250.0",
        "basisOfRecord": "HUMAN_OBSERVATION",
        "eventDate": "2011-04-25T22:55",
        "country": null,
        "datasetName": "iNaturalist research-grade observations",
        "publisher": "iNaturalist.org",
        "license": "CC_BY_NC_4_0",
        "issues": [
          "CONTINENT_DERIVED_FROM_COORDINATES",
          "TAXON_ID_NOT_FOUND"
        ],
        "media": [
          {
            "url": "https://inaturalist-open-data.s3.amazonaws.com/photos/115999573/original.jpeg",
            "references": "https://www.inaturalist.org/photos/115999573",
            "title": null,
            "creator": "Neil Rosser",
            "publisher": "iNaturalist",
            "license": "http://creativecommons.org/licenses/by-nc/4.0/",
            "rightsHolder": "Neil Rosser"
          },
          {
            "url": "https://inaturalist-open-data.s3.amazonaws.com/photos/115999613/original.jpeg",
            "references": "https://www.inaturalist.org/photos/115999613",
            "title": null,
            "creator": "Neil Rosser",
            "publisher": "iNaturalist",
            "license": "http://creativecommons.org/licenses/by-nc/4.0/",
            "rightsHolder": "Neil Rosser"
          }
        ]
      }
    },
    {
      "type": "Feature",
      "geometry": {
        "type": "Point",
        "coordinates": [
          -67.062377,
          -15.157233
        ]
      },
      "properties": {
        "gbifID": "4507746582",
        "species": "Passiflora riparia",
        "genus": "Passiflora",
        "family": "Passifloraceae",
        "scientificName": "Passiflora riparia Mart. ex Mast.",
        "coordinateUncertaintyInMeters": "15625.0",
        "basisOfRecord": "HUMAN_OBSERVATION",
        "eventDate": "2023-12-02T16:36",
        "country": null,
        "datasetName": "iNaturalist research-grade observations",
        "publisher": "iNaturalist.org",
        "license": "CC_BY_NC_4_0",
        "issues": [
          "COORDINATE_ROUNDED",
          "CONTINENT_DERIVED_FROM_COORDINATES",
          "TAXON_ID_NOT_FOUND"
        ],
        "media": [
          {
            "url": "https://inaturalist-open-data.s3.amazonaws.com/photos/344166697/original.jpeg",
            "references": "https://www.inaturalist.org/photos/344166697",
            "title": null,
            "creator": "J.R. Kuethe",
            "publisher": "iNaturalist",
            "license": "http://creativecommons.org/licenses/by-nc/4.0/",
            "rightsHolder": "J.R. Kuethe"
          },
          {
            "url": "https://inaturalist-open-data.s3.amazonaws.com/photos/344166776/original.jpeg",
            "references": "https://www.inaturalist.org/photos/344166776",
            "title": null,
            "creator": "J.R. Kuethe",
            "publisher": "iNaturalist",
            "license": "http://creativecommons.org/licenses/by-nc/4.0/",
            "rightsHolder": "J.R. Kuethe"
          }
        ]
      }
    },
    {
      "type": "Feature",
      "geometry": {
        "type": "Point",
        "coordinates": [
          -75.882259,
          -6.006324
        ]
      },
      "properties": {
        "gbifID": "3466186788",
        "species": "Passiflora riparia",
        "genus": "Passiflora",
        "family": "Passifloraceae",
        "scientificName": "Passiflora riparia Mart. ex Mast.",
        "coordinateUncertaintyInMeters": "50.0",
        "basisOfRecord": "HUMAN_OBSERVATION",
        "eventDate": "2012-11-30T22:13",
        "country": null,
        "datasetName": "iNaturalist research-grade observations",
        "publisher": "iNaturalist.org",
        "license": "CC_BY_NC_4_0",
        "issues": [
          "CONTINENT_DERIVED_FROM_COORDINATES",
          "TAXON_ID_NOT_FOUND"
        ],
        "media": [
          {
            "url": "https://inaturalist-open-data.s3.amazonaws.com/photos/177551708/original.jpeg",
            "references": "https://www.inaturalist.org/photos/177551708",
            "title": null,
            "creator": "Neil Rosser",
            "publisher": "iNaturalist",
            "license": "http://creativecommons.org/licenses/by-nc/4.0/",
            "rightsHolder": "Neil Rosser"
          },
          {
            "url": "https://inaturalist-open-data.s3.amazonaws.com/photos/177551713/original.jpeg",
            "references": "https://www.inaturalist.org/photos/177551713",
            "title": null,
            "creator": "Neil Rosser",
            "publisher": "iNaturalist",
            "license": "http://creativecommons.org/licenses/by-nc/4.0/",
            "rightsHolder": "Neil Rosser"
          },
          {
            "url": "https://inaturalist-open-data.s3.amazonaws.com/photos/177551718/original.jpeg",
            "references": "https://www.inaturalist.org/photos/177551718",
            "title": null,
            "creator": "Neil Rosser",
            "publisher": "iNaturalist",
            "license": "http://creativecommons.org/licenses/by-nc/4.0/",
            "rightsHolder": "Neil Rosser"
          },
          {
            "url": "https://inaturalist-open-data.s3.amazonaws.com/photos/177551719/original.jpeg",
            "references": "https://www.inaturalist.org/photos/177551719",
            "title": null,
            "creator": "Neil Rosser",
            "publisher": "iNaturalist",
            "license": "http://creativecommons.org/licenses/by-nc/4.0/",
            "rightsHolder": "Neil Rosser"
          },
          {
            "url": "https://inaturalist-open-data.s3.amazonaws.com/photos/177551720/original.jpeg",
            "references": "https://www.inaturalist.org/photos/177551720",
            "title": null,
            "creator": "Neil Rosser",
            "publisher": "iNaturalist",
            "license": "http://creativecommons.org/licenses/by-nc/4.0/",
            "rightsHolder": "Neil Rosser"
          }
        ]
      }
    },
    {
      "type": "Feature",
      "geometry": {
        "type": "Point",
        "coordinates": [
          -74.568881,
          -8.300656
        ]
      },
      "properties": {
        "gbifID": "4465682839",
        "species": "Passiflora riparia",
        "genus": "Passiflora",
        "family": "Passifloraceae",
        "scientificName": "Passiflora riparia Mart. ex Mast.",
        "coordinateUncertaintyInMeters": "",
        "basisOfRecord": "HUMAN_OBSERVATION",
        "eventDate": "2023-12-03T09:47:32",
        "country": null,
        "datasetName": "iNaturalist research-grade observations",
        "publisher": "iNaturalist.org",
        "license": "CC_BY_NC_4_0",
        "issues": [
          "COORDINATE_ROUNDED",
          "CONTINENT_DERIVED_FROM_COORDINATES",
          "TAXON_ID_NOT_FOUND"
        ],
        "media": [
          {
            "url": "https://inaturalist-open-data.s3.amazonaws.com/photos/339528904/original.jpeg",
            "references": "https://www.inaturalist.org/photos/339528904",
            "title": null,
            "creator": "Ezra",
            "publisher": "iNaturalist",
            "license": "http://creativecommons.org/licenses/by-nc/4.0/",
            "rightsHolder": "Ezra"
          },
          {
            "url": "https://inaturalist-open-data.s3.amazonaws.com/photos/339528913/original.jpeg",
            "references": "https://www.inaturalist.org/photos/339528913",
            "title": null,
            "creator": "Ezra",
            "publisher": "iNaturalist",
            "license": "http://creativecommons.org/licenses/by-nc/4.0/",
            "rightsHolder": "Ezra"
          }
        ]
      }
    },
    {
      "type": "Feature",
      "geometry": {
        "type": "Point",
        "coordinates": [
          -67.891111,
          3.854167
        ]
      },
      "properties": {
        "gbifID": "768723788",
        "species": "Passiflora riparia",
        "genus": "Passiflora",
        "family": "Passifloraceae",
        "scientificName": "Passiflora riparia Mart. ex Mast.",
        "coordinateUncertaintyInMeters": "",
        "basisOfRecord": "PRESERVED_SPECIMEN",
        "eventDate": "2005-03-25",
        "country": null,
        "datasetName": "",
        "publisher": "Instituto Amazónico de Investigaciones Científicas - SINCHI",
        "license": "CC_BY_NC_4_0",
        "issues": [
          "COORDINATE_ROUNDED",
          "INSTITUTION_MATCH_FUZZY",
          "COLLECTION_MATCH_FUZZY"
        ],
        "fallback_media": {
          "url": "https://d2jcv3kl45hlgi.cloudfront.net/1a2f339779b08825172a7a235594b2a5.jpg",
          "references": "http://specimens.kew.org/Herbarium/K005038537",
          "title": null,
          "creator": null,
          "publisher": null,
          "license": "http://creativecommons.org/licenses/by/4.0/",
          "rightsHolder": "Royal Botanic Gardens, Kew"
        }
      }
    },
    {
      "type": "Feature",
      "geometry": {
        "type": "Point",
        "coordinates": [
          -78.213835,
          -1.341378
        ]
      },
      "properties": {
        "gbifID": "4130026473",
        "species": "Passiflora riparia",
        "genus": "Passiflora",
        "family": "Passifloraceae",
        "scientificName": "Passiflora riparia Mart. ex Mast.",
        "coordinateUncertaintyInMeters": "1953.0",
        "basisOfRecord": "HUMAN_OBSERVATION",
        "eventDate": "2022-12-13T10:18",
        "country": null,
        "datasetName": "iNaturalist research-grade observations",
        "publisher": "iNaturalist.org",
        "license": "CC_BY_NC_4_0",
        "issues": [
          "COORDINATE_ROUNDED",
          "CONTINENT_DERIVED_FROM_COORDINATES",
          "TAXON_ID_NOT_FOUND"
        ],
        "media": [
          {
            "url": "https://inaturalist-open-data.s3.amazonaws.com/photos/287125989/original.jpeg",
            "references": "https://www.inaturalist.org/photos/287125989",
            "title": null,
            "creator": "J.R. Kuethe",
            "publisher": "iNaturalist",
            "license": "http://creativecommons.org/licenses/by-nc/4.0/",
            "rightsHolder": "J.R. Kuethe"
          }
        ]
      }
    },
    {
      "type": "Feature",
      "geometry": {
        "type": "Point",
        "coordinates": [
          -78.650065,
          -4.357647
        ]
      },
      "properties": {
        "gbifID": "4046730081",
        "species": "Passiflora riparia",
        "genus": "Passiflora",
        "family": "Passifloraceae",
        "scientificName": "Passiflora riparia Mart. ex Mast.",
        "coordinateUncertaintyInMeters": "9.0",
        "basisOfRecord": "HUMAN_OBSERVATION",
        "eventDate": "2023-02-24T14:29:17",
        "country": null,
        "datasetName": "iNaturalist research-grade observations",
        "publisher": "iNaturalist.org",
        "license": "CC_BY_4_0",
        "issues": [
          "COORDINATE_ROUNDED",
          "CONTINENT_DERIVED_FROM_COORDINATES",
          "TAXON_ID_NOT_FOUND"
        ],
        "media": [
          {
            "url": "https://inaturalist-open-data.s3.amazonaws.com/photos/257955640/original.jpeg",
            "references": "https://www.inaturalist.org/photos/257955640",
            "title": null,
            "creator": "Kabir Montesinos",
            "publisher": "iNaturalist",
            "license": "http://creativecommons.org/licenses/by-nc-nd/4.0/",
            "rightsHolder": "Kabir Montesinos"
          },
          {
            "url": "https://inaturalist-open-data.s3.amazonaws.com/photos/257955667/original.jpeg",
            "references": "https://www.inaturalist.org/photos/257955667",
            "title": null,
            "creator": "Kabir Montesinos",
            "publisher": "iNaturalist",
            "license": "http://creativecommons.org/licenses/by-nc-nd/4.0/",
            "rightsHolder": "Kabir Montesinos"
          },
          {
            "url": "https://inaturalist-open-data.s3.amazonaws.com/photos/257955698/original.jpeg",
            "references": "https://www.inaturalist.org/photos/257955698",
            "title": null,
            "creator": "Kabir Montesinos",
            "publisher": "iNaturalist",
            "license": "http://creativecommons.org/licenses/by-nc-nd/4.0/",
            "rightsHolder": "Kabir Montesinos"
          },
          {
            "url": "https://inaturalist-open-data.s3.amazonaws.com/photos/257955731/original.jpeg",
            "references": "https://www.inaturalist.org/photos/257955731",
            "title": null,
            "creator": "Kabir Montesinos",
            "publisher": "iNaturalist",
            "license": "http://creativecommons.org/licenses/by-nc-nd/4.0/",
            "rightsHolder": "Kabir Montesinos"
          },
          {
            "url": "https://inaturalist-open-data.s3.amazonaws.com/photos/257955760/original.jpeg",
            "references": "https://www.inaturalist.org/photos/257955760",
            "title": null,
            "creator": "Kabir Montesinos",
            "publisher": "iNaturalist",
            "license": "http://creativecommons.org/licenses/by-nc-nd/4.0/",
            "rightsHolder": "Kabir Montesinos"
          },
          {
            "url": "https://inaturalist-open-data.s3.amazonaws.com/photos/257955795/original.jpeg",
            "references": "https://www.inaturalist.org/photos/257955795",
            "title": null,
            "creator": "Kabir Montesinos",
            "publisher": "iNaturalist",
            "license": "http://creativecommons.org/licenses/by-nc-nd/4.0/",
            "rightsHolder": "Kabir Montesinos"
          }
        ]
      }
    },
    {
      "type": "Feature",
      "geometry": {
        "type": "Point",
        "coordinates": [
          -72.556143,
          -13.150279
        ]
      },
      "properties": {
        "gbifID": "4015237239",
        "species": "Passiflora riparia",
        "genus": "Passiflora",
        "family": "Passifloraceae",
        "scientificName": "Passiflora riparia Mart. ex Mast.",
        "coordinateUncertaintyInMeters": "",
        "basisOfRecord": "HUMAN_OBSERVATION",
        "eventDate": "2023-01-06T12:20:46",
        "country": null,
        "datasetName": "iNaturalist research-grade observations",
        "publisher": "iNaturalist.org",
        "license": "CC_BY_NC_4_0",
        "issues": [
          "COORDINATE_ROUNDED",
          "CONTINENT_DERIVED_FROM_COORDINATES",
          "TAXON_ID_NOT_FOUND"
        ],
        "media": [
          {
            "url": "https://inaturalist-open-data.s3.amazonaws.com/photos/251061353/original.jpeg",
            "references": "https://www.inaturalist.org/photos/251061353",
            "title": null,
            "creator": "Lucas Carbone",
            "publisher": "iNaturalist",
            "license": "http://creativecommons.org/licenses/by-nc/4.0/",
            "rightsHolder": "Lucas Carbone"
          },
          {
            "url": "https://inaturalist-open-data.s3.amazonaws.com/photos/251061375/original.jpeg",
            "references": "https://www.inaturalist.org/photos/251061375",
            "title": null,
            "creator": "Lucas Carbone",
            "publisher": "iNaturalist",
            "license": "http://creativecommons.org/licenses/by-nc/4.0/",
            "rightsHolder": "Lucas Carbone"
          },
          {
            "url": "https://inaturalist-open-data.s3.amazonaws.com/photos/251061400/original.jpeg",
            "references": "https://www.inaturalist.org/photos/251061400",
            "title": null,
            "creator": "Lucas Carbone",
            "publisher": "iNaturalist",
            "license": "http://creativecommons.org/licenses/by-nc/4.0/",
            "rightsHolder": "Lucas Carbone"
          }
        ]
      }
    },
    {
      "type": "Feature",
      "geometry": {
        "type": "Point",
        "coordinates": [
          -67.628441,
          -9.756158
        ]
      },
      "properties": {
        "gbifID": "2603484199",
        "species": "Passiflora riparia",
        "genus": "Passiflora",
        "family": "Passifloraceae",
        "scientificName": "Passiflora riparia Mart. ex Mast.",
        "coordinateUncertaintyInMeters": "2.0",
        "basisOfRecord": "HUMAN_OBSERVATION",
        "eventDate": "2020-01-09T10:20",
        "country": null,
        "datasetName": "iNaturalist research-grade observations",
        "publisher": "iNaturalist.org",
        "license": "CC_BY_NC_4_0",
        "issues": [
          "COORDINATE_ROUNDED",
          "CONTINENT_DERIVED_FROM_COORDINATES",
          "TAXON_ID_NOT_FOUND"
        ],
        "media": [
          {
            "url": "https://inaturalist-open-data.s3.amazonaws.com/photos/60487971/original.jpeg",
            "references": "https://www.inaturalist.org/photos/60487971",
            "title": null,
            "creator": "Marcus Athaydes",
            "publisher": "iNaturalist",
            "license": "http://creativecommons.org/licenses/by-nc/4.0/",
            "rightsHolder": "Marcus Athaydes"
          },
          {
            "url": "https://inaturalist-open-data.s3.amazonaws.com/photos/60487999/original.jpeg",
            "references": "https://www.inaturalist.org/photos/60487999",
            "title": null,
            "creator": "Marcus Athaydes",
            "publisher": "iNaturalist",
            "license": "http://creativecommons.org/licenses/by-nc/4.0/",
            "rightsHolder": "Marcus Athaydes"
          }
        ]
      }
    },
    {
      "type": "Feature",
      "geometry": {
        "type": "Point",
        "coordinates": [
          -65.63183,
          -10.990964
        ]
      },
      "properties": {
        "gbifID": "3070389180",
        "species": "Passiflora riparia",
        "genus": "Passiflora",
        "family": "Passifloraceae",
        "scientificName": "Passiflora riparia Mart. ex Mast.",
        "coordinateUncertaintyInMeters": "235.0",
        "basisOfRecord": "HUMAN_OBSERVATION",
        "eventDate": "2013-11-24T10:09",
        "country": null,
        "datasetName": "iNaturalist research-grade observations",
        "publisher": "iNaturalist.org",
        "license": "CC_BY_4_0",
        "issues": [
          "CONTINENT_DERIVED_FROM_COORDINATES",
          "TAXON_ID_NOT_FOUND"
        ],
        "media": [
          {
            "url": "https://inaturalist-open-data.s3.amazonaws.com/photos/118476583/original.jpeg",
            "references": "https://www.inaturalist.org/photos/118476583",
            "title": null,
            "creator": "Vincent A. Vos",
            "publisher": "iNaturalist",
            "license": "http://creativecommons.org/licenses/by/4.0/",
            "rightsHolder": "Vincent A. Vos"
          },
          {
            "url": "https://inaturalist-open-data.s3.amazonaws.com/photos/118476596/original.jpeg",
            "references": "https://www.inaturalist.org/photos/118476596",
            "title": null,
            "creator": "Vincent A. Vos",
            "publisher": "iNaturalist",
            "license": "http://creativecommons.org/licenses/by/4.0/",
            "rightsHolder": "Vincent A. Vos"
          }
        ]
      }
    },
    {
      "type": "Feature",
      "geometry": {
        "type": "Point",
        "coordinates": [
          -65.587491,
          -10.990056
        ]
      },
      "properties": {
        "gbifID": "6130828072",
        "species": "Passiflora riparia",
        "genus": "Passiflora",
        "family": "Passifloraceae",
        "scientificName": "Passiflora riparia Mart. ex Mast.",
        "coordinateUncertaintyInMeters": "55.0",
        "basisOfRecord": "HUMAN_OBSERVATION",
        "eventDate": "2026-01-10T15:26",
        "country": null,
        "datasetName": "iNaturalist research-grade observations",
        "publisher": "iNaturalist.org",
        "license": "CC_BY_4_0",
        "issues": [
          "COORDINATE_ROUNDED",
          "CONTINENT_DERIVED_FROM_COORDINATES",
          "TAXON_ID_NOT_FOUND"
        ],
        "media": [
          {
            "url": "https://inaturalist-open-data.s3.amazonaws.com/photos/607263026/original.jpg",
            "references": "https://www.inaturalist.org/photos/607263026",
            "title": null,
            "creator": "Vincent A. Vos",
            "publisher": "iNaturalist",
            "license": "http://creativecommons.org/licenses/by/4.0/",
            "rightsHolder": "Vincent A. Vos"
          },
          {
            "url": "https://inaturalist-open-data.s3.amazonaws.com/photos/607263064/original.jpg",
            "references": "https://www.inaturalist.org/photos/607263064",
            "title": null,
            "creator": "Vincent A. Vos",
            "publisher": "iNaturalist",
            "license": "http://creativecommons.org/licenses/by/4.0/",
            "rightsHolder": "Vincent A. Vos"
          },
          {
            "url": "https://inaturalist-open-data.s3.amazonaws.com/photos/607263127/original.jpg",
            "references": "https://www.inaturalist.org/photos/607263127",
            "title": null,
            "creator": "Vincent A. Vos",
            "publisher": "iNaturalist",
            "license": "http://creativecommons.org/licenses/by/4.0/",
            "rightsHolder": "Vincent A. Vos"
          }
        ]
      }
    },
    {
      "type": "Feature",
      "geometry": {
        "type": "Point",
        "coordinates": [
          -76.316667,
          6.533333
        ]
      },
      "properties": {
        "gbifID": "4975151538",
        "species": "Passiflora riparia",
        "genus": "Passiflora",
        "family": "Passifloraceae",
        "scientificName": "Passiflora riparia Mart. ex Mast.",
        "coordinateUncertaintyInMeters": "",
        "basisOfRecord": "PRESERVED_SPECIMEN",
        "eventDate": "1995-01-31T00:00",
        "country": null,
        "datasetName": "",
        "publisher": "Royal Botanic Gardens, Kew",
        "license": "CC_BY_4_0",
        "issues": [
          "COORDINATE_ROUNDED",
          "GEODETIC_DATUM_ASSUMED_WGS84",
          "CONTINENT_DERIVED_FROM_COORDINATES",
          "INSTITUTION_MATCH_FUZZY",
          "INSTITUTION_COLLECTION_MISMATCH"
        ],
        "media": [
          {
            "url": "https://d2jcv3kl45hlgi.cloudfront.net/37dc8a87064cd90ee329b741d1adcf83.jpg",
            "references": "http://specimens.kew.org/Herbarium/K005039750",
            "title": null,
            "creator": null,
            "publisher": null,
            "license": "http://creativecommons.org/licenses/by/4.0/",
            "rightsHolder": "Royal Botanic Gardens, Kew"
          }
        ]
      }
    },
    {
      "type": "Feature",
      "geometry": {
        "type": "Point",
        "coordinates": [
          -59.166667,
          2.2
        ]
      },
      "properties": {
        "gbifID": "4958556411",
        "species": "Passiflora riparia",
        "genus": "Passiflora",
        "family": "Passifloraceae",
        "scientificName": "Passiflora riparia Mart. ex Mast.",
        "coordinateUncertaintyInMeters": "",
        "basisOfRecord": "PRESERVED_SPECIMEN",
        "eventDate": "1994-04-27T00:00",
        "country": null,
        "datasetName": "",
        "publisher": "Royal Botanic Gardens, Kew",
        "license": "CC_BY_4_0",
        "issues": [
          "COORDINATE_ROUNDED",
          "COUNTRY_DERIVED_FROM_COORDINATES",
          "GEODETIC_DATUM_ASSUMED_WGS84",
          "CONTINENT_DERIVED_FROM_COORDINATES",
          "INSTITUTION_MATCH_FUZZY",
          "INSTITUTION_COLLECTION_MISMATCH"
        ],
        "media": [
          {
            "url": "https://d2jcv3kl45hlgi.cloudfront.net/46acdb8cc19ed4181fb306187cac6c64.jpg",
            "references": "http://specimens.kew.org/Herbarium/K005038538",
            "title": null,
            "creator": null,
            "publisher": null,
            "license": "http://creativecommons.org/licenses/by/4.0/",
            "rightsHolder": "Royal Botanic Gardens, Kew"
          }
        ]
      }
    },
    {
      "type": "Feature",
      "geometry": {
        "type": "Point",
        "coordinates": [
          -55.936945,
          -9.602778
        ]
      },
      "properties": {
        "gbifID": "4958534082",
        "species": "Passiflora riparia",
        "genus": "Passiflora",
        "family": "Passifloraceae",
        "scientificName": "Passiflora riparia Mart. ex Mast.",
        "coordinateUncertaintyInMeters": "",
        "basisOfRecord": "PRESERVED_SPECIMEN",
        "eventDate": "1996-11-29T00:00",
        "country": null,
        "datasetName": "",
        "publisher": "Royal Botanic Gardens, Kew",
        "license": "CC_BY_4_0",
        "issues": [
          "COORDINATE_ROUNDED",
          "GEODETIC_DATUM_ASSUMED_WGS84",
          "CONTINENT_DERIVED_FROM_COORDINATES",
          "INSTITUTION_MATCH_FUZZY",
          "INSTITUTION_COLLECTION_MISMATCH"
        ],
        "media": [
          {
            "url": "https://d2jcv3kl45hlgi.cloudfront.net/a01e09f13633b41607f0fb0e13212d50.jpg",
            "references": "http://specimens.kew.org/Herbarium/K001234386",
            "title": null,
            "creator": null,
            "publisher": null,
            "license": "http://creativecommons.org/licenses/by/4.0/",
            "rightsHolder": "Royal Botanic Gardens, Kew"
          }
        ]
      }
    },
    {
      "type": "Feature",
      "geometry": {
        "type": "Point",
        "coordinates": [
          -58.188611,
          3.366111
        ]
      },
      "properties": {
        "gbifID": "4958577899",
        "species": "Passiflora riparia",
        "genus": "Passiflora",
        "family": "Passifloraceae",
        "scientificName": "Passiflora riparia Mart. ex Mast.",
        "coordinateUncertaintyInMeters": "",
        "basisOfRecord": "PRESERVED_SPECIMEN",
        "eventDate": "2007-01-29T00:00",
        "country": null,
        "datasetName": "",
        "publisher": "Royal Botanic Gardens, Kew",
        "license": "CC_BY_4_0",
        "issues": [
          "COORDINATE_ROUNDED",
          "GEODETIC_DATUM_ASSUMED_WGS84",
          "CONTINENT_DERIVED_FROM_COORDINATES",
          "INSTITUTION_MATCH_FUZZY",
          "INSTITUTION_COLLECTION_MISMATCH"
        ],
        "media": [
          {
            "url": "https://d2jcv3kl45hlgi.cloudfront.net/1a2f339779b08825172a7a235594b2a5.jpg",
            "references": "http://specimens.kew.org/Herbarium/K005038537",
            "title": null,
            "creator": null,
            "publisher": null,
            "license": "http://creativecommons.org/licenses/by/4.0/",
            "rightsHolder": "Royal Botanic Gardens, Kew"
          }
        ]
      }
    },
    {
      "type": "Feature",
      "geometry": {
        "type": "Point",
        "coordinates": [
          -68.055017,
          -14.213236
        ]
      },
      "properties": {
        "gbifID": "5920015645",
        "species": "Passiflora riparia",
        "genus": "Passiflora",
        "family": "Passifloraceae",
        "scientificName": "Passiflora riparia Mart. ex Mast.",
        "coordinateUncertaintyInMeters": "",
        "basisOfRecord": "HUMAN_OBSERVATION",
        "eventDate": "2025-10-30T09:32:16",
        "country": null,
        "datasetName": "iNaturalist research-grade observations",
        "publisher": "iNaturalist.org",
        "license": "CC_BY_NC_4_0",
        "issues": [
          "COORDINATE_ROUNDED",
          "CONTINENT_DERIVED_FROM_COORDINATES",
          "TAXON_ID_NOT_FOUND"
        ],
        "media": [
          {
            "url": "https://inaturalist-open-data.s3.amazonaws.com/photos/597672423/original.jpg",
            "references": "https://www.inaturalist.org/photos/597672423",
            "title": null,
            "creator": "Richard Macuapa Cuili",
            "publisher": "iNaturalist",
            "license": "http://creativecommons.org/licenses/by-nc/4.0/",
            "rightsHolder": "Richard Macuapa Cuili"
          }
        ]
      }
    },
    {
      "type": "Feature",
      "geometry": {
        "type": "Point",
        "coordinates": [
          -52.296142,
          4.942717
        ]
      },
      "properties": {
        "gbifID": "6195561951",
        "species": "Passiflora riparia",
        "genus": "Passiflora",
        "family": "Passifloraceae",
        "scientificName": "Passiflora riparia Mart. ex Mast.",
        "coordinateUncertaintyInMeters": "",
        "basisOfRecord": "HUMAN_OBSERVATION",
        "eventDate": "2026-04-11T17:27",
        "country": null,
        "datasetName": "iNaturalist research-grade observations",
        "publisher": "iNaturalist.org",
        "license": "CC_BY_NC_4_0",
        "issues": [
          "COORDINATE_ROUNDED",
          "CONTINENT_DERIVED_FROM_COORDINATES",
          "TAXON_ID_NOT_FOUND"
        ],
        "media": [
          {
            "url": "https://inaturalist-open-data.s3.amazonaws.com/photos/637610768/original.jpg",
            "references": "https://www.inaturalist.org/photos/637610768",
            "title": null,
            "creator": "Guillaume Léotard",
            "publisher": "iNaturalist",
            "license": "http://creativecommons.org/licenses/by-nc/4.0/",
            "rightsHolder": "Guillaume Léotard"
          },
          {
            "url": "https://inaturalist-open-data.s3.amazonaws.com/photos/637610789/original.jpg",
            "references": "https://www.inaturalist.org/photos/637610789",
            "title": null,
            "creator": "Guillaume Léotard",
            "publisher": "iNaturalist",
            "license": "http://creativecommons.org/licenses/by-nc/4.0/",
            "rightsHolder": "Guillaume Léotard"
          },
          {
            "url": "https://inaturalist-open-data.s3.amazonaws.com/photos/637610780/original.jpg",
            "references": "https://www.inaturalist.org/photos/637610780",
            "title": null,
            "creator": "Guillaume Léotard",
            "publisher": "iNaturalist",
            "license": "http://creativecommons.org/licenses/by-nc/4.0/",
            "rightsHolder": "Guillaume Léotard"
          },
          {
            "url": "https://inaturalist-open-data.s3.amazonaws.com/photos/637610795/original.jpg",
            "references": "https://www.inaturalist.org/photos/637610795",
            "title": null,
            "creator": "Guillaume Léotard",
            "publisher": "iNaturalist",
            "license": "http://creativecommons.org/licenses/by-nc/4.0/",
            "rightsHolder": "Guillaume Léotard"
          },
          {
            "url": "https://inaturalist-open-data.s3.amazonaws.com/photos/637610745/original.jpg",
            "references": "https://www.inaturalist.org/photos/637610745",
            "title": null,
            "creator": "Guillaume Léotard",
            "publisher": "iNaturalist",
            "license": "http://creativecommons.org/licenses/by-nc/4.0/",
            "rightsHolder": "Guillaume Léotard"
          },
          {
            "url": "https://inaturalist-open-data.s3.amazonaws.com/photos/637610725/original.jpg",
            "references": "https://www.inaturalist.org/photos/637610725",
            "title": null,
            "creator": "Guillaume Léotard",
            "publisher": "iNaturalist",
            "license": "http://creativecommons.org/licenses/by-nc/4.0/",
            "rightsHolder": "Guillaume Léotard"
          },
          {
            "url": "https://inaturalist-open-data.s3.amazonaws.com/photos/637610733/original.jpg",
            "references": "https://www.inaturalist.org/photos/637610733",
            "title": null,
            "creator": "Guillaume Léotard",
            "publisher": "iNaturalist",
            "license": "http://creativecommons.org/licenses/by-nc/4.0/",
            "rightsHolder": "Guillaume Léotard"
          }
        ]
      }
    },
    {
      "type": "Feature",
      "geometry": {
        "type": "Point",
        "coordinates": [
          -51.842987,
          3.909562
        ]
      },
      "properties": {
        "gbifID": "5903875498",
        "species": "Passiflora riparia",
        "genus": "Passiflora",
        "family": "Passifloraceae",
        "scientificName": "Passiflora riparia Mart. ex Mast.",
        "coordinateUncertaintyInMeters": "",
        "basisOfRecord": "HUMAN_OBSERVATION",
        "eventDate": "2025-11-22T17:28",
        "country": null,
        "datasetName": "iNaturalist research-grade observations",
        "publisher": "iNaturalist.org",
        "license": "CC_BY_NC_4_0",
        "issues": [
          "CONTINENT_DERIVED_FROM_COORDINATES",
          "TAXON_ID_NOT_FOUND"
        ],
        "media": [
          {
            "url": "https://inaturalist-open-data.s3.amazonaws.com/photos/594359832/original.jpg",
            "references": "https://www.inaturalist.org/photos/594359832",
            "title": null,
            "creator": "Robin Heymans",
            "publisher": "iNaturalist",
            "license": "http://creativecommons.org/licenses/by-nc/4.0/",
            "rightsHolder": "Robin Heymans"
          },
          {
            "url": "https://inaturalist-open-data.s3.amazonaws.com/photos/594359839/original.jpg",
            "references": "https://www.inaturalist.org/photos/594359839",
            "title": null,
            "creator": "Robin Heymans",
            "publisher": "iNaturalist",
            "license": "http://creativecommons.org/licenses/by-nc/4.0/",
            "rightsHolder": "Robin Heymans"
          },
          {
            "url": "https://inaturalist-open-data.s3.amazonaws.com/photos/594359848/original.jpg",
            "references": "https://www.inaturalist.org/photos/594359848",
            "title": null,
            "creator": "Robin Heymans",
            "publisher": "iNaturalist",
            "license": "http://creativecommons.org/licenses/by-nc/4.0/",
            "rightsHolder": "Robin Heymans"
          },
          {
            "url": "https://inaturalist-open-data.s3.amazonaws.com/photos/594359907/original.jpg",
            "references": "https://www.inaturalist.org/photos/594359907",
            "title": null,
            "creator": "Robin Heymans",
            "publisher": "iNaturalist",
            "license": "http://creativecommons.org/licenses/by-nc/4.0/",
            "rightsHolder": "Robin Heymans"
          },
          {
            "url": "https://inaturalist-open-data.s3.amazonaws.com/photos/594359911/original.jpg",
            "references": "https://www.inaturalist.org/photos/594359911",
            "title": null,
            "creator": "Robin Heymans",
            "publisher": "iNaturalist",
            "license": "http://creativecommons.org/licenses/by-nc/4.0/",
            "rightsHolder": "Robin Heymans"
          },
          {
            "url": "https://inaturalist-open-data.s3.amazonaws.com/photos/594359919/original.jpg",
            "references": "https://www.inaturalist.org/photos/594359919",
            "title": null,
            "creator": "Robin Heymans",
            "publisher": "iNaturalist",
            "license": "http://creativecommons.org/licenses/by-nc/4.0/",
            "rightsHolder": "Robin Heymans"
          },
          {
            "url": "https://inaturalist-open-data.s3.amazonaws.com/photos/594359925/original.jpg",
            "references": "https://www.inaturalist.org/photos/594359925",
            "title": null,
            "creator": "Robin Heymans",
            "publisher": "iNaturalist",
            "license": "http://creativecommons.org/licenses/by-nc/4.0/",
            "rightsHolder": "Robin Heymans"
          }
        ]
      }
    },
    {
      "type": "Feature",
      "geometry": {
        "type": "Point",
        "coordinates": [
          -54.045018,
          3.383166
        ]
      },
      "properties": {
        "gbifID": "6170936902",
        "species": "Passiflora riparia",
        "genus": "Passiflora",
        "family": "Passifloraceae",
        "scientificName": "Passiflora riparia Mart. ex Mast.",
        "coordinateUncertaintyInMeters": "15.0",
        "basisOfRecord": "HUMAN_OBSERVATION",
        "eventDate": "2026-02-12T10:08",
        "country": null,
        "datasetName": "iNaturalist research-grade observations",
        "publisher": "iNaturalist.org",
        "license": "CC_BY_NC_4_0",
        "issues": [
          "COORDINATE_ROUNDED",
          "CONTINENT_DERIVED_FROM_COORDINATES",
          "TAXON_ID_NOT_FOUND"
        ],
        "media": [
          {
            "url": "https://inaturalist-open-data.s3.amazonaws.com/photos/619065425/original.jpg",
            "references": "https://www.inaturalist.org/photos/619065425",
            "title": null,
            "creator": "Julien Piolain",
            "publisher": "iNaturalist",
            "license": "http://creativecommons.org/licenses/by-nc/4.0/",
            "rightsHolder": "Julien Piolain"
          },
          {
            "url": "https://inaturalist-open-data.s3.amazonaws.com/photos/619066824/original.jpg",
            "references": "https://www.inaturalist.org/photos/619066824",
            "title": null,
            "creator": "Julien Piolain",
            "publisher": "iNaturalist",
            "license": "http://creativecommons.org/licenses/by-nc/4.0/",
            "rightsHolder": "Julien Piolain"
          },
          {
            "url": "https://inaturalist-open-data.s3.amazonaws.com/photos/619066801/original.jpg",
            "references": "https://www.inaturalist.org/photos/619066801",
            "title": null,
            "creator": "Julien Piolain",
            "publisher": "iNaturalist",
            "license": "http://creativecommons.org/licenses/by-nc/4.0/",
            "rightsHolder": "Julien Piolain"
          },
          {
            "url": "https://inaturalist-open-data.s3.amazonaws.com/photos/619065605/original.jpg",
            "references": "https://www.inaturalist.org/photos/619065605",
            "title": null,
            "creator": "Julien Piolain",
            "publisher": "iNaturalist",
            "license": "http://creativecommons.org/licenses/by-nc/4.0/",
            "rightsHolder": "Julien Piolain"
          },
          {
            "url": "https://inaturalist-open-data.s3.amazonaws.com/photos/619065432/original.jpg",
            "references": "https://www.inaturalist.org/photos/619065432",
            "title": null,
            "creator": "Julien Piolain",
            "publisher": "iNaturalist",
            "license": "http://creativecommons.org/licenses/by-nc/4.0/",
            "rightsHolder": "Julien Piolain"
          },
          {
            "url": "https://inaturalist-open-data.s3.amazonaws.com/photos/619065433/original.jpg",
            "references": "https://www.inaturalist.org/photos/619065433",
            "title": null,
            "creator": "Julien Piolain",
            "publisher": "iNaturalist",
            "license": "http://creativecommons.org/licenses/by-nc/4.0/",
            "rightsHolder": "Julien Piolain"
          },
          {
            "url": "https://inaturalist-open-data.s3.amazonaws.com/photos/619065587/original.jpg",
            "references": "https://www.inaturalist.org/photos/619065587",
            "title": null,
            "creator": "Julien Piolain",
            "publisher": "iNaturalist",
            "license": "http://creativecommons.org/licenses/by-nc/4.0/",
            "rightsHolder": "Julien Piolain"
          }
        ]
      }
    },
    {
      "type": "Feature",
      "geometry": {
        "type": "Point",
        "coordinates": [
          -69.88998,
          -9.415075
        ]
      },
      "properties": {
        "gbifID": "5938483500",
        "species": "Passiflora riparia",
        "genus": "Passiflora",
        "family": "Passifloraceae",
        "scientificName": "Passiflora riparia Mart. ex Mast.",
        "coordinateUncertaintyInMeters": "122.0",
        "basisOfRecord": "HUMAN_OBSERVATION",
        "eventDate": "2025-12-16T07:14",
        "country": null,
        "datasetName": "iNaturalist research-grade observations",
        "publisher": "iNaturalist.org",
        "license": "CC_BY_NC_4_0",
        "issues": [
          "COORDINATE_ROUNDED",
          "CONTINENT_DERIVED_FROM_COORDINATES",
          "TAXON_ID_NOT_FOUND"
        ],
        "media": [
          {
            "url": "https://inaturalist-open-data.s3.amazonaws.com/photos/604332259/original.jpg",
            "references": "https://www.inaturalist.org/photos/604332259",
            "title": null,
            "creator": "Mayk Oliveira",
            "publisher": "iNaturalist",
            "license": "http://creativecommons.org/licenses/by-nc/4.0/",
            "rightsHolder": "Mayk Oliveira"
          },
          {
            "url": "https://inaturalist-open-data.s3.amazonaws.com/photos/604332288/original.jpg",
            "references": "https://www.inaturalist.org/photos/604332288",
            "title": null,
            "creator": "Mayk Oliveira",
            "publisher": "iNaturalist",
            "license": "http://creativecommons.org/licenses/by-nc/4.0/",
            "rightsHolder": "Mayk Oliveira"
          },
          {
            "url": "https://inaturalist-open-data.s3.amazonaws.com/photos/604332262/original.jpg",
            "references": "https://www.inaturalist.org/photos/604332262",
            "title": null,
            "creator": "Mayk Oliveira",
            "publisher": "iNaturalist",
            "license": "http://creativecommons.org/licenses/by-nc/4.0/",
            "rightsHolder": "Mayk Oliveira"
          },
          {
            "url": "https://inaturalist-open-data.s3.amazonaws.com/photos/604332273/original.jpg",
            "references": "https://www.inaturalist.org/photos/604332273",
            "title": null,
            "creator": "Mayk Oliveira",
            "publisher": "iNaturalist",
            "license": "http://creativecommons.org/licenses/by-nc/4.0/",
            "rightsHolder": "Mayk Oliveira"
          },
          {
            "url": "https://inaturalist-open-data.s3.amazonaws.com/photos/604332227/original.jpg",
            "references": "https://www.inaturalist.org/photos/604332227",
            "title": null,
            "creator": "Mayk Oliveira",
            "publisher": "iNaturalist",
            "license": "http://creativecommons.org/licenses/by-nc/4.0/",
            "rightsHolder": "Mayk Oliveira"
          }
        ]
      }
    },
    {
      "type": "Feature",
      "geometry": {
        "type": "Point",
        "coordinates": [
          -73.203305,
          6.080684
        ]
      },
      "properties": {
        "gbifID": "1890951058",
        "species": "Passiflora riparia",
        "genus": "Passiflora",
        "family": "Passifloraceae",
        "scientificName": "Passiflora riparia Mart. ex Mast.",
        "coordinateUncertaintyInMeters": "5616.0",
        "basisOfRecord": "PRESERVED_SPECIMEN",
        "eventDate": "1979-09-22",
        "country": null,
        "datasetName": "Datos Depurados/sistematizados por Expedición por la historia - ColombiaBio",
        "publisher": "Universidad Nacional de Colombia",
        "license": "CC_BY_4_0",
        "issues": [],
        "fallback_media": {
          "url": "https://d2jcv3kl45hlgi.cloudfront.net/1a2f339779b08825172a7a235594b2a5.jpg",
          "references": "http://specimens.kew.org/Herbarium/K005038537",
          "title": null,
          "creator": null,
          "publisher": null,
          "license": "http://creativecommons.org/licenses/by/4.0/",
          "rightsHolder": "Royal Botanic Gardens, Kew"
        }
      }
    },
    {
      "type": "Feature",
      "geometry": {
        "type": "Point",
        "coordinates": [
          -76.510217,
          -8.188646
        ]
      },
      "properties": {
        "gbifID": "1844951375",
        "species": "Passiflora riparia",
        "genus": "Passiflora",
        "family": "Passifloraceae",
        "scientificName": "Passiflora riparia Mart. ex Mast.",
        "coordinateUncertaintyInMeters": "3568.0",
        "basisOfRecord": "PRESERVED_SPECIMEN",
        "eventDate": "1969-11-06",
        "country": null,
        "datasetName": "Convenio Especial de Cooperación #13-238 entre IAvH y UN - 30 Septiembre 2013",
        "publisher": "Universidad Nacional de Colombia",
        "license": "CC_BY_4_0",
        "issues": [],
        "fallback_media": {
          "url": "https://d2jcv3kl45hlgi.cloudfront.net/1a2f339779b08825172a7a235594b2a5.jpg",
          "references": "http://specimens.kew.org/Herbarium/K005038537",
          "title": null,
          "creator": null,
          "publisher": null,
          "license": "http://creativecommons.org/licenses/by/4.0/",
          "rightsHolder": "Royal Botanic Gardens, Kew"
        }
      }
    },
    {
      "type": "Feature",
      "geometry": {
        "type": "Point",
        "coordinates": [
          -67.891111,
          3.85
        ]
      },
      "properties": {
        "gbifID": "1934702959",
        "species": "Passiflora riparia",
        "genus": "Passiflora",
        "family": "Passifloraceae",
        "scientificName": "Passiflora riparia Mart. ex Mast.",
        "coordinateUncertaintyInMeters": "",
        "basisOfRecord": "PRESERVED_SPECIMEN",
        "eventDate": "2005-03-25",
        "country": null,
        "datasetName": "Datos Depurados/sistematizados por Expedición por la historia - ColombiaBio",
        "publisher": "Universidad Nacional de Colombia",
        "license": "CC_BY_4_0",
        "issues": [
          "GEODETIC_DATUM_ASSUMED_WGS84"
        ],
        "fallback_media": {
          "url": "https://d2jcv3kl45hlgi.cloudfront.net/1a2f339779b08825172a7a235594b2a5.jpg",
          "references": "http://specimens.kew.org/Herbarium/K005038537",
          "title": null,
          "creator": null,
          "publisher": null,
          "license": "http://creativecommons.org/licenses/by/4.0/",
          "rightsHolder": "Royal Botanic Gardens, Kew"
        }
      }
    },
    {
      "type": "Feature",
      "geometry": {
        "type": "Point",
        "coordinates": [
          -78.697222,
          -4.328056
        ]
      },
      "properties": {
        "gbifID": "4464622209",
        "species": "Passiflora riparia",
        "genus": "Passiflora",
        "family": "Passifloraceae",
        "scientificName": "Passiflora riparia Mart. ex Mast.",
        "coordinateUncertaintyInMeters": "",
        "basisOfRecord": "PRESERVED_SPECIMEN",
        "eventDate": "1996-04-13",
        "country": null,
        "datasetName": "UNL:HERBARIO LOJA:ESPECIMEN PRERSERVADO",
        "publisher": "Herbario Reinado Espinosa (Herbario LOJA) de la Universidad Nacional de Loja",
        "license": "CC_BY_NC_4_0",
        "issues": [
          "RECORDED_DATE_INVALID",
          "TAXON_ID_NOT_FOUND"
        ],
        "fallback_media": {
          "url": "https://d2jcv3kl45hlgi.cloudfront.net/1a2f339779b08825172a7a235594b2a5.jpg",
          "references": "http://specimens.kew.org/Herbarium/K005038537",
          "title": null,
          "creator": null,
          "publisher": null,
          "license": "http://creativecommons.org/licenses/by/4.0/",
          "rightsHolder": "Royal Botanic Gardens, Kew"
        }
      }
    },
    {
      "type": "Feature",
      "geometry": {
        "type": "Point",
        "coordinates": [
          -78.585956,
          -3.627378
        ]
      },
      "properties": {
        "gbifID": "4464628172",
        "species": "Passiflora riparia",
        "genus": "Passiflora",
        "family": "Passifloraceae",
        "scientificName": "Passiflora riparia Mart. ex Mast.",
        "coordinateUncertaintyInMeters": "",
        "basisOfRecord": "PRESERVED_SPECIMEN",
        "eventDate": "1983-06-14",
        "country": null,
        "datasetName": "UNL:HERBARIO LOJA:ESPECIMEN PRERSERVADO",
        "publisher": "Herbario Reinado Espinosa (Herbario LOJA) de la Universidad Nacional de Loja",
        "license": "CC_BY_NC_4_0",
        "issues": [
          "RECORDED_DATE_INVALID",
          "TAXON_ID_NOT_FOUND"
        ],
        "fallback_media": {
          "url": "https://d2jcv3kl45hlgi.cloudfront.net/1a2f339779b08825172a7a235594b2a5.jpg",
          "references": "http://specimens.kew.org/Herbarium/K005038537",
          "title": null,
          "creator": null,
          "publisher": null,
          "license": "http://creativecommons.org/licenses/by/4.0/",
          "rightsHolder": "Royal Botanic Gardens, Kew"
        }
      }
    },
    {
      "type": "Feature",
      "geometry": {
        "type": "Point",
        "coordinates": [
          -78.886111,
          -4.028611
        ]
      },
      "properties": {
        "gbifID": "4464622219",
        "species": "Passiflora riparia",
        "genus": "Passiflora",
        "family": "Passifloraceae",
        "scientificName": "Passiflora riparia Mart. ex Mast.",
        "coordinateUncertaintyInMeters": "",
        "basisOfRecord": "PRESERVED_SPECIMEN",
        "eventDate": "1996-04-26",
        "country": null,
        "datasetName": "UNL:HERBARIO LOJA:ESPECIMEN PRERSERVADO",
        "publisher": "Herbario Reinado Espinosa (Herbario LOJA) de la Universidad Nacional de Loja",
        "license": "CC_BY_NC_4_0",
        "issues": [
          "RECORDED_DATE_INVALID",
          "TAXON_ID_NOT_FOUND"
        ],
        "fallback_media": {
          "url": "https://d2jcv3kl45hlgi.cloudfront.net/1a2f339779b08825172a7a235594b2a5.jpg",
          "references": "http://specimens.kew.org/Herbarium/K005038537",
          "title": null,
          "creator": null,
          "publisher": null,
          "license": "http://creativecommons.org/licenses/by/4.0/",
          "rightsHolder": "Royal Botanic Gardens, Kew"
        }
      }
    },
    {
      "type": "Feature",
      "geometry": {
        "type": "Point",
        "coordinates": [
          -78.6,
          -3.7833
        ]
      },
      "properties": {
        "gbifID": "4464622308",
        "species": "Passiflora riparia",
        "genus": "Passiflora",
        "family": "Passifloraceae",
        "scientificName": "Passiflora riparia Mart. ex Mast.",
        "coordinateUncertaintyInMeters": "",
        "basisOfRecord": "PRESERVED_SPECIMEN",
        "eventDate": "1995-06-07",
        "country": null,
        "datasetName": "UNL:HERBARIO LOJA:ESPECIMEN PRERSERVADO",
        "publisher": "Herbario Reinado Espinosa (Herbario LOJA) de la Universidad Nacional de Loja",
        "license": "CC_BY_NC_4_0",
        "issues": [
          "RECORDED_DATE_INVALID",
          "TAXON_ID_NOT_FOUND"
        ],
        "fallback_media": {
          "url": "https://d2jcv3kl45hlgi.cloudfront.net/1a2f339779b08825172a7a235594b2a5.jpg",
          "references": "http://specimens.kew.org/Herbarium/K005038537",
          "title": null,
          "creator": null,
          "publisher": null,
          "license": "http://creativecommons.org/licenses/by/4.0/",
          "rightsHolder": "Royal Botanic Gardens, Kew"
        }
      }
    },
    {
      "type": "Feature",
      "geometry": {
        "type": "Point",
        "coordinates": [
          -78.8333,
          -3.9167
        ]
      },
      "properties": {
        "gbifID": "4464622791",
        "species": "Passiflora riparia",
        "genus": "Passiflora",
        "family": "Passifloraceae",
        "scientificName": "Passiflora riparia Mart. ex Mast.",
        "coordinateUncertaintyInMeters": "",
        "basisOfRecord": "PRESERVED_SPECIMEN",
        "eventDate": "1998-06-03",
        "country": null,
        "datasetName": "UNL:HERBARIO LOJA:ESPECIMEN PRERSERVADO",
        "publisher": "Herbario Reinado Espinosa (Herbario LOJA) de la Universidad Nacional de Loja",
        "license": "CC_BY_NC_4_0",
        "issues": [
          "RECORDED_DATE_INVALID",
          "TAXON_ID_NOT_FOUND"
        ],
        "fallback_media": {
          "url": "https://d2jcv3kl45hlgi.cloudfront.net/1a2f339779b08825172a7a235594b2a5.jpg",
          "references": "http://specimens.kew.org/Herbarium/K005038537",
          "title": null,
          "creator": null,
          "publisher": null,
          "license": "http://creativecommons.org/licenses/by/4.0/",
          "rightsHolder": "Royal Botanic Gardens, Kew"
        }
      }
    },
    {
      "type": "Feature",
      "geometry": {
        "type": "Point",
        "coordinates": [
          -78.675806,
          -3.930556
        ]
      },
      "properties": {
        "gbifID": "4464621966",
        "species": "Passiflora riparia",
        "genus": "Passiflora",
        "family": "Passifloraceae",
        "scientificName": "Passiflora riparia Mart. ex Mast.",
        "coordinateUncertaintyInMeters": "",
        "basisOfRecord": "PRESERVED_SPECIMEN",
        "eventDate": "2007-09-06",
        "country": null,
        "datasetName": "UNL:HERBARIO LOJA:ESPECIMEN PRERSERVADO",
        "publisher": "Herbario Reinado Espinosa (Herbario LOJA) de la Universidad Nacional de Loja",
        "license": "CC_BY_NC_4_0",
        "issues": [
          "RECORDED_DATE_INVALID",
          "TAXON_ID_NOT_FOUND"
        ],
        "fallback_media": {
          "url": "https://d2jcv3kl45hlgi.cloudfront.net/1a2f339779b08825172a7a235594b2a5.jpg",
          "references": "http://specimens.kew.org/Herbarium/K005038537",
          "title": null,
          "creator": null,
          "publisher": null,
          "license": "http://creativecommons.org/licenses/by/4.0/",
          "rightsHolder": "Royal Botanic Gardens, Kew"
        }
      }
    },
    {
      "type": "Feature",
      "geometry": {
        "type": "Point",
        "coordinates": [
          -78.8875,
          -4.0278
        ]
      },
      "properties": {
        "gbifID": "4464622222",
        "species": "Passiflora riparia",
        "genus": "Passiflora",
        "family": "Passifloraceae",
        "scientificName": "Passiflora riparia Mart. ex Mast.",
        "coordinateUncertaintyInMeters": "",
        "basisOfRecord": "PRESERVED_SPECIMEN",
        "eventDate": "1996-04-26",
        "country": null,
        "datasetName": "UNL:HERBARIO LOJA:ESPECIMEN PRERSERVADO",
        "publisher": "Herbario Reinado Espinosa (Herbario LOJA) de la Universidad Nacional de Loja",
        "license": "CC_BY_NC_4_0",
        "issues": [
          "RECORDED_DATE_INVALID",
          "TAXON_ID_NOT_FOUND"
        ],
        "fallback_media": {
          "url": "https://d2jcv3kl45hlgi.cloudfront.net/1a2f339779b08825172a7a235594b2a5.jpg",
          "references": "http://specimens.kew.org/Herbarium/K005038537",
          "title": null,
          "creator": null,
          "publisher": null,
          "license": "http://creativecommons.org/licenses/by/4.0/",
          "rightsHolder": "Royal Botanic Gardens, Kew"
        }
      }
    },
    {
      "type": "Feature",
      "geometry": {
        "type": "Point",
        "coordinates": [
          -73.216113,
          -3.644939
        ]
      },
      "properties": {
        "gbifID": "3978752829",
        "species": "Passiflora riparia",
        "genus": "Passiflora",
        "family": "Passifloraceae",
        "scientificName": "Passiflora riparia Mart. ex Mast.",
        "coordinateUncertaintyInMeters": "42526.0",
        "basisOfRecord": "PRESERVED_SPECIMEN",
        "eventDate": "1994-01-10",
        "country": null,
        "datasetName": "",
        "publisher": "Baylor University, Mayborn Museum Complex",
        "license": "CC0_1_0",
        "issues": [
          "CONTINENT_DERIVED_FROM_COORDINATES",
          "INSTITUTION_MATCH_NONE",
          "TAXON_ID_NOT_FOUND"
        ],
        "media": [
          {
            "url": "https://web.corral.tacc.utexas.edu/torch/BAYLU/BAYLU0024000/BAYLU024708.jpg",
            "references": null,
            "title": null,
            "creator": null,
            "publisher": null,
            "license": "http://creativecommons.org/publicdomain/zero/1.0/",
            "rightsHolder": "Baylor University Herbarium (BAYLU-BAYLU)"
          }
        ]
      }
    }
  ]
}
